# Blender 4.2.3 LTS
# www.blender.org
mtllib bread.mtl
o Circle.006
v 2.634334 -0.241975 -2.749395
v 2.653522 -0.241975 -2.731015
v 2.635960 -0.255448 -2.731921
v -2.766198 -0.241975 -2.621664
v -2.747782 -0.241975 -2.640738
v -2.748700 -0.255448 -2.623220
v -2.638448 -0.241974 2.768973
v -2.657651 -0.241974 2.750634
v -2.640078 -0.255448 2.751507
v 2.762027 -0.241975 2.641569
v 2.743617 -0.241975 2.660665
v 2.744533 -0.255448 2.643147
v -0.079303 -0.241975 -2.897936
v -0.052362 -0.241975 -2.898479
v -0.065560 -0.255448 -2.884768
v -2.945201 -0.241974 0.082496
v -2.945744 -0.241974 0.055602
v -2.932002 -0.255448 0.068777
v 0.106083 -0.241974 2.834366
v 0.079142 -0.241974 2.834908
v 0.092341 -0.255448 2.821190
v 2.941067 -0.241975 -0.062864
v 2.941609 -0.241975 -0.035970
v 2.927867 -0.255448 -0.049146
v 1.384592 -0.241975 -2.751173
v 1.373039 -0.255448 -2.746148
v 1.361236 -0.241975 -2.770150
v -2.975377 -0.241975 -1.413515
v -2.961670 -0.255448 -1.400321
v -2.974869 -0.241975 -1.386621
v -1.412320 -0.241974 2.927892
v -1.398844 -0.255448 2.913380
v -1.384857 -0.241974 2.925714
v 2.971243 -0.241975 1.433147
v 2.957536 -0.255448 1.419953
v 2.970735 -0.241975 1.406253
v -1.521987 -0.241975 -2.883034
v -1.535136 -0.255448 -2.869537
v -1.548862 -0.241975 -2.882903
v -2.916076 -0.241974 1.524718
v -2.902334 -0.255448 1.537876
v -2.915497 -0.241974 1.551612
v 1.507867 -0.241975 2.792064
v 1.518810 -0.255448 2.772952
v 1.530212 -0.241975 2.780291
v 2.911941 -0.241975 -1.505086
v 2.898199 -0.255448 -1.518245
v 2.911363 -0.241975 -1.531980
v 1.521733 -0.241975 -2.651776
v 1.548741 -0.241975 -2.652462
v 1.543029 -0.255448 -2.656953
v 1.490133 -0.255448 -2.637702
v 1.726377 -0.241975 -2.771985
v 1.756860 -0.241975 -2.789266
v 1.747900 -0.255448 -2.771607
v 1.705019 -0.255448 -2.746681
v 1.921006 -0.241975 -2.864690
v 1.950183 -0.241975 -2.874550
v 1.942079 -0.255448 -2.858971
v 1.905388 -0.255448 -2.845692
v 2.098724 -0.241975 -2.906609
v 2.126525 -0.241975 -2.908962
v 2.118963 -0.255448 -2.895258
v 2.086681 -0.255448 -2.891771
v 2.257859 -0.241975 -2.906375
v 2.284128 -0.241975 -2.902313
v 2.277050 -0.255448 -2.889958
v 2.248665 -0.255448 -2.893630
v 2.399606 -0.241975 -2.876344
v 2.424770 -0.241975 -2.867873
v 2.418431 -0.255448 -2.855852
v 2.392829 -0.255448 -2.864090
v 2.524792 -0.241975 -2.822046
v 2.548081 -0.241975 -2.808758
v 2.544653 -0.255448 -2.794762
v 2.520792 -0.255448 -2.809050
v -2.978125 -0.241975 -1.569791
v -2.978382 -0.241975 -1.596688
v -2.964894 -0.255448 -1.587383
v -2.964095 -0.255448 -1.538320
v -2.978627 -0.241975 -1.750148
v -2.978219 -0.241975 -1.777041
v -2.964995 -0.255448 -1.769025
v -2.965123 -0.255448 -1.731274
v -2.973500 -0.241975 -1.924891
v -2.971913 -0.241975 -1.951734
v -2.959038 -0.255448 -1.944220
v -2.960478 -0.255448 -1.910548
v -2.959855 -0.241975 -2.091237
v -2.956464 -0.241975 -2.117900
v -2.944030 -0.255448 -2.110605
v -2.947327 -0.255448 -2.079712
v -2.934825 -0.241975 -2.246428
v -2.928857 -0.241975 -2.272614
v -2.916873 -0.255448 -2.265558
v -2.922703 -0.255448 -2.237283
v -2.895563 -0.241975 -2.387768
v -2.886103 -0.241975 -2.412865
v -2.874193 -0.255448 -2.406538
v -2.883494 -0.255448 -2.381008
v -2.839201 -0.241975 -2.512584
v -2.825816 -0.241975 -2.535789
v -2.811808 -0.255448 -2.532338
v -2.826197 -0.255448 -2.508570
v -1.571852 -0.241974 2.940204
v -1.599299 -0.241974 2.942071
v -1.589801 -0.255448 2.928042
v -1.539731 -0.255448 2.924290
v -1.755795 -0.241974 2.951191
v -1.783199 -0.241974 2.952273
v -1.775029 -0.255448 2.938623
v -1.736555 -0.255448 2.936644
v -1.933723 -0.241974 2.955304
v -1.961022 -0.241974 2.955034
v -1.953380 -0.255448 2.941813
v -1.919130 -0.255448 2.941586
v -2.102732 -0.241974 2.949294
v -2.129783 -0.241974 2.947001
v -2.122383 -0.255448 2.934294
v -2.091037 -0.255448 2.936304
v -2.260003 -0.241974 2.930103
v -2.286495 -0.241974 2.924980
v -2.279359 -0.255448 2.912802
v -2.250748 -0.255448 2.917704
v -2.402828 -0.241974 2.894878
v -2.428144 -0.241974 2.885994
v -2.421770 -0.255448 2.873976
v -2.396010 -0.255448 2.882680
v -2.528643 -0.241974 2.840915
v -2.552012 -0.241974 2.827842
v -2.548576 -0.255448 2.813823
v -2.524631 -0.255448 2.827886
v 2.973990 -0.241975 1.589423
v 2.974248 -0.241975 1.616320
v 2.960760 -0.255448 1.607014
v 2.959962 -0.255448 1.557952
v 2.974493 -0.241975 1.769780
v 2.974085 -0.241975 1.796673
v 2.960860 -0.255448 1.788657
v 2.960989 -0.255448 1.750906
v 2.969366 -0.241975 1.944523
v 2.967778 -0.241975 1.971366
v 2.954904 -0.255448 1.963851
v 2.956343 -0.255448 1.930180
v 2.955720 -0.241975 2.110868
v 2.952330 -0.241975 2.137532
v 2.939895 -0.255448 2.130237
v 2.943193 -0.255448 2.099344
v 2.930691 -0.241975 2.266060
v 2.924722 -0.241975 2.292246
v 2.912739 -0.255448 2.285190
v 2.918569 -0.255448 2.256915
v 2.891429 -0.241975 2.407400
v 2.881969 -0.241975 2.432498
v 2.870058 -0.255448 2.426174
v 2.879360 -0.255448 2.400640
v 2.835057 -0.241975 2.532275
v 2.821668 -0.241975 2.555512
v 2.807655 -0.255448 2.552091
v 2.822050 -0.255448 2.528284
v -1.365344 -0.241975 -2.883614
v -1.338466 -0.241975 -2.883721
v -1.343567 -0.255448 -2.870250
v -1.374021 -0.255448 -2.870129
v -1.181805 -0.241975 -2.884418
v -1.154924 -0.241975 -2.884554
v -1.155046 -0.255448 -2.871102
v -1.181940 -0.255448 -2.870966
v -0.998232 -0.241975 -2.885463
v -0.971344 -0.241975 -2.885643
v -0.968976 -0.255448 -2.872207
v -0.996147 -0.255448 -2.872025
v -0.814607 -0.241975 -2.886859
v -0.787710 -0.241975 -2.887100
v -0.783658 -0.255448 -2.873684
v -0.811385 -0.255448 -2.873435
v -0.630915 -0.241975 -2.888717
v -0.604006 -0.241975 -2.889035
v -0.598124 -0.255448 -2.875652
v -0.626684 -0.255448 -2.875313
v -0.447138 -0.241975 -2.891149
v -0.420216 -0.241975 -2.891560
v -0.410988 -0.255448 -2.878249
v -0.441489 -0.255448 -2.877779
v -0.263261 -0.241975 -2.894265
v -0.236323 -0.241975 -2.894786
v -0.216086 -0.255448 -2.881732
v -0.254947 -0.255448 -2.880967
v -2.919241 -0.241974 1.367973
v -2.919784 -0.241974 1.341079
v -2.906205 -0.255448 1.346182
v -2.905589 -0.255448 1.376656
v -2.922949 -0.241974 1.184333
v -2.923493 -0.241974 1.157439
v -2.910014 -0.255448 1.157562
v -2.909470 -0.255448 1.184468
v -2.926658 -0.241974 1.000693
v -2.927201 -0.241974 0.973800
v -2.913773 -0.255448 0.971431
v -2.913224 -0.255448 0.998608
v -2.930366 -0.241974 0.817054
v -2.930910 -0.241974 0.790160
v -2.917515 -0.255448 0.786109
v -2.916956 -0.255448 0.813832
v -2.934075 -0.241974 0.633414
v -2.934618 -0.241974 0.606520
v -2.921261 -0.255448 0.600641
v -2.920685 -0.255448 0.629185
v -2.937784 -0.241974 0.449775
v -2.938327 -0.241974 0.422881
v -2.925037 -0.255448 0.413663
v -2.924421 -0.255448 0.444131
v -2.941492 -0.241974 0.266135
v -2.942035 -0.241974 0.239241
v -2.928967 -0.255448 0.219038
v -2.928184 -0.255448 0.257834
v 1.371235 -0.241974 2.840197
v 1.346688 -0.241974 2.844981
v 1.351371 -0.255448 2.830751
v 1.379090 -0.255448 2.825034
v 1.197186 -0.241974 2.852825
v 1.170747 -0.241974 2.851755
v 1.170860 -0.255448 2.838334
v 1.197310 -0.255448 2.839404
v 1.016553 -0.241974 2.845838
v 0.990077 -0.241974 2.844890
v 0.987737 -0.255448 2.831381
v 1.014493 -0.255448 2.832338
v 0.835608 -0.241974 2.839859
v 0.809075 -0.241974 2.839093
v 0.805068 -0.255448 2.825553
v 0.832422 -0.255448 2.826339
v 0.654218 -0.241974 2.835305
v 0.627608 -0.241974 2.834783
v 0.621782 -0.255448 2.821246
v 0.650027 -0.255448 2.821792
v 0.472254 -0.241974 2.832594
v 0.445549 -0.241974 2.832376
v 0.436386 -0.255448 2.818882
v 0.466644 -0.255448 2.819114
v 0.289586 -0.241974 2.832141
v 0.262767 -0.241974 2.832290
v 0.242602 -0.255448 2.819007
v 0.281304 -0.255448 2.818748
v 2.915107 -0.241975 -1.348341
v 2.915650 -0.241975 -1.321447
v 2.902070 -0.255448 -1.326551
v 2.901455 -0.255448 -1.357024
v 2.918815 -0.241975 -1.164701
v 2.919358 -0.241975 -1.137807
v 2.905879 -0.255448 -1.137930
v 2.905336 -0.255448 -1.164836
v 2.922524 -0.241975 -0.981062
v 2.923067 -0.241975 -0.954167
v 2.909638 -0.255448 -0.951799
v 2.909090 -0.255448 -0.978976
v 2.926232 -0.241975 -0.797422
v 2.926775 -0.241975 -0.770528
v 2.913381 -0.255448 -0.766477
v 2.912821 -0.255448 -0.794200
v 2.929941 -0.241975 -0.613783
v 2.930484 -0.241975 -0.586888
v 2.917126 -0.255448 -0.581009
v 2.916550 -0.255448 -0.609554
v 2.933650 -0.241975 -0.430143
v 2.934192 -0.241975 -0.403249
v 2.920903 -0.255448 -0.394031
v 2.920287 -0.255448 -0.424499
v 2.937358 -0.241975 -0.246504
v 2.937901 -0.241975 -0.219609
v 2.924833 -0.255448 -0.199406
v 2.924049 -0.255448 -0.238202
v 0.104702 -0.241975 -2.901927
v 0.131659 -0.241975 -2.902574
v 0.123882 -0.255448 -2.888937
v 0.084998 -0.255448 -2.888015
v 0.288813 -0.241975 -2.906638
v 0.315784 -0.241975 -2.907383
v 0.310668 -0.255448 -2.893790
v 0.280113 -0.255448 -2.892951
v 0.473014 -0.241975 -2.911968
v 0.499998 -0.241975 -2.912793
v 0.496298 -0.255448 -2.899228
v 0.467660 -0.255448 -2.898353
v 0.657290 -0.241975 -2.917804
v 0.684283 -0.241975 -2.918694
v 0.681592 -0.255448 -2.905153
v 0.653768 -0.255448 -2.904236
v 0.841624 -0.241975 -2.924036
v 0.868623 -0.241975 -2.924975
v 0.867074 -0.255448 -2.911468
v 0.839791 -0.255448 -2.910519
v 1.023526 -0.241975 -2.918281
v 1.049461 -0.241975 -2.913945
v 1.050116 -0.255448 -2.900394
v 1.024174 -0.255448 -2.904756
v 1.196813 -0.241975 -2.869819
v 1.221443 -0.241975 -2.858935
v 1.229836 -0.255448 -2.841259
v 1.201993 -0.255448 -2.854144
v -2.948909 -0.241974 -0.101143
v -2.949453 -0.241974 -0.128038
v -2.935820 -0.255448 -0.120279
v -2.935036 -0.255448 -0.081482
v -2.952618 -0.241974 -0.284783
v -2.953161 -0.241974 -0.311677
v -2.939581 -0.255448 -0.306576
v -2.938967 -0.255448 -0.276108
v -2.956327 -0.241974 -0.468423
v -2.956870 -0.241974 -0.495317
v -2.943319 -0.255448 -0.491630
v -2.942743 -0.255448 -0.463086
v -2.960035 -0.241974 -0.652062
v -2.960578 -0.241974 -0.678956
v -2.947048 -0.255448 -0.676276
v -2.946488 -0.255448 -0.648553
v -2.963744 -0.241974 -0.835702
v -2.964287 -0.241974 -0.862596
v -2.950779 -0.255448 -0.861053
v -2.950231 -0.255448 -0.833876
v -2.967452 -0.241974 -1.019341
v -2.967995 -0.241974 -1.046236
v -2.954532 -0.255448 -1.046912
v -2.953989 -0.255448 -1.020007
v -2.971161 -0.241974 -1.202981
v -2.971704 -0.241974 -1.229875
v -2.958414 -0.255448 -1.239101
v -2.957798 -0.255448 -1.208627
v -0.078217 -0.241974 2.839152
v -0.105281 -0.241974 2.840088
v -0.097475 -0.255448 2.826371
v -0.058447 -0.255448 2.825065
v -0.263361 -0.241974 2.846642
v -0.290539 -0.241974 2.847944
v -0.285384 -0.255448 2.834247
v -0.254599 -0.255448 2.832788
v -0.449227 -0.241974 2.856453
v -0.476501 -0.241974 2.858060
v -0.472762 -0.255448 2.844387
v -0.443818 -0.255448 2.842690
v -0.635687 -0.241974 2.868168
v -0.663036 -0.241974 2.870018
v -0.660310 -0.255448 2.856379
v -0.632119 -0.255448 2.854475
v -0.822610 -0.241974 2.881368
v -0.850016 -0.241974 2.883401
v -0.848442 -0.255448 2.869827
v -0.820748 -0.255448 2.867775
v -1.009866 -0.241974 2.895637
v -1.037309 -0.241974 2.897792
v -1.037998 -0.255448 2.884387
v -1.010542 -0.255448 2.882232
v -1.197325 -0.241974 2.910559
v -1.224788 -0.241974 2.912773
v -1.234205 -0.255448 2.900073
v -1.203087 -0.255448 2.897563
v 2.944775 -0.241975 0.120776
v 2.945318 -0.241975 0.147670
v 2.931685 -0.255448 0.139911
v 2.930902 -0.255448 0.101115
v 2.948483 -0.241975 0.304415
v 2.949027 -0.241975 0.331309
v 2.935447 -0.255448 0.326208
v 2.934832 -0.255448 0.295739
v 2.952192 -0.241975 0.488055
v 2.952735 -0.241975 0.514949
v 2.939185 -0.255448 0.511262
v 2.938608 -0.255448 0.482718
v 2.955900 -0.241975 0.671694
v 2.956444 -0.241975 0.698588
v 2.942914 -0.255448 0.695908
v 2.942353 -0.255448 0.668185
v 2.959610 -0.241975 0.855334
v 2.960152 -0.241975 0.882228
v 2.946645 -0.255448 0.880684
v 2.946096 -0.255448 0.853507
v 2.963318 -0.241975 1.038973
v 2.963861 -0.241975 1.065867
v 2.950398 -0.255448 1.066544
v 2.949855 -0.255448 1.039638
v 2.967026 -0.241975 1.222613
v 2.967570 -0.241975 1.249507
v 2.954280 -0.255448 1.258732
v 2.953664 -0.255448 1.228259
v -2.664095 -0.241975 -2.703255
v -2.641397 -0.241975 -2.717402
v -2.636882 -0.255448 -2.704566
v -2.660109 -0.255448 -2.689401
v -2.543524 -0.241975 -2.767476
v -2.518814 -0.241975 -2.777711
v -2.511570 -0.255448 -2.765889
v -2.536722 -0.255448 -2.755800
v -2.405056 -0.241975 -2.814456
v -2.379127 -0.241975 -2.821185
v -2.369498 -0.255448 -2.809362
v -2.397521 -0.255448 -2.802713
v -2.251570 -0.241975 -2.846441
v -2.225066 -0.241975 -2.850559
v -2.213049 -0.255448 -2.838378
v -2.243780 -0.255448 -2.834239
v -2.086197 -0.241975 -2.866311
v -2.059449 -0.241975 -2.868589
v -2.044599 -0.255448 -2.855965
v -2.078172 -0.255448 -2.853661
v -1.911976 -0.241975 -2.877021
v -1.885136 -0.241975 -2.878089
v -1.865745 -0.255448 -2.865077
v -1.903439 -0.255448 -2.864023
v -1.731884 -0.241975 -2.881554
v -1.705016 -0.241975 -2.881938
v -1.673027 -0.255448 -2.868688
v -1.722049 -0.255448 -2.868317
v -2.720730 -0.241974 2.667047
v -2.735047 -0.241974 2.644368
v -2.722212 -0.255448 2.639856
v -2.706867 -0.255448 2.663065
v -2.785948 -0.241974 2.546559
v -2.796414 -0.241974 2.521862
v -2.784628 -0.255448 2.514622
v -2.774303 -0.255448 2.539761
v -2.834330 -0.241974 2.408141
v -2.841351 -0.241974 2.382216
v -2.829608 -0.255448 2.372591
v -2.822641 -0.255448 2.400608
v -2.868161 -0.241974 2.254663
v -2.872626 -0.241974 2.228158
v -2.860573 -0.255448 2.216139
v -2.856031 -0.255448 2.246873
v -2.890306 -0.241974 2.089254
v -2.892976 -0.241974 2.062496
v -2.880543 -0.255448 2.047641
v -2.877746 -0.255448 2.081228
v -2.903660 -0.241974 1.914956
v -2.905153 -0.241974 1.888102
v -2.892422 -0.255448 1.868699
v -2.890770 -0.255448 1.906415
v -2.911104 -0.241974 1.734757
v -2.911933 -0.241974 1.707870
v -2.899186 -0.255448 1.675862
v -2.898003 -0.255448 1.724915
v 2.660074 -0.241975 2.722955
v 2.637446 -0.241975 2.736953
v 2.632941 -0.255448 2.724095
v 2.656095 -0.255448 2.709085
v 2.539841 -0.241975 2.785480
v 2.514799 -0.241975 2.793867
v 2.507460 -0.255448 2.781528
v 2.533007 -0.255448 2.773524
v 2.395881 -0.241975 2.809721
v 2.367963 -0.241975 2.808920
v 2.357668 -0.255448 2.794549
v 2.387929 -0.255448 2.796342
v 2.226334 -0.241975 2.782619
v 2.196018 -0.241975 2.773026
v 2.182379 -0.255448 2.754988
v 2.217644 -0.255448 2.767130
v 2.032193 -0.241975 2.700268
v 1.999677 -0.241975 2.682292
v 1.981886 -0.255448 2.659265
v 2.022785 -0.255448 2.682681
v 1.814807 -0.241975 2.560549
v 1.788369 -0.241975 2.560550
v 1.769265 -0.255448 2.546776
v 1.812622 -0.255448 2.566909
v 1.673985 -0.241975 2.672750
v 1.653775 -0.241975 2.691613
v 1.629178 -0.255448 2.698683
v 1.666375 -0.255448 2.665653
v 2.716596 -0.241975 -2.647415
v 2.730912 -0.241975 -2.624736
v 2.718077 -0.255448 -2.620224
v 2.702733 -0.255448 -2.643433
v 2.781814 -0.241975 -2.526926
v 2.792280 -0.241975 -2.502229
v 2.780494 -0.255448 -2.494990
v 2.770168 -0.255448 -2.520129
v 2.830195 -0.241975 -2.388509
v 2.837216 -0.241975 -2.362584
v 2.825473 -0.255448 -2.352958
v 2.818507 -0.255448 -2.380976
v 2.864026 -0.241975 -2.235031
v 2.868491 -0.241975 -2.208525
v 2.856439 -0.255448 -2.196506
v 2.851897 -0.255448 -2.227241
v 2.886171 -0.241975 -2.069622
v 2.888841 -0.241975 -2.042865
v 2.876408 -0.255448 -2.028009
v 2.873611 -0.255448 -2.061595
v 2.899526 -0.241975 -1.895324
v 2.901018 -0.241975 -1.868470
v 2.888288 -0.255448 -1.849067
v 2.886635 -0.255448 -1.886783
v 2.906970 -0.241975 -1.715125
v 2.907798 -0.241975 -1.688238
v 2.895051 -0.255448 -1.656230
v 2.893868 -0.255448 -1.705284
v 0.026055 -0.255448 -0.053500
v 0.059381 -0.255448 -0.054048
v 0.060175 -0.255448 -0.020786
v 0.054131 -0.255448 0.008685
v 0.061361 -0.255448 0.037889
v 0.061909 -0.255448 0.071156
v 0.028589 -0.255448 0.071949
v -0.000934 -0.255448 0.065915
v -0.030190 -0.255448 0.073132
v -0.063515 -0.255448 0.073680
v -0.064310 -0.255448 0.040418
v -0.058265 -0.255448 0.010947
v -0.065495 -0.255448 -0.018257
v -0.066044 -0.255448 -0.051524
v -0.032723 -0.255448 -0.052318
v -0.003200 -0.255448 -0.046283
v 1.286965 -0.255448 -2.677469
v 1.306973 -0.255448 -2.677903
v 1.321367 -0.255448 -2.655639
v 1.301347 -0.255448 -2.655107
v 1.067767 -0.255448 -2.615903
v 1.069984 -0.255448 -2.587222
v 1.044539 -0.255448 -2.575649
v 1.042050 -0.255448 -2.603288
v 0.814959 -0.255448 -2.494925
v 0.811109 -0.255448 -2.463476
v 0.783024 -0.255448 -2.455112
v 0.786322 -0.255448 -2.483141
v 0.574024 -0.255448 -2.436450
v 0.567411 -0.255448 -2.407742
v 0.539898 -0.255448 -2.408244
v 0.545915 -0.255448 -2.434319
v 1.419120 -0.255448 -2.546108
v 1.437399 -0.255448 -2.531419
v 1.420023 -0.255448 -2.522894
v 1.401646 -0.255448 -2.538188
v 1.073068 -0.255448 -2.280950
v 1.098010 -0.255448 -2.304042
v 1.102090 -0.255448 -2.271059
v 1.078915 -0.255448 -2.251409
v 0.732197 -0.255448 -2.008091
v 0.761764 -0.255448 -2.029527
v 0.757783 -0.255448 -1.992168
v 0.729873 -0.255448 -1.978702
v 0.420993 -0.255448 -1.895397
v 0.449331 -0.255448 -1.898413
v 0.442069 -0.255448 -1.867188
v 0.414866 -0.255448 -1.869097
v 1.554462 -0.255448 -2.459599
v 1.578054 -0.255448 -2.450238
v 1.561197 -0.255448 -2.434646
v 1.538286 -0.255448 -2.445253
v 1.139528 -0.255448 -1.994804
v 1.161288 -0.255448 -2.020331
v 1.172578 -0.255448 -1.992268
v 1.154817 -0.255448 -1.971931
v 0.699330 -0.255448 -1.511271
v 0.728309 -0.255448 -1.541226
v 0.727694 -0.255448 -1.500886
v 0.705230 -0.255448 -1.483431
v 0.269541 -0.255448 -1.248957
v 0.298136 -0.255448 -1.252950
v 0.289457 -0.255448 -1.215755
v 0.262640 -0.255448 -1.219279
v -0.082417 -0.255448 -2.722268
v -0.062598 -0.255448 -2.740537
v -0.042036 -0.255448 -2.723081
v -0.061847 -0.255448 -2.704535
v -0.244955 -0.255448 -2.582284
v -0.231109 -0.255448 -2.558803
v -0.252997 -0.255448 -2.543155
v -0.266715 -0.255448 -2.566173
v -0.440642 -0.255448 -2.461571
v -0.430755 -0.255448 -2.436248
v -0.455686 -0.255448 -2.426314
v -0.465518 -0.255448 -2.451478
v -0.656646 -0.255448 -2.408722
v -0.649526 -0.255448 -2.382931
v -0.676906 -0.255448 -2.381272
v -0.684732 -0.255448 -2.409668
v 0.126302 -0.255448 -2.590149
v 0.148747 -0.255448 -2.574992
v 0.136014 -0.255448 -2.551407
v 0.113461 -0.255448 -2.566095
v -0.068343 -0.255448 -2.250392
v -0.052582 -0.255448 -2.275663
v -0.035713 -0.255448 -2.251048
v -0.051527 -0.255448 -2.228240
v -0.277603 -0.255448 -1.984876
v -0.256793 -0.255448 -2.005026
v -0.244810 -0.255448 -1.976628
v -0.266866 -0.255448 -1.960511
v -0.536611 -0.255448 -1.877555
v -0.508219 -0.255448 -1.875731
v -0.500915 -0.255448 -1.849724
v -0.527954 -0.255448 -1.846676
v 0.327261 -0.255448 -2.477950
v 0.352602 -0.255448 -2.468927
v 0.343849 -0.255448 -2.443364
v 0.318461 -0.255448 -2.452226
v 0.152913 -0.255448 -1.985087
v 0.163605 -0.255448 -2.013968
v 0.185324 -0.255448 -1.994719
v 0.175695 -0.255448 -1.969921
v -0.051249 -0.255448 -1.506812
v -0.035793 -0.255448 -1.536841
v -0.018972 -0.255448 -1.507519
v -0.034618 -0.255448 -1.485718
v -0.356274 -0.255448 -1.239261
v -0.327544 -0.255448 -1.236457
v -0.319301 -0.255448 -1.207102
v -0.345914 -0.255448 -1.202474
v -1.461229 -0.255448 -2.702022
v -1.448128 -0.255448 -2.725270
v -1.424948 -0.255448 -2.711179
v -1.438080 -0.255448 -2.687988
v -1.547242 -0.255448 -2.564065
v -1.526987 -0.255448 -2.545410
v -1.543386 -0.255448 -2.524390
v -1.563340 -0.255448 -2.542673
v -1.668629 -0.255448 -2.430660
v -1.650537 -0.255448 -2.410419
v -1.671898 -0.255448 -2.394370
v -1.690607 -0.255448 -2.415331
v -1.828865 -0.255448 -2.349752
v -1.811780 -0.255448 -2.328031
v -1.838926 -0.255448 -2.319467
v -1.859564 -0.255448 -2.345664
v -1.184683 -0.255448 -2.573158
v -1.157917 -0.255448 -2.558848
v -1.159017 -0.255448 -2.530257
v -1.185303 -0.255448 -2.542843
v -1.202997 -0.255448 -2.222635
v -1.200361 -0.255448 -2.255738
v -1.174563 -0.255448 -2.233695
v -1.179101 -0.255448 -2.203959
v -1.260969 -0.255448 -1.941421
v -1.250968 -0.255448 -1.969894
v -1.228200 -0.255448 -1.945292
v -1.242407 -0.255448 -1.921838
v -1.425926 -0.255448 -1.796076
v -1.394891 -0.255448 -1.799769
v -1.378005 -0.255448 -1.778416
v -1.402695 -0.255448 -1.766751
v -0.927038 -0.255448 -2.458013
v -0.898045 -0.255448 -2.447432
v -0.893566 -0.255448 -2.419572
v -0.921865 -0.255448 -2.426760
v -0.848157 -0.255448 -1.958313
v -0.853785 -0.255448 -1.995451
v -0.823390 -0.255448 -1.975273
v -0.819762 -0.255448 -1.946025
v -0.796042 -0.255448 -1.469076
v -0.798480 -0.255448 -1.509322
v -0.768240 -0.255448 -1.480611
v -0.772860 -0.255448 -1.452574
v -0.919948 -0.255448 -1.156710
v -0.888742 -0.255448 -1.160326
v -0.868350 -0.255448 -1.134527
v -0.891216 -0.255448 -1.120452
v -2.573355 -0.255448 -2.433022
v -2.583678 -0.255448 -2.464136
v -2.552178 -0.255448 -2.454882
v -2.542716 -0.255448 -2.424599
v -2.505055 -0.255448 -2.208640
v -2.471524 -0.255448 -2.190731
v -2.463707 -0.255448 -2.156744
v -2.494576 -0.255448 -2.172578
v -2.449682 -0.255448 -1.962661
v -2.417759 -0.255448 -1.941955
v -2.416343 -0.255448 -1.909321
v -2.443222 -0.255448 -1.926507
v -2.443713 -0.255448 -1.745784
v -2.416837 -0.255448 -1.726153
v -2.424744 -0.255448 -1.698745
v -2.447026 -0.255448 -1.714990
v -2.325185 -0.255448 -2.393881
v -2.288714 -0.255448 -2.384518
v -2.271811 -0.255448 -2.354235
v -2.306118 -0.255448 -2.361009
v -2.087728 -0.255448 -1.965505
v -2.110342 -0.255448 -2.006957
v -2.068014 -0.255448 -1.985720
v -2.050809 -0.255448 -1.949498
v -1.914672 -0.255448 -1.589947
v -1.933633 -0.255448 -1.633609
v -1.891802 -0.255448 -1.607148
v -1.884977 -0.255448 -1.572218
v -1.880678 -0.255448 -1.302617
v -1.877855 -0.255448 -1.333593
v -1.847525 -0.255448 -1.311553
v -1.858590 -0.255448 -1.286602
v -2.076932 -0.255448 -2.345813
v -2.040497 -0.255448 -2.340377
v -2.022343 -0.255448 -2.314109
v -2.055083 -0.255448 -2.314622
v -1.701548 -0.255448 -1.801871
v -1.729527 -0.255448 -1.842548
v -1.684988 -0.255448 -1.825036
v -1.666178 -0.255448 -1.796141
v -1.354387 -0.255448 -1.261041
v -1.384763 -0.255448 -1.309589
v -1.334666 -0.255448 -1.281223
v -1.322068 -0.255448 -1.249678
v -1.216324 -0.255448 -0.824266
v -1.213787 -0.255448 -0.855321
v -1.175995 -0.255448 -0.828260
v -1.189427 -0.255448 -0.805061
v -2.800313 -0.255448 -1.296500
v -2.815008 -0.255448 -1.319117
v -2.791997 -0.255448 -1.333172
v -2.777356 -0.255448 -1.310585
v -2.655731 -0.255448 -1.061805
v -2.625249 -0.255448 -1.063676
v -2.611909 -0.255448 -1.037906
v -2.640651 -0.255448 -1.035624
v -2.532885 -0.255448 -0.808939
v -2.501220 -0.255448 -0.805073
v -2.493160 -0.255448 -0.777084
v -2.521391 -0.255448 -0.780397
v -2.476871 -0.255448 -0.568802
v -2.447943 -0.255448 -0.562176
v -2.448742 -0.255448 -0.534755
v -2.475023 -0.255448 -0.540784
v -2.655521 -0.255448 -1.424871
v -2.634409 -0.255448 -1.441856
v -2.615545 -0.255448 -1.422645
v -2.636280 -0.255448 -1.405374
v -2.313245 -0.255448 -1.065822
v -2.336197 -0.255448 -1.090694
v -2.302832 -0.255448 -1.094720
v -2.283321 -0.255448 -1.071611
v -2.041442 -0.255448 -0.725775
v -2.062856 -0.255448 -0.755280
v -2.025012 -0.255448 -0.751247
v -2.011655 -0.255448 -0.723404
v -1.929782 -0.255448 -0.415298
v -1.932649 -0.255448 -0.443563
v -1.900958 -0.255448 -0.436254
v -1.903086 -0.255448 -0.409130
v -2.524344 -0.255448 -1.551776
v -2.509471 -0.255448 -1.574360
v -2.487918 -0.255448 -1.556495
v -2.503533 -0.255448 -1.534502
v -2.023069 -0.255448 -1.131236
v -2.048608 -0.255448 -1.152968
v -2.020086 -0.255448 -1.164048
v -1.999740 -0.255448 -1.146312
v -1.537191 -0.255448 -0.691773
v -1.567406 -0.255448 -0.720700
v -1.526434 -0.255448 -0.719927
v -1.508864 -0.255448 -0.697531
v -1.272666 -0.255448 -0.262718
v -1.276639 -0.255448 -0.291259
v -1.238832 -0.255448 -0.282516
v -1.242494 -0.255448 -0.255765
v -2.768858 -0.255448 0.085658
v -2.787226 -0.255448 0.065864
v -2.769672 -0.255448 0.045348
v -2.751015 -0.255448 0.065136
v -2.627960 -0.255448 0.248009
v -2.604284 -0.255448 0.234208
v -2.588483 -0.255448 0.256077
v -2.611693 -0.255448 0.269749
v -2.505593 -0.255448 0.443561
v -2.480046 -0.255448 0.433719
v -2.469890 -0.255448 0.458635
v -2.495275 -0.255448 0.468424
v -2.450784 -0.255448 0.659459
v -2.424768 -0.255448 0.652378
v -2.422863 -0.255448 0.679744
v -2.451501 -0.255448 0.687529
v -2.635444 -0.255448 -0.122539
v -2.620067 -0.255448 -0.144916
v -2.596324 -0.255448 -0.132189
v -2.611230 -0.255448 -0.109704
v -2.292142 -0.255448 0.072194
v -2.317759 -0.255448 0.056417
v -2.292800 -0.255448 0.039622
v -2.269670 -0.255448 0.055449
v -2.022704 -0.255448 0.281591
v -2.043208 -0.255448 0.260771
v -2.014342 -0.255448 0.248870
v -1.997939 -0.255448 0.270925
v -1.912776 -0.255448 0.540497
v -1.911053 -0.255448 0.512139
v -1.884627 -0.255448 0.504903
v -1.881406 -0.255448 0.531919
v -2.521071 -0.255448 -0.322857
v -2.511765 -0.255448 -0.348114
v -2.486005 -0.255448 -0.339355
v -2.495147 -0.255448 -0.314050
v -2.022358 -0.255448 -0.148087
v -2.051681 -0.255448 -0.158817
v -2.032034 -0.255448 -0.180445
v -2.006859 -0.255448 -0.170784
v -1.535861 -0.255448 0.056794
v -1.566415 -0.255448 0.041297
v -1.536511 -0.255448 0.024583
v -1.514342 -0.255448 0.040249
v -1.263449 -0.255448 0.361924
v -1.260630 -0.255448 0.333247
v -1.230764 -0.255448 0.325085
v -1.226025 -0.255448 0.351667
v -2.735509 -0.255448 1.463956
v -2.759069 -0.255448 1.450838
v -2.745300 -0.255448 1.427648
v -2.721792 -0.255448 1.440798
v -2.595442 -0.255448 1.550089
v -2.577004 -0.255448 1.529834
v -2.555589 -0.255448 1.546257
v -2.573662 -0.255448 1.566211
v -2.459244 -0.255448 1.671638
v -2.439144 -0.255448 1.653551
v -2.422648 -0.255448 1.674936
v -2.443465 -0.255448 1.693638
v -2.375267 -0.255448 1.831829
v -2.353625 -0.255448 1.814677
v -2.344552 -0.255448 1.841691
v -2.370664 -0.255448 1.862435
v -2.610310 -0.255448 1.187327
v -2.596300 -0.255448 1.160561
v -2.567488 -0.255448 1.161684
v -2.579778 -0.255448 1.187970
v -2.256369 -0.255448 1.206017
v -2.289869 -0.255448 1.203338
v -2.267940 -0.255448 1.177563
v -2.237807 -0.255448 1.182142
v -1.970815 -0.255448 1.263974
v -1.999854 -0.255448 1.254145
v -1.975202 -0.255448 1.231390
v -1.951192 -0.255448 1.245418
v -1.820355 -0.255448 1.425278
v -1.824645 -0.255448 1.394813
v -1.803171 -0.255448 1.377826
v -1.790865 -0.255448 1.401889
v -2.497773 -0.255448 0.929725
v -2.487441 -0.255448 0.900743
v -2.459366 -0.255448 0.896297
v -2.466290 -0.255448 0.924586
v -1.992642 -0.255448 0.851646
v -2.030293 -0.255448 0.857199
v -2.010087 -0.255448 0.826857
v -1.980420 -0.255448 0.823289
v -1.495566 -0.255448 0.800291
v -1.536534 -0.255448 0.802787
v -1.507529 -0.255448 0.772676
v -1.478942 -0.255448 0.777233
v -1.175733 -0.255448 0.919474
v -1.179821 -0.255448 0.889097
v -1.153765 -0.255448 0.868887
v -1.139130 -0.255448 0.891007
v -2.449773 -0.255448 2.574562
v -2.481062 -0.255448 2.585351
v -2.471977 -0.255448 2.553808
v -2.441518 -0.255448 2.543887
v -2.223428 -0.255448 2.501097
v -2.205574 -0.255448 2.467247
v -2.171167 -0.255448 2.458372
v -2.186949 -0.255448 2.489524
v -1.974015 -0.255448 2.436929
v -1.953242 -0.255448 2.404494
v -1.920017 -0.255448 2.401642
v -1.937262 -0.255448 2.428946
v -1.753030 -0.255448 2.420667
v -1.733244 -0.255448 2.393213
v -1.705204 -0.255448 2.399558
v -1.721585 -0.255448 2.422324
v -2.412715 -0.255448 2.326735
v -2.403703 -0.255448 2.290282
v -2.373332 -0.255448 2.272965
v -2.379750 -0.255448 2.307212
v -1.981518 -0.255448 2.080208
v -2.023371 -0.255448 2.103914
v -2.002408 -0.255448 2.061497
v -1.965795 -0.255448 2.043320
v -1.601068 -0.255448 1.895995
v -1.645368 -0.255448 1.916294
v -1.619050 -0.255448 1.874483
v -1.583464 -0.255448 1.866389
v -1.307907 -0.255448 1.850376
v -1.339617 -0.255448 1.849049
v -1.317622 -0.255448 1.818843
v -1.291926 -0.255448 1.828390
v -2.367498 -0.255448 2.078960
v -2.362548 -0.255448 2.042632
v -2.336285 -0.255448 2.024235
v -2.336311 -0.255448 2.056801
v -1.821344 -0.255448 1.695815
v -1.862320 -0.255448 1.724417
v -1.845269 -0.255448 1.680250
v -1.816142 -0.255448 1.661008
v -1.275211 -0.255448 1.342302
v -1.324267 -0.255448 1.373003
v -1.296197 -0.255448 1.323842
v -1.264192 -0.255448 1.310820
v -0.832250 -0.255448 1.198517
v -0.863886 -0.255448 1.196814
v -0.837029 -0.255448 1.160145
v -0.813201 -0.255448 1.172448
v -1.292972 -0.255448 2.746313
v -1.316038 -0.255448 2.762295
v -1.330436 -0.255448 2.740343
v -1.307405 -0.255448 2.724433
v -1.053895 -0.255448 2.589247
v -1.055955 -0.255448 2.559418
v -1.029742 -0.255448 2.544823
v -1.027262 -0.255448 2.572893
v -0.796958 -0.255448 2.454983
v -0.793273 -0.255448 2.423978
v -0.764863 -0.255448 2.414737
v -0.768003 -0.255448 2.442345
v -0.553403 -0.255448 2.389457
v -0.546965 -0.255448 2.361219
v -0.519150 -0.255448 2.360908
v -0.525003 -0.255448 2.386543
v -1.424451 -0.255448 2.611025
v -1.441866 -0.255448 2.591232
v -1.422337 -0.255448 2.571489
v -1.404626 -0.255448 2.590873
v -1.060471 -0.255448 2.255551
v -1.085596 -0.255448 2.279138
v -1.090007 -0.255448 2.247044
v -1.066656 -0.255448 2.226920
v -0.717997 -0.255448 1.978362
v -0.747636 -0.255448 2.000001
v -0.744075 -0.255448 1.963763
v -0.716021 -0.255448 1.949907
v -0.405437 -0.255448 1.861967
v -0.433941 -0.255448 1.865436
v -0.427092 -0.255448 1.835318
v -0.399663 -0.255448 1.836614
v -1.554498 -0.255448 2.489362
v -1.577628 -0.255448 2.476029
v -1.559536 -0.255448 2.453833
v -1.536995 -0.255448 2.467916
v -1.130593 -0.255448 1.979261
v -1.152385 -0.255448 2.004874
v -1.164112 -0.255448 1.977990
v -1.146325 -0.255448 1.957578
v -0.691783 -0.255448 1.499409
v -0.720563 -0.255448 1.528833
v -0.720530 -0.255448 1.490056
v -0.698140 -0.255448 1.472795
v -0.263657 -0.255448 1.241523
v -0.292284 -0.255448 1.245605
v -0.284164 -0.255448 1.209914
v -0.257206 -0.255448 1.213057
v 0.108883 -0.255448 2.659513
v 0.089134 -0.255448 2.677593
v 0.068502 -0.255448 2.660326
v 0.088247 -0.255448 2.641953
v 0.270265 -0.255448 2.522889
v 0.256315 -0.255448 2.499658
v 0.277997 -0.255448 2.484607
v 0.291816 -0.255448 2.507380
v 0.463826 -0.255448 2.408233
v 0.453796 -0.255448 2.383276
v 0.478443 -0.255448 2.374145
v 0.488417 -0.255448 2.398949
v 0.677353 -0.255448 2.362347
v 0.670072 -0.255448 2.336976
v 0.697142 -0.255448 2.336183
v 0.705140 -0.255448 2.364130
v -0.100935 -0.255448 2.530359
v -0.123579 -0.255448 2.515739
v -0.110953 -0.255448 2.492434
v -0.088202 -0.255448 2.506592
v 0.090845 -0.255448 2.198239
v 0.075390 -0.255448 2.222685
v 0.058215 -0.255448 2.198896
v 0.073751 -0.255448 2.176831
v 0.295942 -0.255448 1.944253
v 0.275513 -0.255448 1.963350
v 0.263141 -0.255448 1.935978
v 0.284874 -0.255448 1.920763
v 0.551851 -0.255448 1.845598
v 0.523633 -0.255448 1.843270
v 0.515979 -0.255448 1.818188
v 0.542785 -0.255448 1.815800
v -0.303941 -0.255448 2.423683
v -0.329560 -0.255448 2.415410
v -0.320952 -0.255448 2.390232
v -0.295289 -0.255448 2.398351
v -0.134514 -0.255448 1.943980
v -0.144814 -0.255448 1.971808
v -0.166908 -0.255448 1.953568
v -0.157613 -0.255448 1.929667
v 0.062047 -0.255448 1.486193
v 0.047111 -0.255448 1.514803
v 0.029779 -0.255448 1.486842
v 0.045050 -0.255448 1.466066
v 0.362049 -0.255448 1.232438
v 0.333357 -0.255448 1.229509
v 0.324666 -0.255448 1.201347
v 0.351135 -0.255448 1.197129
v 1.460259 -0.255448 2.648096
v 1.447755 -0.255448 2.671603
v 1.427474 -0.255448 2.664565
v 1.440063 -0.255448 2.641316
v 1.545061 -0.255448 2.517314
v 1.527656 -0.255448 2.506147
v 1.544000 -0.255448 2.487037
v 1.561213 -0.255448 2.498122
v 1.667376 -0.255448 2.401525
v 1.651461 -0.255448 2.387088
v 1.672785 -0.255448 2.373307
v 1.689343 -0.255448 2.388559
v 1.827354 -0.255448 2.335858
v 1.811840 -0.255448 2.318280
v 1.838857 -0.255448 2.311756
v 1.857709 -0.255448 2.333289
v 1.199197 -0.255448 2.543906
v 1.172789 -0.255448 2.528620
v 1.173720 -0.255448 2.500480
v 1.199654 -0.255448 2.514026
v 1.214780 -0.255448 2.200663
v 1.212473 -0.255448 2.232891
v 1.186863 -0.255448 2.210325
v 1.191065 -0.255448 2.181486
v 1.269159 -0.255448 1.929023
v 1.259592 -0.255448 1.956336
v 1.236861 -0.255448 1.931619
v 1.250628 -0.255448 1.909342
v 1.430516 -0.255448 1.793303
v 1.399895 -0.255448 1.795884
v 1.382993 -0.255448 1.774561
v 1.407268 -0.255448 1.764008
v 0.944766 -0.255448 2.419933
v 0.916097 -0.255448 2.408454
v 0.911464 -0.255448 2.381003
v 0.939431 -0.255448 2.389109
v 0.861639 -0.255448 1.931449
v 0.867682 -0.255448 1.967494
v 0.837367 -0.255448 1.947062
v 0.833395 -0.255448 1.918727
v 0.803037 -0.255448 1.459395
v 0.806052 -0.255448 1.498111
v 0.775620 -0.255448 1.469879
v 0.779787 -0.255448 1.443054
v 0.921759 -0.255448 1.160880
v 0.890792 -0.255448 1.163843
v 0.870194 -0.255448 1.138571
v 0.892749 -0.255448 1.125335
v 2.569503 -0.255448 2.452354
v 2.579810 -0.255448 2.483505
v 2.548428 -0.255448 2.473978
v 2.538982 -0.255448 2.443660
v 2.501254 -0.255448 2.227847
v 2.467843 -0.255448 2.209659
v 2.460012 -0.255448 2.175699
v 2.490773 -0.255448 2.191786
v 2.445773 -0.255448 1.982099
v 2.413931 -0.255448 1.961208
v 2.412472 -0.255448 1.928672
v 2.439287 -0.255448 1.946000
v 2.439595 -0.255448 1.765633
v 2.412745 -0.255448 1.745955
v 2.420619 -0.255448 1.718601
v 2.442886 -0.255448 1.734869
v 2.322483 -0.255448 2.408608
v 2.285993 -0.255448 2.397511
v 2.269477 -0.255448 2.367976
v 2.303699 -0.255448 2.376100
v 2.086110 -0.255448 1.979220
v 2.108693 -0.255448 2.020761
v 2.066666 -0.255448 1.998743
v 2.049458 -0.255448 1.962518
v 1.912649 -0.255448 1.604626
v 1.931701 -0.255448 1.648067
v 1.890052 -0.255448 1.621128
v 1.883082 -0.255448 1.586565
v 1.877451 -0.255448 1.320312
v 1.874777 -0.255448 1.350917
v 1.844503 -0.255448 1.328731
v 1.855399 -0.255448 1.304201
v 2.074085 -0.255448 2.346461
v 2.037844 -0.255448 2.339252
v 2.020793 -0.255448 2.315750
v 2.053487 -0.255448 2.318366
v 1.702945 -0.255448 1.807631
v 1.730914 -0.255448 1.848350
v 1.686752 -0.255448 1.829831
v 1.667930 -0.255448 1.800958
v 1.354287 -0.255448 1.270503
v 1.384888 -0.255448 1.318484
v 1.334911 -0.255448 1.289775
v 1.322102 -0.255448 1.258774
v 1.213417 -0.255448 0.840936
v 1.211094 -0.255448 0.871442
v 1.173261 -0.255448 0.844473
v 1.186494 -0.255448 0.821792
v 2.796179 -0.255448 1.316132
v 2.810874 -0.255448 1.338749
v 2.787863 -0.255448 1.352804
v 2.773221 -0.255448 1.330216
v 2.651597 -0.255448 1.081437
v 2.621115 -0.255448 1.083308
v 2.607774 -0.255448 1.057538
v 2.636517 -0.255448 1.055256
v 2.528751 -0.255448 0.828571
v 2.497085 -0.255448 0.824704
v 2.489025 -0.255448 0.796716
v 2.517257 -0.255448 0.800029
v 2.472737 -0.255448 0.588434
v 2.443809 -0.255448 0.581808
v 2.444608 -0.255448 0.554386
v 2.470889 -0.255448 0.560416
v 2.651387 -0.255448 1.444503
v 2.630275 -0.255448 1.461488
v 2.611411 -0.255448 1.442276
v 2.632145 -0.255448 1.425006
v 2.309110 -0.255448 1.085454
v 2.332062 -0.255448 1.110326
v 2.298697 -0.255448 1.114352
v 2.279186 -0.255448 1.091243
v 2.037308 -0.255448 0.745406
v 2.058722 -0.255448 0.774912
v 2.020878 -0.255448 0.770878
v 2.007521 -0.255448 0.743036
v 1.925648 -0.255448 0.434930
v 1.928515 -0.255448 0.463195
v 1.896824 -0.255448 0.455886
v 1.898952 -0.255448 0.428762
v 2.520206 -0.255448 1.571432
v 2.505328 -0.255448 1.594049
v 2.483773 -0.255448 1.576200
v 2.499393 -0.255448 1.554168
v 2.018957 -0.255448 1.151011
v 2.044489 -0.255448 1.172757
v 2.016018 -0.255448 1.183744
v 1.995678 -0.255448 1.165991
v 1.533068 -0.255448 0.711487
v 1.563292 -0.255448 0.740406
v 1.522355 -0.255448 0.739559
v 1.504770 -0.255448 0.717190
v 1.268531 -0.255448 0.282350
v 1.272505 -0.255448 0.310891
v 1.234698 -0.255448 0.302148
v 1.238360 -0.255448 0.275397
v 2.764724 -0.255448 -0.066026
v 2.783092 -0.255448 -0.046232
v 2.765537 -0.255448 -0.025716
v 2.746881 -0.255448 -0.045504
v 2.623826 -0.255448 -0.228376
v 2.600150 -0.255448 -0.214576
v 2.584349 -0.255448 -0.236445
v 2.607558 -0.255448 -0.250117
v 2.501459 -0.255448 -0.423929
v 2.475912 -0.255448 -0.414087
v 2.465755 -0.255448 -0.439003
v 2.491141 -0.255448 -0.448792
v 2.446650 -0.255448 -0.639827
v 2.420634 -0.255448 -0.632746
v 2.418729 -0.255448 -0.660113
v 2.447366 -0.255448 -0.667897
v 2.631309 -0.255448 0.142171
v 2.615933 -0.255448 0.164549
v 2.592190 -0.255448 0.151821
v 2.607095 -0.255448 0.129335
v 2.288008 -0.255448 -0.052562
v 2.313625 -0.255448 -0.036785
v 2.288666 -0.255448 -0.019990
v 2.265537 -0.255448 -0.035817
v 2.018569 -0.255448 -0.261959
v 2.039073 -0.255448 -0.241139
v 2.010208 -0.255448 -0.229238
v 1.993805 -0.255448 -0.251293
v 1.908642 -0.255448 -0.520865
v 1.906919 -0.255448 -0.492508
v 1.880493 -0.255448 -0.485271
v 1.877272 -0.255448 -0.512287
v 2.516937 -0.255448 0.342488
v 2.507631 -0.255448 0.367746
v 2.481871 -0.255448 0.358986
v 2.491013 -0.255448 0.333681
v 2.018224 -0.255448 0.167719
v 2.047547 -0.255448 0.178449
v 2.027900 -0.255448 0.200077
v 2.002724 -0.255448 0.190416
v 1.531727 -0.255448 -0.037162
v 1.562281 -0.255448 -0.021665
v 1.532377 -0.255448 -0.004951
v 1.510207 -0.255448 -0.020617
v 1.259314 -0.255448 -0.342292
v 1.256496 -0.255448 -0.313615
v 1.226630 -0.255448 -0.305454
v 1.221890 -0.255448 -0.332035
v 2.731375 -0.255448 -1.444324
v 2.754935 -0.255448 -1.431206
v 2.741165 -0.255448 -1.408016
v 2.717658 -0.255448 -1.421166
v 2.591308 -0.255448 -1.530457
v 2.572869 -0.255448 -1.510202
v 2.551454 -0.255448 -1.526625
v 2.569527 -0.255448 -1.546579
v 2.455110 -0.255448 -1.652006
v 2.435010 -0.255448 -1.633919
v 2.418514 -0.255448 -1.655305
v 2.439331 -0.255448 -1.674006
v 2.371182 -0.255448 -1.812331
v 2.349561 -0.255448 -1.795235
v 2.340529 -0.255448 -1.822359
v 2.366609 -0.255448 -1.843016
v 2.606176 -0.255448 -1.167695
v 2.592165 -0.255448 -1.140929
v 2.563354 -0.255448 -1.142052
v 2.575643 -0.255448 -1.168338
v 2.252234 -0.255448 -1.186385
v 2.285735 -0.255448 -1.183705
v 2.263805 -0.255448 -1.157930
v 2.233672 -0.255448 -1.162511
v 1.966805 -0.255448 -1.244676
v 1.995783 -0.255448 -1.234685
v 1.971139 -0.255448 -1.211950
v 1.947189 -0.255448 -1.226139
v 1.817407 -0.255448 -1.408838
v 1.821540 -0.255448 -1.377951
v 1.800103 -0.255448 -1.361063
v 1.787973 -0.255448 -1.385600
v 2.493639 -0.255448 -0.910092
v 2.483307 -0.255448 -0.881111
v 2.455232 -0.255448 -0.876665
v 2.462155 -0.255448 -0.904955
v 1.988508 -0.255448 -0.832014
v 2.026158 -0.255448 -0.837567
v 2.005953 -0.255448 -0.807225
v 1.976285 -0.255448 -0.803657
v 1.491524 -0.255448 -0.780913
v 1.532451 -0.255448 -0.783296
v 1.503436 -0.255448 -0.753157
v 1.474882 -0.255448 -0.757806
v 1.173134 -0.255448 -0.903997
v 1.177002 -0.255448 -0.873027
v 1.150916 -0.255448 -0.852737
v 1.136486 -0.255448 -0.875410
v 2.446144 -0.255448 -2.556291
v 2.477303 -0.255448 -2.566729
v 2.468236 -0.255448 -2.535235
v 2.437906 -0.255448 -2.525661
v 2.221237 -0.255448 -2.486696
v 2.203478 -0.255448 -2.453102
v 2.169365 -0.255448 -2.445016
v 2.185062 -0.255448 -2.475939
v 1.974210 -0.255448 -2.428845
v 1.953631 -0.255448 -2.397035
v 1.920758 -0.255448 -2.395026
v 1.937780 -0.255448 -2.421506
v 1.754622 -0.255448 -2.412492
v 1.735537 -0.255448 -2.388336
v 1.707583 -0.255448 -2.393609
v 1.723325 -0.255448 -2.413241
v 2.409029 -0.255448 -2.308310
v 2.400015 -0.255448 -2.271851
v 2.369761 -0.255448 -2.254850
v 2.376194 -0.255448 -2.289134
v 1.980384 -0.255448 -2.068651
v 2.021929 -0.255448 -2.091530
v 2.000997 -0.255448 -2.049196
v 1.964657 -0.255448 -2.031755
v 1.603083 -0.255448 -1.892914
v 1.647004 -0.255448 -1.912194
v 1.620693 -0.255448 -1.870401
v 1.585465 -0.255448 -1.863267
v 1.313171 -0.255448 -1.856040
v 1.344466 -0.255448 -1.853597
v 1.322451 -0.255448 -1.823333
v 1.297171 -0.255448 -1.834004
v 2.363689 -0.255448 -2.060204
v 2.358710 -0.255448 -2.023795
v 2.332516 -0.255448 -2.005586
v 2.332591 -0.255448 -2.038283
v 1.819778 -0.255448 -1.683096
v 1.860570 -0.255448 -1.711204
v 1.843424 -0.255448 -1.666780
v 1.814426 -0.255448 -1.647883
v 1.275630 -0.255448 -1.334940
v 1.324570 -0.255448 -1.365326
v 1.296267 -0.255448 -1.315540
v 1.264394 -0.255448 -1.302876
v 0.834439 -0.255448 -1.195955
v 0.865838 -0.255448 -1.193612
v 0.838697 -0.255448 -1.156179
v 0.815181 -0.255448 -1.169322
v 2.634334 0.229757 -2.749395
v 2.635960 0.243231 -2.731921
v 2.653522 0.229757 -2.731015
v -2.766178 0.229757 -2.621806
v -2.748676 0.243231 -2.623389
v -2.747758 0.229757 -2.640901
v -2.638448 0.229758 2.768973
v -2.640078 0.243231 2.751507
v -2.657651 0.229758 2.750634
v 2.762027 0.229757 2.641569
v 2.744533 0.243231 2.643147
v 2.743617 0.229757 2.660665
v -0.079303 0.229757 -2.897936
v -0.065561 0.243231 -2.884761
v -0.052362 0.229757 -2.898479
v -2.945201 0.229758 0.082496
v -2.932002 0.243231 0.068777
v -2.945744 0.229758 0.055602
v 0.106083 0.229758 2.834366
v 0.092341 0.243231 2.821190
v 0.079142 0.229758 2.834908
v 2.941067 0.229757 -0.062864
v 2.927867 0.243231 -0.049146
v 2.941609 0.229757 -0.035970
v 1.384592 0.229757 -2.751173
v 1.361236 0.229757 -2.770150
v 1.373039 0.243231 -2.746148
v -2.975377 0.229758 -1.413515
v -2.974869 0.229758 -1.386621
v -2.961670 0.243231 -1.400321
v -1.412320 0.229758 2.927892
v -1.384857 0.229758 2.925714
v -1.398844 0.243231 2.913380
v 2.971243 0.229757 1.433147
v 2.970735 0.229757 1.406253
v 2.957536 0.243231 1.419953
v -1.521775 0.229757 -2.884479
v -1.548654 0.229757 -2.884321
v -1.534915 0.243231 -2.871047
v -2.916076 0.229758 1.524718
v -2.915497 0.229758 1.551612
v -2.902334 0.243231 1.537876
v 1.507867 0.229758 2.792064
v 1.530212 0.229758 2.780291
v 1.518810 0.243231 2.772952
v 2.911941 0.229757 -1.505086
v 2.911363 0.229757 -1.531980
v 2.898199 0.243231 -1.518245
v 1.521733 0.229757 -2.651776
v 1.490133 0.243231 -2.637702
v 1.539397 0.243231 -2.638995
v 1.548741 0.229757 -2.652462
v 1.726377 0.229757 -2.771985
v 1.705019 0.243231 -2.746681
v 1.747900 0.243231 -2.771607
v 1.756860 0.229757 -2.789266
v 1.921006 0.229757 -2.864690
v 1.905388 0.243231 -2.845692
v 1.942079 0.243231 -2.858971
v 1.950183 0.229757 -2.874550
v 2.098724 0.229757 -2.906609
v 2.086681 0.243231 -2.891771
v 2.118963 0.243231 -2.895258
v 2.126525 0.229757 -2.908962
v 2.257859 0.229757 -2.906375
v 2.248665 0.243231 -2.893630
v 2.277050 0.243231 -2.889958
v 2.284128 0.229757 -2.902313
v 2.399606 0.229757 -2.876343
v 2.392829 0.243231 -2.864090
v 2.418431 0.243231 -2.855852
v 2.424770 0.229757 -2.867873
v 2.524792 0.229757 -2.822046
v 2.520792 0.243231 -2.809050
v 2.544653 0.243231 -2.794762
v 2.548081 0.229757 -2.808758
v -2.978124 0.229758 -1.569791
v -2.964095 0.243231 -1.538320
v -2.964894 0.243231 -1.587383
v -2.978382 0.229758 -1.596688
v -2.978627 0.229758 -1.750148
v -2.965123 0.243231 -1.731274
v -2.964995 0.243231 -1.769025
v -2.978219 0.229758 -1.777041
v -2.973500 0.229757 -1.924891
v -2.960478 0.243231 -1.910548
v -2.959038 0.243231 -1.944220
v -2.971913 0.229757 -1.951734
v -2.959855 0.229757 -2.091237
v -2.947327 0.243231 -2.079712
v -2.944030 0.243231 -2.110605
v -2.956464 0.229757 -2.117900
v -2.934825 0.229757 -2.246428
v -2.922703 0.243231 -2.237283
v -2.916873 0.243231 -2.265558
v -2.928857 0.229757 -2.272614
v -2.895563 0.229757 -2.387768
v -2.883495 0.243231 -2.381009
v -2.874192 0.243231 -2.406542
v -2.886103 0.229757 -2.412866
v -2.839193 0.229757 -2.512635
v -2.826187 0.243231 -2.508636
v -2.811795 0.243231 -2.532424
v -2.825806 0.229757 -2.535857
v -1.571852 0.229758 2.940204
v -1.539731 0.243231 2.924290
v -1.589801 0.243231 2.928042
v -1.599299 0.229758 2.942071
v -1.755795 0.229758 2.951191
v -1.736555 0.243231 2.936644
v -1.775029 0.243231 2.938623
v -1.783199 0.229758 2.952273
v -1.933723 0.229758 2.955304
v -1.919130 0.243231 2.941586
v -1.953380 0.243231 2.941813
v -1.961022 0.229758 2.955034
v -2.102732 0.229758 2.949294
v -2.091037 0.243231 2.936304
v -2.122383 0.243231 2.934294
v -2.129783 0.229758 2.947001
v -2.260003 0.229758 2.930103
v -2.250748 0.243231 2.917704
v -2.279359 0.243231 2.912802
v -2.286495 0.229758 2.924980
v -2.402828 0.229758 2.894878
v -2.396010 0.243231 2.882680
v -2.421770 0.243231 2.873976
v -2.428144 0.229758 2.885994
v -2.528643 0.229758 2.840915
v -2.524631 0.243231 2.827886
v -2.548576 0.243231 2.813823
v -2.552012 0.229758 2.827842
v 2.973990 0.229757 1.589423
v 2.959962 0.243231 1.557952
v 2.960760 0.243231 1.607014
v 2.974248 0.229757 1.616320
v 2.974493 0.229757 1.769780
v 2.960989 0.243231 1.750906
v 2.960860 0.243231 1.788657
v 2.974085 0.229757 1.796673
v 2.969366 0.229757 1.944523
v 2.956343 0.243231 1.930180
v 2.954904 0.243231 1.963851
v 2.967778 0.229757 1.971366
v 2.955720 0.229757 2.110868
v 2.943193 0.243231 2.099344
v 2.939895 0.243231 2.130237
v 2.952330 0.229757 2.137532
v 2.930691 0.229757 2.266060
v 2.918569 0.243231 2.256915
v 2.912739 0.243231 2.285190
v 2.924722 0.229757 2.292246
v 2.891429 0.229757 2.407400
v 2.879360 0.243231 2.400640
v 2.870058 0.243231 2.426174
v 2.881969 0.229757 2.432498
v 2.835057 0.229757 2.532275
v 2.822050 0.243231 2.528284
v 2.807655 0.243231 2.552091
v 2.821668 0.229757 2.555512
v -1.365109 0.229757 -2.885217
v -1.373774 0.243231 -2.871812
v -1.343315 0.243231 -2.871964
v -1.338227 0.229757 -2.885351
v -1.181543 0.229757 -2.886205
v -1.181663 0.243231 -2.872852
v -1.154766 0.243231 -2.873015
v -1.154658 0.229757 -2.886368
v -0.997946 0.229757 -2.887413
v -0.995860 0.243231 -2.873978
v -0.968694 0.243231 -2.874125
v -0.971063 0.229757 -2.887558
v -0.814361 0.229757 -2.888536
v -0.811139 0.243231 -2.875113
v -0.783419 0.243231 -2.875314
v -0.787471 0.229757 -2.888730
v -0.630721 0.229757 -2.890039
v -0.626491 0.243231 -2.876633
v -0.597939 0.243231 -2.876909
v -0.603821 0.229757 -2.890297
v -0.447009 0.229757 -2.892033
v -0.441360 0.243231 -2.878656
v -0.410871 0.243231 -2.879045
v -0.420097 0.229757 -2.892372
v -0.263208 0.229757 -2.894629
v -0.254896 0.243231 -2.881314
v -0.216053 0.243231 -2.881957
v -0.236282 0.229757 -2.895065
v -2.919241 0.229758 1.367973
v -2.905589 0.243231 1.376656
v -2.906205 0.243231 1.346182
v -2.919784 0.229758 1.341079
v -2.922949 0.229758 1.184333
v -2.909470 0.243231 1.184468
v -2.910014 0.243231 1.157562
v -2.923493 0.229758 1.157439
v -2.926658 0.229758 1.000693
v -2.913224 0.243231 0.998608
v -2.913773 0.243231 0.971431
v -2.927201 0.229758 0.973800
v -2.930366 0.229758 0.817054
v -2.916956 0.243231 0.813832
v -2.917515 0.243231 0.786109
v -2.930910 0.229758 0.790160
v -2.934075 0.229758 0.633414
v -2.920685 0.243231 0.629185
v -2.921261 0.243231 0.600641
v -2.934618 0.229758 0.606520
v -2.937784 0.229758 0.449775
v -2.924421 0.243231 0.444131
v -2.925037 0.243231 0.413663
v -2.938327 0.229758 0.422881
v -2.941492 0.229758 0.266135
v -2.928184 0.243231 0.257834
v -2.928967 0.243231 0.219038
v -2.942035 0.229758 0.239241
v 1.371235 0.229758 2.840197
v 1.379090 0.243231 2.825034
v 1.351371 0.243231 2.830751
v 1.346688 0.229758 2.844981
v 1.197186 0.229758 2.852825
v 1.197310 0.243231 2.839404
v 1.170860 0.243231 2.838334
v 1.170747 0.229758 2.851755
v 1.016553 0.229758 2.845838
v 1.014493 0.243231 2.832338
v 0.987737 0.243231 2.831381
v 0.990077 0.229758 2.844890
v 0.835608 0.229758 2.839859
v 0.832422 0.243231 2.826339
v 0.805068 0.243231 2.825553
v 0.809075 0.229758 2.839093
v 0.654218 0.229758 2.835305
v 0.650027 0.243231 2.821792
v 0.621782 0.243231 2.821246
v 0.627608 0.229758 2.834783
v 0.472254 0.229758 2.832594
v 0.466644 0.243231 2.819114
v 0.436386 0.243231 2.818882
v 0.445549 0.229758 2.832376
v 0.289586 0.229758 2.832141
v 0.281304 0.243231 2.818748
v 0.242602 0.243231 2.819007
v 0.262767 0.229758 2.832290
v 2.915107 0.229757 -1.348341
v 2.901455 0.243231 -1.357024
v 2.902070 0.243231 -1.326551
v 2.915650 0.229757 -1.321447
v 2.918815 0.229757 -1.164701
v 2.905336 0.243231 -1.164836
v 2.905879 0.243231 -1.137930
v 2.919358 0.229757 -1.137807
v 2.922524 0.229757 -0.981062
v 2.909090 0.243231 -0.978976
v 2.909638 0.243231 -0.951799
v 2.923067 0.229757 -0.954167
v 2.926232 0.229757 -0.797422
v 2.912821 0.243231 -0.794200
v 2.913381 0.243231 -0.766477
v 2.926775 0.229757 -0.770528
v 2.929941 0.229757 -0.613783
v 2.916550 0.243231 -0.609554
v 2.917126 0.243231 -0.581009
v 2.930484 0.229757 -0.586888
v 2.933650 0.229757 -0.430143
v 2.920287 0.243231 -0.424499
v 2.920903 0.243231 -0.394031
v 2.934192 0.229757 -0.403249
v 2.937358 0.229757 -0.246504
v 2.924049 0.243231 -0.238202
v 2.924833 0.243231 -0.199406
v 2.937901 0.229757 -0.219609
v 0.104702 0.229757 -2.901927
v 0.084998 0.243231 -2.888015
v 0.123882 0.243231 -2.888937
v 0.131659 0.229757 -2.902574
v 0.288813 0.229757 -2.906638
v 0.280113 0.243231 -2.892951
v 0.310668 0.243231 -2.893790
v 0.315784 0.229757 -2.907383
v 0.473014 0.229757 -2.911968
v 0.467660 0.243231 -2.898353
v 0.496298 0.243231 -2.899228
v 0.499998 0.229757 -2.912793
v 0.657290 0.229757 -2.917804
v 0.653768 0.243231 -2.904236
v 0.681592 0.243231 -2.905153
v 0.684283 0.229757 -2.918694
v 0.841624 0.229757 -2.924036
v 0.839791 0.243231 -2.910519
v 0.867074 0.243231 -2.911468
v 0.868623 0.229757 -2.924975
v 1.023526 0.229757 -2.918281
v 1.024174 0.243231 -2.904756
v 1.050116 0.243231 -2.900394
v 1.049461 0.229757 -2.913945
v 1.196813 0.229757 -2.869819
v 1.201993 0.243231 -2.854144
v 1.229836 0.243231 -2.841259
v 1.221443 0.229757 -2.858935
v -2.948909 0.229758 -0.101143
v -2.935036 0.243231 -0.081482
v -2.935820 0.243231 -0.120279
v -2.949453 0.229758 -0.128038
v -2.952618 0.229758 -0.284783
v -2.938967 0.243231 -0.276108
v -2.939581 0.243231 -0.306576
v -2.953161 0.229758 -0.311677
v -2.956327 0.229758 -0.468423
v -2.942743 0.243231 -0.463086
v -2.943319 0.243231 -0.491630
v -2.956870 0.229758 -0.495317
v -2.960035 0.229758 -0.652062
v -2.946488 0.243231 -0.648553
v -2.947048 0.243231 -0.676276
v -2.960578 0.229758 -0.678956
v -2.963744 0.229758 -0.835702
v -2.950231 0.243231 -0.833876
v -2.950779 0.243231 -0.861053
v -2.964287 0.229758 -0.862596
v -2.967452 0.229758 -1.019341
v -2.953989 0.243231 -1.020007
v -2.954532 0.243231 -1.046912
v -2.967995 0.229758 -1.046236
v -2.971161 0.229758 -1.202981
v -2.957798 0.243231 -1.208627
v -2.958414 0.243231 -1.239101
v -2.971704 0.229758 -1.229875
v -0.078217 0.229758 2.839152
v -0.058447 0.243231 2.825065
v -0.097475 0.243231 2.826371
v -0.105281 0.229758 2.840088
v -0.263361 0.229758 2.846642
v -0.254599 0.243231 2.832788
v -0.285384 0.243231 2.834247
v -0.290539 0.229758 2.847944
v -0.449227 0.229758 2.856453
v -0.443818 0.243231 2.842690
v -0.472762 0.243231 2.844387
v -0.476501 0.229758 2.858060
v -0.635687 0.229758 2.868168
v -0.632119 0.243231 2.854475
v -0.660310 0.243231 2.856379
v -0.663036 0.229758 2.870018
v -0.822610 0.229758 2.881368
v -0.820748 0.243231 2.867775
v -0.848442 0.243231 2.869827
v -0.850016 0.229758 2.883401
v -1.009866 0.229758 2.895637
v -1.010542 0.243231 2.882232
v -1.037998 0.243231 2.884387
v -1.037309 0.229758 2.897792
v -1.197325 0.229758 2.910559
v -1.203087 0.243231 2.897563
v -1.234205 0.243231 2.900073
v -1.224788 0.229758 2.912773
v 2.944775 0.229757 0.120776
v 2.930902 0.243231 0.101115
v 2.931685 0.243231 0.139911
v 2.945318 0.229757 0.147670
v 2.948483 0.229757 0.304415
v 2.934832 0.243231 0.295739
v 2.935447 0.243231 0.326208
v 2.949027 0.229757 0.331309
v 2.952192 0.229757 0.488055
v 2.938608 0.243231 0.482718
v 2.939185 0.243231 0.511262
v 2.952735 0.229757 0.514949
v 2.955900 0.229757 0.671694
v 2.942353 0.243231 0.668185
v 2.942914 0.243231 0.695908
v 2.956444 0.229757 0.698588
v 2.959610 0.229757 0.855334
v 2.946096 0.243231 0.853507
v 2.946645 0.243231 0.880684
v 2.960152 0.229757 0.882228
v 2.963318 0.229757 1.038973
v 2.949855 0.243231 1.039638
v 2.950398 0.243231 1.066544
v 2.963861 0.229757 1.065867
v 2.967026 0.229757 1.222613
v 2.953664 0.243231 1.228259
v 2.954280 0.243231 1.258732
v 2.967570 0.229757 1.249507
v -2.664057 0.229757 -2.703511
v -2.660069 0.243231 -2.689672
v -2.636838 0.243231 -2.704866
v -2.641356 0.229757 -2.717682
v -2.543467 0.229757 -2.767862
v -2.536661 0.243231 -2.756214
v -2.511506 0.243231 -2.766330
v -2.518754 0.229757 -2.778123
v -2.404978 0.229757 -2.814987
v -2.397437 0.243231 -2.803282
v -2.369411 0.243231 -2.809962
v -2.379044 0.229757 -2.821743
v -2.251468 0.229757 -2.847134
v -2.243671 0.243231 -2.834977
v -2.212936 0.243231 -2.839150
v -2.224961 0.229757 -2.851280
v -2.086070 0.229757 -2.867176
v -2.078037 0.243231 -2.854582
v -2.044458 0.243231 -2.856922
v -2.059318 0.229757 -2.869482
v -1.911824 0.229757 -2.878066
v -1.903276 0.243231 -2.865135
v -1.865576 0.243231 -2.866229
v -1.884979 0.229757 -2.879161
v -1.731704 0.229757 -2.882784
v -1.721858 0.243231 -2.869625
v -1.672828 0.243231 -2.870049
v -1.704832 0.229757 -2.883196
v -2.720730 0.229758 2.667047
v -2.706867 0.243231 2.663065
v -2.722212 0.243231 2.639856
v -2.735047 0.229758 2.644368
v -2.785948 0.229758 2.546559
v -2.774303 0.243231 2.539761
v -2.784628 0.243231 2.514622
v -2.796414 0.229758 2.521862
v -2.834330 0.229758 2.408141
v -2.822641 0.243231 2.400608
v -2.829608 0.243231 2.372591
v -2.841351 0.229758 2.382216
v -2.868161 0.229758 2.254663
v -2.856031 0.243231 2.246873
v -2.860573 0.243231 2.216139
v -2.872626 0.229758 2.228158
v -2.890306 0.229758 2.089254
v -2.877746 0.243231 2.081228
v -2.880543 0.243231 2.047641
v -2.892976 0.229758 2.062496
v -2.903660 0.229758 1.914956
v -2.890770 0.243231 1.906415
v -2.892422 0.243231 1.868699
v -2.905153 0.229758 1.888102
v -2.911104 0.229758 1.734757
v -2.898003 0.243231 1.724915
v -2.899186 0.243231 1.675862
v -2.911933 0.229758 1.707870
v 2.660074 0.229757 2.722955
v 2.656095 0.243231 2.709085
v 2.632941 0.243231 2.724095
v 2.637446 0.229757 2.736953
v 2.539841 0.229757 2.785480
v 2.533007 0.243231 2.773524
v 2.507460 0.243231 2.781528
v 2.514799 0.229757 2.793867
v 2.395881 0.229757 2.809721
v 2.387929 0.243231 2.796342
v 2.357668 0.243231 2.794549
v 2.367963 0.229757 2.808920
v 2.226334 0.229757 2.782619
v 2.217644 0.243231 2.767130
v 2.182379 0.243231 2.754988
v 2.196018 0.229757 2.773026
v 2.032193 0.229757 2.700268
v 2.022785 0.243231 2.682681
v 1.981886 0.243231 2.659265
v 1.999677 0.229757 2.682292
v 1.814807 0.229757 2.560549
v 1.806391 0.243231 2.547233
v 1.769265 0.243231 2.546776
v 1.788369 0.229757 2.560550
v 1.673984 0.229758 2.672751
v 1.666375 0.243231 2.665653
v 1.629178 0.243231 2.698683
v 1.653775 0.229758 2.691613
v 2.716596 0.229757 -2.647415
v 2.702733 0.243231 -2.643433
v 2.718077 0.243231 -2.620224
v 2.730912 0.229757 -2.624736
v 2.781814 0.229757 -2.526926
v 2.770168 0.243231 -2.520129
v 2.780494 0.243231 -2.494990
v 2.792280 0.229757 -2.502229
v 2.830195 0.229757 -2.388509
v 2.818507 0.243231 -2.380976
v 2.825473 0.243231 -2.352958
v 2.837216 0.229757 -2.362584
v 2.864026 0.229757 -2.235031
v 2.851897 0.243231 -2.227241
v 2.856439 0.243231 -2.196506
v 2.868491 0.229757 -2.208525
v 2.886171 0.229757 -2.069622
v 2.873611 0.243231 -2.061595
v 2.876408 0.243231 -2.028009
v 2.888841 0.229757 -2.042865
v 2.899526 0.229757 -1.895324
v 2.886635 0.243231 -1.886783
v 2.888288 0.243231 -1.849067
v 2.901019 0.229757 -1.868470
v 2.906970 0.229757 -1.715125
v 2.893868 0.243231 -1.705284
v 2.895051 0.243231 -1.656230
v 2.907798 0.229757 -1.688238
v 0.026055 0.243231 -0.053500
v -0.003200 0.243231 -0.046283
v -0.032723 0.243231 -0.052318
v -0.066043 0.243231 -0.051524
v -0.065495 0.243231 -0.018257
v -0.058265 0.243231 0.010947
v -0.064310 0.243231 0.040418
v -0.063515 0.243231 0.073680
v -0.030190 0.243231 0.073132
v -0.000934 0.243231 0.065915
v 0.028589 0.243231 0.071949
v 0.061909 0.243231 0.071156
v 0.061361 0.243231 0.037889
v 0.054131 0.243231 0.008685
v 0.060175 0.243231 -0.020786
v 0.059381 0.243231 -0.054048
v 1.286965 0.243231 -2.677469
v 1.301347 0.243231 -2.655107
v 1.321367 0.243231 -2.655639
v 1.306973 0.243231 -2.677903
v 1.067767 0.243231 -2.615903
v 1.042050 0.243231 -2.603288
v 1.044539 0.243231 -2.575649
v 1.069984 0.243231 -2.587222
v 0.814959 0.243231 -2.494925
v 0.786322 0.243231 -2.483141
v 0.783024 0.243231 -2.455112
v 0.811109 0.243231 -2.463476
v 0.574024 0.243231 -2.436450
v 0.545915 0.243231 -2.434319
v 0.539898 0.243231 -2.408244
v 0.567411 0.243231 -2.407742
v 1.419120 0.243231 -2.546108
v 1.401646 0.243231 -2.538188
v 1.420023 0.243231 -2.522894
v 1.437399 0.243231 -2.531419
v 1.073068 0.243231 -2.280950
v 1.078915 0.243231 -2.251409
v 1.102090 0.243231 -2.271059
v 1.098010 0.243231 -2.304042
v 0.732193 0.243231 -2.008064
v 0.729868 0.243231 -1.978670
v 0.757780 0.243231 -1.992142
v 0.761761 0.243231 -2.029510
v 0.420977 0.243231 -1.895286
v 0.414849 0.243231 -1.868982
v 0.442053 0.243231 -1.867079
v 0.449316 0.243231 -1.898310
v 1.554462 0.243231 -2.459599
v 1.538286 0.243231 -2.445253
v 1.561197 0.243231 -2.434646
v 1.578054 0.243231 -2.450238
v 1.139528 0.243231 -1.994804
v 1.154817 0.243231 -1.971931
v 1.172578 0.243231 -1.992268
v 1.161288 0.243231 -2.020331
v 0.699315 0.243231 -1.511176
v 0.705216 0.243231 -1.483335
v 0.727681 0.243231 -1.500795
v 0.728296 0.243231 -1.541138
v 0.269515 0.243231 -1.248785
v 0.262615 0.243231 -1.219107
v 0.289432 0.243231 -1.215587
v 0.298111 0.243231 -1.252783
v -0.082424 0.243231 -2.722218
v -0.061856 0.243231 -2.704474
v -0.042043 0.243231 -2.723031
v -0.062606 0.243231 -2.740485
v -0.244903 0.243231 -2.582641
v -0.266654 0.243231 -2.566596
v -0.252942 0.243231 -2.543533
v -0.231064 0.243231 -2.559113
v -0.440508 0.243231 -2.462485
v -0.465375 0.243231 -2.452456
v -0.455548 0.243231 -2.427258
v -0.430627 0.243231 -2.437128
v -0.656441 0.243231 -2.410124
v -0.684519 0.243231 -2.411123
v -0.676696 0.243231 -2.382706
v -0.649324 0.243231 -2.384313
v 0.126296 0.243231 -2.590111
v 0.113454 0.243231 -2.566046
v 0.136007 0.243231 -2.551360
v 0.148742 0.243231 -2.574955
v -0.068366 0.243231 -2.250230
v -0.051552 0.243231 -2.228070
v -0.035737 0.243231 -2.250887
v -0.052606 0.243231 -2.275502
v -0.277548 0.243231 -1.985255
v -0.266815 0.243231 -1.960862
v -0.244766 0.243231 -1.976927
v -0.256745 0.243231 -2.005358
v -0.536476 0.243231 -1.878472
v -0.527824 0.243231 -1.847561
v -0.500793 0.243231 -1.850556
v -0.508093 0.243231 -1.876590
v 0.327259 0.243231 -2.477936
v 0.318458 0.243231 -2.452202
v 0.343846 0.243231 -2.443345
v 0.352601 0.243231 -2.468917
v 0.152890 0.243231 -1.984930
v 0.175673 0.243231 -1.969766
v 0.185303 0.243231 -1.994569
v 0.163583 0.243231 -2.013817
v -0.051264 0.243231 -1.506706
v -0.034637 0.243231 -1.485586
v -0.018996 0.243231 -1.507356
v -0.035813 0.243231 -1.536703
v -0.356222 0.243231 -1.239615
v -0.345866 0.243231 -1.202803
v -0.319258 0.243231 -1.207397
v -0.327498 0.243231 -1.236771
v -1.460998 0.243231 -2.703595
v -1.437846 0.243231 -2.689583
v -1.424711 0.243231 -2.712792
v -1.447895 0.243231 -2.726861
v -1.547028 0.243231 -2.565518
v -1.563130 0.243231 -2.544103
v -1.543174 0.243231 -2.525836
v -1.526772 0.243231 -2.546879
v -1.668441 0.243231 -2.431947
v -1.690422 0.243231 -2.416590
v -1.671712 0.243231 -2.395641
v -1.650346 0.243231 -2.411716
v -1.828705 0.243231 -2.350844
v -1.859408 0.243231 -2.346723
v -1.838769 0.243231 -2.320537
v -1.811618 0.243231 -2.329134
v -1.184416 0.243231 -2.574987
v -1.185037 0.243231 -2.544662
v -1.158748 0.243231 -2.532097
v -1.157646 0.243231 -2.560700
v -1.202755 0.243231 -2.224280
v -1.178859 0.243231 -2.205612
v -1.174317 0.243231 -2.235372
v -1.200117 0.243231 -2.257404
v -1.260763 0.243231 -1.942827
v -1.242201 0.243231 -1.923243
v -1.227990 0.243231 -1.946726
v -1.250757 0.243231 -1.971328
v -1.425756 0.243231 -1.797240
v -1.402526 0.243231 -1.767912
v -1.377830 0.243231 -1.779604
v -1.394716 0.243231 -1.800960
v -0.926765 0.243231 -2.459874
v -0.921595 0.243231 -2.428607
v -0.893301 0.243231 -2.421377
v -0.897779 0.243231 -2.449251
v -0.847935 0.243231 -1.959829
v -0.819547 0.243231 -1.947489
v -0.823171 0.243231 -1.976764
v -0.853557 0.243231 -1.997003
v -0.795887 0.243231 -1.470136
v -0.772711 0.243231 -1.453593
v -0.768088 0.243231 -1.481646
v -0.798320 0.243231 -1.510417
v -0.919818 0.243231 -1.157597
v -0.891094 0.243231 -1.121285
v -0.868227 0.243231 -1.135358
v -0.888615 0.243231 -1.161196
v -2.573307 0.243231 -2.433348
v -2.542664 0.243231 -2.424956
v -2.552126 0.243231 -2.455234
v -2.583632 0.243231 -2.464458
v -2.505005 0.243231 -2.208978
v -2.494526 0.243231 -2.172915
v -2.463654 0.243231 -2.157107
v -2.471471 0.243231 -2.191098
v -2.449637 0.243231 -1.962963
v -2.443179 0.243231 -1.926800
v -2.416298 0.243231 -1.909633
v -2.417711 0.243231 -1.942280
v -2.443683 0.243231 -1.745989
v -2.446999 0.243231 -1.715176
v -2.424715 0.243231 -1.698945
v -2.416804 0.243231 -1.726375
v -2.325100 0.243231 -2.394464
v -2.306031 0.243231 -2.361603
v -2.271719 0.243231 -2.354864
v -2.288623 0.243231 -2.385137
v -2.087630 0.243231 -1.966169
v -2.050707 0.243231 -1.950192
v -2.067912 0.243231 -1.986415
v -2.110245 0.243231 -2.007620
v -1.914583 0.243231 -1.590551
v -1.884887 0.243231 -1.572837
v -1.891709 0.243231 -1.607784
v -1.933543 0.243231 -1.634227
v -1.880615 0.243231 -1.303041
v -1.858527 0.243231 -1.287033
v -1.847458 0.243231 -1.312012
v -1.877789 0.243231 -1.334044
v -2.076810 0.243231 -2.346645
v -2.054959 0.243231 -2.315467
v -2.022214 0.243231 -2.314987
v -2.040369 0.243231 -2.341246
v -1.701411 0.243231 -1.802805
v -1.666038 0.243231 -1.797102
v -1.684847 0.243231 -1.826000
v -1.729389 0.243231 -1.843483
v -1.354274 0.243231 -1.261809
v -1.321954 0.243231 -1.250456
v -1.334549 0.243231 -1.282022
v -1.384647 0.243231 -1.310382
v -1.216262 0.243231 -0.824692
v -1.189366 0.243231 -0.805480
v -1.175929 0.243231 -0.828709
v -1.213720 0.243231 -0.855779
v -2.800313 0.243231 -1.296500
v -2.777356 0.243231 -1.310585
v -2.791997 0.243231 -1.333172
v -2.815008 0.243231 -1.319117
v -2.655731 0.243231 -1.061805
v -2.640651 0.243231 -1.035624
v -2.611909 0.243231 -1.037906
v -2.625249 0.243231 -1.063676
v -2.532885 0.243231 -0.808939
v -2.521391 0.243231 -0.780397
v -2.493160 0.243231 -0.777084
v -2.501220 0.243231 -0.805073
v -2.476871 0.243231 -0.568802
v -2.475023 0.243231 -0.540784
v -2.448742 0.243231 -0.534755
v -2.447943 0.243231 -0.562176
v -2.655521 0.243231 -1.424871
v -2.636280 0.243231 -1.405374
v -2.615545 0.243231 -1.422645
v -2.634409 0.243231 -1.441856
v -2.313245 0.243231 -1.065822
v -2.283321 0.243231 -1.071611
v -2.302832 0.243231 -1.094720
v -2.336197 0.243231 -1.090694
v -2.041442 0.243231 -0.725775
v -2.011655 0.243231 -0.723404
v -2.025012 0.243231 -0.751247
v -2.062856 0.243231 -0.755280
v -1.929782 0.243231 -0.415298
v -1.903086 0.243231 -0.409130
v -1.900958 0.243231 -0.436254
v -1.932649 0.243231 -0.443563
v -2.524341 0.243231 -1.551800
v -2.503527 0.243231 -1.534536
v -2.487910 0.243231 -1.556556
v -2.509463 0.243231 -1.574411
v -2.023042 0.243231 -1.131417
v -1.999709 0.243231 -1.146522
v -2.020056 0.243231 -1.164256
v -2.048582 0.243231 -1.153145
v -1.537172 0.243231 -0.691901
v -1.508842 0.243231 -0.697681
v -1.526410 0.243231 -0.720088
v -1.567386 0.243231 -0.720839
v -1.272666 0.243231 -0.262718
v -1.242494 0.243231 -0.255765
v -1.238832 0.243231 -0.282516
v -1.276639 0.243231 -0.291259
v -2.768858 0.243231 0.085658
v -2.751015 0.243231 0.065136
v -2.769672 0.243231 0.045348
v -2.787226 0.243231 0.065864
v -2.627960 0.243231 0.248009
v -2.611693 0.243231 0.269749
v -2.588483 0.243231 0.256077
v -2.604284 0.243231 0.234208
v -2.505593 0.243231 0.443561
v -2.495275 0.243231 0.468424
v -2.469890 0.243231 0.458635
v -2.480046 0.243231 0.433719
v -2.450784 0.243231 0.659459
v -2.451501 0.243231 0.687529
v -2.422863 0.243231 0.679744
v -2.424768 0.243231 0.652378
v -2.635444 0.243231 -0.122539
v -2.611230 0.243231 -0.109704
v -2.596324 0.243231 -0.132189
v -2.620067 0.243231 -0.144916
v -2.292142 0.243231 0.072194
v -2.269670 0.243231 0.055449
v -2.292800 0.243231 0.039622
v -2.317759 0.243231 0.056417
v -2.022704 0.243231 0.281591
v -1.997939 0.243231 0.270925
v -2.014342 0.243231 0.248870
v -2.043208 0.243231 0.260771
v -1.912776 0.243231 0.540497
v -1.881406 0.243231 0.531919
v -1.884627 0.243231 0.504903
v -1.911053 0.243231 0.512139
v -2.521071 0.243231 -0.322857
v -2.495147 0.243231 -0.314050
v -2.486005 0.243231 -0.339355
v -2.511765 0.243231 -0.348114
v -2.022358 0.243231 -0.148087
v -2.006859 0.243231 -0.170784
v -2.032034 0.243231 -0.180445
v -2.051681 0.243231 -0.158817
v -1.535861 0.243231 0.056794
v -1.514342 0.243231 0.040249
v -1.536511 0.243231 0.024583
v -1.566415 0.243231 0.041297
v -1.263449 0.243231 0.361924
v -1.226025 0.243231 0.351667
v -1.230764 0.243231 0.325085
v -1.260630 0.243231 0.333247
v -2.735509 0.243231 1.463956
v -2.721792 0.243231 1.440798
v -2.745300 0.243231 1.427648
v -2.759069 0.243231 1.450838
v -2.595442 0.243231 1.550089
v -2.573662 0.243231 1.566211
v -2.555589 0.243231 1.546257
v -2.577004 0.243231 1.529834
v -2.459244 0.243231 1.671638
v -2.443465 0.243231 1.693638
v -2.422648 0.243231 1.674936
v -2.439144 0.243231 1.653551
v -2.375267 0.243231 1.831829
v -2.370664 0.243231 1.862435
v -2.344552 0.243231 1.841691
v -2.353625 0.243231 1.814677
v -2.610310 0.243231 1.187327
v -2.579778 0.243231 1.187970
v -2.567488 0.243231 1.161684
v -2.596300 0.243231 1.160561
v -2.256369 0.243231 1.206017
v -2.237807 0.243231 1.182142
v -2.267940 0.243231 1.177563
v -2.289869 0.243231 1.203338
v -1.970815 0.243231 1.263974
v -1.951192 0.243231 1.245418
v -1.975202 0.243231 1.231390
v -1.999854 0.243231 1.254145
v -1.820355 0.243231 1.425278
v -1.790865 0.243231 1.401889
v -1.803171 0.243231 1.377826
v -1.824645 0.243231 1.394813
v -2.497773 0.243231 0.929725
v -2.466290 0.243231 0.924586
v -2.459366 0.243231 0.896297
v -2.487441 0.243231 0.900743
v -1.992642 0.243231 0.851646
v -1.980420 0.243231 0.823289
v -2.010087 0.243231 0.826857
v -2.030293 0.243231 0.857199
v -1.495566 0.243231 0.800291
v -1.478942 0.243231 0.777233
v -1.507529 0.243231 0.772676
v -1.536534 0.243231 0.802787
v -1.175733 0.243231 0.919474
v -1.139130 0.243231 0.891007
v -1.153765 0.243231 0.868887
v -1.179821 0.243231 0.889097
v -2.449772 0.243231 2.574562
v -2.441518 0.243231 2.543887
v -2.471977 0.243231 2.553808
v -2.481062 0.243231 2.585351
v -2.223428 0.243231 2.501097
v -2.186949 0.243231 2.489524
v -2.171167 0.243231 2.458372
v -2.205574 0.243231 2.467247
v -1.974015 0.243231 2.436929
v -1.937262 0.243231 2.428946
v -1.920017 0.243231 2.401642
v -1.953242 0.243231 2.404494
v -1.753030 0.243231 2.420667
v -1.721585 0.243231 2.422324
v -1.705204 0.243231 2.399558
v -1.733244 0.243231 2.393213
v -2.412715 0.243231 2.326735
v -2.379750 0.243231 2.307212
v -2.373332 0.243231 2.272965
v -2.403703 0.243231 2.290282
v -1.981518 0.243231 2.080208
v -1.965795 0.243231 2.043320
v -2.002408 0.243231 2.061497
v -2.023370 0.243231 2.103914
v -1.601068 0.243231 1.895995
v -1.583464 0.243231 1.866389
v -1.619050 0.243231 1.874483
v -1.645368 0.243231 1.916294
v -1.307907 0.243231 1.850376
v -1.291926 0.243231 1.828390
v -1.317622 0.243231 1.818843
v -1.339617 0.243231 1.849049
v -2.367498 0.243231 2.078960
v -2.336311 0.243231 2.056801
v -2.336285 0.243231 2.024235
v -2.362548 0.243231 2.042632
v -1.821344 0.243231 1.695815
v -1.816142 0.243231 1.661008
v -1.845269 0.243231 1.680250
v -1.862320 0.243231 1.724417
v -1.275211 0.243231 1.342301
v -1.264192 0.243231 1.310820
v -1.296197 0.243231 1.323841
v -1.324267 0.243231 1.373003
v -0.832249 0.243231 1.198517
v -0.813201 0.243231 1.172448
v -0.837029 0.243231 1.160145
v -0.863886 0.243231 1.196814
v -1.292972 0.243231 2.746313
v -1.307405 0.243231 2.724433
v -1.330436 0.243231 2.740343
v -1.316038 0.243231 2.762295
v -1.053895 0.243231 2.589247
v -1.027262 0.243231 2.572893
v -1.029742 0.243231 2.544823
v -1.055955 0.243231 2.559418
v -0.796958 0.243231 2.454983
v -0.768003 0.243231 2.442345
v -0.764863 0.243231 2.414737
v -0.793273 0.243231 2.423978
v -0.553403 0.243231 2.389457
v -0.525003 0.243231 2.386543
v -0.519150 0.243231 2.360908
v -0.546965 0.243231 2.361219
v -1.424451 0.243231 2.611025
v -1.404626 0.243231 2.590873
v -1.422337 0.243231 2.571489
v -1.441866 0.243231 2.591232
v -1.060471 0.243231 2.255551
v -1.066656 0.243231 2.226920
v -1.090007 0.243231 2.247044
v -1.085596 0.243231 2.279138
v -0.717997 0.243231 1.978362
v -0.716021 0.243231 1.949907
v -0.744075 0.243231 1.963763
v -0.747636 0.243231 2.000001
v -0.405437 0.243231 1.861967
v -0.399663 0.243231 1.836614
v -0.427092 0.243231 1.835318
v -0.433941 0.243231 1.865436
v -1.554498 0.243231 2.489362
v -1.536995 0.243231 2.467916
v -1.559536 0.243231 2.453833
v -1.577628 0.243231 2.476029
v -1.130593 0.243231 1.979261
v -1.146325 0.243231 1.957578
v -1.164112 0.243231 1.977990
v -1.152385 0.243231 2.004874
v -0.691783 0.243231 1.499409
v -0.698140 0.243231 1.472795
v -0.720530 0.243231 1.490056
v -0.720563 0.243231 1.528833
v -0.263657 0.243231 1.241523
v -0.257206 0.243231 1.213057
v -0.284164 0.243231 1.209914
v -0.292284 0.243231 1.245605
v 0.108883 0.243231 2.659513
v 0.088247 0.243231 2.641953
v 0.068502 0.243231 2.660326
v 0.089134 0.243231 2.677593
v 0.270265 0.243231 2.522889
v 0.291816 0.243231 2.507380
v 0.277997 0.243231 2.484607
v 0.256315 0.243231 2.499658
v 0.463826 0.243231 2.408233
v 0.488417 0.243231 2.398949
v 0.478443 0.243231 2.374145
v 0.453796 0.243231 2.383276
v 0.677353 0.243231 2.362347
v 0.705140 0.243231 2.364130
v 0.697142 0.243231 2.336183
v 0.670072 0.243231 2.336976
v -0.100935 0.243231 2.530359
v -0.088202 0.243231 2.506592
v -0.110953 0.243231 2.492434
v -0.123579 0.243231 2.515739
v 0.090845 0.243231 2.198239
v 0.073751 0.243231 2.176831
v 0.058215 0.243231 2.198896
v 0.075390 0.243231 2.222685
v 0.295942 0.243231 1.944253
v 0.284874 0.243231 1.920763
v 0.263141 0.243231 1.935978
v 0.275513 0.243231 1.963350
v 0.551851 0.243231 1.845598
v 0.542785 0.243231 1.815800
v 0.515979 0.243231 1.818188
v 0.523633 0.243231 1.843270
v -0.303941 0.243231 2.423683
v -0.295289 0.243231 2.398351
v -0.320952 0.243231 2.390232
v -0.329560 0.243231 2.415410
v -0.134514 0.243231 1.943980
v -0.157613 0.243231 1.929667
v -0.166908 0.243231 1.953568
v -0.144814 0.243231 1.971808
v 0.062047 0.243231 1.486193
v 0.045050 0.243231 1.466066
v 0.029779 0.243231 1.486842
v 0.047111 0.243231 1.514803
v 0.362049 0.243231 1.232438
v 0.351135 0.243231 1.197129
v 0.324666 0.243231 1.201347
v 0.333357 0.243231 1.229509
v 1.460259 0.243231 2.648096
v 1.440063 0.243231 2.641316
v 1.427474 0.243231 2.664565
v 1.447755 0.243231 2.671603
v 1.545061 0.243231 2.517314
v 1.561213 0.243231 2.498122
v 1.544000 0.243231 2.487037
v 1.527656 0.243231 2.506147
v 1.667376 0.243231 2.401525
v 1.689343 0.243231 2.388559
v 1.672785 0.243231 2.373307
v 1.651461 0.243231 2.387088
v 1.827354 0.243231 2.335858
v 1.857709 0.243231 2.333289
v 1.838857 0.243231 2.311756
v 1.811840 0.243231 2.318280
v 1.199197 0.243231 2.543906
v 1.199654 0.243231 2.514026
v 1.173720 0.243231 2.500480
v 1.172789 0.243231 2.528620
v 1.214780 0.243231 2.200663
v 1.191065 0.243231 2.181486
v 1.186863 0.243231 2.210325
v 1.212473 0.243231 2.232891
v 1.269159 0.243231 1.929023
v 1.250628 0.243231 1.909342
v 1.236861 0.243231 1.931619
v 1.259592 0.243231 1.956336
v 1.430516 0.243231 1.793303
v 1.407268 0.243231 1.764008
v 1.382993 0.243231 1.774561
v 1.399895 0.243231 1.795884
v 0.944766 0.243231 2.419933
v 0.939431 0.243231 2.389109
v 0.911464 0.243231 2.381003
v 0.916097 0.243231 2.408454
v 0.861639 0.243231 1.931449
v 0.833395 0.243231 1.918727
v 0.837367 0.243231 1.947062
v 0.867682 0.243231 1.967494
v 0.803037 0.243231 1.459395
v 0.779787 0.243231 1.443054
v 0.775620 0.243231 1.469879
v 0.806052 0.243231 1.498111
v 0.921759 0.243231 1.160880
v 0.892749 0.243231 1.125335
v 0.870194 0.243231 1.138571
v 0.890792 0.243231 1.163843
v 2.569503 0.243231 2.452354
v 2.538982 0.243231 2.443660
v 2.548428 0.243231 2.473978
v 2.579810 0.243231 2.483505
v 2.501254 0.243231 2.227847
v 2.490773 0.243231 2.191786
v 2.460012 0.243231 2.175699
v 2.467843 0.243231 2.209659
v 2.445773 0.243231 1.982099
v 2.439287 0.243231 1.946000
v 2.412472 0.243231 1.928672
v 2.413931 0.243231 1.961208
v 2.439595 0.243231 1.765633
v 2.442886 0.243231 1.734869
v 2.420619 0.243231 1.718601
v 2.412745 0.243231 1.745955
v 2.322401 0.243231 2.408349
v 2.303634 0.243231 2.375895
v 2.269363 0.243231 2.367613
v 2.285856 0.243231 2.397081
v 2.086110 0.243231 1.979220
v 2.049458 0.243231 1.962518
v 2.066666 0.243231 1.998743
v 2.108693 0.243231 2.020761
v 1.912649 0.243231 1.604626
v 1.883082 0.243231 1.586565
v 1.890052 0.243231 1.621128
v 1.931701 0.243231 1.648067
v 1.877451 0.243231 1.320312
v 1.855399 0.243231 1.304201
v 1.844503 0.243231 1.328731
v 1.874777 0.243231 1.350917
v 2.073532 0.243231 2.344717
v 2.053041 0.243231 2.316959
v 2.020405 0.243231 2.314524
v 2.037285 0.243231 2.337486
v 1.702945 0.243231 1.807631
v 1.667930 0.243231 1.800958
v 1.686752 0.243231 1.829831
v 1.730914 0.243231 1.848350
v 1.354287 0.243231 1.270503
v 1.322102 0.243231 1.258774
v 1.334911 0.243231 1.289775
v 1.384888 0.243231 1.318484
v 1.213417 0.243231 0.840936
v 1.186494 0.243231 0.821792
v 1.173261 0.243231 0.844473
v 1.211094 0.243231 0.871442
v 2.796179 0.243231 1.316132
v 2.773221 0.243231 1.330216
v 2.787863 0.243231 1.352804
v 2.810874 0.243231 1.338749
v 2.651597 0.243231 1.081437
v 2.636517 0.243231 1.055256
v 2.607774 0.243231 1.057538
v 2.621115 0.243231 1.083308
v 2.528751 0.243231 0.828571
v 2.517257 0.243231 0.800029
v 2.489025 0.243231 0.796716
v 2.497085 0.243231 0.824704
v 2.472737 0.243231 0.588434
v 2.470889 0.243231 0.560416
v 2.444608 0.243231 0.554386
v 2.443809 0.243231 0.581808
v 2.651387 0.243231 1.444503
v 2.632145 0.243231 1.425006
v 2.611411 0.243231 1.442276
v 2.630275 0.243231 1.461488
v 2.309110 0.243231 1.085454
v 2.279186 0.243231 1.091243
v 2.298697 0.243231 1.114352
v 2.332062 0.243231 1.110326
v 2.037308 0.243231 0.745406
v 2.007521 0.243231 0.743036
v 2.020878 0.243231 0.770878
v 2.058722 0.243231 0.774912
v 1.925648 0.243231 0.434930
v 1.898952 0.243231 0.428762
v 1.896824 0.243231 0.455886
v 1.928515 0.243231 0.463195
v 2.520206 0.243231 1.571432
v 2.499393 0.243231 1.554168
v 2.483773 0.243231 1.576200
v 2.505328 0.243231 1.594049
v 2.018957 0.243231 1.151011
v 1.995678 0.243231 1.165991
v 2.016018 0.243231 1.183744
v 2.044489 0.243231 1.172757
v 1.533068 0.243231 0.711487
v 1.504770 0.243231 0.717190
v 1.522355 0.243231 0.739559
v 1.563292 0.243231 0.740406
v 1.268531 0.243231 0.282350
v 1.238360 0.243231 0.275397
v 1.234698 0.243231 0.302148
v 1.272505 0.243231 0.310891
v 2.764724 0.243231 -0.066026
v 2.746881 0.243231 -0.045504
v 2.765537 0.243231 -0.025716
v 2.783092 0.243231 -0.046232
v 2.623826 0.243231 -0.228376
v 2.607558 0.243231 -0.250117
v 2.584349 0.243231 -0.236445
v 2.600150 0.243231 -0.214576
v 2.501459 0.243231 -0.423929
v 2.491141 0.243231 -0.448792
v 2.465755 0.243231 -0.439003
v 2.475912 0.243231 -0.414087
v 2.446650 0.243231 -0.639827
v 2.447366 0.243231 -0.667897
v 2.418729 0.243231 -0.660113
v 2.420634 0.243231 -0.632746
v 2.631309 0.243231 0.142171
v 2.607095 0.243231 0.129335
v 2.592190 0.243231 0.151821
v 2.615933 0.243231 0.164549
v 2.288008 0.243231 -0.052562
v 2.265537 0.243231 -0.035817
v 2.288666 0.243231 -0.019990
v 2.313625 0.243231 -0.036785
v 2.018569 0.243231 -0.261959
v 1.993805 0.243231 -0.251293
v 2.010208 0.243231 -0.229238
v 2.039073 0.243231 -0.241139
v 1.908642 0.243231 -0.520865
v 1.877272 0.243231 -0.512287
v 1.880493 0.243231 -0.485271
v 1.906919 0.243231 -0.492508
v 2.516937 0.243231 0.342488
v 2.491013 0.243231 0.333681
v 2.481871 0.243231 0.358986
v 2.507631 0.243231 0.367746
v 2.018224 0.243231 0.167719
v 2.002724 0.243231 0.190416
v 2.027900 0.243231 0.200077
v 2.047547 0.243231 0.178449
v 1.531727 0.243231 -0.037162
v 1.510207 0.243231 -0.020617
v 1.532377 0.243231 -0.004951
v 1.562281 0.243231 -0.021665
v 1.259314 0.243231 -0.342292
v 1.221890 0.243231 -0.332035
v 1.226630 0.243231 -0.305454
v 1.256496 0.243231 -0.313615
v 2.731375 0.243231 -1.444324
v 2.717658 0.243231 -1.421166
v 2.741165 0.243231 -1.408016
v 2.754935 0.243231 -1.431206
v 2.591308 0.243231 -1.530457
v 2.569527 0.243231 -1.546579
v 2.551454 0.243231 -1.526625
v 2.572869 0.243231 -1.510202
v 2.455110 0.243231 -1.652006
v 2.439331 0.243231 -1.674006
v 2.418514 0.243231 -1.655305
v 2.435010 0.243231 -1.633919
v 2.371182 0.243231 -1.812331
v 2.366609 0.243231 -1.843016
v 2.340529 0.243231 -1.822359
v 2.349561 0.243231 -1.795235
v 2.606176 0.243231 -1.167695
v 2.575643 0.243231 -1.168338
v 2.563354 0.243231 -1.142052
v 2.592165 0.243231 -1.140929
v 2.252234 0.243231 -1.186385
v 2.233672 0.243231 -1.162511
v 2.263805 0.243231 -1.157930
v 2.285735 0.243231 -1.183705
v 1.966805 0.243231 -1.244676
v 1.947189 0.243231 -1.226139
v 1.971139 0.243231 -1.211950
v 1.995783 0.243231 -1.234685
v 1.817407 0.243231 -1.408838
v 1.787973 0.243231 -1.385600
v 1.800103 0.243231 -1.361063
v 1.821540 0.243231 -1.377951
v 2.493639 0.243231 -0.910092
v 2.462155 0.243231 -0.904955
v 2.455232 0.243231 -0.876665
v 2.483307 0.243231 -0.881111
v 1.988508 0.243231 -0.832014
v 1.976285 0.243231 -0.803657
v 2.005953 0.243231 -0.807225
v 2.026158 0.243231 -0.837567
v 1.491523 0.243231 -0.780906
v 1.474881 0.243231 -0.757799
v 1.503435 0.243231 -0.753152
v 1.532451 0.243231 -0.783291
v 1.173129 0.243231 -0.903959
v 1.136480 0.243231 -0.875370
v 1.150911 0.243231 -0.852700
v 1.176997 0.243231 -0.872991
v 2.446145 0.243231 -2.556291
v 2.437906 0.243231 -2.525661
v 2.468236 0.243231 -2.535235
v 2.477303 0.243231 -2.566729
v 2.221237 0.243231 -2.486696
v 2.185062 0.243231 -2.475939
v 2.169365 0.243231 -2.445016
v 2.203478 0.243231 -2.453102
v 1.974178 0.243231 -2.428684
v 1.937717 0.243231 -2.421195
v 1.920715 0.243231 -2.394815
v 1.953620 0.243231 -2.396976
v 1.754312 0.243231 -2.410978
v 1.722963 0.243231 -2.411489
v 1.707291 0.243231 -2.392196
v 1.735272 0.243231 -2.387039
v 2.409029 0.243231 -2.308310
v 2.376194 0.243231 -2.289134
v 2.369761 0.243231 -2.254850
v 2.400015 0.243231 -2.271851
v 1.980384 0.243231 -2.068651
v 1.964657 0.243231 -2.031755
v 2.000997 0.243231 -2.049196
v 2.021929 0.243231 -2.091530
v 1.603083 0.243231 -1.892914
v 1.585465 0.243231 -1.863267
v 1.620693 0.243231 -1.870401
v 1.647004 0.243231 -1.912194
v 1.313171 0.243231 -1.856040
v 1.297171 0.243231 -1.834004
v 1.322451 0.243231 -1.823333
v 1.344466 0.243231 -1.853598
v 2.363689 0.243231 -2.060204
v 2.332591 0.243231 -2.038283
v 2.332516 0.243231 -2.005586
v 2.358710 0.243231 -2.023795
v 1.819778 0.243231 -1.683096
v 1.814426 0.243231 -1.647883
v 1.843424 0.243231 -1.666780
v 1.860570 0.243231 -1.711204
v 1.275626 0.243231 -1.334915
v 1.264390 0.243231 -1.302848
v 1.296264 0.243231 -1.315516
v 1.324568 0.243231 -1.365307
v 0.834426 0.243231 -1.195871
v 0.815168 0.243231 -1.169234
v 0.838684 0.243231 -1.156095
v 0.865827 0.243231 -1.193532
vn -0.0000 -1.0000 -0.0000
vn -0.0000 1.0000 -0.0000
vn 0.5361 -0.0000 -0.8441
vn -0.9998 -0.0000 0.0202
vn 0.2869 -0.0000 -0.9580
vn 0.0432 -0.0000 -0.9991
vn -0.4175 -0.0000 -0.9087
vn -0.2110 -0.0000 -0.9775
vn 0.0197 -0.0000 -0.9998
vn -0.0219 -0.0000 -0.9998
vn -0.0144 -0.0008 -0.9999
vn -0.0111 -0.0019 -0.9999
vn -0.0291 -0.0000 -0.9996
vn -0.0318 -0.0000 -0.9995
vn -0.0339 -0.0000 -0.9994
vn -0.0072 -0.0030 -1.0000
vn -0.8871 -0.0000 0.4616
vn -0.0236 -0.0026 -0.9997
vn -0.0581 -0.0022 -0.9983
vn -0.0067 -0.0041 -1.0000
vn -0.0062 -0.0036 -1.0000
vn -0.0084 -0.0028 -1.0000
vn -0.5990 -0.0004 -0.8008
vn 0.0582 -0.0000 0.9983
vn -0.9050 -0.0000 -0.4255
vn -0.9607 -0.0000 -0.2778
vn -0.3082 -0.0010 -0.9513
vn -0.1952 -0.0014 -0.9808
vn -0.1137 -0.0018 -0.9935
vn 0.0414 -0.0000 0.9991
vn -0.9995 -0.0000 -0.0319
vn -0.9963 -0.0000 -0.0861
vn -0.9861 -0.0000 -0.1660
vn 0.0524 -0.0000 0.9986
vn -0.9997 -0.0000 0.0228
vn 0.4452 -0.0000 0.8954
vn -0.9992 -0.0000 0.0388
vn -0.9974 -0.0000 0.0722
vn -0.7982 -0.0000 0.6024
vn 1.0000 -0.0000 -0.0016
vn -0.4093 -0.0000 0.9124
vn -0.2505 -0.0000 0.9681
vn -0.9487 -0.0000 0.3163
vn -0.9786 -0.0000 0.2057
vn -0.9920 -0.0000 0.1263
vn 0.0806 -0.0000 0.9967
vn 0.9998 -0.0000 -0.0202
vn 0.0795 -0.0000 0.9968
vn 0.0763 -0.0000 0.9971
vn 0.0201 -0.0000 0.9998
vn -0.0405 -0.0000 0.9992
vn -0.1287 -0.0000 0.9917
vn 0.0270 -0.0000 0.9996
vn -0.0015 -0.0000 1.0000
vn -0.0141 -0.0000 0.9999
vn 0.0535 -0.0000 0.9986
vn 0.0634 -0.0000 0.9980
vn 0.0709 -0.0000 0.9975
vn 0.5831 -0.0000 0.8124
vn 0.8871 -0.0000 -0.4616
vn 0.7003 -0.0000 0.7139
vn -0.5500 -0.0000 0.8352
vn -0.0383 -0.0000 0.9993
vn -0.0326 -0.0000 0.9995
vn -0.0245 -0.0000 0.9997
vn 0.5977 -0.0000 0.8017
vn -0.0055 -0.0038 -1.0000
vn 0.9050 -0.0000 0.4255
vn 0.9607 -0.0000 0.2777
vn 0.1321 -0.0000 0.9912
vn -0.1826 -0.0000 0.9832
vn -0.4059 -0.0000 0.9139
vn -0.4562 -0.0007 -0.8899
vn 0.9995 -0.0000 0.0319
vn 0.9963 -0.0000 0.0861
vn 0.9861 -0.0000 0.1660
vn -0.0259 -0.0000 -0.9997
vn 0.9997 -0.0000 -0.0228
vn 0.9992 -0.0000 -0.0388
vn 0.9974 -0.0000 -0.0722
vn 0.7983 -0.0000 -0.6023
vn -1.0000 -0.0000 0.0016
vn 0.4165 -0.0000 -0.9091
vn 0.2194 -0.0000 -0.9756
vn 0.9487 -0.0000 -0.3163
vn 0.9786 -0.0000 -0.2057
vn 0.9920 -0.0000 -0.1263
vn 0.3323 -0.0000 0.9432
vn -0.0183 -0.0000 -0.9998
vn -0.8216 -0.0001 -0.5700
vn -0.9998 -0.0000 0.0176
vn 0.0132 -0.0000 0.9999
vn -0.5582 -0.0000 -0.8297
vn 0.0769 -0.0000 0.9970
vn 0.9998 -0.0000 -0.0176
vn 0.5869 -0.0000 -0.8097
vn -0.0047 -0.0034 -1.0000
vn -0.5629 -0.0000 0.8265
vn 0.8219 -0.0000 0.5696
vn 0.5263 -0.6490 -0.5494
vn -0.5470 -0.6495 -0.5282
vn -0.5252 -0.6494 0.5500
vn 0.5476 -0.6492 0.5279
vn -0.0143 -0.7063 -0.7078
vn -0.7070 -0.7071 0.0143
vn 0.0142 -0.7065 0.7076
vn 0.7069 -0.7071 -0.0142
vn 0.4852 -0.6388 -0.5971
vn -0.7074 -0.7067 0.0134
vn 0.0560 -0.7052 0.7068
vn 0.7075 -0.7066 -0.0134
vn -0.0034 -0.7060 -0.7082
vn -0.7074 -0.7066 0.0152
vn 0.3505 -0.6591 0.6654
vn 0.7074 -0.7067 -0.0152
vn -0.3366 -0.1767 -0.9249
vn -0.3872 -0.6373 -0.6662
vn -0.2490 -0.6816 -0.6881
vn -0.0760 -0.7067 -0.7034
vn 0.0896 -0.7160 -0.6923
vn 0.2144 -0.7140 -0.6665
vn 0.3531 -0.7017 -0.6188
vn -0.7059 -0.7082 0.0115
vn -0.7046 -0.7096 -0.0024
vn -0.7025 -0.7110 -0.0300
vn -0.6977 -0.7125 -0.0745
vn -0.6862 -0.7135 -0.1415
vn -0.6599 -0.7118 -0.2404
vn -0.6172 -0.7017 -0.3560
vn 0.0528 -0.7070 0.7053
vn 0.0362 -0.7088 0.7045
vn 0.0047 -0.7109 0.7032
vn -0.0449 -0.7133 0.6995
vn -0.1180 -0.7151 0.6890
vn -0.2241 -0.7140 0.6633
vn -0.3471 -0.7033 0.6204
vn 0.7059 -0.7082 -0.0115
vn 0.7046 -0.7096 0.0024
vn 0.7025 -0.7110 0.0300
vn 0.6978 -0.7125 0.0745
vn 0.6863 -0.7135 0.1415
vn 0.6600 -0.7118 0.2404
vn 0.6175 -0.7015 0.3558
vn -0.0028 -0.7065 -0.7077
vn -0.0036 -0.7065 -0.7077
vn -0.0047 -0.7065 -0.7076
vn -0.0064 -0.7066 -0.7076
vn -0.0084 -0.7066 -0.7076
vn -0.0108 -0.7066 -0.7075
vn -0.0137 -0.7067 -0.7074
vn 0.1440 -0.7015 0.6980
vn -0.0287 -0.7055 0.7081
vn -0.0254 -0.7056 0.7081
vn -0.0204 -0.7057 0.7082
vn -0.0139 -0.7059 0.7082
vn -0.0058 -0.7060 0.7081
vn 0.0039 -0.7062 0.7080
vn 0.7069 -0.7071 -0.0143
vn 0.7070 -0.7071 -0.0143
vn -0.0168 -0.7063 -0.7077
vn -0.0194 -0.7063 -0.7076
vn -0.0216 -0.7064 -0.7075
vn -0.0233 -0.7064 -0.7075
vn -0.0246 -0.7064 -0.7074
vn 0.1177 -0.7007 -0.7037
vn 0.2991 -0.6725 -0.6769
vn -0.7070 -0.7071 0.0142
vn 0.0237 -0.7056 0.7082
vn 0.0335 -0.7058 0.7076
vn 0.0415 -0.7058 0.7072
vn 0.0478 -0.7057 0.7069
vn 0.0524 -0.7056 0.7066
vn 0.0554 -0.7056 0.7064
vn 0.0570 -0.7056 0.7063
vn -0.3822 -0.7150 -0.5854
vn -0.2714 -0.7049 -0.6553
vn -0.1790 -0.7014 -0.6899
vn -0.1095 -0.7013 -0.7044
vn -0.0604 -0.7021 -0.7095
vn -0.0283 -0.7033 -0.7104
vn -0.0101 -0.7046 -0.7096
vn -0.5836 -0.7145 0.3859
vn -0.6535 -0.7045 0.2769
vn -0.6882 -0.7012 0.1864
vn -0.7029 -0.7013 0.1184
vn -0.7083 -0.7024 0.0707
vn -0.7094 -0.7037 0.0394
vn -0.7088 -0.7051 0.0219
vn 0.3800 -0.7156 0.5861
vn 0.2243 -0.7080 0.6696
vn -0.0205 -0.6984 0.7155
vn -0.2241 -0.6696 0.7081
vn -0.3770 -0.6269 0.6819
vn -0.0000 0.4269 0.9043
vn 0.5405 -0.6103 0.5791
vn 0.5836 -0.7145 -0.3858
vn 0.6534 -0.7045 -0.2769
vn 0.6882 -0.7012 -0.1864
vn 0.7029 -0.7013 -0.1184
vn 0.7083 -0.7024 -0.0707
vn 0.7094 -0.7037 -0.0394
vn 0.7087 -0.7051 -0.0218
vn 0.5263 0.6490 -0.5494
vn -0.5475 0.6491 -0.5281
vn -0.5252 0.6494 0.5500
vn 0.5476 0.6492 0.5279
vn -0.0143 0.7065 -0.7076
vn -0.7070 0.7071 0.0143
vn 0.0142 0.7065 0.7076
vn 0.7070 0.7071 -0.0142
vn 0.4852 0.6387 -0.5972
vn -0.7074 0.7067 0.0134
vn 0.0560 0.7052 0.7068
vn 0.7075 0.7066 -0.0134
vn -0.0042 0.7039 -0.7102
vn -0.7074 0.7067 0.0152
vn 0.3506 0.6591 0.6654
vn 0.7074 0.7067 -0.0152
vn -0.0181 0.7005 -0.7134
vn -0.3828 0.6304 -0.6753
vn -0.2376 0.6701 -0.7032
vn -0.0607 0.6948 -0.7166
vn 0.1088 0.7023 -0.7036
vn 0.2261 0.7056 -0.6716
vn 0.3531 0.7017 -0.6188
vn -0.7090 0.7051 0.0068
vn -0.7104 0.7037 -0.0108
vn -0.7106 0.7024 -0.0420
vn -0.7072 0.7013 -0.0899
vn -0.6951 0.7012 -0.1584
vn -0.6641 0.7045 -0.2503
vn -0.6174 0.7016 -0.3559
vn 0.0482 0.7039 0.7086
vn 0.0281 0.7030 0.7107
vn -0.0070 0.7024 0.7117
vn -0.0601 0.7022 0.7095
vn -0.1351 0.7028 0.6984
vn -0.2344 0.7065 0.6678
vn -0.3471 0.7033 0.6204
vn 0.7091 0.7051 -0.0068
vn 0.7104 0.7037 0.0108
vn 0.7106 0.7024 0.0420
vn 0.7071 0.7013 0.0899
vn 0.6951 0.7012 0.1585
vn 0.6641 0.7045 0.2503
vn 0.6175 0.7015 0.3558
vn -0.0035 0.7041 -0.7101
vn -0.0043 0.7039 -0.7103
vn -0.0038 0.7064 -0.7078
vn -0.0051 0.7064 -0.7078
vn -0.0068 0.7064 -0.7078
vn -0.0089 0.7064 -0.7078
vn -0.0115 0.7064 -0.7077
vn -0.7069 0.7071 0.0143
vn 0.1373 0.6963 0.7045
vn -0.0287 0.7056 0.7081
vn -0.0254 0.7056 0.7081
vn -0.0204 0.7058 0.7081
vn -0.0139 0.7059 0.7081
vn -0.0058 0.7061 0.7081
vn 0.0039 0.7062 0.7080
vn 0.7070 0.7071 -0.0143
vn 0.7069 0.7071 -0.0143
vn -0.0170 0.7064 -0.7076
vn -0.0196 0.7064 -0.7076
vn -0.0216 0.7064 -0.7075
vn -0.0233 0.7063 -0.7075
vn -0.0246 0.7063 -0.7074
vn 0.1177 0.7007 -0.7037
vn 0.2991 0.6725 -0.6769
vn 0.0245 0.7062 0.7076
vn 0.0339 0.7061 0.7073
vn 0.0417 0.7060 0.7070
vn 0.0478 0.7058 0.7068
vn 0.0524 0.7057 0.7066
vn 0.0555 0.7057 0.7064
vn 0.0570 0.7056 0.7063
vn -0.3774 0.7015 -0.6045
vn -0.2722 0.7043 -0.6556
vn -0.1799 0.7006 -0.6906
vn -0.1103 0.7002 -0.7053
vn -0.0613 0.7008 -0.7107
vn -0.0290 0.7017 -0.7119
vn -0.0109 0.7027 -0.7114
vn -0.6026 0.7015 0.3804
vn -0.6534 0.7045 0.2769
vn -0.6881 0.7012 0.1864
vn -0.7029 0.7013 0.1184
vn -0.7083 0.7024 0.0707
vn -0.7094 0.7037 0.0394
vn -0.7087 0.7051 0.0219
vn 0.3743 0.7026 0.6051
vn 0.2243 0.7080 0.6697
vn -0.0205 0.6983 0.7155
vn -0.2241 0.6696 0.7082
vn -0.3770 0.6268 0.6819
vn -0.0000 0.7029 0.7113
vn 0.5405 0.6103 0.5791
vn 0.6027 0.7015 -0.3804
vn 0.6535 0.7045 -0.2769
vn 0.6882 0.7012 -0.1864
vn 0.7030 0.7013 -0.1184
vn 0.7083 0.7024 -0.0707
vn 0.7094 0.7037 -0.0394
vn 0.7088 0.7051 -0.0218
vn 0.5161 -0.6504 -0.5573
vn -0.4339 0.4451 -0.7833
vn -0.3159 -0.6702 -0.6716
vn -0.1568 -0.7052 -0.6915
vn 0.0088 -0.7155 -0.6986
vn 0.1534 -0.7104 -0.6868
vn 0.2935 -0.7096 -0.6406
vn 0.4009 -0.7071 -0.5825
vn -0.7070 -0.7071 0.0124
vn -0.7071 -0.7071 0.0011
vn -0.7067 -0.7071 -0.0226
vn -0.7045 -0.7071 -0.0609
vn -0.6973 -0.7071 -0.1174
vn -0.6793 -0.7071 -0.1964
vn -0.6399 -0.7070 -0.3010
vn -0.5808 -0.7072 -0.4032
vn 0.0547 -0.7059 0.7062
vn 0.0414 -0.7065 0.7065
vn 0.0145 -0.7072 0.7068
vn -0.0282 -0.7082 0.7054
vn -0.0904 -0.7091 0.6993
vn -0.1761 -0.7097 0.6821
vn -0.2883 -0.7097 0.6428
vn -0.3973 -0.7083 0.5834
vn 0.7070 -0.7071 -0.0124
vn 0.7071 -0.7071 -0.0011
vn 0.7067 -0.7071 0.0226
vn 0.7045 -0.7071 0.0609
vn 0.6973 -0.7071 0.1174
vn 0.6793 -0.7071 0.1964
vn 0.6400 -0.7070 0.3009
vn 0.5813 -0.7069 0.4029
vn -0.0026 -0.7065 -0.7077
vn -0.0031 -0.7065 -0.7077
vn -0.0041 -0.7065 -0.7077
vn -0.0055 -0.7066 -0.7076
vn -0.0073 -0.7067 -0.7075
vn -0.0095 -0.7068 -0.7074
vn -0.0122 -0.7070 -0.7071
vn -0.0142 -0.7067 -0.7074
vn 0.2414 -0.7227 0.6477
vn 0.0390 -0.7191 0.6938
vn -0.0272 -0.7056 0.7081
vn -0.0231 -0.7058 0.7080
vn -0.0173 -0.7062 0.7078
vn -0.0100 -0.7066 0.7076
vn -0.0011 -0.7073 0.7069
vn 0.0093 -0.7091 0.7051
vn 0.7069 -0.7072 -0.0143
vn -0.0153 -0.7058 -0.7083
vn -0.0182 -0.7061 -0.7079
vn -0.0206 -0.7062 -0.7077
vn -0.0225 -0.7062 -0.7076
vn -0.0240 -0.7063 -0.7075
vn 0.0304 -0.7094 -0.7041
vn 0.2080 -0.6886 -0.6947
vn 0.4241 -0.6118 -0.6677
vn 0.0182 -0.7045 0.7095
vn 0.0289 -0.7048 0.7088
vn 0.0377 -0.7052 0.7080
vn 0.0448 -0.7054 0.7074
vn 0.0502 -0.7055 0.7070
vn 0.0541 -0.7055 0.7066
vn 0.0564 -0.7056 0.7063
vn 0.0571 -0.7056 0.7063
vn -0.4230 -0.7074 -0.5662
vn -0.3219 -0.7074 -0.6293
vn -0.2173 -0.7072 -0.6728
vn -0.1374 -0.7070 -0.6938
vn -0.0797 -0.7067 -0.7030
vn -0.0404 -0.7065 -0.7065
vn -0.0160 -0.7064 -0.7076
vn -0.0044 -0.7064 -0.7078
vn -0.5638 -0.7077 0.4258
vn -0.6274 -0.7069 0.3265
vn -0.6709 -0.7070 0.2237
vn -0.6921 -0.7070 0.1455
vn -0.7015 -0.7071 0.0893
vn -0.7053 -0.7071 0.0511
vn -0.7066 -0.7071 0.0274
vn -0.7069 -0.7071 0.0161
vn 0.4223 -0.7077 0.5664
vn 0.3129 -0.7084 0.6327
vn 0.0944 -0.6998 0.7080
vn -0.1351 -0.6727 0.7275
vn -0.3150 -0.6307 0.7092
vn -0.4503 -0.5741 0.6838
vn 0.3515 -0.8649 0.3584
vn 0.4915 -0.5379 0.6849
vn 0.5644 -0.7071 -0.4259
vn 0.6274 -0.7070 -0.3265
vn 0.6709 -0.7070 -0.2237
vn 0.6920 -0.7071 -0.1455
vn 0.7014 -0.7071 -0.0893
vn 0.7053 -0.7071 -0.0511
vn 0.7066 -0.7071 -0.0274
vn 0.7069 -0.7071 -0.0161
vn 0.5161 0.6504 -0.5573
vn -0.4952 0.4178 -0.7617
vn -0.3159 0.6701 -0.6716
vn -0.1568 0.7052 -0.6915
vn 0.0088 0.7155 -0.6986
vn 0.1535 0.7104 -0.6868
vn 0.2935 0.7096 -0.6406
vn 0.4009 0.7071 -0.5825
vn -0.7070 0.7071 0.0124
vn -0.7071 0.7071 0.0011
vn -0.7067 0.7071 -0.0226
vn -0.7045 0.7071 -0.0609
vn -0.6973 0.7071 -0.1174
vn -0.6793 0.7071 -0.1964
vn -0.6400 0.7070 -0.3009
vn -0.5811 0.7070 -0.4031
vn 0.0547 0.7059 0.7062
vn 0.0414 0.7065 0.7065
vn 0.0145 0.7073 0.7068
vn -0.0282 0.7082 0.7054
vn -0.0904 0.7091 0.6993
vn -0.1761 0.7098 0.6821
vn -0.2883 0.7097 0.6428
vn -0.3973 0.7084 0.5834
vn 0.7070 0.7071 -0.0124
vn 0.7071 0.7071 -0.0011
vn 0.7067 0.7071 0.0226
vn 0.7045 0.7071 0.0609
vn 0.6973 0.7071 0.1174
vn 0.6794 0.7070 0.1964
vn 0.6400 0.7070 0.3009
vn 0.5813 0.7069 0.4029
vn -0.0034 0.7043 -0.7098
vn -0.0039 0.7041 -0.7101
vn -0.0047 0.7039 -0.7103
vn -0.0044 0.7064 -0.7078
vn -0.0059 0.7065 -0.7077
vn -0.0078 0.7065 -0.7076
vn -0.0102 0.7067 -0.7074
vn -0.0129 0.7072 -0.7069
vn 0.2414 0.7227 0.6477
vn 0.0390 0.7192 0.6937
vn -0.0272 0.7056 0.7081
vn -0.0231 0.7059 0.7080
vn -0.0173 0.7062 0.7078
vn -0.0100 0.7066 0.7075
vn -0.0011 0.7073 0.7069
vn 0.0093 0.7091 0.7051
vn -0.0153 0.7059 -0.7081
vn -0.0182 0.7060 -0.7080
vn -0.0206 0.7062 -0.7077
vn -0.0225 0.7062 -0.7076
vn -0.0240 0.7063 -0.7075
vn 0.0304 0.7094 -0.7042
vn 0.2080 0.6886 -0.6947
vn 0.4241 0.6118 -0.6677
vn 0.0182 0.7045 0.7095
vn 0.0289 0.7048 0.7088
vn 0.0377 0.7053 0.7079
vn 0.0448 0.7054 0.7074
vn 0.0502 0.7055 0.7069
vn 0.0541 0.7056 0.7066
vn 0.0564 0.7056 0.7063
vn 0.0571 0.7056 0.7063
vn -0.4236 0.7071 -0.5662
vn -0.3226 0.7069 -0.6295
vn -0.2181 0.7065 -0.6732
vn -0.1382 0.7061 -0.6945
vn -0.0806 0.7057 -0.7040
vn -0.0412 0.7052 -0.7078
vn -0.0168 0.7048 -0.7092
vn -0.0051 0.7046 -0.7096
vn -0.5638 0.7078 0.4257
vn -0.6274 0.7070 0.3265
vn -0.6708 0.7071 0.2237
vn -0.6920 0.7071 0.1455
vn -0.7014 0.7071 0.0893
vn -0.7052 0.7071 0.0511
vn -0.7066 0.7071 0.0274
vn -0.7069 0.7071 0.0161
vn 0.4223 0.7077 0.5664
vn 0.3129 0.7084 0.6327
vn 0.0944 0.6998 0.7081
vn -0.1351 0.6727 0.7275
vn -0.3150 0.6307 0.7093
vn -0.4503 0.5741 0.6839
vn 0.3516 0.8648 0.3584
vn 0.4915 0.5380 0.6849
vn 0.5645 0.7071 -0.4259
vn 0.6274 0.7070 -0.3265
vn 0.6709 0.7070 -0.2237
vn 0.6920 0.7071 -0.1455
vn 0.7015 0.7071 -0.0893
vn 0.7053 0.7071 -0.0511
vn 0.7066 0.7071 -0.0274
vn 0.7069 0.7071 -0.0161
vn -0.9861 -0.0000 0.1661
vn -0.9951 -0.0000 0.0993
vn 0.3190 -0.0000 -0.9477
vn 0.4956 -0.0000 -0.8686
vn -0.9985 -0.0000 0.0555
vn 0.6917 -0.0000 -0.7222
vn -0.9995 -0.0000 0.0308
vn -0.9998 -0.0000 0.0189
vn -1.0000 -0.0000 0.0096
vn -0.9998 -0.0000 0.0215
vn -0.9999 -0.0000 -0.0152
vn 0.7199 -0.0000 0.6941
vn 0.5261 -0.0000 0.8504
vn 0.9998 -0.0000 -0.0201
vn -0.9983 -0.0000 -0.0590
vn 0.3176 -0.0000 0.9482
vn -0.9920 -0.0000 -0.1262
vn -0.0287 -0.0000 0.9996
vn -0.9750 -0.0000 -0.2222
vn -0.3017 -0.0000 0.9534
vn -0.0201 -0.0000 -0.9998
vn -0.0240 -0.0000 -0.9997
vn -0.9357 -0.0000 -0.3527
vn -0.4838 -0.0000 0.8752
vn -0.0276 -0.0000 -0.9996
vn -0.8663 -0.0001 -0.4994
vn -0.0000 -0.0000 1.0000
vn -0.0306 -0.0000 -0.9995
vn -0.7197 -0.0002 -0.6943
vn 0.6823 -0.0000 0.7310
vn -0.0329 -0.0000 -0.9995
vn 0.0791 -0.0000 0.9969
vn 0.0679 -0.0000 0.9977
vn 0.4661 -0.0000 0.8847
vn -0.0347 -0.0000 -0.9994
vn 0.0395 -0.0000 0.9992
vn 0.8456 -0.0000 -0.5338
vn 0.1649 -0.0000 -0.9863
vn -0.0099 -0.0000 1.0000
vn 0.9207 -0.0000 -0.3902
vn 0.4042 -0.0000 -0.9147
vn -0.0845 -0.0000 0.9964
vn 0.9652 -0.0000 -0.2614
vn 0.6306 -0.0000 -0.7761
vn -0.1899 -0.0000 0.9818
vn 0.9861 -0.0000 -0.1661
vn -0.3311 -0.0000 0.9436
vn 0.9951 -0.0000 -0.0993
vn -0.4882 -0.0000 0.8727
vn 0.9985 -0.0000 -0.0555
vn -0.6907 -0.0000 0.7232
vn 0.9995 -0.0000 -0.0308
vn 0.9998 -0.0000 -0.0189
vn 1.0000 -0.0000 -0.0096
vn 0.9998 -0.0000 -0.0215
vn 0.9999 -0.0000 0.0152
vn 0.9983 -0.0000 0.0591
vn 0.9920 -0.0000 0.1261
vn 0.9750 -0.0000 0.2222
vn 0.0345 -0.0000 0.9994
vn 0.9357 -0.0000 0.3527
vn 0.0478 -0.0000 0.9989
vn 0.8665 -0.0000 0.4992
vn 0.0588 -0.0000 0.9983
vn 0.0675 -0.0000 0.9977
vn -0.0049 -0.0030 -1.0000
vn -0.0050 -0.0035 -1.0000
vn 0.0740 -0.0000 0.9973
vn -0.0061 -0.0038 -1.0000
vn 0.0783 -0.0000 0.9969
vn -0.0054 -0.0041 -1.0000
vn 0.0803 -0.0000 0.9968
vn -0.0072 -0.0035 -1.0000
vn -0.0096 -0.0027 -1.0000
vn -0.0126 -0.0017 -0.9999
vn -0.0162 -0.0006 -0.9999
vn -0.5295 -0.0005 -0.8483
vn -0.3835 -0.0008 -0.9236
vn -0.2521 -0.0011 -0.9677
vn -0.1545 -0.0015 -0.9880
vn 0.1913 -0.0000 0.9815
vn -0.0859 -0.0019 -0.9963
vn -0.0407 -0.0023 -0.9992
vn -0.0358 -0.0000 0.9994
vn -0.0153 -0.0027 -0.9999
vn -0.0289 -0.0000 0.9996
vn -0.0254 -0.0000 -0.9997
vn -0.0196 -0.0000 0.9998
vn -0.4932 -0.0000 -0.8699
vn -0.8456 -0.0000 0.5338
vn -0.0082 -0.0000 1.0000
vn -0.3202 -0.0000 -0.9474
vn -0.9207 -0.0000 0.3902
vn 0.0056 -0.0000 1.0000
vn -0.0843 -0.0000 -0.9964
vn -0.9652 -0.0000 0.2614
vn 0.1528 -0.0000 -0.9883
vn 0.5669 -0.0000 -0.8238
vn -0.0172 -0.0017 -0.9999
vn -0.0135 -0.0027 -0.9999
vn -0.0292 -0.0000 -0.9996
vn -0.0062 -0.0027 -1.0000
vn -0.0226 -0.0023 -0.9997
vn -0.0571 -0.0019 -0.9984
vn -0.0058 -0.0038 -1.0000
vn -0.0078 -0.0041 -1.0000
vn -0.0103 -0.0035 -0.9999
vn -0.5985 -0.0002 -0.8011
vn -0.9049 -0.0000 -0.4256
vn -0.3074 -0.0008 -0.9516
vn -0.1942 -0.0011 -0.9810
vn -0.1127 -0.0015 -0.9936
vn -0.0044 -0.0035 -1.0000
vn 0.1322 -0.0000 0.9912
vn -0.4555 -0.0005 -0.8902
vn -0.0258 -0.0000 -0.9997
vn -0.0201 -0.0006 -0.9998
vn -0.8214 -0.0001 -0.5703
vn 0.5868 -0.0000 -0.8097
vn -0.0037 -0.0031 -1.0000
vn -0.0240 0.3253 -0.9453
vn -0.3828 -0.6305 -0.6752
vn -0.2376 -0.6701 -0.7032
vn -0.0607 -0.6949 -0.7166
vn 0.1088 -0.7023 -0.7035
vn 0.2261 -0.7056 -0.6716
vn 0.3593 -0.7147 -0.6000
vn -0.7090 -0.7051 0.0068
vn -0.7104 -0.7037 -0.0108
vn -0.7105 -0.7024 -0.0420
vn -0.7072 -0.7013 -0.0899
vn -0.6951 -0.7012 -0.1584
vn -0.6641 -0.7045 -0.2503
vn -0.5983 -0.7148 -0.3622
vn 0.0482 -0.7039 0.7087
vn 0.0280 -0.7030 0.7107
vn -0.0070 -0.7024 0.7118
vn -0.0601 -0.7021 0.7095
vn -0.1351 -0.7028 0.6984
vn -0.2344 -0.7065 0.6678
vn -0.3534 -0.7162 0.6018
vn 0.7090 -0.7051 -0.0068
vn 0.7104 -0.7037 0.0108
vn 0.7105 -0.7024 0.0420
vn 0.7071 -0.7014 0.0899
vn 0.6951 -0.7012 0.1585
vn 0.6641 -0.7045 0.2503
vn 0.5987 -0.7145 0.3620
vn -0.0047 -0.7065 -0.7077
vn -0.0084 -0.7065 -0.7076
vn -0.0109 -0.7065 -0.7076
vn -0.0139 -0.7065 -0.7076
vn -0.7069 -0.7071 0.0143
vn 0.1373 -0.6963 0.7045
vn -0.0286 -0.7055 0.7081
vn -0.0253 -0.7056 0.7082
vn -0.0203 -0.7057 0.7083
vn -0.0137 -0.7057 0.7083
vn -0.0054 -0.7058 0.7084
vn 0.0047 -0.7056 0.7086
vn -0.0170 -0.7064 -0.7076
vn -0.0196 -0.7064 -0.7075
vn 0.1182 -0.7013 -0.7030
vn 0.3077 -0.6806 -0.6649
vn 0.0245 -0.7062 0.7076
vn 0.0339 -0.7061 0.7073
vn 0.0417 -0.7059 0.7071
vn 0.0478 -0.7058 0.7068
vn 0.0524 -0.7057 0.7066
vn 0.0555 -0.7056 0.7064
vn 0.7070 -0.7071 -0.0142
vn -0.3767 -0.7020 -0.6044
vn -0.2613 -0.7122 -0.6515
vn -0.1617 -0.7137 -0.6816
vn -0.0937 -0.7124 -0.6955
vn -0.0482 -0.7107 -0.7018
vn -0.0197 -0.7091 -0.7048
vn -0.0054 -0.7076 -0.7066
vn -0.6026 -0.7015 0.3805
vn -0.6498 -0.7118 0.2669
vn -0.6800 -0.7134 0.1691
vn -0.6942 -0.7125 0.1026
vn -0.7008 -0.7110 0.0584
vn -0.7040 -0.7096 0.0308
vn -0.7058 -0.7082 0.0170
vn 0.3743 -0.7026 0.6051
vn 0.2075 -0.7198 0.6625
vn -0.0414 -0.7139 0.6990
vn -0.2376 -0.6835 0.6902
vn -0.3829 -0.6374 0.6687
vn -0.3999 -0.3134 0.8613
vn 0.5135 -0.6340 0.5783
vn 0.6027 -0.7015 -0.3804
vn 0.6497 -0.7118 -0.2669
vn 0.6800 -0.7135 -0.1691
vn 0.6942 -0.7125 -0.1026
vn 0.7008 -0.7110 -0.0584
vn 0.7040 -0.7096 -0.0309
vn 0.7058 -0.7082 -0.0170
vn -0.0187 0.7009 -0.7130
vn -0.3873 0.6373 -0.6662
vn -0.2490 0.6815 -0.6881
vn -0.0760 0.7067 -0.7034
vn 0.0896 0.7160 -0.6923
vn 0.2145 0.7140 -0.6665
vn 0.3593 0.7147 -0.6001
vn -0.7059 0.7082 0.0115
vn -0.7046 0.7096 -0.0024
vn -0.7026 0.7110 -0.0300
vn -0.6978 0.7125 -0.0745
vn -0.6863 0.7135 -0.1415
vn -0.6600 0.7117 -0.2405
vn -0.5985 0.7146 -0.3621
vn 0.0528 0.7070 0.7052
vn 0.0362 0.7088 0.7044
vn 0.0047 0.7110 0.7032
vn -0.0449 0.7133 0.6994
vn -0.1180 0.7151 0.6890
vn -0.2241 0.7140 0.6633
vn -0.3534 0.7163 0.6017
vn 0.7060 0.7082 -0.0115
vn 0.7046 0.7096 0.0024
vn 0.7026 0.7110 0.0300
vn 0.6978 0.7124 0.0745
vn 0.6863 0.7134 0.1415
vn 0.6600 0.7118 0.2404
vn 0.5987 0.7145 0.3620
vn -0.0051 0.7063 -0.7078
vn -0.0069 0.7063 -0.7079
vn -0.0090 0.7063 -0.7078
vn -0.0117 0.7062 -0.7079
vn 0.1440 0.7016 0.6979
vn -0.0286 0.7056 0.7081
vn -0.0253 0.7056 0.7081
vn -0.0203 0.7057 0.7082
vn -0.0137 0.7058 0.7083
vn -0.0054 0.7058 0.7084
vn 0.0047 0.7056 0.7085
vn -0.0168 0.7062 -0.7078
vn -0.0194 0.7063 -0.7077
vn -0.0216 0.7063 -0.7075
vn 0.1182 0.7013 -0.7030
vn 0.3077 0.6806 -0.6649
vn -0.7070 0.7071 0.0142
vn 0.0237 0.7057 0.7082
vn 0.0335 0.7058 0.7076
vn 0.0415 0.7058 0.7072
vn 0.0554 0.7056 0.7064
vn -0.3829 0.7146 -0.5854
vn -0.2621 0.7116 -0.6519
vn -0.1626 0.7128 -0.6823
vn -0.0946 0.7114 -0.6964
vn -0.0490 0.7094 -0.7031
vn -0.0205 0.7075 -0.7064
vn -0.0061 0.7058 -0.7084
vn -0.5836 0.7145 0.3858
vn -0.6497 0.7118 0.2669
vn -0.6800 0.7135 0.1691
vn -0.6941 0.7125 0.1026
vn -0.7008 0.7110 0.0584
vn -0.7039 0.7096 0.0308
vn -0.7058 0.7082 0.0170
vn 0.3800 0.7156 0.5861
vn 0.2076 0.7197 0.6625
vn -0.0414 0.7139 0.6990
vn -0.2376 0.6835 0.6902
vn -0.3829 0.6373 0.6687
vn -0.0087 0.7088 0.7054
vn 0.5135 0.6340 0.5783
vn 0.5836 0.7145 -0.3858
vn 0.6498 0.7117 -0.2669
vn 0.6800 0.7134 -0.1691
vn 0.6942 0.7124 -0.1026
vn 0.7008 0.7110 -0.0584
vn 0.7040 0.7096 -0.0309
vn 0.7058 0.7082 -0.0170
vn 0.2408 -0.9119 -0.3323
vn -0.4631 -0.5585 -0.6882
vn -0.3265 -0.6234 -0.7105
vn -0.1578 -0.6640 -0.7309
vn 0.0142 -0.6922 -0.7215
vn 0.1553 -0.7063 -0.6907
vn 0.2939 -0.7073 -0.6429
vn -0.7044 -0.7071 -0.0609
vn -0.6398 -0.7072 -0.3010
vn -0.5805 -0.7074 -0.4031
vn 0.0546 -0.7050 0.7071
vn 0.0412 -0.7052 0.7078
vn 0.0143 -0.7057 0.7083
vn -0.0286 -0.7065 0.7071
vn -0.0910 -0.7074 0.7009
vn -0.1769 -0.7082 0.6835
vn -0.2885 -0.7086 0.6439
vn -0.3974 -0.7083 0.5835
vn 0.5810 -0.7072 0.4028
vn -0.0026 -0.7066 -0.7076
vn -0.0055 -0.7065 -0.7077
vn -0.0073 -0.7064 -0.7077
vn -0.0096 -0.7064 -0.7078
vn -0.0123 -0.7063 -0.7078
vn 0.2510 -0.6554 0.7124
vn 0.0372 -0.7050 0.7082
vn -0.0272 -0.7055 0.7082
vn -0.0230 -0.7054 0.7084
vn -0.0172 -0.7054 0.7086
vn -0.0097 -0.7052 0.7089
vn -0.0006 -0.7048 0.7094
vn 0.0103 -0.7045 0.7097
vn -0.0155 -0.7072 -0.7069
vn -0.0183 -0.7067 -0.7073
vn -0.0206 -0.7066 -0.7073
vn -0.0225 -0.7065 -0.7074
vn -0.0240 -0.7064 -0.7074
vn 0.0302 -0.7074 -0.7061
vn 0.2059 -0.7074 -0.6761
vn 0.3913 -0.7069 -0.5892
vn 0.0190 -0.7091 0.7049
vn 0.0293 -0.7072 0.7064
vn 0.0379 -0.7066 0.7066
vn 0.0449 -0.7062 0.7066
vn 0.0503 -0.7059 0.7066
vn 0.0541 -0.7056 0.7065
vn 0.0564 -0.7055 0.7065
vn 0.0571 -0.7057 0.7062
vn -0.4230 -0.7074 -0.5663
vn -0.3218 -0.7076 -0.6290
vn -0.2171 -0.7076 -0.6725
vn -0.1372 -0.7073 -0.6934
vn -0.0796 -0.7071 -0.7026
vn -0.0403 -0.7069 -0.7062
vn -0.0160 -0.7066 -0.7074
vn -0.0044 -0.7065 -0.7077
vn -0.5646 -0.7068 0.4261
vn -0.6274 -0.7070 0.3265
vn -0.6920 -0.7071 0.1454
vn -0.7070 -0.7071 0.0161
vn 0.4223 -0.7078 0.5664
vn 0.3116 -0.7142 0.6267
vn 0.0845 -0.7268 0.6817
vn -0.1356 -0.7086 0.6925
vn -0.3066 -0.6693 0.6768
vn -0.4298 0.4415 0.7876
vn 0.5986 -0.6110 0.5181
vn 0.4100 -0.6788 0.6092
vn 0.5646 -0.7069 -0.4260
vn 0.6273 -0.7070 -0.3265
vn 0.7015 -0.7071 -0.0893
vn 0.7052 -0.7071 -0.0511
vn 0.2408 0.9119 -0.3323
vn -0.4631 0.5585 -0.6882
vn -0.3265 0.6234 -0.7105
vn -0.1578 0.6639 -0.7310
vn 0.0142 0.6922 -0.7216
vn 0.1553 0.7062 -0.6907
vn 0.2939 0.7073 -0.6429
vn -0.7068 0.7071 -0.0226
vn -0.6974 0.7070 -0.1174
vn -0.6794 0.7070 -0.1964
vn -0.6399 0.7071 -0.3009
vn -0.5809 0.7072 -0.4031
vn 0.0546 0.7051 0.7070
vn 0.0412 0.7053 0.7077
vn 0.0143 0.7057 0.7083
vn -0.0286 0.7066 0.7071
vn -0.0909 0.7075 0.7009
vn -0.1768 0.7083 0.6834
vn -0.2885 0.7086 0.6439
vn -0.3974 0.7083 0.5835
vn 0.7068 0.7071 0.0226
vn 0.5810 0.7072 0.4028
vn -0.0033 0.7042 -0.7100
vn -0.0039 0.7039 -0.7103
vn -0.0043 0.7064 -0.7078
vn -0.0044 0.7063 -0.7079
vn -0.0059 0.7062 -0.7079
vn -0.0079 0.7062 -0.7080
vn -0.0103 0.7061 -0.7081
vn -0.0132 0.7059 -0.7082
vn 0.2509 0.6554 0.7124
vn 0.0372 0.7051 0.7082
vn -0.0272 0.7055 0.7082
vn -0.0230 0.7054 0.7084
vn -0.0172 0.7054 0.7086
vn -0.0097 0.7052 0.7089
vn -0.0006 0.7048 0.7094
vn 0.0103 0.7045 0.7096
vn -0.0155 0.7072 -0.7069
vn -0.0183 0.7067 -0.7073
vn -0.0206 0.7066 -0.7074
vn -0.0225 0.7064 -0.7074
vn -0.0240 0.7064 -0.7074
vn 0.0302 0.7074 -0.7062
vn 0.2059 0.7074 -0.6761
vn 0.3914 0.7068 -0.5893
vn 0.0190 0.7091 0.7049
vn 0.0293 0.7073 0.7063
vn 0.0379 0.7066 0.7066
vn 0.0449 0.7062 0.7066
vn 0.0503 0.7059 0.7065
vn 0.0541 0.7056 0.7065
vn 0.0564 0.7055 0.7064
vn 0.0571 0.7057 0.7062
vn -0.4236 0.7070 -0.5663
vn -0.3226 0.7070 -0.6293
vn -0.2180 0.7067 -0.6731
vn -0.1381 0.7063 -0.6943
vn -0.0805 0.7058 -0.7038
vn -0.0412 0.7053 -0.7077
vn -0.0051 0.7044 -0.7097
vn -0.5646 0.7069 0.4261
vn -0.6920 0.7071 0.1454
vn -0.7015 0.7071 0.0893
vn -0.7053 0.7071 0.0511
vn 0.3116 0.7142 0.6268
vn 0.0845 0.7268 0.6817
vn -0.1356 0.7086 0.6925
vn -0.3066 0.6693 0.6768
vn -0.4819 0.4450 0.7548
vn 0.5986 0.6110 0.5181
vn 0.4100 0.6788 0.6092
vn 0.5647 0.7069 -0.4260
vn 0.6920 0.7070 -0.1455
vn 0.3190 -0.0000 -0.9478
vn 0.6917 -0.0000 -0.7221
vn -0.8662 -0.0000 -0.4997
vn -0.7194 -0.0002 -0.6946
vn 0.6823 -0.0000 0.7311
vn -0.0330 -0.0000 -0.9995
vn 0.0678 -0.0000 0.9977
vn -0.0348 -0.0000 -0.9994
vn -0.6906 -0.0000 0.7232
vn 0.0346 -0.0000 0.9994
vn 0.8665 -0.0000 0.4993
vn -0.0059 -0.0031 -1.0000
vn -0.0040 -0.0034 -1.0000
vn -0.0050 -0.0038 -1.0000
vn 0.0804 -0.0000 0.9968
vn -0.0090 -0.0036 -1.0000
vn -0.0118 -0.0028 -0.9999
vn -0.0153 -0.0019 -0.9999
vn -0.0193 -0.0008 -0.9998
vn -0.5289 -0.0004 -0.8487
vn -0.3827 -0.0007 -0.9239
vn -0.2512 -0.0010 -0.9679
vn -0.1535 -0.0014 -0.9881
vn -0.0849 -0.0018 -0.9964
vn -0.0404 -0.0000 0.9992
vn -0.0398 -0.0022 -0.9992
vn -0.0143 -0.0026 -0.9999
vn -0.0288 -0.0000 0.9996
vn 0.0055 -0.0000 1.0000
vt 0.000000 0.000000
s 0
usemtl Material.002
f 533/1/1 522/1/1 519/1/1
f 537/1/1 526/1/1 523/1/1
f 527/1/1 599/1/1 595/1/1
f 549/1/1 539/1/1 536/1/1
f 553/1/1 543/1/1 540/1/1
f 544/1/1 603/1/1 600/1/1
f 581/1/1 570/1/1 567/1/1
f 585/1/1 574/1/1 571/1/1
f 575/1/1 647/1/1 643/1/1
f 597/1/1 587/1/1 584/1/1
f 601/1/1 591/1/1 588/1/1
f 592/1/1 651/1/1 648/1/1
f 629/1/1 618/1/1 615/1/1
f 619/1/1 638/1/1 622/1/1
f 623/1/1 695/1/1 691/1/1
f 645/1/1 635/1/1 632/1/1
f 649/1/1 639/1/1 636/1/1
f 640/1/1 699/1/1 696/1/1
f 677/1/1 666/1/1 663/1/1
f 681/1/1 670/1/1 667/1/1
f 739/1/1 685/1/1 743/1/1
f 693/1/1 683/1/1 680/1/1
f 697/1/1 687/1/1 684/1/1
f 688/1/1 747/1/1 744/1/1
f 725/1/1 714/1/1 711/1/1
f 729/1/1 718/1/1 715/1/1
f 719/1/1 791/1/1 787/1/1
f 741/1/1 731/1/1 728/1/1
f 745/1/1 735/1/1 732/1/1
f 736/1/1 795/1/1 792/1/1
f 773/1/1 762/1/1 759/1/1
f 777/1/1 766/1/1 763/1/1
f 767/1/1 839/1/1 835/1/1
f 789/1/1 779/1/1 776/1/1
f 793/1/1 783/1/1 780/1/1
f 784/1/1 843/1/1 840/1/1
f 821/1/1 810/1/1 807/1/1
f 811/1/1 830/1/1 814/1/1
f 815/1/1 887/1/1 883/1/1
f 837/1/1 827/1/1 824/1/1
f 841/1/1 831/1/1 828/1/1
f 832/1/1 891/1/1 888/1/1
f 869/1/1 858/1/1 855/1/1
f 873/1/1 862/1/1 859/1/1
f 931/1/1 877/1/1 935/1/1
f 885/1/1 875/1/1 872/1/1
f 889/1/1 879/1/1 876/1/1
f 880/1/1 939/1/1 936/1/1
f 917/1/1 906/1/1 903/1/1
f 921/1/1 910/1/1 907/1/1
f 979/1/1 925/1/1 983/1/1
f 933/1/1 923/1/1 920/1/1
f 937/1/1 927/1/1 924/1/1
f 928/1/1 987/1/1 984/1/1
f 965/1/1 954/1/1 951/1/1
f 955/1/1 974/1/1 958/1/1
f 959/1/1 1031/1/1 1027/1/1
f 981/1/1 971/1/1 968/1/1
f 985/1/1 975/1/1 972/1/1
f 976/1/1 1035/1/1 1032/1/1
f 1013/1/1 1002/1/1 999/1/1
f 1003/1/1 1022/1/1 1006/1/1
f 1007/1/1 1079/1/1 1075/1/1
f 1029/1/1 1019/1/1 1016/1/1
f 1033/1/1 1023/1/1 1020/1/1
f 1024/1/1 1083/1/1 1080/1/1
f 1061/1/1 1050/1/1 1047/1/1
f 1065/1/1 1054/1/1 1051/1/1
f 1123/1/1 1069/1/1 1127/1/1
f 1077/1/1 1067/1/1 1064/1/1
f 1081/1/1 1071/1/1 1068/1/1
f 1072/1/1 1131/1/1 1128/1/1
f 1109/1/1 1098/1/1 1095/1/1
f 1113/1/1 1102/1/1 1099/1/1
f 1103/1/1 1175/1/1 1171/1/1
f 1125/1/1 1115/1/1 1112/1/1
f 1129/1/1 1119/1/1 1116/1/1
f 1120/1/1 1179/1/1 1176/1/1
f 1157/1/1 1146/1/1 1143/1/1
f 1161/1/1 1150/1/1 1147/1/1
f 1151/1/1 1223/1/1 1219/1/1
f 1173/1/1 1163/1/1 1160/1/1
f 1177/1/1 1167/1/1 1164/1/1
f 1168/1/1 1227/1/1 1224/1/1
f 1205/1/1 1194/1/1 1191/1/1
f 1195/1/1 1214/1/1 1198/1/1
f 1199/1/1 1271/1/1 1267/1/1
f 1221/1/1 1211/1/1 1208/1/1
f 1225/1/1 1215/1/1 1212/1/1
f 1216/1/1 1275/1/1 1272/1/1
f 1253/1/1 1242/1/1 1239/1/1
f 1257/1/1 1246/1/1 1243/1/1
f 1268/1/1 1255/1/1 1251/1/1
f 1269/1/1 1259/1/1 1256/1/1
f 1273/1/1 1263/1/1 1260/1/1
f 1355/1/2 1750/1/2 1282/1/2
f 548/1/1 535/1/1 531/1/1
f 547/1/1 1261/1/1 551/1/1
f 596/1/1 583/1/1 579/1/1
f 628/1/1 614/1/1 612/1/1
f 644/1/1 631/1/1 627/1/1
f 676/1/1 662/1/1 660/1/1
f 692/1/1 679/1/1 675/1/1
f 724/1/1 710/1/1 708/1/1
f 740/1/1 727/1/1 723/1/1
f 772/1/1 758/1/1 756/1/1
f 788/1/1 775/1/1 771/1/1
f 820/1/1 806/1/1 804/1/1
f 836/1/1 823/1/1 819/1/1
f 868/1/1 854/1/1 852/1/1
f 884/1/1 871/1/1 867/1/1
f 916/1/1 902/1/1 900/1/1
f 932/1/1 919/1/1 915/1/1
f 964/1/1 950/1/1 948/1/1
f 980/1/1 967/1/1 963/1/1
f 1012/1/1 998/1/1 996/1/1
f 1028/1/1 1015/1/1 1011/1/1
f 1060/1/1 1046/1/1 1044/1/1
f 1076/1/1 1063/1/1 1059/1/1
f 1108/1/1 1094/1/1 1092/1/1
f 1124/1/1 1111/1/1 1107/1/1
f 1156/1/1 1142/1/1 1140/1/1
f 1172/1/1 1159/1/1 1155/1/1
f 1204/1/1 1190/1/1 1188/1/1
f 1220/1/1 1207/1/1 1203/1/1
f 1252/1/1 1238/1/1 1236/1/1
f 1264/1/1 555/1/1 552/1/1
f 580/1/1 566/1/1 564/1/1
f 532/1/1 518/1/1 516/1/1
f 608/1/1 655/1/1 652/1/1
f 656/1/1 703/1/1 700/1/1
f 704/1/1 751/1/1 748/1/1
f 752/1/1 799/1/1 796/1/1
f 800/1/1 847/1/1 844/1/1
f 848/1/1 895/1/1 892/1/1
f 896/1/1 943/1/1 940/1/1
f 944/1/1 991/1/1 988/1/1
f 992/1/1 1039/1/1 1036/1/1
f 1040/1/1 1087/1/1 1084/1/1
f 1088/1/1 1135/1/1 1132/1/1
f 1136/1/1 1183/1/1 1180/1/1
f 1184/1/1 1231/1/1 1228/1/1
f 1232/1/1 1279/1/1 1276/1/1
f 1280/1/1 559/1/1 556/1/1
f 298/1/3 1306/1/3 27/1/3
f 302/1/4 1585/1/4 305/1/4
f 294/1/5 1577/1/5 297/1/5
f 290/1/6 1573/1/6 293/1/6
f 54/1/7 1337/1/7 57/1/7
f 58/1/8 1341/1/8 61/1/8
f 62/1/9 1345/1/9 65/1/9
f 14/1/10 1553/1/10 273/1/10
f 190/1/4 1473/1/4 193/1/4
f 185/1/11 1464/1/11 1465/1/11
f 181/1/12 1460/1/12 1461/1/12
f 278/1/13 1561/1/13 281/1/13
f 282/1/14 1565/1/14 285/1/14
f 286/1/15 1569/1/15 289/1/15
f 39/1/16 1692/1/16 1318/1/16
f 417/1/17 1696/1/17 1697/1/17
f 409/1/18 1688/1/18 1689/1/18
f 405/1/19 1684/1/19 1685/1/19
f 169/1/20 1448/1/20 1449/1/20
f 173/1/21 1452/1/21 1453/1/21
f 177/1/22 1456/1/22 1457/1/22
f 385/1/23 1286/1/23 1665/1/23
f 106/1/24 1389/1/24 109/1/24
f 101/1/25 1380/1/25 1381/1/25
f 94/1/26 1377/1/26 97/1/26
f 393/1/27 1672/1/27 1673/1/27
f 397/1/28 1676/1/28 1677/1/28
f 401/1/29 1680/1/29 1681/1/29
f 326/1/4 1309/1/4 30/1/4
f 330/1/30 1613/1/30 333/1/30
f 322/1/4 1605/1/4 325/1/4
f 318/1/4 1601/1/4 321/1/4
f 82/1/31 1365/1/31 85/1/31
f 86/1/32 1369/1/32 89/1/32
f 90/1/33 1373/1/33 93/1/33
f 17/1/4 1581/1/4 301/1/4
f 218/1/34 1501/1/34 221/1/34
f 210/1/4 1493/1/4 213/1/4
f 206/1/4 1489/1/4 209/1/4
f 306/1/4 1589/1/4 309/1/4
f 310/1/4 1593/1/4 313/1/4
f 314/1/4 1597/1/4 317/1/4
f 438/1/35 1321/1/35 42/1/35
f 442/1/36 1725/1/36 445/1/36
f 434/1/37 1717/1/37 437/1/37
f 430/1/38 1713/1/38 433/1/38
f 194/1/4 1477/1/4 197/1/4
f 198/1/4 1481/1/4 201/1/4
f 202/1/4 1485/1/4 205/1/4
f 8/1/39 1693/1/39 413/1/39
f 134/1/40 1417/1/40 137/1/40
f 126/1/41 1409/1/41 129/1/41
f 122/1/42 1405/1/42 125/1/42
f 418/1/43 1701/1/43 421/1/43
f 422/1/44 1705/1/44 425/1/44
f 426/1/45 1709/1/45 429/1/45
f 354/1/46 1312/1/46 33/1/46
f 361/1/47 1640/1/47 1641/1/47
f 353/1/48 1632/1/48 1633/1/48
f 349/1/49 1628/1/49 1629/1/49
f 110/1/50 1393/1/50 113/1/50
f 117/1/51 1396/1/51 1397/1/51
f 121/1/52 1400/1/52 1401/1/52
f 329/1/53 1301/1/53 1609/1/53
f 249/1/47 1528/1/47 1529/1/47
f 238/1/54 1521/1/54 241/1/54
f 234/1/55 1517/1/55 237/1/55
f 337/1/56 1616/1/56 1617/1/56
f 338/1/57 1621/1/57 341/1/57
f 342/1/58 1625/1/58 345/1/58
f 466/1/59 1324/1/59 45/1/59
f 473/1/60 1752/1/60 1753/1/60
f 465/1/61 1744/1/61 1745/1/61
f 458/1/62 1741/1/62 461/1/62
f 225/1/63 1504/1/63 1505/1/63
f 226/1/64 1509/1/64 229/1/64
f 230/1/65 1513/1/65 233/1/65
f 11/1/66 1721/1/66 441/1/66
f 165/1/67 1444/1/67 1445/1/67
f 154/1/68 1437/1/68 157/1/68
f 153/1/69 1432/1/69 1433/1/69
f 449/1/70 1728/1/70 1729/1/70
f 450/1/71 1733/1/71 453/1/71
f 457/1/72 1736/1/72 1737/1/72
f 36/1/47 1664/1/47 1315/1/47
f 389/1/73 1668/1/73 1669/1/73
f 378/1/47 1661/1/47 381/1/47
f 374/1/47 1657/1/47 377/1/47
f 138/1/74 1421/1/74 141/1/74
f 142/1/75 1425/1/75 145/1/75
f 149/1/76 1428/1/76 1429/1/76
f 23/1/47 1637/1/47 357/1/47
f 274/1/77 1557/1/77 277/1/77
f 266/1/47 1549/1/47 269/1/47
f 262/1/47 1545/1/47 265/1/47
f 362/1/47 1645/1/47 365/1/47
f 366/1/47 1649/1/47 369/1/47
f 370/1/47 1653/1/47 373/1/47
f 494/1/78 1327/1/78 48/1/78
f 560/1/1 607/1/1 604/1/1
f 493/1/79 1772/1/79 1773/1/79
f 486/1/80 1769/1/80 489/1/80
f 250/1/47 1533/1/47 253/1/47
f 257/1/47 1536/1/47 1537/1/47
f 261/1/47 1540/1/47 1541/1/47
f 2/1/81 1749/1/81 469/1/81
f 78/1/82 1361/1/82 81/1/82
f 70/1/83 1353/1/83 73/1/83
f 69/1/84 1348/1/84 1349/1/84
f 477/1/85 1756/1/85 1757/1/85
f 478/1/86 1761/1/86 481/1/86
f 485/1/87 1764/1/87 1765/1/87
f 1804/1/2 1813/1/2 1799/1/2
f 1808/1/2 1817/1/2 1803/1/2
f 1879/1/2 1807/1/2 1875/1/2
f 1819/1/2 1829/1/2 1814/1/2
f 1823/1/2 1833/1/2 1818/1/2
f 1883/1/2 1822/1/2 1878/1/2
f 1852/1/2 1861/1/2 1847/1/2
f 1856/1/2 1865/1/2 1851/1/2
f 1927/1/2 1855/1/2 1923/1/2
f 1867/1/2 1877/1/2 1862/1/2
f 1871/1/2 1881/1/2 1866/1/2
f 1931/1/2 1870/1/2 1926/1/2
f 1900/1/2 1909/1/2 1895/1/2
f 1899/1/2 1920/1/2 1913/1/2
f 1975/1/2 1903/1/2 1971/1/2
f 1915/1/2 1925/1/2 1910/1/2
f 1919/1/2 1929/1/2 1914/1/2
f 1979/1/2 1918/1/2 1974/1/2
f 1948/1/2 1957/1/2 1943/1/2
f 1952/1/2 1961/1/2 1947/1/2
f 2019/1/2 1965/1/2 1951/1/2
f 1963/1/2 1973/1/2 1958/1/2
f 1967/1/2 1977/1/2 1962/1/2
f 2027/1/2 1966/1/2 2022/1/2
f 1996/1/2 2005/1/2 1991/1/2
f 2000/1/2 2009/1/2 1995/1/2
f 2071/1/2 1999/1/2 2067/1/2
f 2011/1/2 2021/1/2 2006/1/2
f 2015/1/2 2025/1/2 2010/1/2
f 2075/1/2 2014/1/2 2070/1/2
f 2044/1/2 2053/1/2 2039/1/2
f 2048/1/2 2057/1/2 2043/1/2
f 2119/1/2 2047/1/2 2115/1/2
f 2059/1/2 2069/1/2 2054/1/2
f 2063/1/2 2073/1/2 2058/1/2
f 2123/1/2 2062/1/2 2118/1/2
f 2092/1/2 2101/1/2 2087/1/2
f 2091/1/2 2112/1/2 2105/1/2
f 2167/1/2 2095/1/2 2163/1/2
f 2107/1/2 2117/1/2 2102/1/2
f 2111/1/2 2121/1/2 2106/1/2
f 2171/1/2 2110/1/2 2166/1/2
f 2140/1/2 2149/1/2 2135/1/2
f 2144/1/2 2153/1/2 2139/1/2
f 2211/1/2 2157/1/2 2143/1/2
f 2155/1/2 2165/1/2 2150/1/2
f 2159/1/2 2169/1/2 2154/1/2
f 2219/1/2 2158/1/2 2214/1/2
f 2188/1/2 2197/1/2 2183/1/2
f 2192/1/2 2201/1/2 2187/1/2
f 2259/1/2 2205/1/2 2191/1/2
f 2203/1/2 2213/1/2 2198/1/2
f 2207/1/2 2217/1/2 2202/1/2
f 2267/1/2 2206/1/2 2262/1/2
f 2236/1/2 2245/1/2 2231/1/2
f 2235/1/2 2256/1/2 2249/1/2
f 2311/1/2 2239/1/2 2307/1/2
f 2251/1/2 2261/1/2 2246/1/2
f 2255/1/2 2265/1/2 2250/1/2
f 2315/1/2 2254/1/2 2310/1/2
f 2284/1/2 2293/1/2 2279/1/2
f 2283/1/2 2304/1/2 2297/1/2
f 2359/1/2 2287/1/2 2355/1/2
f 2299/1/2 2309/1/2 2294/1/2
f 2303/1/2 2313/1/2 2298/1/2
f 2363/1/2 2302/1/2 2358/1/2
f 2332/1/2 2341/1/2 2327/1/2
f 2336/1/2 2345/1/2 2331/1/2
f 2403/1/2 2349/1/2 2335/1/2
f 2347/1/2 2357/1/2 2342/1/2
f 2351/1/2 2361/1/2 2346/1/2
f 2411/1/2 2350/1/2 2406/1/2
f 2380/1/2 2389/1/2 2375/1/2
f 2384/1/2 2393/1/2 2379/1/2
f 2455/1/2 2383/1/2 2451/1/2
f 2395/1/2 2405/1/2 2390/1/2
f 2399/1/2 2409/1/2 2394/1/2
f 2459/1/2 2398/1/2 2454/1/2
f 2428/1/2 2437/1/2 2423/1/2
f 2432/1/2 2441/1/2 2427/1/2
f 2503/1/2 2431/1/2 2499/1/2
f 2443/1/2 2453/1/2 2438/1/2
f 2447/1/2 2457/1/2 2442/1/2
f 2507/1/2 2446/1/2 2502/1/2
f 2476/1/2 2485/1/2 2471/1/2
f 2475/1/2 2496/1/2 2489/1/2
f 2551/1/2 2479/1/2 2547/1/2
f 2491/1/2 2501/1/2 2486/1/2
f 2495/1/2 2505/1/2 2490/1/2
f 2555/1/2 2494/1/2 2550/1/2
f 2524/1/2 2533/1/2 2519/1/2
f 2528/1/2 2537/1/2 2523/1/2
f 2535/1/2 2546/1/2 2531/1/2
f 2539/1/2 2549/1/2 2534/1/2
f 2543/1/2 2553/1/2 2538/1/2
f 1815/1/2 1826/1/2 1811/1/2
f 1827/1/2 2541/1/2 2527/1/2
f 1863/1/2 1874/1/2 1859/1/2
f 1896/1/2 1906/1/2 1890/1/2
f 1911/1/2 1922/1/2 1907/1/2
f 1944/1/2 1954/1/2 1938/1/2
f 1959/1/2 1970/1/2 1955/1/2
f 1992/1/2 2002/1/2 1986/1/2
f 2007/1/2 2018/1/2 2003/1/2
f 2040/1/2 2050/1/2 2034/1/2
f 2055/1/2 2066/1/2 2051/1/2
f 2088/1/2 2098/1/2 2082/1/2
f 2103/1/2 2114/1/2 2099/1/2
f 2136/1/2 2146/1/2 2130/1/2
f 2151/1/2 2162/1/2 2147/1/2
f 2184/1/2 2194/1/2 2178/1/2
f 2199/1/2 2210/1/2 2195/1/2
f 2232/1/2 2242/1/2 2226/1/2
f 2247/1/2 2258/1/2 2243/1/2
f 2280/1/2 2290/1/2 2274/1/2
f 2295/1/2 2306/1/2 2291/1/2
f 2328/1/2 2338/1/2 2322/1/2
f 2343/1/2 2354/1/2 2339/1/2
f 2376/1/2 2386/1/2 2370/1/2
f 2391/1/2 2402/1/2 2387/1/2
f 2424/1/2 2434/1/2 2418/1/2
f 2439/1/2 2450/1/2 2435/1/2
f 2472/1/2 2482/1/2 2466/1/2
f 2487/1/2 2498/1/2 2483/1/2
f 2520/1/2 2530/1/2 2514/1/2
f 1835/1/2 2542/1/2 1830/1/2
f 1848/1/2 1858/1/2 1842/1/2
f 1800/1/2 1810/1/2 1794/1/2
f 1935/1/2 1886/1/2 1930/1/2
f 1983/1/2 1934/1/2 1978/1/2
f 2031/1/2 1982/1/2 2026/1/2
f 2079/1/2 2030/1/2 2074/1/2
f 2127/1/2 2078/1/2 2122/1/2
f 2175/1/2 2126/1/2 2170/1/2
f 2223/1/2 2174/1/2 2218/1/2
f 2271/1/2 2222/1/2 2266/1/2
f 2319/1/2 2270/1/2 2314/1/2
f 2367/1/2 2318/1/2 2362/1/2
f 2415/1/2 2366/1/2 2410/1/2
f 2463/1/2 2414/1/2 2458/1/2
f 2511/1/2 2462/1/2 2506/1/2
f 2559/1/2 2510/1/2 2554/1/2
f 1839/1/2 2558/1/2 1834/1/2
f 1310/1/2 1988/1/2 1358/1/2
f 1583/1/2 2049/1/2 1586/1/2
f 1578/1/2 1797/1/2 1793/1/2
f 1571/1/2 1798/1/2 1574/1/2
f 1335/1/2 1825/1/2 1338/1/2
f 1339/1/2 2526/1/2 1342/1/2
f 1343/1/2 2522/1/2 1346/1/2
f 1297/1/2 2036/1/2 1582/1/2
f 2083/1/2 1474/1/2 1471/1/2
f 1466/1/2 1845/1/2 1841/1/2
f 1462/1/2 1849/1/2 1846/1/2
f 1559/1/2 1873/1/2 1562/1/2
f 1563/1/2 1806/1/2 1566/1/2
f 1567/1/2 1802/1/2 1570/1/2
f 1322/1/2 2084/1/2 1470/1/2
f 2131/1/2 1698/1/2 1695/1/2
f 1690/1/2 1893/1/2 1889/1/2
f 1686/1/2 1897/1/2 1894/1/2
f 1908/1/2 1450/1/2 1447/1/2
f 1924/1/2 1454/1/2 1451/1/2
f 1458/1/2 1853/1/2 1850/1/2
f 1411/1/2 1694/1/2 1288/1/2
f 1387/1/2 2193/1/2 1390/1/2
f 1379/1/2 1937/1/2 1382/1/2
f 1375/1/2 1942/1/2 1378/1/2
f 1956/1/2 1674/1/2 1671/1/2
f 1972/1/2 1678/1/2 1675/1/2
f 1682/1/2 1901/1/2 1898/1/2
f 1313/1/2 2180/1/2 1386/1/2
f 1611/1/2 2241/1/2 1614/1/2
f 1603/1/2 1985/1/2 1606/1/2
f 1599/1/2 1990/1/2 1602/1/2
f 1363/1/2 2017/1/2 1366/1/2
f 1367/1/2 1950/1/2 1370/1/2
f 1371/1/2 1946/1/2 1374/1/2
f 1300/1/2 2228/1/2 1610/1/2
f 2275/1/2 1502/1/2 1499/1/2
f 1494/1/2 2037/1/2 2033/1/2
f 1490/1/2 2041/1/2 2038/1/2
f 1587/1/2 2065/1/2 1590/1/2
f 1591/1/2 1998/1/2 1594/1/2
f 1595/1/2 1994/1/2 1598/1/2
f 1325/1/2 2276/1/2 1498/1/2
f 2323/1/2 1726/1/2 1723/1/2
f 1718/1/2 2085/1/2 2081/1/2
f 1714/1/2 2089/1/2 2086/1/2
f 2100/1/2 1478/1/2 1475/1/2
f 2116/1/2 1482/1/2 1479/1/2
f 1486/1/2 2045/1/2 2042/1/2
f 1439/1/2 1722/1/2 1291/1/2
f 1415/1/2 2385/1/2 1418/1/2
f 1407/1/2 2129/1/2 1410/1/2
f 1403/1/2 2134/1/2 1406/1/2
f 2148/1/2 1702/1/2 1699/1/2
f 2164/1/2 1706/1/2 1703/1/2
f 1710/1/2 2093/1/2 2090/1/2
f 1316/1/2 2372/1/2 1414/1/2
f 1639/1/2 2433/1/2 1642/1/2
f 1631/1/2 2177/1/2 1634/1/2
f 1627/1/2 2182/1/2 1630/1/2
f 1391/1/2 2209/1/2 1394/1/2
f 1395/1/2 2142/1/2 1398/1/2
f 1399/1/2 2138/1/2 1402/1/2
f 1303/1/2 2420/1/2 1638/1/2
f 2467/1/2 1530/1/2 1527/1/2
f 1522/1/2 2229/1/2 2225/1/2
f 1518/1/2 2233/1/2 2230/1/2
f 1615/1/2 2257/1/2 1618/1/2
f 1619/1/2 2190/1/2 1622/1/2
f 1623/1/2 2186/1/2 1626/1/2
f 1328/1/2 2468/1/2 1526/1/2
f 2515/1/2 1754/1/2 1751/1/2
f 1746/1/2 2277/1/2 2273/1/2
f 1742/1/2 2281/1/2 2278/1/2
f 2292/1/2 1506/1/2 1503/1/2
f 2308/1/2 1510/1/2 1507/1/2
f 1514/1/2 2237/1/2 2234/1/2
f 1294/1/2 1844/1/2 1554/1/2
f 1891/1/2 1446/1/2 1443/1/2
f 1435/1/2 2321/1/2 1438/1/2
f 1431/1/2 2326/1/2 1434/1/2
f 2340/1/2 1730/1/2 1727/1/2
f 2356/1/2 1734/1/2 1731/1/2
f 1738/1/2 2285/1/2 2282/1/2
f 1319/1/2 1892/1/2 1442/1/2
f 1939/1/2 1670/1/2 1667/1/2
f 1659/1/2 2369/1/2 1662/1/2
f 1655/1/2 2374/1/2 1658/1/2
f 1419/1/2 2401/1/2 1422/1/2
f 1423/1/2 2334/1/2 1426/1/2
f 1427/1/2 2330/1/2 1430/1/2
f 1307/1/2 1796/1/2 1330/1/2
f 1555/1/2 1857/1/2 1558/1/2
f 1550/1/2 2421/1/2 2417/1/2
f 1546/1/2 2425/1/2 2422/1/2
f 1643/1/2 2449/1/2 1646/1/2
f 1647/1/2 2382/1/2 1650/1/2
f 1651/1/2 2378/1/2 1654/1/2
f 1331/1/2 1809/1/2 1334/1/2
f 1887/1/2 1838/1/2 1882/1/2
f 1774/1/2 2469/1/2 2465/1/2
f 1770/1/2 2473/1/2 2470/1/2
f 2484/1/2 1534/1/2 1531/1/2
f 2500/1/2 1538/1/2 1535/1/2
f 1542/1/2 2429/1/2 2426/1/2
f 1383/1/2 1666/1/2 1285/1/2
f 1359/1/2 2001/1/2 1362/1/2
f 1351/1/2 2513/1/2 1354/1/2
f 1347/1/2 2518/1/2 1350/1/2
f 2532/1/2 1758/1/2 1755/1/2
f 2548/1/2 1762/1/2 1759/1/2
f 1766/1/2 2477/1/2 2474/1/2
f 432/1/1 813/1/1 427/1/1
f 252/1/1 1187/1/1 247/1/1
f 1233/1/1 71/1/1 76/1/1
f 436/1/1 809/1/1 431/1/1
f 256/1/1 1202/1/1 251/1/1
f 472/1/1 75/1/1 3/1/1
f 440/1/1 805/1/1 435/1/1
f 260/1/1 1218/1/1 255/1/1
f 29/1/1 706/1/1 327/1/1
f 217/1/88 1323/1/88 1497/1/88
f 264/1/1 1149/1/1 259/1/1
f 79/1/1 721/1/1 707/1/1
f 13/1/89 1468/1/89 1293/1/89
f 268/1/1 1145/1/1 263/1/1
f 83/1/1 737/1/1 722/1/1
f 448/1/1 1043/1/1 443/1/1
f 272/1/1 1141/1/1 267/1/1
f 87/1/1 672/1/1 738/1/1
f 452/1/1 1058/1/1 447/1/1
f 24/1/1 1138/1/1 271/1/1
f 668/1/1 91/1/1 96/1/1
f 456/1/1 1074/1/1 451/1/1
f 214/1/4 1296/1/4 16/1/4
f 664/1/1 95/1/1 100/1/1
f 460/1/1 1005/1/1 455/1/1
f 275/1/1 577/1/1 563/1/1
f 657/1/1 99/1/1 104/1/1
f 464/1/1 1001/1/1 459/1/1
f 279/1/1 593/1/1 578/1/1
f 388/1/1 103/1/1 6/1/1
f 468/1/1 997/1/1 463/1/1
f 283/1/1 528/1/1 594/1/1
f 32/1/1 898/1/1 355/1/1
f 46/1/47 1525/1/47 245/1/47
f 524/1/1 287/1/1 292/1/1
f 107/1/1 913/1/1 899/1/1
f 4/1/90 1384/1/90 1284/1/90
f 520/1/1 291/1/1 296/1/1
f 111/1/1 929/1/1 914/1/1
f 476/1/1 1235/1/1 471/1/1
f 300/1/1 517/1/1 295/1/1
f 115/1/1 864/1/1 930/1/1
f 480/1/1 1250/1/1 475/1/1
f 77/1/91 1308/1/91 1357/1/91
f 860/1/1 119/1/1 124/1/1
f 484/1/1 1266/1/1 479/1/1
f 19/1/92 1524/1/92 1299/1/92
f 856/1/1 123/1/1 128/1/1
f 488/1/1 1197/1/1 483/1/1
f 303/1/1 769/1/1 755/1/1
f 849/1/1 127/1/1 132/1/1
f 492/1/1 1193/1/1 487/1/1
f 307/1/1 785/1/1 770/1/1
f 416/1/1 131/1/1 9/1/1
f 496/1/1 1189/1/1 491/1/1
f 311/1/1 720/1/1 786/1/1
f 35/1/1 1090/1/1 383/1/1
f 50/1/93 1333/1/93 53/1/93
f 716/1/1 315/1/1 320/1/1
f 135/1/1 1105/1/1 1091/1/1
f 712/1/1 319/1/1 324/1/1
f 139/1/1 1121/1/1 1106/1/1
f 705/1/1 323/1/1 328/1/1
f 143/1/1 1056/1/1 1122/1/1
f 31/1/94 1385/1/94 105/1/94
f 1052/1/1 147/1/1 152/1/1
f 22/1/47 1552/1/47 1302/1/47
f 1048/1/1 151/1/1 156/1/1
f 331/1/1 961/1/1 947/1/1
f 1041/1/1 155/1/1 160/1/1
f 335/1/1 977/1/1 962/1/1
f 444/1/1 159/1/1 12/1/1
f 339/1/1 912/1/1 978/1/1
f 38/1/1 610/1/1 411/1/1
f 908/1/1 343/1/1 348/1/1
f 168/1/1 611/1/1 163/1/1
f 904/1/1 347/1/1 352/1/1
f 172/1/1 626/1/1 167/1/1
f 897/1/1 351/1/1 356/1/1
f 176/1/1 642/1/1 171/1/1
f 34/1/95 1413/1/95 133/1/95
f 180/1/1 573/1/1 175/1/1
f 25/1/96 1329/1/96 49/1/96
f 184/1/1 569/1/1 179/1/1
f 359/1/1 1153/1/1 1139/1/1
f 188/1/1 565/1/1 183/1/1
f 363/1/1 1169/1/1 1154/1/1
f 15/1/1 562/1/1 187/1/1
f 367/1/1 1104/1/1 1170/1/1
f 41/1/1 802/1/1 439/1/1
f 1100/1/1 371/1/1 376/1/1
f 196/1/1 803/1/1 191/1/1
f 1096/1/1 375/1/1 380/1/1
f 200/1/1 818/1/1 195/1/1
f 1089/1/1 379/1/1 384/1/1
f 204/1/1 834/1/1 199/1/1
f 161/1/97 1317/1/97 1441/1/97
f 208/1/1 765/1/1 203/1/1
f 130/1/98 1287/1/98 7/1/98
f 212/1/1 761/1/1 207/1/1
f 392/1/1 659/1/1 387/1/1
f 216/1/1 757/1/1 211/1/1
f 396/1/1 674/1/1 391/1/1
f 18/1/1 754/1/1 215/1/1
f 400/1/1 690/1/1 395/1/1
f 44/1/1 994/1/1 467/1/1
f 404/1/1 621/1/1 399/1/1
f 224/1/1 995/1/1 219/1/1
f 408/1/1 617/1/1 403/1/1
f 228/1/1 1010/1/1 223/1/1
f 412/1/1 613/1/1 407/1/1
f 232/1/1 1026/1/1 227/1/1
f 26/1/1 514/1/1 299/1/1
f 40/1/4 1469/1/4 189/1/4
f 236/1/1 957/1/1 231/1/1
f 51/1/1 529/1/1 515/1/1
f 158/1/99 1290/1/99 10/1/99
f 240/1/1 953/1/1 235/1/1
f 55/1/1 545/1/1 530/1/1
f 420/1/1 851/1/1 415/1/1
f 244/1/1 949/1/1 239/1/1
f 59/1/1 1248/1/1 546/1/1
f 424/1/1 866/1/1 419/1/1
f 21/1/1 946/1/1 243/1/1
f 1244/1/1 63/1/1 68/1/1
f 428/1/1 882/1/1 423/1/1
f 47/1/1 1186/1/1 495/1/1
f 1240/1/1 67/1/1 72/1/1
f 1/1/100 2/1/100 3/1/100
f 4/1/101 5/1/101 6/1/101
f 7/1/102 8/1/102 9/1/102
f 10/1/103 11/1/103 12/1/103
f 13/1/104 14/1/104 15/1/104
f 16/1/105 17/1/105 18/1/105
f 19/1/106 20/1/106 21/1/106
f 22/1/107 23/1/107 24/1/107
f 25/1/108 26/1/108 27/1/108
f 28/1/109 29/1/109 30/1/109
f 31/1/110 32/1/110 33/1/110
f 34/1/111 35/1/111 36/1/111
f 37/1/112 38/1/112 39/1/112
f 40/1/113 41/1/113 42/1/113
f 43/1/114 44/1/114 45/1/114
f 46/1/115 47/1/115 48/1/115
f 49/1/116 51/1/116 52/1/116
f 53/1/117 55/1/117 56/1/117
f 57/1/118 59/1/118 60/1/118
f 61/1/119 63/1/119 64/1/119
f 65/1/120 67/1/120 68/1/120
f 69/1/121 71/1/121 72/1/121
f 74/1/122 76/1/122 73/1/122
f 77/1/123 79/1/123 80/1/123
f 81/1/124 83/1/124 84/1/124
f 85/1/125 87/1/125 88/1/125
f 89/1/126 91/1/126 92/1/126
f 93/1/127 95/1/127 96/1/127
f 97/1/128 99/1/128 100/1/128
f 102/1/129 104/1/129 101/1/129
f 105/1/130 107/1/130 108/1/130
f 109/1/131 111/1/131 112/1/131
f 113/1/132 115/1/132 116/1/132
f 117/1/133 119/1/133 120/1/133
f 121/1/134 123/1/134 124/1/134
f 125/1/135 127/1/135 128/1/135
f 130/1/136 132/1/136 129/1/136
f 133/1/137 135/1/137 136/1/137
f 137/1/138 139/1/138 140/1/138
f 141/1/139 143/1/139 144/1/139
f 145/1/140 147/1/140 148/1/140
f 149/1/141 151/1/141 152/1/141
f 153/1/142 155/1/142 156/1/142
f 158/1/143 160/1/143 157/1/143
f 161/1/144 163/1/144 164/1/144
f 165/1/145 167/1/145 168/1/145
f 170/1/146 172/1/146 169/1/146
f 174/1/147 176/1/147 173/1/147
f 178/1/148 180/1/148 177/1/148
f 182/1/149 184/1/149 181/1/149
f 186/1/150 188/1/150 185/1/150
f 189/1/105 191/1/105 192/1/105
f 193/1/105 195/1/105 196/1/105
f 198/1/105 200/1/105 197/1/105
f 202/1/105 204/1/105 201/1/105
f 206/1/105 208/1/105 205/1/105
f 210/1/105 212/1/105 209/1/105
f 214/1/105 216/1/105 213/1/105
f 217/1/151 219/1/151 220/1/151
f 222/1/152 224/1/152 221/1/152
f 226/1/153 228/1/153 225/1/153
f 230/1/154 232/1/154 229/1/154
f 234/1/155 236/1/155 233/1/155
f 238/1/156 240/1/156 237/1/156
f 242/1/157 244/1/157 241/1/157
f 245/1/158 247/1/158 248/1/158
f 249/1/159 251/1/159 252/1/159
f 254/1/159 256/1/159 253/1/159
f 258/1/158 260/1/158 257/1/158
f 262/1/158 264/1/158 261/1/158
f 266/1/107 268/1/107 265/1/107
f 270/1/158 272/1/158 269/1/158
f 273/1/160 275/1/160 276/1/160
f 277/1/161 279/1/161 280/1/161
f 281/1/162 283/1/162 284/1/162
f 285/1/163 287/1/163 288/1/163
f 289/1/164 291/1/164 292/1/164
f 294/1/165 296/1/165 293/1/165
f 298/1/166 300/1/166 297/1/166
f 301/1/105 303/1/105 304/1/105
f 305/1/167 307/1/167 308/1/167
f 309/1/105 311/1/105 312/1/105
f 313/1/105 315/1/105 316/1/105
f 317/1/105 319/1/105 320/1/105
f 322/1/105 324/1/105 321/1/105
f 326/1/105 328/1/105 325/1/105
f 329/1/168 331/1/168 332/1/168
f 333/1/169 335/1/169 336/1/169
f 337/1/170 339/1/170 340/1/170
f 341/1/171 343/1/171 344/1/171
f 345/1/172 347/1/172 348/1/172
f 349/1/173 351/1/173 352/1/173
f 354/1/174 356/1/174 353/1/174
f 357/1/159 359/1/159 360/1/159
f 361/1/159 363/1/159 364/1/159
f 365/1/158 367/1/158 368/1/158
f 369/1/158 371/1/158 372/1/158
f 373/1/158 375/1/158 376/1/158
f 378/1/158 380/1/158 377/1/158
f 382/1/159 384/1/159 381/1/159
f 385/1/175 387/1/175 388/1/175
f 390/1/176 392/1/176 389/1/176
f 394/1/177 396/1/177 393/1/177
f 398/1/178 400/1/178 397/1/178
f 402/1/179 404/1/179 401/1/179
f 406/1/180 408/1/180 405/1/180
f 410/1/181 412/1/181 409/1/181
f 413/1/182 415/1/182 416/1/182
f 418/1/183 420/1/183 417/1/183
f 422/1/184 424/1/184 421/1/184
f 426/1/185 428/1/185 425/1/185
f 430/1/186 432/1/186 429/1/186
f 434/1/187 436/1/187 433/1/187
f 438/1/188 440/1/188 437/1/188
f 441/1/189 443/1/189 444/1/189
f 446/1/190 448/1/190 445/1/190
f 450/1/191 452/1/191 449/1/191
f 454/1/192 456/1/192 453/1/192
f 458/1/193 460/1/193 457/1/193
f 462/1/194 464/1/194 461/1/194
f 466/1/195 468/1/195 465/1/195
f 469/1/196 471/1/196 472/1/196
f 474/1/197 476/1/197 473/1/197
f 478/1/198 480/1/198 477/1/198
f 482/1/199 484/1/199 481/1/199
f 486/1/200 488/1/200 485/1/200
f 490/1/201 492/1/201 489/1/201
f 494/1/202 496/1/202 493/1/202
f 504/1/1 508/1/1 512/1/1
f 514/1/1 516/1/1 513/1/1
f 518/1/1 520/1/1 517/1/1
f 522/1/1 524/1/1 521/1/1
f 526/1/1 528/1/1 525/1/1
f 529/1/1 531/1/1 532/1/1
f 533/1/1 535/1/1 536/1/1
f 537/1/1 539/1/1 540/1/1
f 541/1/1 543/1/1 544/1/1
f 545/1/1 547/1/1 548/1/1
f 549/1/1 551/1/1 552/1/1
f 553/1/1 555/1/1 556/1/1
f 557/1/1 559/1/1 560/1/1
f 562/1/1 564/1/1 561/1/1
f 566/1/1 568/1/1 565/1/1
f 570/1/1 572/1/1 569/1/1
f 573/1/1 575/1/1 576/1/1
f 578/1/1 580/1/1 577/1/1
f 581/1/1 583/1/1 584/1/1
f 585/1/1 587/1/1 588/1/1
f 590/1/1 592/1/1 589/1/1
f 594/1/1 596/1/1 593/1/1
f 597/1/1 599/1/1 600/1/1
f 601/1/1 603/1/1 604/1/1
f 606/1/1 608/1/1 605/1/1
f 609/1/1 611/1/1 612/1/1
f 614/1/1 616/1/1 613/1/1
f 617/1/1 619/1/1 620/1/1
f 621/1/1 623/1/1 624/1/1
f 626/1/1 628/1/1 625/1/1
f 629/1/1 631/1/1 632/1/1
f 633/1/1 635/1/1 636/1/1
f 638/1/1 640/1/1 637/1/1
f 642/1/1 644/1/1 641/1/1
f 645/1/1 647/1/1 648/1/1
f 649/1/1 651/1/1 652/1/1
f 654/1/1 656/1/1 653/1/1
f 657/1/1 659/1/1 660/1/1
f 662/1/1 664/1/1 661/1/1
f 666/1/1 668/1/1 665/1/1
f 670/1/1 672/1/1 669/1/1
f 674/1/1 676/1/1 673/1/1
f 677/1/1 679/1/1 680/1/1
f 681/1/1 683/1/1 684/1/1
f 685/1/1 687/1/1 688/1/1
f 690/1/1 692/1/1 689/1/1
f 693/1/1 695/1/1 696/1/1
f 697/1/1 699/1/1 700/1/1
f 701/1/1 703/1/1 704/1/1
f 705/1/1 707/1/1 708/1/1
f 710/1/1 712/1/1 709/1/1
f 714/1/1 716/1/1 713/1/1
f 718/1/1 720/1/1 717/1/1
f 722/1/1 724/1/1 721/1/1
f 725/1/1 727/1/1 728/1/1
f 729/1/1 731/1/1 732/1/1
f 733/1/1 735/1/1 736/1/1
f 737/1/1 739/1/1 740/1/1
f 741/1/1 743/1/1 744/1/1
f 745/1/1 747/1/1 748/1/1
f 749/1/1 751/1/1 752/1/1
f 754/1/1 756/1/1 753/1/1
f 758/1/1 760/1/1 757/1/1
f 762/1/1 764/1/1 761/1/1
f 765/1/1 767/1/1 768/1/1
f 770/1/1 772/1/1 769/1/1
f 773/1/1 775/1/1 776/1/1
f 777/1/1 779/1/1 780/1/1
f 782/1/1 784/1/1 781/1/1
f 786/1/1 788/1/1 785/1/1
f 789/1/1 791/1/1 792/1/1
f 793/1/1 795/1/1 796/1/1
f 798/1/1 800/1/1 797/1/1
f 801/1/1 803/1/1 804/1/1
f 806/1/1 808/1/1 805/1/1
f 809/1/1 811/1/1 812/1/1
f 813/1/1 815/1/1 816/1/1
f 818/1/1 820/1/1 817/1/1
f 821/1/1 823/1/1 824/1/1
f 825/1/1 827/1/1 828/1/1
f 830/1/1 832/1/1 829/1/1
f 834/1/1 836/1/1 833/1/1
f 837/1/1 839/1/1 840/1/1
f 841/1/1 843/1/1 844/1/1
f 846/1/1 848/1/1 845/1/1
f 849/1/1 851/1/1 852/1/1
f 854/1/1 856/1/1 853/1/1
f 858/1/1 860/1/1 857/1/1
f 862/1/1 864/1/1 861/1/1
f 866/1/1 868/1/1 865/1/1
f 869/1/1 871/1/1 872/1/1
f 873/1/1 875/1/1 876/1/1
f 877/1/1 879/1/1 880/1/1
f 882/1/1 884/1/1 881/1/1
f 885/1/1 887/1/1 888/1/1
f 889/1/1 891/1/1 892/1/1
f 893/1/1 895/1/1 896/1/1
f 897/1/1 899/1/1 900/1/1
f 902/1/1 904/1/1 901/1/1
f 906/1/1 908/1/1 905/1/1
f 910/1/1 912/1/1 909/1/1
f 914/1/1 916/1/1 913/1/1
f 917/1/1 919/1/1 920/1/1
f 921/1/1 923/1/1 924/1/1
f 925/1/1 927/1/1 928/1/1
f 929/1/1 931/1/1 932/1/1
f 933/1/1 935/1/1 936/1/1
f 937/1/1 939/1/1 940/1/1
f 941/1/1 943/1/1 944/1/1
f 946/1/1 948/1/1 945/1/1
f 950/1/1 952/1/1 949/1/1
f 953/1/1 955/1/1 956/1/1
f 957/1/1 959/1/1 960/1/1
f 962/1/1 964/1/1 961/1/1
f 965/1/1 967/1/1 968/1/1
f 969/1/1 971/1/1 972/1/1
f 974/1/1 976/1/1 973/1/1
f 977/1/1 979/1/1 980/1/1
f 981/1/1 983/1/1 984/1/1
f 985/1/1 987/1/1 988/1/1
f 990/1/1 992/1/1 989/1/1
f 994/1/1 996/1/1 993/1/1
f 997/1/1 999/1/1 1000/1/1
f 1001/1/1 1003/1/1 1004/1/1
f 1005/1/1 1007/1/1 1008/1/1
f 1010/1/1 1012/1/1 1009/1/1
f 1013/1/1 1015/1/1 1016/1/1
f 1017/1/1 1019/1/1 1020/1/1
f 1022/1/1 1024/1/1 1021/1/1
f 1026/1/1 1028/1/1 1025/1/1
f 1029/1/1 1031/1/1 1032/1/1
f 1033/1/1 1035/1/1 1036/1/1
f 1038/1/1 1040/1/1 1037/1/1
f 1041/1/1 1043/1/1 1044/1/1
f 1046/1/1 1048/1/1 1045/1/1
f 1050/1/1 1052/1/1 1049/1/1
f 1054/1/1 1056/1/1 1053/1/1
f 1058/1/1 1060/1/1 1057/1/1
f 1061/1/1 1063/1/1 1064/1/1
f 1065/1/1 1067/1/1 1068/1/1
f 1069/1/1 1071/1/1 1072/1/1
f 1074/1/1 1076/1/1 1073/1/1
f 1077/1/1 1079/1/1 1080/1/1
f 1081/1/1 1083/1/1 1084/1/1
f 1085/1/1 1087/1/1 1088/1/1
f 1089/1/1 1091/1/1 1092/1/1
f 1094/1/1 1096/1/1 1093/1/1
f 1098/1/1 1100/1/1 1097/1/1
f 1102/1/1 1104/1/1 1101/1/1
f 1106/1/1 1108/1/1 1105/1/1
f 1109/1/1 1111/1/1 1112/1/1
f 1113/1/1 1115/1/1 1116/1/1
f 1117/1/1 1119/1/1 1120/1/1
f 1121/1/1 1123/1/1 1124/1/1
f 1125/1/1 1127/1/1 1128/1/1
f 1129/1/1 1131/1/1 1132/1/1
f 1133/1/1 1135/1/1 1136/1/1
f 1138/1/1 1140/1/1 1137/1/1
f 1142/1/1 1144/1/1 1141/1/1
f 1146/1/1 1148/1/1 1145/1/1
f 1149/1/1 1151/1/1 1152/1/1
f 1154/1/1 1156/1/1 1153/1/1
f 1157/1/1 1159/1/1 1160/1/1
f 1161/1/1 1163/1/1 1164/1/1
f 1166/1/1 1168/1/1 1165/1/1
f 1170/1/1 1172/1/1 1169/1/1
f 1173/1/1 1175/1/1 1176/1/1
f 1177/1/1 1179/1/1 1180/1/1
f 1182/1/1 1184/1/1 1181/1/1
f 1185/1/1 1187/1/1 1188/1/1
f 1190/1/1 1192/1/1 1189/1/1
f 1193/1/1 1195/1/1 1196/1/1
f 1197/1/1 1199/1/1 1200/1/1
f 1202/1/1 1204/1/1 1201/1/1
f 1205/1/1 1207/1/1 1208/1/1
f 1209/1/1 1211/1/1 1212/1/1
f 1214/1/1 1216/1/1 1213/1/1
f 1218/1/1 1220/1/1 1217/1/1
f 1221/1/1 1223/1/1 1224/1/1
f 1225/1/1 1227/1/1 1228/1/1
f 1230/1/1 1232/1/1 1229/1/1
f 1233/1/1 1235/1/1 1236/1/1
f 1238/1/1 1240/1/1 1237/1/1
f 1242/1/1 1244/1/1 1241/1/1
f 1246/1/1 1248/1/1 1245/1/1
f 1250/1/1 1252/1/1 1249/1/1
f 1253/1/1 1255/1/1 1256/1/1
f 1257/1/1 1259/1/1 1260/1/1
f 1261/1/1 1263/1/1 1264/1/1
f 1266/1/1 1268/1/1 1265/1/1
f 1269/1/1 1271/1/1 1272/1/1
f 1273/1/1 1275/1/1 1276/1/1
f 1277/1/1 1279/1/1 1280/1/1
f 1281/1/203 1282/1/203 1283/1/203
f 1284/1/204 1285/1/204 1286/1/204
f 1287/1/205 1288/1/205 1289/1/205
f 1290/1/206 1291/1/206 1292/1/206
f 1293/1/207 1294/1/207 1295/1/207
f 1296/1/208 1297/1/208 1298/1/208
f 1299/1/209 1300/1/209 1301/1/209
f 1302/1/210 1303/1/210 1304/1/210
f 1305/1/211 1306/1/211 1307/1/211
f 1308/1/212 1309/1/212 1310/1/212
f 1311/1/213 1312/1/213 1313/1/213
f 1314/1/214 1315/1/214 1316/1/214
f 1317/1/215 1318/1/215 1319/1/215
f 1320/1/216 1321/1/216 1322/1/216
f 1323/1/217 1324/1/217 1325/1/217
f 1326/1/218 1327/1/218 1328/1/218
f 1329/1/219 1331/1/219 1332/1/219
f 1333/1/220 1335/1/220 1336/1/220
f 1337/1/221 1339/1/221 1340/1/221
f 1341/1/222 1343/1/222 1344/1/222
f 1345/1/223 1347/1/223 1348/1/223
f 1349/1/224 1351/1/224 1352/1/224
f 1354/1/225 1356/1/225 1353/1/225
f 1357/1/226 1359/1/226 1360/1/226
f 1361/1/227 1363/1/227 1364/1/227
f 1365/1/228 1367/1/228 1368/1/228
f 1369/1/229 1371/1/229 1372/1/229
f 1373/1/230 1375/1/230 1376/1/230
f 1377/1/231 1379/1/231 1380/1/231
f 1382/1/232 1384/1/232 1381/1/232
f 1385/1/233 1387/1/233 1388/1/233
f 1389/1/234 1391/1/234 1392/1/234
f 1393/1/235 1395/1/235 1396/1/235
f 1397/1/236 1399/1/236 1400/1/236
f 1401/1/237 1403/1/237 1404/1/237
f 1405/1/238 1407/1/238 1408/1/238
f 1410/1/239 1412/1/239 1409/1/239
f 1413/1/240 1415/1/240 1416/1/240
f 1417/1/241 1419/1/241 1420/1/241
f 1421/1/242 1423/1/242 1424/1/242
f 1425/1/243 1427/1/243 1428/1/243
f 1429/1/244 1431/1/244 1432/1/244
f 1433/1/245 1435/1/245 1436/1/245
f 1438/1/246 1440/1/246 1437/1/246
f 1441/1/247 1443/1/247 1444/1/247
f 1445/1/248 1447/1/248 1448/1/248
f 1450/1/249 1452/1/249 1449/1/249
f 1454/1/250 1456/1/250 1453/1/250
f 1458/1/251 1460/1/251 1457/1/251
f 1462/1/252 1464/1/252 1461/1/252
f 1466/1/253 1468/1/253 1465/1/253
f 1469/1/208 1471/1/208 1472/1/208
f 1473/1/254 1475/1/254 1476/1/254
f 1478/1/208 1480/1/208 1477/1/208
f 1482/1/208 1484/1/208 1481/1/208
f 1486/1/208 1488/1/208 1485/1/208
f 1490/1/254 1492/1/254 1489/1/254
f 1494/1/208 1496/1/208 1493/1/208
f 1497/1/255 1499/1/255 1500/1/255
f 1502/1/256 1504/1/256 1501/1/256
f 1506/1/257 1508/1/257 1505/1/257
f 1510/1/258 1512/1/258 1509/1/258
f 1514/1/259 1516/1/259 1513/1/259
f 1518/1/260 1520/1/260 1517/1/260
f 1522/1/261 1524/1/261 1521/1/261
f 1525/1/262 1527/1/262 1528/1/262
f 1529/1/263 1531/1/263 1532/1/263
f 1534/1/262 1536/1/262 1533/1/262
f 1538/1/262 1540/1/262 1537/1/262
f 1542/1/262 1544/1/262 1541/1/262
f 1546/1/210 1548/1/210 1545/1/210
f 1550/1/262 1552/1/262 1549/1/262
f 1553/1/264 1555/1/264 1556/1/264
f 1557/1/265 1559/1/265 1560/1/265
f 1561/1/266 1563/1/266 1564/1/266
f 1565/1/267 1567/1/267 1568/1/267
f 1569/1/268 1571/1/268 1572/1/268
f 1574/1/269 1576/1/269 1573/1/269
f 1578/1/270 1580/1/270 1577/1/270
f 1581/1/254 1583/1/254 1584/1/254
f 1585/1/254 1587/1/254 1588/1/254
f 1589/1/254 1591/1/254 1592/1/254
f 1593/1/254 1595/1/254 1596/1/254
f 1597/1/254 1599/1/254 1600/1/254
f 1602/1/208 1604/1/208 1601/1/208
f 1606/1/254 1608/1/254 1605/1/254
f 1609/1/271 1611/1/271 1612/1/271
f 1613/1/272 1615/1/272 1616/1/272
f 1617/1/273 1619/1/273 1620/1/273
f 1621/1/274 1623/1/274 1624/1/274
f 1625/1/275 1627/1/275 1628/1/275
f 1629/1/276 1631/1/276 1632/1/276
f 1634/1/277 1636/1/277 1633/1/277
f 1637/1/262 1639/1/262 1640/1/262
f 1641/1/262 1643/1/262 1644/1/262
f 1645/1/262 1647/1/262 1648/1/262
f 1649/1/262 1651/1/262 1652/1/262
f 1653/1/210 1655/1/210 1656/1/210
f 1658/1/262 1660/1/262 1657/1/262
f 1662/1/262 1664/1/262 1661/1/262
f 1665/1/278 1667/1/278 1668/1/278
f 1670/1/279 1672/1/279 1669/1/279
f 1674/1/280 1676/1/280 1673/1/280
f 1678/1/281 1680/1/281 1677/1/281
f 1682/1/282 1684/1/282 1681/1/282
f 1686/1/283 1688/1/283 1685/1/283
f 1690/1/284 1692/1/284 1689/1/284
f 1693/1/285 1695/1/285 1696/1/285
f 1698/1/286 1700/1/286 1697/1/286
f 1702/1/287 1704/1/287 1701/1/287
f 1706/1/288 1708/1/288 1705/1/288
f 1710/1/289 1712/1/289 1709/1/289
f 1714/1/290 1716/1/290 1713/1/290
f 1718/1/291 1720/1/291 1717/1/291
f 1721/1/292 1723/1/292 1724/1/292
f 1726/1/293 1728/1/293 1725/1/293
f 1730/1/294 1732/1/294 1729/1/294
f 1734/1/295 1736/1/295 1733/1/295
f 1738/1/296 1740/1/296 1737/1/296
f 1742/1/297 1744/1/297 1741/1/297
f 1746/1/298 1748/1/298 1745/1/298
f 1749/1/299 1751/1/299 1752/1/299
f 1754/1/300 1756/1/300 1753/1/300
f 1758/1/301 1760/1/301 1757/1/301
f 1762/1/302 1764/1/302 1761/1/302
f 1766/1/303 1768/1/303 1765/1/303
f 1770/1/304 1772/1/304 1769/1/304
f 1774/1/305 1776/1/305 1773/1/305
f 1778/1/2 1782/1/2 1786/1/2
f 1794/1/2 1796/1/2 1793/1/2
f 1798/1/2 1800/1/2 1797/1/2
f 1802/1/2 1804/1/2 1801/1/2
f 1806/1/2 1808/1/2 1805/1/2
f 1809/1/2 1811/1/2 1812/1/2
f 1813/1/2 1815/1/2 1816/1/2
f 1817/1/2 1819/1/2 1820/1/2
f 1821/1/2 1823/1/2 1824/1/2
f 1825/1/2 1827/1/2 1828/1/2
f 1829/1/2 1831/1/2 1832/1/2
f 1833/1/2 1835/1/2 1836/1/2
f 1837/1/2 1839/1/2 1840/1/2
f 1842/1/2 1844/1/2 1841/1/2
f 1846/1/2 1848/1/2 1845/1/2
f 1850/1/2 1852/1/2 1849/1/2
f 1853/1/2 1855/1/2 1856/1/2
f 1858/1/2 1860/1/2 1857/1/2
f 1861/1/2 1863/1/2 1864/1/2
f 1865/1/2 1867/1/2 1868/1/2
f 1870/1/2 1872/1/2 1869/1/2
f 1874/1/2 1876/1/2 1873/1/2
f 1877/1/2 1879/1/2 1880/1/2
f 1881/1/2 1883/1/2 1884/1/2
f 1886/1/2 1888/1/2 1885/1/2
f 1889/1/2 1891/1/2 1892/1/2
f 1894/1/2 1896/1/2 1893/1/2
f 1897/1/2 1899/1/2 1900/1/2
f 1901/1/2 1903/1/2 1904/1/2
f 1906/1/2 1908/1/2 1905/1/2
f 1909/1/2 1911/1/2 1912/1/2
f 1913/1/2 1915/1/2 1916/1/2
f 1918/1/2 1920/1/2 1917/1/2
f 1922/1/2 1924/1/2 1921/1/2
f 1925/1/2 1927/1/2 1928/1/2
f 1929/1/2 1931/1/2 1932/1/2
f 1934/1/2 1936/1/2 1933/1/2
f 1937/1/2 1939/1/2 1940/1/2
f 1942/1/2 1944/1/2 1941/1/2
f 1946/1/2 1948/1/2 1945/1/2
f 1950/1/2 1952/1/2 1949/1/2
f 1954/1/2 1956/1/2 1953/1/2
f 1957/1/2 1959/1/2 1960/1/2
f 1961/1/2 1963/1/2 1964/1/2
f 1965/1/2 1967/1/2 1968/1/2
f 1970/1/2 1972/1/2 1969/1/2
f 1973/1/2 1975/1/2 1976/1/2
f 1977/1/2 1979/1/2 1980/1/2
f 1981/1/2 1983/1/2 1984/1/2
f 1985/1/2 1987/1/2 1988/1/2
f 1990/1/2 1992/1/2 1989/1/2
f 1994/1/2 1996/1/2 1993/1/2
f 1998/1/2 2000/1/2 1997/1/2
f 2002/1/2 2004/1/2 2001/1/2
f 2005/1/2 2007/1/2 2008/1/2
f 2009/1/2 2011/1/2 2012/1/2
f 2013/1/2 2015/1/2 2016/1/2
f 2017/1/2 2019/1/2 2020/1/2
f 2021/1/2 2023/1/2 2024/1/2
f 2025/1/2 2027/1/2 2028/1/2
f 2029/1/2 2031/1/2 2032/1/2
f 2034/1/2 2036/1/2 2033/1/2
f 2038/1/2 2040/1/2 2037/1/2
f 2042/1/2 2044/1/2 2041/1/2
f 2045/1/2 2047/1/2 2048/1/2
f 2050/1/2 2052/1/2 2049/1/2
f 2053/1/2 2055/1/2 2056/1/2
f 2057/1/2 2059/1/2 2060/1/2
f 2062/1/2 2064/1/2 2061/1/2
f 2066/1/2 2068/1/2 2065/1/2
f 2069/1/2 2071/1/2 2072/1/2
f 2073/1/2 2075/1/2 2076/1/2
f 2078/1/2 2080/1/2 2077/1/2
f 2081/1/2 2083/1/2 2084/1/2
f 2086/1/2 2088/1/2 2085/1/2
f 2089/1/2 2091/1/2 2092/1/2
f 2093/1/2 2095/1/2 2096/1/2
f 2098/1/2 2100/1/2 2097/1/2
f 2101/1/2 2103/1/2 2104/1/2
f 2105/1/2 2107/1/2 2108/1/2
f 2110/1/2 2112/1/2 2109/1/2
f 2114/1/2 2116/1/2 2113/1/2
f 2117/1/2 2119/1/2 2120/1/2
f 2121/1/2 2123/1/2 2124/1/2
f 2126/1/2 2128/1/2 2125/1/2
f 2129/1/2 2131/1/2 2132/1/2
f 2134/1/2 2136/1/2 2133/1/2
f 2138/1/2 2140/1/2 2137/1/2
f 2142/1/2 2144/1/2 2141/1/2
f 2146/1/2 2148/1/2 2145/1/2
f 2149/1/2 2151/1/2 2152/1/2
f 2153/1/2 2155/1/2 2156/1/2
f 2157/1/2 2159/1/2 2160/1/2
f 2162/1/2 2164/1/2 2161/1/2
f 2165/1/2 2167/1/2 2168/1/2
f 2169/1/2 2171/1/2 2172/1/2
f 2173/1/2 2175/1/2 2176/1/2
f 2177/1/2 2179/1/2 2180/1/2
f 2182/1/2 2184/1/2 2181/1/2
f 2186/1/2 2188/1/2 2185/1/2
f 2190/1/2 2192/1/2 2189/1/2
f 2194/1/2 2196/1/2 2193/1/2
f 2197/1/2 2199/1/2 2200/1/2
f 2201/1/2 2203/1/2 2204/1/2
f 2205/1/2 2207/1/2 2208/1/2
f 2209/1/2 2211/1/2 2212/1/2
f 2213/1/2 2215/1/2 2216/1/2
f 2217/1/2 2219/1/2 2220/1/2
f 2221/1/2 2223/1/2 2224/1/2
f 2226/1/2 2228/1/2 2225/1/2
f 2230/1/2 2232/1/2 2229/1/2
f 2233/1/2 2235/1/2 2236/1/2
f 2237/1/2 2239/1/2 2240/1/2
f 2242/1/2 2244/1/2 2241/1/2
f 2245/1/2 2247/1/2 2248/1/2
f 2249/1/2 2251/1/2 2252/1/2
f 2254/1/2 2256/1/2 2253/1/2
f 2257/1/2 2259/1/2 2260/1/2
f 2261/1/2 2263/1/2 2264/1/2
f 2265/1/2 2267/1/2 2268/1/2
f 2270/1/2 2272/1/2 2269/1/2
f 2274/1/2 2276/1/2 2273/1/2
f 2277/1/2 2279/1/2 2280/1/2
f 2281/1/2 2283/1/2 2284/1/2
f 2285/1/2 2287/1/2 2288/1/2
f 2290/1/2 2292/1/2 2289/1/2
f 2293/1/2 2295/1/2 2296/1/2
f 2297/1/2 2299/1/2 2300/1/2
f 2302/1/2 2304/1/2 2301/1/2
f 2306/1/2 2308/1/2 2305/1/2
f 2309/1/2 2311/1/2 2312/1/2
f 2313/1/2 2315/1/2 2316/1/2
f 2318/1/2 2320/1/2 2317/1/2
f 2321/1/2 2323/1/2 2324/1/2
f 2326/1/2 2328/1/2 2325/1/2
f 2330/1/2 2332/1/2 2329/1/2
f 2334/1/2 2336/1/2 2333/1/2
f 2338/1/2 2340/1/2 2337/1/2
f 2341/1/2 2343/1/2 2344/1/2
f 2345/1/2 2347/1/2 2348/1/2
f 2349/1/2 2351/1/2 2352/1/2
f 2354/1/2 2356/1/2 2353/1/2
f 2357/1/2 2359/1/2 2360/1/2
f 2361/1/2 2363/1/2 2364/1/2
f 2365/1/2 2367/1/2 2368/1/2
f 2369/1/2 2371/1/2 2372/1/2
f 2374/1/2 2376/1/2 2373/1/2
f 2378/1/2 2380/1/2 2377/1/2
f 2382/1/2 2384/1/2 2381/1/2
f 2386/1/2 2388/1/2 2385/1/2
f 2389/1/2 2391/1/2 2392/1/2
f 2393/1/2 2395/1/2 2396/1/2
f 2397/1/2 2399/1/2 2400/1/2
f 2401/1/2 2403/1/2 2404/1/2
f 2405/1/2 2407/1/2 2408/1/2
f 2409/1/2 2411/1/2 2412/1/2
f 2413/1/2 2415/1/2 2416/1/2
f 2418/1/2 2420/1/2 2417/1/2
f 2422/1/2 2424/1/2 2421/1/2
f 2426/1/2 2428/1/2 2425/1/2
f 2429/1/2 2431/1/2 2432/1/2
f 2434/1/2 2436/1/2 2433/1/2
f 2437/1/2 2439/1/2 2440/1/2
f 2441/1/2 2443/1/2 2444/1/2
f 2446/1/2 2448/1/2 2445/1/2
f 2450/1/2 2452/1/2 2449/1/2
f 2453/1/2 2455/1/2 2456/1/2
f 2457/1/2 2459/1/2 2460/1/2
f 2462/1/2 2464/1/2 2461/1/2
f 2465/1/2 2467/1/2 2468/1/2
f 2470/1/2 2472/1/2 2469/1/2
f 2473/1/2 2475/1/2 2476/1/2
f 2477/1/2 2479/1/2 2480/1/2
f 2482/1/2 2484/1/2 2481/1/2
f 2485/1/2 2487/1/2 2488/1/2
f 2489/1/2 2491/1/2 2492/1/2
f 2494/1/2 2496/1/2 2493/1/2
f 2498/1/2 2500/1/2 2497/1/2
f 2501/1/2 2503/1/2 2504/1/2
f 2505/1/2 2507/1/2 2508/1/2
f 2510/1/2 2512/1/2 2509/1/2
f 2513/1/2 2515/1/2 2516/1/2
f 2518/1/2 2520/1/2 2517/1/2
f 2522/1/2 2524/1/2 2521/1/2
f 2526/1/2 2528/1/2 2525/1/2
f 2530/1/2 2532/1/2 2529/1/2
f 2533/1/2 2535/1/2 2536/1/2
f 2537/1/2 2539/1/2 2540/1/2
f 2541/1/2 2543/1/2 2544/1/2
f 2546/1/2 2548/1/2 2545/1/2
f 2549/1/2 2551/1/2 2552/1/2
f 2553/1/2 2555/1/2 2556/1/2
f 2557/1/2 2559/1/2 2560/1/2
f 25/1/306 52/1/306 26/1/306
f 50/1/307 56/1/307 51/1/307
f 54/1/308 60/1/308 55/1/308
f 58/1/309 64/1/309 59/1/309
f 62/1/310 68/1/310 63/1/310
f 66/1/311 72/1/311 67/1/311
f 73/1/312 71/1/312 70/1/312
f 1/1/313 75/1/313 74/1/313
f 28/1/314 80/1/314 29/1/314
f 78/1/315 84/1/315 79/1/315
f 82/1/316 88/1/316 83/1/316
f 86/1/317 92/1/317 87/1/317
f 90/1/318 96/1/318 91/1/318
f 94/1/319 100/1/319 95/1/319
f 101/1/320 99/1/320 98/1/320
f 4/1/321 103/1/321 102/1/321
f 31/1/322 108/1/322 32/1/322
f 106/1/323 112/1/323 107/1/323
f 110/1/324 116/1/324 111/1/324
f 114/1/325 120/1/325 115/1/325
f 118/1/326 124/1/326 119/1/326
f 122/1/327 128/1/327 123/1/327
f 129/1/328 127/1/328 126/1/328
f 7/1/329 131/1/329 130/1/329
f 34/1/330 136/1/330 35/1/330
f 134/1/331 140/1/331 135/1/331
f 138/1/332 144/1/332 139/1/332
f 142/1/333 148/1/333 143/1/333
f 146/1/334 152/1/334 147/1/334
f 150/1/335 156/1/335 151/1/335
f 157/1/336 155/1/336 154/1/336
f 10/1/337 159/1/337 158/1/337
f 37/1/338 164/1/338 38/1/338
f 162/1/339 168/1/339 163/1/339
f 169/1/340 167/1/340 166/1/340
f 173/1/341 171/1/341 170/1/341
f 177/1/342 175/1/342 174/1/342
f 181/1/343 179/1/343 178/1/343
f 185/1/344 183/1/344 182/1/344
f 13/1/345 187/1/345 186/1/345
f 40/1/105 192/1/105 41/1/105
f 190/1/105 196/1/105 191/1/105
f 197/1/105 195/1/105 194/1/105
f 201/1/105 199/1/105 198/1/105
f 205/1/105 203/1/105 202/1/105
f 209/1/105 207/1/105 206/1/105
f 213/1/105 211/1/105 210/1/105
f 16/1/105 215/1/105 214/1/105
f 43/1/346 220/1/346 44/1/346
f 218/1/347 224/1/347 219/1/347
f 225/1/348 223/1/348 222/1/348
f 229/1/349 227/1/349 226/1/349
f 233/1/350 231/1/350 230/1/350
f 237/1/351 235/1/351 234/1/351
f 241/1/352 239/1/352 238/1/352
f 19/1/353 243/1/353 242/1/353
f 46/1/159 248/1/159 47/1/159
f 246/1/158 252/1/158 247/1/158
f 253/1/158 251/1/158 250/1/158
f 257/1/354 255/1/354 254/1/354
f 261/1/159 259/1/159 258/1/159
f 265/1/158 263/1/158 262/1/158
f 269/1/159 267/1/159 266/1/159
f 22/1/158 271/1/158 270/1/158
f 14/1/355 276/1/355 15/1/355
f 274/1/356 280/1/356 275/1/356
f 278/1/357 284/1/357 279/1/357
f 282/1/358 288/1/358 283/1/358
f 286/1/359 292/1/359 287/1/359
f 293/1/360 291/1/360 290/1/360
f 297/1/361 295/1/361 294/1/361
f 27/1/362 299/1/362 298/1/362
f 17/1/105 304/1/105 18/1/105
f 302/1/105 308/1/105 303/1/105
f 306/1/105 312/1/105 307/1/105
f 310/1/105 316/1/105 311/1/105
f 314/1/105 320/1/105 315/1/105
f 318/1/105 324/1/105 319/1/105
f 325/1/105 323/1/105 322/1/105
f 30/1/105 327/1/105 326/1/105
f 20/1/363 332/1/363 21/1/363
f 330/1/364 336/1/364 331/1/364
f 334/1/365 340/1/365 335/1/365
f 338/1/366 344/1/366 339/1/366
f 342/1/367 348/1/367 343/1/367
f 346/1/368 352/1/368 347/1/368
f 353/1/369 351/1/369 350/1/369
f 33/1/370 355/1/370 354/1/370
f 23/1/159 360/1/159 24/1/159
f 358/1/159 364/1/159 359/1/159
f 362/1/158 368/1/158 363/1/158
f 366/1/159 372/1/159 367/1/159
f 370/1/159 376/1/159 371/1/159
f 374/1/159 380/1/159 375/1/159
f 381/1/158 379/1/158 378/1/158
f 36/1/159 383/1/159 382/1/159
f 5/1/371 388/1/371 6/1/371
f 386/1/372 392/1/372 387/1/372
f 393/1/373 391/1/373 390/1/373
f 397/1/374 395/1/374 394/1/374
f 401/1/375 399/1/375 398/1/375
f 405/1/376 403/1/376 402/1/376
f 409/1/377 407/1/377 406/1/377
f 39/1/378 411/1/378 410/1/378
f 8/1/379 416/1/379 9/1/379
f 414/1/380 420/1/380 415/1/380
f 421/1/381 419/1/381 418/1/381
f 425/1/382 423/1/382 422/1/382
f 429/1/383 427/1/383 426/1/383
f 433/1/384 431/1/384 430/1/384
f 437/1/385 435/1/385 434/1/385
f 42/1/386 439/1/386 438/1/386
f 11/1/387 444/1/387 12/1/387
f 442/1/388 448/1/388 443/1/388
f 449/1/389 447/1/389 446/1/389
f 453/1/390 451/1/390 450/1/390
f 457/1/391 455/1/391 454/1/391
f 461/1/392 459/1/392 458/1/392
f 465/1/393 463/1/393 462/1/393
f 45/1/394 467/1/394 466/1/394
f 2/1/395 472/1/395 3/1/395
f 470/1/396 476/1/396 471/1/396
f 477/1/397 475/1/397 474/1/397
f 481/1/398 479/1/398 478/1/398
f 485/1/399 483/1/399 482/1/399
f 489/1/400 487/1/400 486/1/400
f 493/1/401 491/1/401 490/1/401
f 48/1/402 495/1/402 494/1/402
f 518/1/1 513/1/1 516/1/1
f 519/1/1 521/1/1 520/1/1
f 523/1/1 525/1/1 524/1/1
f 515/1/1 532/1/1 516/1/1
f 534/1/1 519/1/1 518/1/1
f 538/1/1 523/1/1 522/1/1
f 542/1/1 527/1/1 526/1/1
f 531/1/1 534/1/1 532/1/1
f 536/1/1 538/1/1 533/1/1
f 540/1/1 542/1/1 537/1/1
f 530/1/1 548/1/1 531/1/1
f 550/1/1 536/1/1 535/1/1
f 554/1/1 540/1/1 539/1/1
f 558/1/1 544/1/1 543/1/1
f 547/1/1 550/1/1 548/1/1
f 552/1/1 554/1/1 549/1/1
f 556/1/1 558/1/1 553/1/1
f 564/1/1 565/1/1 561/1/1
f 567/1/1 569/1/1 568/1/1
f 574/1/1 572/1/1 571/1/1
f 577/1/1 564/1/1 563/1/1
f 582/1/1 567/1/1 566/1/1
f 586/1/1 571/1/1 570/1/1
f 574/1/1 589/1/1 575/1/1
f 579/1/1 582/1/1 580/1/1
f 584/1/1 586/1/1 581/1/1
f 588/1/1 590/1/1 585/1/1
f 593/1/1 579/1/1 578/1/1
f 598/1/1 584/1/1 583/1/1
f 602/1/1 588/1/1 587/1/1
f 591/1/1 605/1/1 592/1/1
f 595/1/1 598/1/1 596/1/1
f 600/1/1 602/1/1 597/1/1
f 604/1/1 606/1/1 601/1/1
f 612/1/1 613/1/1 609/1/1
f 615/1/1 617/1/1 616/1/1
f 622/1/1 620/1/1 619/1/1
f 625/1/1 612/1/1 611/1/1
f 630/1/1 615/1/1 614/1/1
f 634/1/1 619/1/1 618/1/1
f 622/1/1 637/1/1 623/1/1
f 627/1/1 630/1/1 628/1/1
f 632/1/1 634/1/1 629/1/1
f 636/1/1 638/1/1 633/1/1
f 641/1/1 627/1/1 626/1/1
f 646/1/1 632/1/1 631/1/1
f 650/1/1 636/1/1 635/1/1
f 639/1/1 653/1/1 640/1/1
f 643/1/1 646/1/1 644/1/1
f 648/1/1 650/1/1 645/1/1
f 652/1/1 654/1/1 649/1/1
f 660/1/1 661/1/1 657/1/1
f 663/1/1 665/1/1 664/1/1
f 667/1/1 669/1/1 668/1/1
f 673/1/1 660/1/1 659/1/1
f 678/1/1 663/1/1 662/1/1
f 682/1/1 667/1/1 666/1/1
f 686/1/1 671/1/1 670/1/1
f 675/1/1 678/1/1 676/1/1
f 680/1/1 682/1/1 677/1/1
f 684/1/1 686/1/1 681/1/1
f 689/1/1 675/1/1 674/1/1
f 694/1/1 680/1/1 679/1/1
f 698/1/1 684/1/1 683/1/1
f 702/1/1 688/1/1 687/1/1
f 691/1/1 694/1/1 692/1/1
f 696/1/1 698/1/1 693/1/1
f 700/1/1 702/1/1 697/1/1
f 708/1/1 709/1/1 705/1/1
f 711/1/1 713/1/1 712/1/1
f 715/1/1 717/1/1 716/1/1
f 721/1/1 708/1/1 707/1/1
f 726/1/1 711/1/1 710/1/1
f 730/1/1 715/1/1 714/1/1
f 734/1/1 719/1/1 718/1/1
f 723/1/1 726/1/1 724/1/1
f 728/1/1 730/1/1 725/1/1
f 732/1/1 734/1/1 729/1/1
f 737/1/1 723/1/1 722/1/1
f 742/1/1 728/1/1 727/1/1
f 746/1/1 732/1/1 731/1/1
f 750/1/1 736/1/1 735/1/1
f 739/1/1 742/1/1 740/1/1
f 744/1/1 746/1/1 741/1/1
f 748/1/1 750/1/1 745/1/1
f 756/1/1 757/1/1 753/1/1
f 759/1/1 761/1/1 760/1/1
f 766/1/1 764/1/1 763/1/1
f 769/1/1 756/1/1 755/1/1
f 774/1/1 759/1/1 758/1/1
f 778/1/1 763/1/1 762/1/1
f 766/1/1 781/1/1 767/1/1
f 771/1/1 774/1/1 772/1/1
f 776/1/1 778/1/1 773/1/1
f 780/1/1 782/1/1 777/1/1
f 785/1/1 771/1/1 770/1/1
f 790/1/1 776/1/1 775/1/1
f 794/1/1 780/1/1 779/1/1
f 783/1/1 797/1/1 784/1/1
f 787/1/1 790/1/1 788/1/1
f 792/1/1 794/1/1 789/1/1
f 796/1/1 798/1/1 793/1/1
f 804/1/1 805/1/1 801/1/1
f 807/1/1 809/1/1 808/1/1
f 814/1/1 812/1/1 811/1/1
f 817/1/1 804/1/1 803/1/1
f 822/1/1 807/1/1 806/1/1
f 826/1/1 811/1/1 810/1/1
f 814/1/1 829/1/1 815/1/1
f 819/1/1 822/1/1 820/1/1
f 824/1/1 826/1/1 821/1/1
f 828/1/1 830/1/1 825/1/1
f 833/1/1 819/1/1 818/1/1
f 838/1/1 824/1/1 823/1/1
f 842/1/1 828/1/1 827/1/1
f 831/1/1 845/1/1 832/1/1
f 835/1/1 838/1/1 836/1/1
f 840/1/1 842/1/1 837/1/1
f 844/1/1 846/1/1 841/1/1
f 852/1/1 853/1/1 849/1/1
f 855/1/1 857/1/1 856/1/1
f 859/1/1 861/1/1 860/1/1
f 865/1/1 852/1/1 851/1/1
f 870/1/1 855/1/1 854/1/1
f 874/1/1 859/1/1 858/1/1
f 878/1/1 863/1/1 862/1/1
f 867/1/1 870/1/1 868/1/1
f 872/1/1 874/1/1 869/1/1
f 876/1/1 878/1/1 873/1/1
f 881/1/1 867/1/1 866/1/1
f 886/1/1 872/1/1 871/1/1
f 890/1/1 876/1/1 875/1/1
f 894/1/1 880/1/1 879/1/1
f 883/1/1 886/1/1 884/1/1
f 888/1/1 890/1/1 885/1/1
f 892/1/1 894/1/1 889/1/1
f 900/1/1 901/1/1 897/1/1
f 903/1/1 905/1/1 904/1/1
f 907/1/1 909/1/1 908/1/1
f 913/1/1 900/1/1 899/1/1
f 918/1/1 903/1/1 902/1/1
f 922/1/1 907/1/1 906/1/1
f 926/1/1 911/1/1 910/1/1
f 915/1/1 918/1/1 916/1/1
f 920/1/1 922/1/1 917/1/1
f 924/1/1 926/1/1 921/1/1
f 929/1/1 915/1/1 914/1/1
f 934/1/1 920/1/1 919/1/1
f 938/1/1 924/1/1 923/1/1
f 942/1/1 928/1/1 927/1/1
f 931/1/1 934/1/1 932/1/1
f 936/1/1 938/1/1 933/1/1
f 940/1/1 942/1/1 937/1/1
f 950/1/1 945/1/1 948/1/1
f 951/1/1 953/1/1 952/1/1
f 958/1/1 956/1/1 955/1/1
f 947/1/1 964/1/1 948/1/1
f 966/1/1 951/1/1 950/1/1
f 970/1/1 955/1/1 954/1/1
f 958/1/1 973/1/1 959/1/1
f 963/1/1 966/1/1 964/1/1
f 968/1/1 970/1/1 965/1/1
f 972/1/1 974/1/1 969/1/1
f 977/1/1 963/1/1 962/1/1
f 982/1/1 968/1/1 967/1/1
f 986/1/1 972/1/1 971/1/1
f 975/1/1 989/1/1 976/1/1
f 979/1/1 982/1/1 980/1/1
f 984/1/1 986/1/1 981/1/1
f 988/1/1 990/1/1 985/1/1
f 998/1/1 993/1/1 996/1/1
f 1002/1/1 1000/1/1 999/1/1
f 1006/1/1 1004/1/1 1003/1/1
f 1009/1/1 996/1/1 995/1/1
f 1014/1/1 999/1/1 998/1/1
f 1018/1/1 1003/1/1 1002/1/1
f 1006/1/1 1021/1/1 1007/1/1
f 1011/1/1 1014/1/1 1012/1/1
f 1016/1/1 1018/1/1 1013/1/1
f 1020/1/1 1022/1/1 1017/1/1
f 1025/1/1 1011/1/1 1010/1/1
f 1030/1/1 1016/1/1 1015/1/1
f 1034/1/1 1020/1/1 1019/1/1
f 1023/1/1 1037/1/1 1024/1/1
f 1027/1/1 1030/1/1 1028/1/1
f 1032/1/1 1034/1/1 1029/1/1
f 1036/1/1 1038/1/1 1033/1/1
f 1044/1/1 1045/1/1 1041/1/1
f 1047/1/1 1049/1/1 1048/1/1
f 1051/1/1 1053/1/1 1052/1/1
f 1057/1/1 1044/1/1 1043/1/1
f 1062/1/1 1047/1/1 1046/1/1
f 1066/1/1 1051/1/1 1050/1/1
f 1070/1/1 1055/1/1 1054/1/1
f 1059/1/1 1062/1/1 1060/1/1
f 1064/1/1 1066/1/1 1061/1/1
f 1068/1/1 1070/1/1 1065/1/1
f 1073/1/1 1059/1/1 1058/1/1
f 1078/1/1 1064/1/1 1063/1/1
f 1082/1/1 1068/1/1 1067/1/1
f 1086/1/1 1072/1/1 1071/1/1
f 1075/1/1 1078/1/1 1076/1/1
f 1080/1/1 1082/1/1 1077/1/1
f 1084/1/1 1086/1/1 1081/1/1
f 1092/1/1 1093/1/1 1089/1/1
f 1095/1/1 1097/1/1 1096/1/1
f 1099/1/1 1101/1/1 1100/1/1
f 1105/1/1 1092/1/1 1091/1/1
f 1110/1/1 1095/1/1 1094/1/1
f 1114/1/1 1099/1/1 1098/1/1
f 1118/1/1 1103/1/1 1102/1/1
f 1107/1/1 1110/1/1 1108/1/1
f 1112/1/1 1114/1/1 1109/1/1
f 1116/1/1 1118/1/1 1113/1/1
f 1121/1/1 1107/1/1 1106/1/1
f 1126/1/1 1112/1/1 1111/1/1
f 1130/1/1 1116/1/1 1115/1/1
f 1134/1/1 1120/1/1 1119/1/1
f 1123/1/1 1126/1/1 1124/1/1
f 1128/1/1 1130/1/1 1125/1/1
f 1132/1/1 1134/1/1 1129/1/1
f 1140/1/1 1141/1/1 1137/1/1
f 1143/1/1 1145/1/1 1144/1/1
f 1150/1/1 1148/1/1 1147/1/1
f 1153/1/1 1140/1/1 1139/1/1
f 1158/1/1 1143/1/1 1142/1/1
f 1162/1/1 1147/1/1 1146/1/1
f 1150/1/1 1165/1/1 1151/1/1
f 1155/1/1 1158/1/1 1156/1/1
f 1160/1/1 1162/1/1 1157/1/1
f 1164/1/1 1166/1/1 1161/1/1
f 1169/1/1 1155/1/1 1154/1/1
f 1174/1/1 1160/1/1 1159/1/1
f 1178/1/1 1164/1/1 1163/1/1
f 1167/1/1 1181/1/1 1168/1/1
f 1171/1/1 1174/1/1 1172/1/1
f 1176/1/1 1178/1/1 1173/1/1
f 1180/1/1 1182/1/1 1177/1/1
f 1188/1/1 1189/1/1 1185/1/1
f 1191/1/1 1193/1/1 1192/1/1
f 1198/1/1 1196/1/1 1195/1/1
f 1201/1/1 1188/1/1 1187/1/1
f 1206/1/1 1191/1/1 1190/1/1
f 1210/1/1 1195/1/1 1194/1/1
f 1198/1/1 1213/1/1 1199/1/1
f 1203/1/1 1206/1/1 1204/1/1
f 1208/1/1 1210/1/1 1205/1/1
f 1212/1/1 1214/1/1 1209/1/1
f 1217/1/1 1203/1/1 1202/1/1
f 1222/1/1 1208/1/1 1207/1/1
f 1226/1/1 1212/1/1 1211/1/1
f 1215/1/1 1229/1/1 1216/1/1
f 1219/1/1 1222/1/1 1220/1/1
f 1224/1/1 1226/1/1 1221/1/1
f 1228/1/1 1230/1/1 1225/1/1
f 1236/1/1 1237/1/1 1233/1/1
f 1239/1/1 1241/1/1 1240/1/1
f 1243/1/1 1245/1/1 1244/1/1
f 1249/1/1 1236/1/1 1235/1/1
f 1254/1/1 1239/1/1 1238/1/1
f 1258/1/1 1243/1/1 1242/1/1
f 1262/1/1 1247/1/1 1246/1/1
f 1251/1/1 1254/1/1 1252/1/1
f 1256/1/1 1258/1/1 1253/1/1
f 1260/1/1 1262/1/1 1257/1/1
f 1265/1/1 1251/1/1 1250/1/1
f 1270/1/1 1256/1/1 1255/1/1
f 1274/1/1 1260/1/1 1259/1/1
f 1278/1/1 1264/1/1 1263/1/1
f 1267/1/1 1270/1/1 1268/1/1
f 1272/1/1 1274/1/1 1269/1/1
f 1276/1/1 1278/1/1 1273/1/1
f 527/1/1 594/1/1 528/1/1
f 600/1/1 541/1/1 544/1/1
f 604/1/1 557/1/1 560/1/1
f 643/1/1 576/1/1 575/1/1
f 648/1/1 589/1/1 592/1/1
f 652/1/1 605/1/1 608/1/1
f 691/1/1 624/1/1 623/1/1
f 696/1/1 637/1/1 640/1/1
f 700/1/1 653/1/1 656/1/1
f 671/1/1 738/1/1 672/1/1
f 744/1/1 685/1/1 688/1/1
f 748/1/1 701/1/1 704/1/1
f 719/1/1 786/1/1 720/1/1
f 792/1/1 733/1/1 736/1/1
f 796/1/1 749/1/1 752/1/1
f 835/1/1 768/1/1 767/1/1
f 840/1/1 781/1/1 784/1/1
f 844/1/1 797/1/1 800/1/1
f 883/1/1 816/1/1 815/1/1
f 888/1/1 829/1/1 832/1/1
f 892/1/1 845/1/1 848/1/1
f 863/1/1 930/1/1 864/1/1
f 936/1/1 877/1/1 880/1/1
f 940/1/1 893/1/1 896/1/1
f 911/1/1 978/1/1 912/1/1
f 984/1/1 925/1/1 928/1/1
f 988/1/1 941/1/1 944/1/1
f 1027/1/1 960/1/1 959/1/1
f 1032/1/1 973/1/1 976/1/1
f 1036/1/1 989/1/1 992/1/1
f 1075/1/1 1008/1/1 1007/1/1
f 1080/1/1 1021/1/1 1024/1/1
f 1084/1/1 1037/1/1 1040/1/1
f 1055/1/1 1122/1/1 1056/1/1
f 1128/1/1 1069/1/1 1072/1/1
f 1132/1/1 1085/1/1 1088/1/1
f 1103/1/1 1170/1/1 1104/1/1
f 1176/1/1 1117/1/1 1120/1/1
f 1180/1/1 1133/1/1 1136/1/1
f 1219/1/1 1152/1/1 1151/1/1
f 1224/1/1 1165/1/1 1168/1/1
f 1228/1/1 1181/1/1 1184/1/1
f 1267/1/1 1200/1/1 1199/1/1
f 1272/1/1 1213/1/1 1216/1/1
f 1276/1/1 1229/1/1 1232/1/1
f 1247/1/1 546/1/1 1248/1/1
f 552/1/1 1261/1/1 1264/1/1
f 556/1/1 1277/1/1 1280/1/1
f 560/1/1 497/1/1 512/1/1
f 511/1/1 607/1/1 512/1/1
f 510/1/1 655/1/1 511/1/1
f 704/1/1 510/1/1 509/1/1
f 752/1/1 509/1/1 508/1/1
f 507/1/1 799/1/1 508/1/1
f 506/1/1 847/1/1 507/1/1
f 896/1/1 506/1/1 505/1/1
f 944/1/1 505/1/1 504/1/1
f 503/1/1 991/1/1 504/1/1
f 502/1/1 1039/1/1 503/1/1
f 1088/1/1 502/1/1 501/1/1
f 1136/1/1 501/1/1 500/1/1
f 499/1/1 1183/1/1 500/1/1
f 498/1/1 1231/1/1 499/1/1
f 1280/1/1 498/1/1 497/1/1
f 299/1/1 513/1/1 300/1/1
f 517/1/1 296/1/1 295/1/1
f 521/1/1 292/1/1 291/1/1
f 525/1/1 288/1/1 287/1/1
f 515/1/2 52/1/2 51/1/2
f 530/1/1 56/1/1 55/1/1
f 546/1/1 60/1/1 59/1/1
f 187/1/1 561/1/1 188/1/1
f 183/1/1 568/1/1 184/1/1
f 179/1/1 572/1/1 180/1/1
f 175/1/1 576/1/1 176/1/1
f 563/1/1 276/1/1 275/1/1
f 578/1/1 280/1/1 279/1/1
f 594/1/1 284/1/1 283/1/1
f 411/1/1 609/1/1 412/1/1
f 407/1/1 616/1/1 408/1/1
f 403/1/1 620/1/1 404/1/1
f 399/1/1 624/1/1 400/1/1
f 611/1/1 164/1/1 163/1/1
f 167/1/1 625/1/1 168/1/1
f 171/1/1 641/1/1 172/1/1
f 658/1/1 104/1/1 103/1/1
f 661/1/1 100/1/1 99/1/1
f 665/1/1 96/1/1 95/1/1
f 669/1/1 92/1/1 91/1/1
f 387/1/1 658/1/1 388/1/1
f 391/1/1 673/1/1 392/1/1
f 395/1/1 689/1/1 396/1/1
f 327/1/1 705/1/1 328/1/1
f 709/1/1 324/1/1 323/1/1
f 713/1/1 320/1/1 319/1/1
f 717/1/1 316/1/1 315/1/1
f 707/1/1 80/1/1 79/1/1
f 722/1/1 84/1/1 83/1/1
f 738/1/1 88/1/1 87/1/1
f 215/1/1 753/1/1 216/1/1
f 211/1/1 760/1/1 212/1/1
f 207/1/1 764/1/1 208/1/1
f 203/1/1 768/1/1 204/1/1
f 755/1/1 304/1/1 303/1/1
f 770/1/1 308/1/1 307/1/1
f 786/1/1 312/1/1 311/1/1
f 439/1/1 801/1/1 440/1/1
f 435/1/1 808/1/1 436/1/1
f 431/1/1 812/1/1 432/1/1
f 427/1/1 816/1/1 428/1/1
f 803/1/1 192/1/1 191/1/1
f 195/1/1 817/1/1 196/1/1
f 199/1/1 833/1/1 200/1/1
f 850/1/1 132/1/1 131/1/1
f 853/1/1 128/1/1 127/1/1
f 857/1/1 124/1/1 123/1/1
f 861/1/1 120/1/1 119/1/1
f 415/1/1 850/1/1 416/1/1
f 419/1/1 865/1/1 420/1/1
f 423/1/1 881/1/1 424/1/1
f 355/1/1 897/1/1 356/1/1
f 901/1/1 352/1/1 351/1/1
f 905/1/1 348/1/1 347/1/1
f 909/1/1 344/1/1 343/1/1
f 899/1/1 108/1/1 107/1/1
f 914/1/1 112/1/1 111/1/1
f 930/1/1 116/1/1 115/1/1
f 243/1/1 945/1/1 244/1/1
f 239/1/1 952/1/1 240/1/1
f 235/1/1 956/1/1 236/1/1
f 231/1/1 960/1/1 232/1/1
f 947/1/1 332/1/1 331/1/1
f 962/1/1 336/1/1 335/1/1
f 978/1/1 340/1/1 339/1/1
f 467/1/1 993/1/1 468/1/1
f 463/1/2 1000/1/2 464/1/2
f 459/1/1 1004/1/1 460/1/1
f 455/1/1 1008/1/1 456/1/1
f 995/1/1 220/1/1 219/1/1
f 223/1/1 1009/1/1 224/1/1
f 227/1/1 1025/1/1 228/1/1
f 1042/1/1 160/1/1 159/1/1
f 1045/1/1 156/1/1 155/1/1
f 1049/1/1 152/1/1 151/1/1
f 1053/1/1 148/1/1 147/1/1
f 443/1/1 1042/1/1 444/1/1
f 447/1/1 1057/1/1 448/1/1
f 451/1/1 1073/1/1 452/1/1
f 383/1/1 1089/1/1 384/1/1
f 1093/1/1 380/1/1 379/1/1
f 1097/1/1 376/1/1 375/1/1
f 1101/1/1 372/1/1 371/1/1
f 1091/1/1 136/1/1 135/1/1
f 1106/1/1 140/1/1 139/1/1
f 1122/1/1 144/1/1 143/1/1
f 271/1/1 1137/1/1 272/1/1
f 267/1/1 1144/1/1 268/1/1
f 263/1/1 1148/1/1 264/1/1
f 259/1/1 1152/1/1 260/1/1
f 1139/1/1 360/1/1 359/1/1
f 1154/1/1 364/1/1 363/1/1
f 1170/1/1 368/1/1 367/1/1
f 495/1/1 1185/1/1 496/1/1
f 491/1/1 1192/1/1 492/1/1
f 487/1/1 1196/1/1 488/1/1
f 483/1/1 1200/1/1 484/1/1
f 1187/1/1 248/1/1 247/1/1
f 251/1/1 1201/1/1 252/1/1
f 255/1/1 1217/1/1 256/1/1
f 1234/1/1 76/1/1 75/1/1
f 1237/1/1 72/1/1 71/1/1
f 1241/1/1 68/1/1 67/1/1
f 1245/1/1 64/1/1 63/1/1
f 471/1/1 1234/1/1 472/1/1
f 475/1/1 1249/1/1 476/1/1
f 479/1/1 1265/1/1 480/1/1
f 1330/1/403 1305/1/403 1307/1/403
f 1334/1/404 1332/1/404 1331/1/404
f 1338/1/405 1336/1/405 1335/1/405
f 1342/1/406 1340/1/406 1339/1/406
f 1346/1/407 1344/1/407 1343/1/407
f 1350/1/408 1348/1/408 1347/1/408
f 1351/1/409 1353/1/409 1352/1/409
f 1355/1/410 1281/1/410 1356/1/410
f 1358/1/411 1308/1/411 1310/1/411
f 1362/1/412 1360/1/412 1359/1/412
f 1366/1/413 1364/1/413 1363/1/413
f 1370/1/414 1368/1/414 1367/1/414
f 1374/1/415 1372/1/415 1371/1/415
f 1378/1/416 1376/1/416 1375/1/416
f 1379/1/417 1381/1/417 1380/1/417
f 1383/1/418 1284/1/418 1384/1/418
f 1386/1/419 1311/1/419 1313/1/419
f 1390/1/420 1388/1/420 1387/1/420
f 1394/1/421 1392/1/421 1391/1/421
f 1398/1/422 1396/1/422 1395/1/422
f 1402/1/423 1400/1/423 1399/1/423
f 1406/1/424 1404/1/424 1403/1/424
f 1407/1/425 1409/1/425 1408/1/425
f 1411/1/426 1287/1/426 1412/1/426
f 1414/1/427 1314/1/427 1316/1/427
f 1418/1/428 1416/1/428 1415/1/428
f 1422/1/429 1420/1/429 1419/1/429
f 1426/1/430 1424/1/430 1423/1/430
f 1430/1/431 1428/1/431 1427/1/431
f 1434/1/432 1432/1/432 1431/1/432
f 1435/1/433 1437/1/433 1436/1/433
f 1439/1/434 1290/1/434 1440/1/434
f 1442/1/435 1317/1/435 1319/1/435
f 1446/1/436 1444/1/436 1443/1/436
f 1447/1/437 1449/1/437 1448/1/437
f 1451/1/438 1453/1/438 1452/1/438
f 1455/1/439 1457/1/439 1456/1/439
f 1459/1/440 1461/1/440 1460/1/440
f 1463/1/441 1465/1/441 1464/1/441
f 1467/1/442 1293/1/442 1468/1/442
f 1470/1/208 1320/1/208 1322/1/208
f 1474/1/254 1472/1/254 1471/1/254
f 1475/1/254 1477/1/254 1476/1/254
f 1479/1/208 1481/1/208 1480/1/208
f 1483/1/254 1485/1/254 1484/1/254
f 1487/1/208 1489/1/208 1488/1/208
f 1491/1/208 1493/1/208 1492/1/208
f 1495/1/208 1296/1/208 1496/1/208
f 1498/1/443 1323/1/443 1325/1/443
f 1502/1/444 1500/1/444 1499/1/444
f 1503/1/445 1505/1/445 1504/1/445
f 1507/1/446 1509/1/446 1508/1/446
f 1511/1/447 1513/1/447 1512/1/447
f 1515/1/448 1517/1/448 1516/1/448
f 1519/1/449 1521/1/449 1520/1/449
f 1523/1/450 1299/1/450 1524/1/450
f 1526/1/262 1326/1/262 1328/1/262
f 1530/1/262 1528/1/262 1527/1/262
f 1531/1/262 1533/1/262 1532/1/262
f 1535/1/263 1537/1/263 1536/1/263
f 1539/1/262 1541/1/262 1540/1/262
f 1543/1/262 1545/1/262 1544/1/262
f 1547/1/262 1549/1/262 1548/1/262
f 1551/1/262 1302/1/262 1552/1/262
f 1554/1/451 1295/1/451 1294/1/451
f 1558/1/452 1556/1/452 1555/1/452
f 1562/1/453 1560/1/453 1559/1/453
f 1566/1/454 1564/1/454 1563/1/454
f 1570/1/455 1568/1/455 1567/1/455
f 1571/1/456 1573/1/456 1572/1/456
f 1575/1/457 1577/1/457 1576/1/457
f 1579/1/458 1306/1/458 1580/1/458
f 1582/1/254 1298/1/254 1297/1/254
f 1586/1/208 1584/1/208 1583/1/208
f 1590/1/254 1588/1/254 1587/1/254
f 1594/1/254 1592/1/254 1591/1/254
f 1598/1/208 1596/1/208 1595/1/208
f 1602/1/254 1600/1/254 1599/1/254
f 1603/1/254 1605/1/254 1604/1/254
f 1607/1/254 1309/1/254 1608/1/254
f 1610/1/459 1301/1/459 1300/1/459
f 1614/1/460 1612/1/460 1611/1/460
f 1618/1/461 1616/1/461 1615/1/461
f 1622/1/462 1620/1/462 1619/1/462
f 1626/1/463 1624/1/463 1623/1/463
f 1630/1/464 1628/1/464 1627/1/464
f 1631/1/465 1633/1/465 1632/1/465
f 1635/1/466 1312/1/466 1636/1/466
f 1638/1/262 1304/1/262 1303/1/262
f 1642/1/262 1640/1/262 1639/1/262
f 1646/1/263 1644/1/263 1643/1/263
f 1650/1/262 1648/1/262 1647/1/262
f 1654/1/262 1652/1/262 1651/1/262
f 1658/1/262 1656/1/262 1655/1/262
f 1659/1/262 1661/1/262 1660/1/262
f 1663/1/262 1315/1/262 1664/1/262
f 1666/1/467 1286/1/467 1285/1/467
f 1670/1/468 1668/1/468 1667/1/468
f 1671/1/469 1673/1/469 1672/1/469
f 1675/1/470 1677/1/470 1676/1/470
f 1679/1/471 1681/1/471 1680/1/471
f 1683/1/472 1685/1/472 1684/1/472
f 1687/1/473 1689/1/473 1688/1/473
f 1691/1/474 1318/1/474 1692/1/474
f 1694/1/475 1289/1/475 1288/1/475
f 1698/1/476 1696/1/476 1695/1/476
f 1699/1/477 1701/1/477 1700/1/477
f 1703/1/478 1705/1/478 1704/1/478
f 1707/1/479 1709/1/479 1708/1/479
f 1711/1/480 1713/1/480 1712/1/480
f 1715/1/481 1717/1/481 1716/1/481
f 1719/1/482 1321/1/482 1720/1/482
f 1722/1/483 1292/1/483 1291/1/483
f 1726/1/484 1724/1/484 1723/1/484
f 1727/1/485 1729/1/485 1728/1/485
f 1731/1/486 1733/1/486 1732/1/486
f 1735/1/487 1737/1/487 1736/1/487
f 1739/1/488 1741/1/488 1740/1/488
f 1743/1/489 1745/1/489 1744/1/489
f 1747/1/490 1324/1/490 1748/1/490
f 1750/1/491 1283/1/491 1282/1/491
f 1754/1/492 1752/1/492 1751/1/492
f 1755/1/493 1757/1/493 1756/1/493
f 1759/1/494 1761/1/494 1760/1/494
f 1763/1/495 1765/1/495 1764/1/495
f 1767/1/496 1769/1/496 1768/1/496
f 1771/1/497 1773/1/497 1772/1/497
f 1775/1/498 1327/1/498 1776/1/498
f 1793/1/2 1800/1/2 1794/1/2
f 1801/1/2 1799/1/2 1798/1/2
f 1805/1/2 1803/1/2 1802/1/2
f 1810/1/2 1795/1/2 1794/1/2
f 1799/1/2 1816/1/2 1800/1/2
f 1803/1/2 1820/1/2 1804/1/2
f 1807/1/2 1824/1/2 1808/1/2
f 1816/1/2 1811/1/2 1810/1/2
f 1820/1/2 1814/1/2 1813/1/2
f 1824/1/2 1818/1/2 1817/1/2
f 1826/1/2 1812/1/2 1811/1/2
f 1814/1/2 1832/1/2 1815/1/2
f 1818/1/2 1836/1/2 1819/1/2
f 1822/1/2 1840/1/2 1823/1/2
f 1832/1/2 1827/1/2 1826/1/2
f 1836/1/2 1830/1/2 1829/1/2
f 1840/1/2 1834/1/2 1833/1/2
f 1845/1/2 1842/1/2 1841/1/2
f 1849/1/2 1847/1/2 1846/1/2
f 1850/1/2 1856/1/2 1851/1/2
f 1842/1/2 1857/1/2 1843/1/2
f 1847/1/2 1864/1/2 1848/1/2
f 1851/1/2 1868/1/2 1852/1/2
f 1869/1/2 1856/1/2 1855/1/2
f 1864/1/2 1859/1/2 1858/1/2
f 1868/1/2 1862/1/2 1861/1/2
f 1872/1/2 1866/1/2 1865/1/2
f 1859/1/2 1873/1/2 1860/1/2
f 1862/1/2 1880/1/2 1863/1/2
f 1866/1/2 1884/1/2 1867/1/2
f 1885/1/2 1871/1/2 1870/1/2
f 1880/1/2 1875/1/2 1874/1/2
f 1884/1/2 1878/1/2 1877/1/2
f 1888/1/2 1882/1/2 1881/1/2
f 1893/1/2 1890/1/2 1889/1/2
f 1897/1/2 1895/1/2 1894/1/2
f 1898/1/2 1904/1/2 1899/1/2
f 1890/1/2 1905/1/2 1891/1/2
f 1895/1/2 1912/1/2 1896/1/2
f 1899/1/2 1916/1/2 1900/1/2
f 1917/1/2 1904/1/2 1903/1/2
f 1912/1/2 1907/1/2 1906/1/2
f 1916/1/2 1910/1/2 1909/1/2
f 1920/1/2 1914/1/2 1913/1/2
f 1907/1/2 1921/1/2 1908/1/2
f 1910/1/2 1928/1/2 1911/1/2
f 1914/1/2 1932/1/2 1915/1/2
f 1933/1/2 1919/1/2 1918/1/2
f 1928/1/2 1923/1/2 1922/1/2
f 1932/1/2 1926/1/2 1925/1/2
f 1936/1/2 1930/1/2 1929/1/2
f 1941/1/2 1938/1/2 1937/1/2
f 1945/1/2 1943/1/2 1942/1/2
f 1949/1/2 1947/1/2 1946/1/2
f 1938/1/2 1953/1/2 1939/1/2
f 1943/1/2 1960/1/2 1944/1/2
f 1947/1/2 1964/1/2 1948/1/2
f 1951/1/2 1968/1/2 1952/1/2
f 1960/1/2 1955/1/2 1954/1/2
f 1964/1/2 1958/1/2 1957/1/2
f 1968/1/2 1962/1/2 1961/1/2
f 1955/1/2 1969/1/2 1956/1/2
f 1958/1/2 1976/1/2 1959/1/2
f 1962/1/2 1980/1/2 1963/1/2
f 1966/1/2 1984/1/2 1967/1/2
f 1976/1/2 1971/1/2 1970/1/2
f 1980/1/2 1974/1/2 1973/1/2
f 1984/1/2 1978/1/2 1977/1/2
f 1989/1/2 1986/1/2 1985/1/2
f 1993/1/2 1991/1/2 1990/1/2
f 1997/1/2 1995/1/2 1994/1/2
f 1986/1/2 2001/1/2 1987/1/2
f 1991/1/2 2008/1/2 1992/1/2
f 1995/1/2 2012/1/2 1996/1/2
f 1999/1/2 2016/1/2 2000/1/2
f 2008/1/2 2003/1/2 2002/1/2
f 2012/1/2 2006/1/2 2005/1/2
f 2016/1/2 2010/1/2 2009/1/2
f 2003/1/2 2017/1/2 2004/1/2
f 2006/1/2 2024/1/2 2007/1/2
f 2010/1/2 2028/1/2 2011/1/2
f 2014/1/2 2032/1/2 2015/1/2
f 2024/1/2 2019/1/2 2018/1/2
f 2028/1/2 2022/1/2 2021/1/2
f 2032/1/2 2026/1/2 2025/1/2
f 2037/1/2 2034/1/2 2033/1/2
f 2041/1/2 2039/1/2 2038/1/2
f 2042/1/2 2048/1/2 2043/1/2
f 2034/1/2 2049/1/2 2035/1/2
f 2039/1/2 2056/1/2 2040/1/2
f 2043/1/2 2060/1/2 2044/1/2
f 2061/1/2 2048/1/2 2047/1/2
f 2056/1/2 2051/1/2 2050/1/2
f 2060/1/2 2054/1/2 2053/1/2
f 2064/1/2 2058/1/2 2057/1/2
f 2051/1/2 2065/1/2 2052/1/2
f 2054/1/2 2072/1/2 2055/1/2
f 2058/1/2 2076/1/2 2059/1/2
f 2077/1/2 2063/1/2 2062/1/2
f 2072/1/2 2067/1/2 2066/1/2
f 2076/1/2 2070/1/2 2069/1/2
f 2080/1/2 2074/1/2 2073/1/2
f 2085/1/2 2082/1/2 2081/1/2
f 2089/1/2 2087/1/2 2086/1/2
f 2090/1/2 2096/1/2 2091/1/2
f 2082/1/2 2097/1/2 2083/1/2
f 2087/1/2 2104/1/2 2088/1/2
f 2091/1/2 2108/1/2 2092/1/2
f 2109/1/2 2096/1/2 2095/1/2
f 2104/1/2 2099/1/2 2098/1/2
f 2108/1/2 2102/1/2 2101/1/2
f 2112/1/2 2106/1/2 2105/1/2
f 2099/1/2 2113/1/2 2100/1/2
f 2102/1/2 2120/1/2 2103/1/2
f 2106/1/2 2124/1/2 2107/1/2
f 2125/1/2 2111/1/2 2110/1/2
f 2120/1/2 2115/1/2 2114/1/2
f 2124/1/2 2118/1/2 2117/1/2
f 2128/1/2 2122/1/2 2121/1/2
f 2133/1/2 2130/1/2 2129/1/2
f 2137/1/2 2135/1/2 2134/1/2
f 2141/1/2 2139/1/2 2138/1/2
f 2130/1/2 2145/1/2 2131/1/2
f 2135/1/2 2152/1/2 2136/1/2
f 2139/1/2 2156/1/2 2140/1/2
f 2143/1/2 2160/1/2 2144/1/2
f 2152/1/2 2147/1/2 2146/1/2
f 2156/1/2 2150/1/2 2149/1/2
f 2160/1/2 2154/1/2 2153/1/2
f 2147/1/2 2161/1/2 2148/1/2
f 2150/1/2 2168/1/2 2151/1/2
f 2154/1/2 2172/1/2 2155/1/2
f 2158/1/2 2176/1/2 2159/1/2
f 2168/1/2 2163/1/2 2162/1/2
f 2172/1/2 2166/1/2 2165/1/2
f 2176/1/2 2170/1/2 2169/1/2
f 2181/1/2 2178/1/2 2177/1/2
f 2185/1/2 2183/1/2 2182/1/2
f 2189/1/2 2187/1/2 2186/1/2
f 2178/1/2 2193/1/2 2179/1/2
f 2183/1/2 2200/1/2 2184/1/2
f 2187/1/2 2204/1/2 2188/1/2
f 2191/1/2 2208/1/2 2192/1/2
f 2200/1/2 2195/1/2 2194/1/2
f 2204/1/2 2198/1/2 2197/1/2
f 2208/1/2 2202/1/2 2201/1/2
f 2195/1/2 2209/1/2 2196/1/2
f 2198/1/2 2216/1/2 2199/1/2
f 2202/1/2 2220/1/2 2203/1/2
f 2206/1/2 2224/1/2 2207/1/2
f 2216/1/2 2211/1/2 2210/1/2
f 2220/1/2 2214/1/2 2213/1/2
f 2224/1/2 2218/1/2 2217/1/2
f 2225/1/2 2232/1/2 2226/1/2
f 2233/1/2 2231/1/2 2230/1/2
f 2234/1/2 2240/1/2 2235/1/2
f 2242/1/2 2227/1/2 2226/1/2
f 2231/1/2 2248/1/2 2232/1/2
f 2235/1/2 2252/1/2 2236/1/2
f 2253/1/2 2240/1/2 2239/1/2
f 2248/1/2 2243/1/2 2242/1/2
f 2252/1/2 2246/1/2 2245/1/2
f 2256/1/2 2250/1/2 2249/1/2
f 2243/1/2 2257/1/2 2244/1/2
f 2246/1/2 2264/1/2 2247/1/2
f 2250/1/2 2268/1/2 2251/1/2
f 2269/1/2 2255/1/2 2254/1/2
f 2264/1/2 2259/1/2 2258/1/2
f 2268/1/2 2262/1/2 2261/1/2
f 2272/1/2 2266/1/2 2265/1/2
f 2273/1/2 2280/1/2 2274/1/2
f 2278/1/2 2284/1/2 2279/1/2
f 2282/1/2 2288/1/2 2283/1/2
f 2274/1/2 2289/1/2 2275/1/2
f 2279/1/2 2296/1/2 2280/1/2
f 2283/1/2 2300/1/2 2284/1/2
f 2301/1/2 2288/1/2 2287/1/2
f 2296/1/2 2291/1/2 2290/1/2
f 2300/1/2 2294/1/2 2293/1/2
f 2304/1/2 2298/1/2 2297/1/2
f 2291/1/2 2305/1/2 2292/1/2
f 2294/1/2 2312/1/2 2295/1/2
f 2298/1/2 2316/1/2 2299/1/2
f 2317/1/2 2303/1/2 2302/1/2
f 2312/1/2 2307/1/2 2306/1/2
f 2316/1/2 2310/1/2 2309/1/2
f 2320/1/2 2314/1/2 2313/1/2
f 2325/1/2 2322/1/2 2321/1/2
f 2329/1/2 2327/1/2 2326/1/2
f 2333/1/2 2331/1/2 2330/1/2
f 2322/1/2 2337/1/2 2323/1/2
f 2327/1/2 2344/1/2 2328/1/2
f 2331/1/2 2348/1/2 2332/1/2
f 2335/1/2 2352/1/2 2336/1/2
f 2344/1/2 2339/1/2 2338/1/2
f 2348/1/2 2342/1/2 2341/1/2
f 2352/1/2 2346/1/2 2345/1/2
f 2339/1/2 2353/1/2 2340/1/2
f 2342/1/2 2360/1/2 2343/1/2
f 2346/1/2 2364/1/2 2347/1/2
f 2350/1/2 2368/1/2 2351/1/2
f 2360/1/2 2355/1/2 2354/1/2
f 2364/1/2 2358/1/2 2357/1/2
f 2368/1/2 2362/1/2 2361/1/2
f 2373/1/2 2370/1/2 2369/1/2
f 2377/1/2 2375/1/2 2374/1/2
f 2381/1/2 2379/1/2 2378/1/2
f 2370/1/2 2385/1/2 2371/1/2
f 2375/1/2 2392/1/2 2376/1/2
f 2379/1/2 2396/1/2 2380/1/2
f 2383/1/2 2400/1/2 2384/1/2
f 2392/1/2 2387/1/2 2386/1/2
f 2396/1/2 2390/1/2 2389/1/2
f 2400/1/2 2394/1/2 2393/1/2
f 2387/1/2 2401/1/2 2388/1/2
f 2390/1/2 2408/1/2 2391/1/2
f 2394/1/2 2412/1/2 2395/1/2
f 2398/1/2 2416/1/2 2399/1/2
f 2408/1/2 2403/1/2 2402/1/2
f 2412/1/2 2406/1/2 2405/1/2
f 2416/1/2 2410/1/2 2409/1/2
f 2421/1/2 2418/1/2 2417/1/2
f 2425/1/2 2423/1/2 2422/1/2
f 2426/1/2 2432/1/2 2427/1/2
f 2418/1/2 2433/1/2 2419/1/2
f 2423/1/2 2440/1/2 2424/1/2
f 2427/1/2 2444/1/2 2428/1/2
f 2445/1/2 2432/1/2 2431/1/2
f 2440/1/2 2435/1/2 2434/1/2
f 2444/1/2 2438/1/2 2437/1/2
f 2448/1/2 2442/1/2 2441/1/2
f 2435/1/2 2449/1/2 2436/1/2
f 2438/1/2 2456/1/2 2439/1/2
f 2442/1/2 2460/1/2 2443/1/2
f 2461/1/2 2447/1/2 2446/1/2
f 2456/1/2 2451/1/2 2450/1/2
f 2460/1/2 2454/1/2 2453/1/2
f 2464/1/2 2458/1/2 2457/1/2
f 2469/1/2 2466/1/2 2465/1/2
f 2473/1/2 2471/1/2 2470/1/2
f 2474/1/2 2480/1/2 2475/1/2
f 2466/1/2 2481/1/2 2467/1/2
f 2471/1/2 2488/1/2 2472/1/2
f 2475/1/2 2492/1/2 2476/1/2
f 2493/1/2 2480/1/2 2479/1/2
f 2488/1/2 2483/1/2 2482/1/2
f 2492/1/2 2486/1/2 2485/1/2
f 2496/1/2 2490/1/2 2489/1/2
f 2483/1/2 2497/1/2 2484/1/2
f 2486/1/2 2504/1/2 2487/1/2
f 2490/1/2 2508/1/2 2491/1/2
f 2509/1/2 2495/1/2 2494/1/2
f 2504/1/2 2499/1/2 2498/1/2
f 2508/1/2 2502/1/2 2501/1/2
f 2512/1/2 2506/1/2 2505/1/2
f 2517/1/2 2514/1/2 2513/1/2
f 2521/1/2 2519/1/2 2518/1/2
f 2525/1/2 2523/1/2 2522/1/2
f 2514/1/2 2529/1/2 2515/1/2
f 2519/1/2 2536/1/2 2520/1/2
f 2523/1/2 2540/1/2 2524/1/2
f 2527/1/2 2544/1/2 2528/1/2
f 2536/1/2 2531/1/2 2530/1/2
f 2540/1/2 2534/1/2 2533/1/2
f 2544/1/2 2538/1/2 2537/1/2
f 2531/1/2 2545/1/2 2532/1/2
f 2534/1/2 2552/1/2 2535/1/2
f 2538/1/2 2556/1/2 2539/1/2
f 2542/1/2 2560/1/2 2543/1/2
f 2552/1/2 2547/1/2 2546/1/2
f 2556/1/2 2550/1/2 2549/1/2
f 2560/1/2 2554/1/2 2553/1/2
f 1876/1/2 1807/1/2 1806/1/2
f 1821/1/2 1878/1/2 1822/1/2
f 1837/1/2 1882/1/2 1838/1/2
f 1854/1/2 1923/1/2 1855/1/2
f 1869/1/2 1926/1/2 1870/1/2
f 1885/1/2 1930/1/2 1886/1/2
f 1902/1/2 1971/1/2 1903/1/2
f 1917/1/2 1974/1/2 1918/1/2
f 1933/1/2 1978/1/2 1934/1/2
f 2020/1/2 1951/1/2 1950/1/2
f 1965/1/2 2022/1/2 1966/1/2
f 1981/1/2 2026/1/2 1982/1/2
f 2068/1/2 1999/1/2 1998/1/2
f 2013/1/2 2070/1/2 2014/1/2
f 2029/1/2 2074/1/2 2030/1/2
f 2046/1/2 2115/1/2 2047/1/2
f 2061/1/2 2118/1/2 2062/1/2
f 2077/1/2 2122/1/2 2078/1/2
f 2094/1/2 2163/1/2 2095/1/2
f 2109/1/2 2166/1/2 2110/1/2
f 2125/1/2 2170/1/2 2126/1/2
f 2212/1/2 2143/1/2 2142/1/2
f 2157/1/2 2214/1/2 2158/1/2
f 2173/1/2 2218/1/2 2174/1/2
f 2260/1/2 2191/1/2 2190/1/2
f 2205/1/2 2262/1/2 2206/1/2
f 2221/1/2 2266/1/2 2222/1/2
f 2238/1/2 2307/1/2 2239/1/2
f 2253/1/2 2310/1/2 2254/1/2
f 2269/1/2 2314/1/2 2270/1/2
f 2286/1/2 2355/1/2 2287/1/2
f 2301/1/2 2358/1/2 2302/1/2
f 2317/1/2 2362/1/2 2318/1/2
f 2404/1/2 2335/1/2 2334/1/2
f 2349/1/2 2406/1/2 2350/1/2
f 2365/1/2 2410/1/2 2366/1/2
f 2452/1/2 2383/1/2 2382/1/2
f 2397/1/2 2454/1/2 2398/1/2
f 2413/1/2 2458/1/2 2414/1/2
f 2430/1/2 2499/1/2 2431/1/2
f 2445/1/2 2502/1/2 2446/1/2
f 2461/1/2 2506/1/2 2462/1/2
f 2478/1/2 2547/1/2 2479/1/2
f 2493/1/2 2550/1/2 2494/1/2
f 2509/1/2 2554/1/2 2510/1/2
f 1828/1/2 2527/1/2 2526/1/2
f 2541/1/2 1830/1/2 2542/1/2
f 2557/1/2 1834/1/2 2558/1/2
f 1777/1/2 1838/1/2 1778/1/2
f 1887/1/2 1779/1/2 1778/1/2
f 1935/1/2 1780/1/2 1779/1/2
f 1780/1/2 1982/1/2 1781/1/2
f 1781/1/2 2030/1/2 1782/1/2
f 2079/1/2 1783/1/2 1782/1/2
f 2127/1/2 1784/1/2 1783/1/2
f 1784/1/2 2174/1/2 1785/1/2
f 1785/1/2 2222/1/2 1786/1/2
f 2271/1/2 1787/1/2 1786/1/2
f 2319/1/2 1788/1/2 1787/1/2
f 1788/1/2 2366/1/2 1789/1/2
f 1789/1/2 2414/1/2 1790/1/2
f 2463/1/2 1791/1/2 1790/1/2
f 2511/1/2 1792/1/2 1791/1/2
f 1792/1/2 2558/1/2 1777/1/2
f 1793/1/2 1579/1/2 1578/1/2
f 1574/1/2 1797/1/2 1575/1/2
f 1570/1/2 1801/1/2 1571/1/2
f 1566/1/2 1805/1/2 1567/1/2
f 1330/1/1 1795/1/1 1331/1/1
f 1334/1/2 1812/1/2 1335/1/2
f 1338/1/2 1828/1/2 1339/1/2
f 1841/1/2 1467/1/2 1466/1/2
f 1846/1/2 1463/1/2 1462/1/2
f 1850/1/2 1459/1/2 1458/1/2
f 1854/1/2 1455/1/2 1454/1/2
f 1554/1/2 1843/1/2 1555/1/2
f 1558/1/2 1860/1/2 1559/1/2
f 1562/1/2 1876/1/2 1563/1/2
f 1889/1/2 1691/1/2 1690/1/2
f 1894/1/2 1687/1/2 1686/1/2
f 1898/1/2 1683/1/2 1682/1/2
f 1902/1/2 1679/1/2 1678/1/2
f 1442/1/2 1891/1/2 1443/1/2
f 1905/1/2 1447/1/2 1446/1/2
f 1921/1/2 1451/1/2 1450/1/2
f 1382/1/2 1940/1/2 1383/1/2
f 1378/1/2 1941/1/2 1379/1/2
f 1374/1/2 1945/1/2 1375/1/2
f 1370/1/2 1949/1/2 1371/1/2
f 1940/1/2 1667/1/2 1666/1/2
f 1953/1/2 1671/1/2 1670/1/2
f 1969/1/2 1675/1/2 1674/1/2
f 1985/1/2 1607/1/2 1606/1/2
f 1602/1/2 1989/1/2 1603/1/2
f 1598/1/2 1993/1/2 1599/1/2
f 1594/1/2 1997/1/2 1595/1/2
f 1358/1/2 1987/1/2 1359/1/2
f 1362/1/2 2004/1/2 1363/1/2
f 1366/1/2 2020/1/2 1367/1/2
f 2033/1/2 1495/1/2 1494/1/2
f 2038/1/2 1491/1/2 1490/1/2
f 2042/1/2 1487/1/2 1486/1/2
f 2046/1/2 1483/1/2 1482/1/2
f 1582/1/2 2035/1/2 1583/1/2
f 1586/1/2 2052/1/2 1587/1/2
f 1590/1/2 2068/1/2 1591/1/2
f 2081/1/2 1719/1/2 1718/1/2
f 2086/1/2 1715/1/2 1714/1/2
f 2090/1/2 1711/1/2 1710/1/2
f 2094/1/2 1707/1/2 1706/1/2
f 1470/1/2 2083/1/2 1471/1/2
f 2097/1/2 1475/1/2 1474/1/2
f 2113/1/2 1479/1/2 1478/1/2
f 1410/1/2 2132/1/2 1411/1/2
f 1406/1/2 2133/1/2 1407/1/2
f 1402/1/2 2137/1/2 1403/1/2
f 1398/1/2 2141/1/2 1399/1/2
f 2132/1/2 1695/1/2 1694/1/2
f 2145/1/2 1699/1/2 1698/1/2
f 2161/1/2 1703/1/2 1702/1/2
f 2177/1/2 1635/1/2 1634/1/2
f 1630/1/2 2181/1/2 1631/1/2
f 1626/1/2 2185/1/2 1627/1/2
f 1622/1/2 2189/1/2 1623/1/2
f 1386/1/2 2179/1/2 1387/1/2
f 1390/1/2 2196/1/2 1391/1/2
f 1394/1/2 2212/1/2 1395/1/2
f 2225/1/2 1523/1/2 1522/1/2
f 2230/1/2 1519/1/2 1518/1/2
f 2234/1/2 1515/1/2 1514/1/2
f 2238/1/2 1511/1/2 1510/1/2
f 1610/1/2 2227/1/2 1611/1/2
f 1614/1/2 2244/1/2 1615/1/2
f 1618/1/2 2260/1/2 1619/1/2
f 2273/1/2 1747/1/2 1746/1/2
f 2278/1/2 1743/1/2 1742/1/2
f 2282/1/2 1739/1/2 1738/1/2
f 2286/1/2 1735/1/2 1734/1/2
f 1498/1/2 2275/1/2 1499/1/2
f 2289/1/2 1503/1/2 1502/1/2
f 2305/1/2 1507/1/2 1506/1/2
f 1438/1/2 2324/1/2 1439/1/2
f 1434/1/2 2325/1/2 1435/1/2
f 1430/1/2 2329/1/2 1431/1/2
f 1426/1/2 2333/1/2 1427/1/2
f 2324/1/2 1723/1/2 1722/1/2
f 2337/1/2 1727/1/2 1726/1/2
f 2353/1/2 1731/1/2 1730/1/2
f 2369/1/2 1663/1/2 1662/1/2
f 1658/1/2 2373/1/2 1659/1/2
f 1654/1/2 2377/1/2 1655/1/2
f 1650/1/2 2381/1/2 1651/1/2
f 1414/1/2 2371/1/2 1415/1/2
f 1418/1/2 2388/1/2 1419/1/2
f 1422/1/2 2404/1/2 1423/1/2
f 2417/1/2 1551/1/2 1550/1/2
f 2422/1/2 1547/1/2 1546/1/2
f 2426/1/2 1543/1/2 1542/1/2
f 2430/1/2 1539/1/2 1538/1/2
f 1638/1/2 2419/1/2 1639/1/2
f 1642/1/2 2436/1/2 1643/1/2
f 1646/1/2 2452/1/2 1647/1/2
f 2465/1/2 1775/1/2 1774/1/2
f 2470/1/2 1771/1/2 1770/1/2
f 2474/1/2 1767/1/2 1766/1/2
f 2478/1/2 1763/1/2 1762/1/2
f 1526/1/2 2467/1/2 1527/1/2
f 2481/1/2 1531/1/2 1530/1/2
f 2497/1/2 1535/1/2 1534/1/2
f 1354/1/2 2516/1/2 1355/1/2
f 1350/1/2 2517/1/2 1351/1/2
f 1346/1/2 2521/1/2 1347/1/2
f 1342/1/2 2525/1/2 1343/1/2
f 2516/1/2 1751/1/2 1750/1/2
f 2529/1/2 1755/1/2 1754/1/2
f 2545/1/2 1759/1/2 1758/1/2
f 1705/1/499 426/1/499 425/1/499
f 1712/1/500 429/1/500 1709/1/500
f 1525/1/47 246/1/47 245/1/47
f 250/1/47 1529/1/47 1532/1/47
f 1349/1/501 70/1/501 69/1/501
f 74/1/502 1353/1/502 1356/1/502
f 434/1/503 1713/1/503 1716/1/503
f 254/1/47 1533/1/47 1536/1/47
f 2/1/504 1281/1/504 1283/1/504
f 438/1/505 1717/1/505 1720/1/505
f 258/1/47 1537/1/47 1540/1/47
f 1309/1/506 28/1/506 30/1/506
f 78/1/507 1357/1/507 1360/1/507
f 40/1/508 1321/1/508 1320/1/508
f 262/1/47 1541/1/47 1544/1/47
f 82/1/509 1361/1/509 1364/1/509
f 1290/1/510 11/1/510 10/1/510
f 442/1/511 1721/1/511 1724/1/511
f 266/1/512 1545/1/512 1548/1/512
f 86/1/513 1365/1/513 1368/1/513
f 446/1/514 1725/1/514 1728/1/514
f 270/1/47 1549/1/47 1552/1/47
f 90/1/515 1369/1/515 1372/1/515
f 450/1/516 1729/1/516 1732/1/516
f 23/1/512 1302/1/512 1304/1/512
f 94/1/517 1373/1/517 1376/1/517
f 454/1/518 1733/1/518 1736/1/518
f 1293/1/519 14/1/519 13/1/519
f 274/1/520 1553/1/520 1556/1/520
f 98/1/521 1377/1/521 1380/1/521
f 458/1/522 1737/1/522 1740/1/522
f 278/1/523 1557/1/523 1560/1/523
f 102/1/524 1381/1/524 1384/1/524
f 462/1/525 1741/1/525 1744/1/525
f 282/1/526 1561/1/526 1564/1/526
f 5/1/527 1284/1/527 1286/1/527
f 466/1/528 1745/1/528 1748/1/528
f 286/1/529 1565/1/529 1568/1/529
f 1312/1/530 31/1/530 33/1/530
f 106/1/531 1385/1/531 1388/1/531
f 43/1/532 1324/1/532 1323/1/532
f 1572/1/533 289/1/533 1569/1/533
f 110/1/534 1389/1/534 1392/1/534
f 470/1/535 1749/1/535 1752/1/535
f 294/1/536 1573/1/536 1576/1/536
f 114/1/537 1393/1/537 1396/1/537
f 474/1/538 1753/1/538 1756/1/538
f 298/1/539 1577/1/539 1580/1/539
f 118/1/540 1397/1/540 1400/1/540
f 478/1/541 1757/1/541 1760/1/541
f 25/1/542 1306/1/542 1305/1/542
f 122/1/543 1401/1/543 1404/1/543
f 482/1/544 1761/1/544 1764/1/544
f 16/1/4 1298/1/4 17/1/4
f 302/1/4 1581/1/4 1584/1/4
f 126/1/545 1405/1/545 1408/1/545
f 486/1/546 1765/1/546 1768/1/546
f 306/1/4 1585/1/4 1588/1/4
f 1412/1/547 129/1/547 1409/1/547
f 490/1/548 1769/1/548 1772/1/548
f 310/1/4 1589/1/4 1592/1/4
f 8/1/549 1287/1/549 1289/1/549
f 494/1/550 1773/1/550 1776/1/550
f 314/1/4 1593/1/4 1596/1/4
f 1315/1/551 34/1/551 36/1/551
f 134/1/552 1413/1/552 1416/1/552
f 46/1/553 1327/1/553 1326/1/553
f 318/1/4 1597/1/4 1600/1/4
f 138/1/554 1417/1/554 1420/1/554
f 322/1/4 1601/1/4 1604/1/4
f 142/1/555 1421/1/555 1424/1/555
f 326/1/4 1605/1/4 1608/1/4
f 146/1/556 1425/1/556 1428/1/556
f 150/1/557 1429/1/557 1432/1/557
f 1299/1/50 20/1/50 19/1/50
f 330/1/558 1609/1/558 1612/1/558
f 154/1/559 1433/1/559 1436/1/559
f 334/1/560 1613/1/560 1616/1/560
f 158/1/561 1437/1/561 1440/1/561
f 338/1/562 1617/1/562 1620/1/562
f 342/1/563 1621/1/563 1624/1/563
f 1318/1/564 37/1/564 39/1/564
f 162/1/565 1441/1/565 1444/1/565
f 346/1/566 1625/1/566 1628/1/566
f 166/1/567 1445/1/567 1448/1/567
f 350/1/568 1629/1/568 1632/1/568
f 170/1/569 1449/1/569 1452/1/569
f 354/1/570 1633/1/570 1636/1/570
f 174/1/571 1453/1/571 1456/1/571
f 178/1/572 1457/1/572 1460/1/572
f 358/1/47 1637/1/47 1640/1/47
f 182/1/573 1461/1/573 1464/1/573
f 362/1/47 1641/1/47 1644/1/47
f 186/1/574 1465/1/574 1468/1/574
f 366/1/47 1645/1/47 1648/1/47
f 370/1/47 1649/1/47 1652/1/47
f 190/1/4 1469/1/4 1472/1/4
f 374/1/512 1653/1/512 1656/1/512
f 194/1/4 1473/1/4 1476/1/4
f 378/1/47 1657/1/47 1660/1/47
f 198/1/4 1477/1/4 1480/1/4
f 382/1/47 1661/1/47 1664/1/47
f 202/1/4 1481/1/4 1484/1/4
f 206/1/4 1485/1/4 1488/1/4
f 386/1/575 1665/1/575 1668/1/575
f 210/1/4 1489/1/4 1492/1/4
f 390/1/576 1669/1/576 1672/1/576
f 214/1/4 1493/1/4 1496/1/4
f 394/1/577 1673/1/577 1676/1/577
f 398/1/578 1677/1/578 1680/1/578
f 218/1/579 1497/1/579 1500/1/579
f 402/1/580 1681/1/580 1684/1/580
f 222/1/51 1501/1/51 1504/1/51
f 406/1/581 1685/1/581 1688/1/581
f 226/1/582 1505/1/582 1508/1/582
f 410/1/583 1689/1/583 1692/1/583
f 230/1/584 1509/1/584 1512/1/584
f 50/1/585 1329/1/585 1332/1/585
f 234/1/586 1513/1/586 1516/1/586
f 54/1/587 1333/1/587 1336/1/587
f 414/1/588 1693/1/588 1696/1/588
f 238/1/589 1517/1/589 1520/1/589
f 58/1/590 1337/1/590 1340/1/590
f 418/1/591 1697/1/591 1700/1/591
f 242/1/592 1521/1/592 1524/1/592
f 62/1/593 1341/1/593 1344/1/593
f 1704/1/594 421/1/594 1701/1/594
f 66/1/595 1345/1/595 1348/1/595
f 74/1/596 1281/1/596 1/1/596
f 533/1/1 538/1/1 522/1/1
f 537/1/1 542/1/1 526/1/1
f 527/1/1 541/1/1 599/1/1
f 549/1/1 554/1/1 539/1/1
f 553/1/1 558/1/1 543/1/1
f 544/1/1 557/1/1 603/1/1
f 581/1/1 586/1/1 570/1/1
f 585/1/1 590/1/1 574/1/1
f 575/1/1 589/1/1 647/1/1
f 597/1/1 602/1/1 587/1/1
f 601/1/1 606/1/1 591/1/1
f 592/1/1 605/1/1 651/1/1
f 629/1/1 634/1/1 618/1/1
f 619/1/1 633/1/1 638/1/1
f 623/1/1 637/1/1 695/1/1
f 645/1/1 650/1/1 635/1/1
f 649/1/1 654/1/1 639/1/1
f 640/1/1 653/1/1 699/1/1
f 677/1/1 682/1/1 666/1/1
f 681/1/1 686/1/1 670/1/1
f 739/1/1 671/1/1 685/1/1
f 693/1/1 698/1/1 683/1/1
f 697/1/1 702/1/1 687/1/1
f 688/1/1 701/1/1 747/1/1
f 725/1/1 730/1/1 714/1/1
f 729/1/1 734/1/1 718/1/1
f 719/1/1 733/1/1 791/1/1
f 741/1/1 746/1/1 731/1/1
f 745/1/1 750/1/1 735/1/1
f 736/1/1 749/1/1 795/1/1
f 773/1/1 778/1/1 762/1/1
f 777/1/1 782/1/1 766/1/1
f 767/1/1 781/1/1 839/1/1
f 789/1/1 794/1/1 779/1/1
f 793/1/1 798/1/1 783/1/1
f 784/1/1 797/1/1 843/1/1
f 821/1/1 826/1/1 810/1/1
f 811/1/1 825/1/1 830/1/1
f 815/1/1 829/1/1 887/1/1
f 837/1/1 842/1/1 827/1/1
f 841/1/1 846/1/1 831/1/1
f 832/1/1 845/1/1 891/1/1
f 869/1/1 874/1/1 858/1/1
f 873/1/1 878/1/1 862/1/1
f 931/1/1 863/1/1 877/1/1
f 885/1/1 890/1/1 875/1/1
f 889/1/1 894/1/1 879/1/1
f 880/1/1 893/1/1 939/1/1
f 917/1/1 922/1/1 906/1/1
f 921/1/1 926/1/1 910/1/1
f 979/1/1 911/1/1 925/1/1
f 933/1/1 938/1/1 923/1/1
f 937/1/1 942/1/1 927/1/1
f 928/1/1 941/1/1 987/1/1
f 965/1/1 970/1/1 954/1/1
f 955/1/1 969/1/1 974/1/1
f 959/1/1 973/1/1 1031/1/1
f 981/1/1 986/1/1 971/1/1
f 985/1/1 990/1/1 975/1/1
f 976/1/1 989/1/1 1035/1/1
f 1013/1/1 1018/1/1 1002/1/1
f 1003/1/1 1017/1/1 1022/1/1
f 1007/1/1 1021/1/1 1079/1/1
f 1029/1/1 1034/1/1 1019/1/1
f 1033/1/1 1038/1/1 1023/1/1
f 1024/1/1 1037/1/1 1083/1/1
f 1061/1/1 1066/1/1 1050/1/1
f 1065/1/1 1070/1/1 1054/1/1
f 1123/1/1 1055/1/1 1069/1/1
f 1077/1/1 1082/1/1 1067/1/1
f 1081/1/1 1086/1/1 1071/1/1
f 1072/1/1 1085/1/1 1131/1/1
f 1109/1/1 1114/1/1 1098/1/1
f 1113/1/1 1118/1/1 1102/1/1
f 1103/1/1 1117/1/1 1175/1/1
f 1125/1/1 1130/1/1 1115/1/1
f 1129/1/1 1134/1/1 1119/1/1
f 1120/1/1 1133/1/1 1179/1/1
f 1157/1/1 1162/1/1 1146/1/1
f 1161/1/1 1166/1/1 1150/1/1
f 1151/1/1 1165/1/1 1223/1/1
f 1173/1/1 1178/1/1 1163/1/1
f 1177/1/1 1182/1/1 1167/1/1
f 1168/1/1 1181/1/1 1227/1/1
f 1205/1/1 1210/1/1 1194/1/1
f 1195/1/1 1209/1/1 1214/1/1
f 1199/1/1 1213/1/1 1271/1/1
f 1221/1/1 1226/1/1 1211/1/1
f 1225/1/1 1230/1/1 1215/1/1
f 1216/1/1 1229/1/1 1275/1/1
f 1253/1/1 1258/1/1 1242/1/1
f 1257/1/1 1262/1/1 1246/1/1
f 1268/1/1 1270/1/1 1255/1/1
f 1269/1/1 1274/1/1 1259/1/1
f 1273/1/1 1278/1/1 1263/1/1
f 1355/1/2 2516/1/2 1750/1/2
f 548/1/1 550/1/1 535/1/1
f 547/1/1 1247/1/1 1261/1/1
f 596/1/1 598/1/1 583/1/1
f 628/1/1 630/1/1 614/1/1
f 644/1/1 646/1/1 631/1/1
f 676/1/1 678/1/1 662/1/1
f 692/1/1 694/1/1 679/1/1
f 724/1/1 726/1/1 710/1/1
f 740/1/1 742/1/1 727/1/1
f 772/1/1 774/1/1 758/1/1
f 788/1/1 790/1/1 775/1/1
f 820/1/1 822/1/1 806/1/1
f 836/1/1 838/1/1 823/1/1
f 868/1/1 870/1/1 854/1/1
f 884/1/1 886/1/1 871/1/1
f 916/1/1 918/1/1 902/1/1
f 932/1/1 934/1/1 919/1/1
f 964/1/1 966/1/1 950/1/1
f 980/1/1 982/1/1 967/1/1
f 1012/1/1 1014/1/1 998/1/1
f 1028/1/1 1030/1/1 1015/1/1
f 1060/1/1 1062/1/1 1046/1/1
f 1076/1/1 1078/1/1 1063/1/1
f 1108/1/1 1110/1/1 1094/1/1
f 1124/1/1 1126/1/1 1111/1/1
f 1156/1/1 1158/1/1 1142/1/1
f 1172/1/1 1174/1/1 1159/1/1
f 1204/1/1 1206/1/1 1190/1/1
f 1220/1/1 1222/1/1 1207/1/1
f 1252/1/1 1254/1/1 1238/1/1
f 1264/1/1 1277/1/1 555/1/1
f 580/1/1 582/1/1 566/1/1
f 532/1/1 534/1/1 518/1/1
f 608/1/1 511/1/1 655/1/1
f 656/1/1 510/1/1 703/1/1
f 704/1/1 509/1/1 751/1/1
f 752/1/1 508/1/1 799/1/1
f 800/1/1 507/1/1 847/1/1
f 848/1/1 506/1/1 895/1/1
f 896/1/1 505/1/1 943/1/1
f 944/1/1 504/1/1 991/1/1
f 992/1/1 503/1/1 1039/1/1
f 1040/1/1 502/1/1 1087/1/1
f 1088/1/1 501/1/1 1135/1/1
f 1136/1/1 500/1/1 1183/1/1
f 1184/1/1 499/1/1 1231/1/1
f 1232/1/1 498/1/1 1279/1/1
f 1280/1/1 497/1/1 559/1/1
f 298/1/3 1580/1/3 1306/1/3
f 302/1/4 1584/1/4 1585/1/4
f 294/1/5 1576/1/5 1577/1/5
f 290/1/6 1572/1/6 1573/1/6
f 54/1/7 1336/1/7 1337/1/7
f 58/1/8 1340/1/8 1341/1/8
f 62/1/9 1344/1/9 1345/1/9
f 14/1/10 1295/1/10 1553/1/10
f 190/1/4 1472/1/4 1473/1/4
f 185/1/597 182/1/597 1464/1/597
f 181/1/598 178/1/598 1460/1/598
f 278/1/599 1560/1/599 1561/1/599
f 282/1/14 1564/1/14 1565/1/14
f 286/1/15 1568/1/15 1569/1/15
f 39/1/600 410/1/600 1692/1/600
f 417/1/17 414/1/17 1696/1/17
f 409/1/601 406/1/601 1688/1/601
f 405/1/602 402/1/602 1684/1/602
f 169/1/603 166/1/603 1448/1/603
f 173/1/604 170/1/604 1452/1/604
f 177/1/605 174/1/605 1456/1/605
f 385/1/606 5/1/606 1286/1/606
f 106/1/24 1388/1/24 1389/1/24
f 101/1/607 98/1/607 1380/1/607
f 94/1/26 1376/1/26 1377/1/26
f 393/1/608 390/1/608 1672/1/608
f 397/1/609 394/1/609 1676/1/609
f 401/1/610 398/1/610 1680/1/610
f 326/1/4 1608/1/4 1309/1/4
f 330/1/30 1612/1/30 1613/1/30
f 322/1/4 1604/1/4 1605/1/4
f 318/1/4 1600/1/4 1601/1/4
f 82/1/31 1364/1/31 1365/1/31
f 86/1/32 1368/1/32 1369/1/32
f 90/1/33 1372/1/33 1373/1/33
f 17/1/4 1298/1/4 1581/1/4
f 218/1/34 1500/1/34 1501/1/34
f 210/1/4 1492/1/4 1493/1/4
f 206/1/4 1488/1/4 1489/1/4
f 306/1/4 1588/1/4 1589/1/4
f 310/1/4 1592/1/4 1593/1/4
f 314/1/4 1596/1/4 1597/1/4
f 438/1/35 1720/1/35 1321/1/35
f 442/1/36 1724/1/36 1725/1/36
f 434/1/37 1716/1/37 1717/1/37
f 430/1/38 1712/1/38 1713/1/38
f 194/1/4 1476/1/4 1477/1/4
f 198/1/4 1480/1/4 1481/1/4
f 202/1/4 1484/1/4 1485/1/4
f 8/1/39 1289/1/39 1693/1/39
f 134/1/40 1416/1/40 1417/1/40
f 126/1/41 1408/1/41 1409/1/41
f 122/1/42 1404/1/42 1405/1/42
f 418/1/43 1700/1/43 1701/1/43
f 422/1/44 1704/1/44 1705/1/44
f 426/1/45 1708/1/45 1709/1/45
f 354/1/46 1636/1/46 1312/1/46
f 361/1/47 358/1/47 1640/1/47
f 353/1/48 350/1/48 1632/1/48
f 349/1/49 346/1/49 1628/1/49
f 110/1/50 1392/1/50 1393/1/50
f 117/1/51 114/1/51 1396/1/51
f 121/1/52 118/1/52 1400/1/52
f 329/1/53 20/1/53 1301/1/53
f 249/1/47 246/1/47 1528/1/47
f 238/1/54 1520/1/54 1521/1/54
f 234/1/55 1516/1/55 1517/1/55
f 337/1/56 334/1/56 1616/1/56
f 338/1/57 1620/1/57 1621/1/57
f 342/1/58 1624/1/58 1625/1/58
f 466/1/59 1748/1/59 1324/1/59
f 473/1/60 470/1/60 1752/1/60
f 465/1/61 462/1/61 1744/1/61
f 458/1/62 1740/1/62 1741/1/62
f 225/1/63 222/1/63 1504/1/63
f 226/1/64 1508/1/64 1509/1/64
f 230/1/65 1512/1/65 1513/1/65
f 11/1/66 1292/1/66 1721/1/66
f 165/1/611 162/1/611 1444/1/611
f 154/1/68 1436/1/68 1437/1/68
f 153/1/69 150/1/69 1432/1/69
f 449/1/612 446/1/612 1728/1/612
f 450/1/71 1732/1/71 1733/1/71
f 457/1/72 454/1/72 1736/1/72
f 36/1/47 382/1/47 1664/1/47
f 389/1/613 386/1/613 1668/1/613
f 378/1/47 1660/1/47 1661/1/47
f 374/1/47 1656/1/47 1657/1/47
f 138/1/74 1420/1/74 1421/1/74
f 142/1/75 1424/1/75 1425/1/75
f 149/1/76 146/1/76 1428/1/76
f 23/1/47 1304/1/47 1637/1/47
f 274/1/614 1556/1/614 1557/1/614
f 266/1/47 1548/1/47 1549/1/47
f 262/1/47 1544/1/47 1545/1/47
f 362/1/47 1644/1/47 1645/1/47
f 366/1/47 1648/1/47 1649/1/47
f 370/1/47 1652/1/47 1653/1/47
f 494/1/78 1776/1/78 1327/1/78
f 560/1/1 512/1/1 607/1/1
f 493/1/79 490/1/79 1772/1/79
f 486/1/80 1768/1/80 1769/1/80
f 250/1/47 1532/1/47 1533/1/47
f 257/1/47 254/1/47 1536/1/47
f 261/1/47 258/1/47 1540/1/47
f 2/1/81 1283/1/81 1749/1/81
f 78/1/82 1360/1/82 1361/1/82
f 70/1/83 1352/1/83 1353/1/83
f 69/1/84 66/1/84 1348/1/84
f 477/1/85 474/1/85 1756/1/85
f 478/1/86 1760/1/86 1761/1/86
f 485/1/87 482/1/87 1764/1/87
f 1804/1/2 1820/1/2 1813/1/2
f 1808/1/2 1824/1/2 1817/1/2
f 1879/1/2 1821/1/2 1807/1/2
f 1819/1/2 1836/1/2 1829/1/2
f 1823/1/2 1840/1/2 1833/1/2
f 1883/1/2 1837/1/2 1822/1/2
f 1852/1/2 1868/1/2 1861/1/2
f 1856/1/2 1872/1/2 1865/1/2
f 1927/1/2 1869/1/2 1855/1/2
f 1867/1/2 1884/1/2 1877/1/2
f 1871/1/2 1888/1/2 1881/1/2
f 1931/1/2 1885/1/2 1870/1/2
f 1900/1/2 1916/1/2 1909/1/2
f 1899/1/2 1904/1/2 1920/1/2
f 1975/1/2 1917/1/2 1903/1/2
f 1915/1/2 1932/1/2 1925/1/2
f 1919/1/2 1936/1/2 1929/1/2
f 1979/1/2 1933/1/2 1918/1/2
f 1948/1/2 1964/1/2 1957/1/2
f 1952/1/2 1968/1/2 1961/1/2
f 2019/1/2 2023/1/2 1965/1/2
f 1963/1/2 1980/1/2 1973/1/2
f 1967/1/2 1984/1/2 1977/1/2
f 2027/1/2 1981/1/2 1966/1/2
f 1996/1/2 2012/1/2 2005/1/2
f 2000/1/2 2016/1/2 2009/1/2
f 2071/1/2 2013/1/2 1999/1/2
f 2011/1/2 2028/1/2 2021/1/2
f 2015/1/2 2032/1/2 2025/1/2
f 2075/1/2 2029/1/2 2014/1/2
f 2044/1/2 2060/1/2 2053/1/2
f 2048/1/2 2064/1/2 2057/1/2
f 2119/1/2 2061/1/2 2047/1/2
f 2059/1/2 2076/1/2 2069/1/2
f 2063/1/2 2080/1/2 2073/1/2
f 2123/1/2 2077/1/2 2062/1/2
f 2092/1/2 2108/1/2 2101/1/2
f 2091/1/2 2096/1/2 2112/1/2
f 2167/1/2 2109/1/2 2095/1/2
f 2107/1/2 2124/1/2 2117/1/2
f 2111/1/2 2128/1/2 2121/1/2
f 2171/1/2 2125/1/2 2110/1/2
f 2140/1/2 2156/1/2 2149/1/2
f 2144/1/2 2160/1/2 2153/1/2
f 2211/1/2 2215/1/2 2157/1/2
f 2155/1/2 2172/1/2 2165/1/2
f 2159/1/2 2176/1/2 2169/1/2
f 2219/1/2 2173/1/2 2158/1/2
f 2188/1/2 2204/1/2 2197/1/2
f 2192/1/2 2208/1/2 2201/1/2
f 2259/1/2 2263/1/2 2205/1/2
f 2203/1/2 2220/1/2 2213/1/2
f 2207/1/2 2224/1/2 2217/1/2
f 2267/1/2 2221/1/2 2206/1/2
f 2236/1/2 2252/1/2 2245/1/2
f 2235/1/2 2240/1/2 2256/1/2
f 2311/1/2 2253/1/2 2239/1/2
f 2251/1/2 2268/1/2 2261/1/2
f 2255/1/2 2272/1/2 2265/1/2
f 2315/1/2 2269/1/2 2254/1/2
f 2284/1/2 2300/1/2 2293/1/2
f 2283/1/2 2288/1/2 2304/1/2
f 2359/1/2 2301/1/2 2287/1/2
f 2299/1/2 2316/1/2 2309/1/2
f 2303/1/2 2320/1/2 2313/1/2
f 2363/1/2 2317/1/2 2302/1/2
f 2332/1/2 2348/1/2 2341/1/2
f 2336/1/2 2352/1/2 2345/1/2
f 2403/1/2 2407/1/2 2349/1/2
f 2347/1/2 2364/1/2 2357/1/2
f 2351/1/2 2368/1/2 2361/1/2
f 2411/1/2 2365/1/2 2350/1/2
f 2380/1/2 2396/1/2 2389/1/2
f 2384/1/2 2400/1/2 2393/1/2
f 2455/1/2 2397/1/2 2383/1/2
f 2395/1/2 2412/1/2 2405/1/2
f 2399/1/2 2416/1/2 2409/1/2
f 2459/1/2 2413/1/2 2398/1/2
f 2428/1/2 2444/1/2 2437/1/2
f 2432/1/2 2448/1/2 2441/1/2
f 2503/1/2 2445/1/2 2431/1/2
f 2443/1/2 2460/1/2 2453/1/2
f 2447/1/2 2464/1/2 2457/1/2
f 2507/1/2 2461/1/2 2446/1/2
f 2476/1/2 2492/1/2 2485/1/2
f 2475/1/2 2480/1/2 2496/1/2
f 2551/1/2 2493/1/2 2479/1/2
f 2491/1/2 2508/1/2 2501/1/2
f 2495/1/2 2512/1/2 2505/1/2
f 2555/1/2 2509/1/2 2494/1/2
f 2524/1/2 2540/1/2 2533/1/2
f 2528/1/2 2544/1/2 2537/1/2
f 2535/1/2 2552/1/2 2546/1/2
f 2539/1/2 2556/1/2 2549/1/2
f 2543/1/2 2560/1/2 2553/1/2
f 1815/1/2 1832/1/2 1826/1/2
f 1827/1/2 1831/1/2 2541/1/2
f 1863/1/2 1880/1/2 1874/1/2
f 1896/1/2 1912/1/2 1906/1/2
f 1911/1/2 1928/1/2 1922/1/2
f 1944/1/2 1960/1/2 1954/1/2
f 1959/1/2 1976/1/2 1970/1/2
f 1992/1/2 2008/1/2 2002/1/2
f 2007/1/2 2024/1/2 2018/1/2
f 2040/1/2 2056/1/2 2050/1/2
f 2055/1/2 2072/1/2 2066/1/2
f 2088/1/2 2104/1/2 2098/1/2
f 2103/1/2 2120/1/2 2114/1/2
f 2136/1/2 2152/1/2 2146/1/2
f 2151/1/2 2168/1/2 2162/1/2
f 2184/1/2 2200/1/2 2194/1/2
f 2199/1/2 2216/1/2 2210/1/2
f 2232/1/2 2248/1/2 2242/1/2
f 2247/1/2 2264/1/2 2258/1/2
f 2280/1/2 2296/1/2 2290/1/2
f 2295/1/2 2312/1/2 2306/1/2
f 2328/1/2 2344/1/2 2338/1/2
f 2343/1/2 2360/1/2 2354/1/2
f 2376/1/2 2392/1/2 2386/1/2
f 2391/1/2 2408/1/2 2402/1/2
f 2424/1/2 2440/1/2 2434/1/2
f 2439/1/2 2456/1/2 2450/1/2
f 2472/1/2 2488/1/2 2482/1/2
f 2487/1/2 2504/1/2 2498/1/2
f 2520/1/2 2536/1/2 2530/1/2
f 1835/1/2 2557/1/2 2542/1/2
f 1848/1/2 1864/1/2 1858/1/2
f 1800/1/2 1816/1/2 1810/1/2
f 1935/1/2 1779/1/2 1886/1/2
f 1983/1/2 1780/1/2 1934/1/2
f 2031/1/2 1781/1/2 1982/1/2
f 2079/1/2 1782/1/2 2030/1/2
f 2127/1/2 1783/1/2 2078/1/2
f 2175/1/2 1784/1/2 2126/1/2
f 2223/1/2 1785/1/2 2174/1/2
f 2271/1/2 1786/1/2 2222/1/2
f 2319/1/2 1787/1/2 2270/1/2
f 2367/1/2 1788/1/2 2318/1/2
f 2415/1/2 1789/1/2 2366/1/2
f 2463/1/2 1790/1/2 2414/1/2
f 2511/1/2 1791/1/2 2462/1/2
f 2559/1/2 1792/1/2 2510/1/2
f 1839/1/2 1777/1/2 2558/1/2
f 1310/1/2 1607/1/2 1988/1/2
f 1583/1/2 2035/1/2 2049/1/2
f 1578/1/2 1575/1/2 1797/1/2
f 1571/1/2 1801/1/2 1798/1/2
f 1335/1/2 1812/1/2 1825/1/2
f 1339/1/2 1828/1/2 2526/1/2
f 1343/1/2 2525/1/2 2522/1/2
f 1297/1/2 1495/1/2 2036/1/2
f 2083/1/2 2097/1/2 1474/1/2
f 1466/1/2 1463/1/2 1845/1/2
f 1462/1/2 1459/1/2 1849/1/2
f 1559/1/2 1860/1/2 1873/1/2
f 1563/1/2 1876/1/2 1806/1/2
f 1567/1/2 1805/1/2 1802/1/2
f 1322/1/2 1719/1/2 2084/1/2
f 2131/1/2 2145/1/2 1698/1/2
f 1690/1/2 1687/1/2 1893/1/2
f 1686/1/2 1683/1/2 1897/1/2
f 1908/1/2 1921/1/2 1450/1/2
f 1924/1/2 1854/1/2 1454/1/2
f 1458/1/2 1455/1/2 1853/1/2
f 1411/1/2 2132/1/2 1694/1/2
f 1387/1/2 2179/1/2 2193/1/2
f 1379/1/2 1941/1/2 1937/1/2
f 1375/1/2 1945/1/2 1942/1/2
f 1956/1/2 1969/1/2 1674/1/2
f 1972/1/2 1902/1/2 1678/1/2
f 1682/1/2 1679/1/2 1901/1/2
f 1313/1/2 1635/1/2 2180/1/2
f 1611/1/2 2227/1/2 2241/1/2
f 1603/1/2 1989/1/2 1985/1/2
f 1599/1/2 1993/1/2 1990/1/2
f 1363/1/2 2004/1/2 2017/1/2
f 1367/1/2 2020/1/2 1950/1/2
f 1371/1/2 1949/1/2 1946/1/2
f 1300/1/2 1523/1/2 2228/1/2
f 2275/1/2 2289/1/2 1502/1/2
f 1494/1/2 1491/1/2 2037/1/2
f 1490/1/2 1487/1/2 2041/1/2
f 1587/1/2 2052/1/2 2065/1/2
f 1591/1/2 2068/1/2 1998/1/2
f 1595/1/2 1997/1/2 1994/1/2
f 1325/1/2 1747/1/2 2276/1/2
f 2323/1/2 2337/1/2 1726/1/2
f 1718/1/2 1715/1/2 2085/1/2
f 1714/1/2 1711/1/2 2089/1/2
f 2100/1/2 2113/1/2 1478/1/2
f 2116/1/2 2046/1/2 1482/1/2
f 1486/1/2 1483/1/2 2045/1/2
f 1439/1/2 2324/1/2 1722/1/2
f 1415/1/2 2371/1/2 2385/1/2
f 1407/1/2 2133/1/2 2129/1/2
f 1403/1/2 2137/1/2 2134/1/2
f 2148/1/2 2161/1/2 1702/1/2
f 2164/1/2 2094/1/2 1706/1/2
f 1710/1/2 1707/1/2 2093/1/2
f 1316/1/2 1663/1/2 2372/1/2
f 1639/1/2 2419/1/2 2433/1/2
f 1631/1/2 2181/1/2 2177/1/2
f 1627/1/2 2185/1/2 2182/1/2
f 1391/1/2 2196/1/2 2209/1/2
f 1395/1/2 2212/1/2 2142/1/2
f 1399/1/2 2141/1/2 2138/1/2
f 1303/1/2 1551/1/2 2420/1/2
f 2467/1/2 2481/1/2 1530/1/2
f 1522/1/2 1519/1/2 2229/1/2
f 1518/1/2 1515/1/2 2233/1/2
f 1615/1/2 2244/1/2 2257/1/2
f 1619/1/2 2260/1/2 2190/1/2
f 1623/1/2 2189/1/2 2186/1/2
f 1328/1/2 1775/1/2 2468/1/2
f 2515/1/2 2529/1/2 1754/1/2
f 1746/1/2 1743/1/2 2277/1/2
f 1742/1/2 1739/1/2 2281/1/2
f 2292/1/2 2305/1/2 1506/1/2
f 2308/1/2 2238/1/2 1510/1/2
f 1514/1/2 1511/1/2 2237/1/2
f 1294/1/2 1467/1/2 1844/1/2
f 1891/1/2 1905/1/2 1446/1/2
f 1435/1/2 2325/1/2 2321/1/2
f 1431/1/2 2329/1/2 2326/1/2
f 2340/1/2 2353/1/2 1730/1/2
f 2356/1/2 2286/1/2 1734/1/2
f 1738/1/2 1735/1/2 2285/1/2
f 1319/1/2 1691/1/2 1892/1/2
f 1939/1/2 1953/1/2 1670/1/2
f 1659/1/2 2373/1/2 2369/1/2
f 1655/1/2 2377/1/2 2374/1/2
f 1419/1/2 2388/1/2 2401/1/2
f 1423/1/2 2404/1/2 2334/1/2
f 1427/1/2 2333/1/2 2330/1/2
f 1307/1/2 1579/1/2 1796/1/2
f 1555/1/2 1843/1/2 1857/1/2
f 1550/1/2 1547/1/2 2421/1/2
f 1546/1/2 1543/1/2 2425/1/2
f 1643/1/2 2436/1/2 2449/1/2
f 1647/1/2 2452/1/2 2382/1/2
f 1651/1/2 2381/1/2 2378/1/2
f 1331/1/2 1795/1/2 1809/1/2
f 1887/1/2 1778/1/2 1838/1/2
f 1774/1/2 1771/1/2 2469/1/2
f 1770/1/2 1767/1/2 2473/1/2
f 2484/1/2 2497/1/2 1534/1/2
f 2500/1/2 2430/1/2 1538/1/2
f 1542/1/2 1539/1/2 2429/1/2
f 1383/1/2 1940/1/2 1666/1/2
f 1359/1/2 1987/1/2 2001/1/2
f 1351/1/2 2517/1/2 2513/1/2
f 1347/1/2 2521/1/2 2518/1/2
f 2532/1/2 2545/1/2 1758/1/2
f 2548/1/2 2478/1/2 1762/1/2
f 1766/1/2 1763/1/2 2477/1/2
f 432/1/1 812/1/1 813/1/1
f 252/1/1 1201/1/1 1187/1/1
f 1233/1/1 1237/1/1 71/1/1
f 436/1/1 808/1/1 809/1/1
f 256/1/1 1217/1/1 1202/1/1
f 472/1/1 1234/1/1 75/1/1
f 440/1/1 801/1/1 805/1/1
f 260/1/1 1152/1/1 1218/1/1
f 29/1/1 80/1/1 706/1/1
f 217/1/88 43/1/88 1323/1/88
f 264/1/1 1148/1/1 1149/1/1
f 79/1/1 84/1/1 721/1/1
f 13/1/615 186/1/615 1468/1/615
f 268/1/1 1144/1/1 1145/1/1
f 83/1/1 88/1/1 737/1/1
f 448/1/1 1057/1/1 1043/1/1
f 272/1/1 1137/1/1 1141/1/1
f 87/1/1 92/1/1 672/1/1
f 452/1/1 1073/1/1 1058/1/1
f 24/1/1 360/1/1 1138/1/1
f 668/1/1 669/1/1 91/1/1
f 456/1/1 1008/1/1 1074/1/1
f 214/1/4 1496/1/4 1296/1/4
f 664/1/1 665/1/1 95/1/1
f 460/1/1 1004/1/1 1005/1/1
f 275/1/1 280/1/1 577/1/1
f 657/1/1 661/1/1 99/1/1
f 464/1/1 1000/1/1 1001/1/1
f 279/1/1 284/1/1 593/1/1
f 388/1/1 658/1/1 103/1/1
f 468/1/1 993/1/1 997/1/1
f 283/1/1 288/1/1 528/1/1
f 32/1/1 108/1/1 898/1/1
f 46/1/47 1326/1/47 1525/1/47
f 524/1/1 525/1/1 287/1/1
f 107/1/1 112/1/1 913/1/1
f 4/1/616 102/1/616 1384/1/616
f 520/1/1 521/1/1 291/1/1
f 111/1/1 116/1/1 929/1/1
f 476/1/1 1249/1/1 1235/1/1
f 300/1/1 513/1/1 517/1/1
f 115/1/1 120/1/1 864/1/1
f 480/1/1 1265/1/1 1250/1/1
f 77/1/91 28/1/91 1308/1/91
f 860/1/1 861/1/1 119/1/1
f 484/1/1 1200/1/1 1266/1/1
f 19/1/92 242/1/92 1524/1/92
f 856/1/1 857/1/1 123/1/1
f 488/1/1 1196/1/1 1197/1/1
f 303/1/1 308/1/1 769/1/1
f 849/1/1 853/1/1 127/1/1
f 492/1/1 1192/1/1 1193/1/1
f 307/1/1 312/1/1 785/1/1
f 416/1/1 850/1/1 131/1/1
f 496/1/1 1185/1/1 1189/1/1
f 311/1/1 316/1/1 720/1/1
f 35/1/1 136/1/1 1090/1/1
f 50/1/93 1332/1/93 1333/1/93
f 716/1/1 717/1/1 315/1/1
f 135/1/1 140/1/1 1105/1/1
f 712/1/1 713/1/1 319/1/1
f 139/1/1 144/1/1 1121/1/1
f 705/1/1 709/1/1 323/1/1
f 143/1/1 148/1/1 1056/1/1
f 31/1/94 1311/1/94 1385/1/94
f 1052/1/1 1053/1/1 147/1/1
f 22/1/47 270/1/47 1552/1/47
f 1048/1/1 1049/1/1 151/1/1
f 331/1/1 336/1/1 961/1/1
f 1041/1/1 1045/1/1 155/1/1
f 335/1/1 340/1/1 977/1/1
f 444/1/1 1042/1/1 159/1/1
f 339/1/1 344/1/1 912/1/1
f 38/1/1 164/1/1 610/1/1
f 908/1/1 909/1/1 343/1/1
f 168/1/1 625/1/1 611/1/1
f 904/1/1 905/1/1 347/1/1
f 172/1/1 641/1/1 626/1/1
f 897/1/1 901/1/1 351/1/1
f 176/1/1 576/1/1 642/1/1
f 34/1/95 1314/1/95 1413/1/95
f 180/1/1 572/1/1 573/1/1
f 25/1/617 1305/1/617 1329/1/617
f 184/1/1 568/1/1 569/1/1
f 359/1/1 364/1/1 1153/1/1
f 188/1/1 561/1/1 565/1/1
f 363/1/1 368/1/1 1169/1/1
f 15/1/1 276/1/1 562/1/1
f 367/1/1 372/1/1 1104/1/1
f 41/1/1 192/1/1 802/1/1
f 1100/1/1 1101/1/1 371/1/1
f 196/1/1 817/1/1 803/1/1
f 1096/1/1 1097/1/1 375/1/1
f 200/1/1 833/1/1 818/1/1
f 1089/1/1 1093/1/1 379/1/1
f 204/1/1 768/1/1 834/1/1
f 161/1/618 37/1/618 1317/1/618
f 208/1/1 764/1/1 765/1/1
f 130/1/98 1412/1/98 1287/1/98
f 212/1/1 760/1/1 761/1/1
f 392/1/1 673/1/1 659/1/1
f 216/1/1 753/1/1 757/1/1
f 396/1/1 689/1/1 674/1/1
f 18/1/1 304/1/1 754/1/1
f 400/1/1 624/1/1 690/1/1
f 44/1/1 220/1/1 994/1/1
f 404/1/1 620/1/1 621/1/1
f 224/1/1 1009/1/1 995/1/1
f 408/1/1 616/1/1 617/1/1
f 228/1/1 1025/1/1 1010/1/1
f 412/1/1 609/1/1 613/1/1
f 232/1/1 960/1/1 1026/1/1
f 26/1/1 52/1/1 514/1/1
f 40/1/4 1320/1/4 1469/1/4
f 236/1/1 956/1/1 957/1/1
f 51/1/1 56/1/1 529/1/1
f 158/1/99 1440/1/99 1290/1/99
f 240/1/1 952/1/1 953/1/1
f 55/1/1 60/1/1 545/1/1
f 420/1/1 865/1/1 851/1/1
f 244/1/1 945/1/1 949/1/1
f 59/1/1 64/1/1 1248/1/1
f 424/1/1 881/1/1 866/1/1
f 21/1/1 332/1/1 946/1/1
f 1244/1/1 1245/1/1 63/1/1
f 428/1/1 816/1/1 882/1/1
f 47/1/1 248/1/1 1186/1/1
f 1240/1/1 1241/1/1 67/1/1
f 49/1/619 50/1/619 51/1/619
f 53/1/620 54/1/620 55/1/620
f 57/1/621 58/1/621 59/1/621
f 61/1/622 62/1/622 63/1/622
f 65/1/623 66/1/623 67/1/623
f 69/1/624 70/1/624 71/1/624
f 74/1/625 75/1/625 76/1/625
f 77/1/626 78/1/626 79/1/626
f 81/1/627 82/1/627 83/1/627
f 85/1/628 86/1/628 87/1/628
f 89/1/629 90/1/629 91/1/629
f 93/1/630 94/1/630 95/1/630
f 97/1/631 98/1/631 99/1/631
f 102/1/632 103/1/632 104/1/632
f 105/1/633 106/1/633 107/1/633
f 109/1/634 110/1/634 111/1/634
f 113/1/635 114/1/635 115/1/635
f 117/1/636 118/1/636 119/1/636
f 121/1/637 122/1/637 123/1/637
f 125/1/638 126/1/638 127/1/638
f 130/1/639 131/1/639 132/1/639
f 133/1/640 134/1/640 135/1/640
f 137/1/641 138/1/641 139/1/641
f 141/1/642 142/1/642 143/1/642
f 145/1/643 146/1/643 147/1/643
f 149/1/644 150/1/644 151/1/644
f 153/1/645 154/1/645 155/1/645
f 158/1/646 159/1/646 160/1/646
f 161/1/144 162/1/144 163/1/144
f 165/1/145 166/1/145 167/1/145
f 170/1/647 171/1/647 172/1/647
f 174/1/147 175/1/147 176/1/147
f 178/1/648 179/1/648 180/1/648
f 182/1/649 183/1/649 184/1/649
f 186/1/650 187/1/650 188/1/650
f 189/1/105 190/1/105 191/1/105
f 193/1/105 194/1/105 195/1/105
f 198/1/105 199/1/105 200/1/105
f 202/1/651 203/1/651 204/1/651
f 206/1/105 207/1/105 208/1/105
f 210/1/105 211/1/105 212/1/105
f 214/1/105 215/1/105 216/1/105
f 217/1/652 218/1/652 219/1/652
f 222/1/653 223/1/653 224/1/653
f 226/1/654 227/1/654 228/1/654
f 230/1/655 231/1/655 232/1/655
f 234/1/656 235/1/656 236/1/656
f 238/1/657 239/1/657 240/1/657
f 242/1/658 243/1/658 244/1/658
f 245/1/158 246/1/158 247/1/158
f 249/1/158 250/1/158 251/1/158
f 254/1/158 255/1/158 256/1/158
f 258/1/159 259/1/159 260/1/159
f 262/1/158 263/1/158 264/1/158
f 266/1/159 267/1/159 268/1/159
f 270/1/158 271/1/158 272/1/158
f 273/1/659 274/1/659 275/1/659
f 277/1/660 278/1/660 279/1/660
f 281/1/162 282/1/162 283/1/162
f 285/1/163 286/1/163 287/1/163
f 289/1/164 290/1/164 291/1/164
f 294/1/661 295/1/661 296/1/661
f 298/1/662 299/1/662 300/1/662
f 301/1/105 302/1/105 303/1/105
f 305/1/105 306/1/105 307/1/105
f 309/1/105 310/1/105 311/1/105
f 313/1/105 314/1/105 315/1/105
f 317/1/105 318/1/105 319/1/105
f 322/1/105 323/1/105 324/1/105
f 326/1/105 327/1/105 328/1/105
f 329/1/663 330/1/663 331/1/663
f 333/1/664 334/1/664 335/1/664
f 337/1/665 338/1/665 339/1/665
f 341/1/666 342/1/666 343/1/666
f 345/1/667 346/1/667 347/1/667
f 349/1/668 350/1/668 351/1/668
f 354/1/174 355/1/174 356/1/174
f 357/1/158 358/1/158 359/1/158
f 361/1/158 362/1/158 363/1/158
f 365/1/159 366/1/159 367/1/159
f 369/1/159 370/1/159 371/1/159
f 373/1/669 374/1/669 375/1/669
f 378/1/158 379/1/158 380/1/158
f 382/1/158 383/1/158 384/1/158
f 385/1/670 386/1/670 387/1/670
f 390/1/671 391/1/671 392/1/671
f 394/1/672 395/1/672 396/1/672
f 398/1/673 399/1/673 400/1/673
f 402/1/674 403/1/674 404/1/674
f 406/1/675 407/1/675 408/1/675
f 410/1/676 411/1/676 412/1/676
f 413/1/677 414/1/677 415/1/677
f 418/1/678 419/1/678 420/1/678
f 422/1/679 423/1/679 424/1/679
f 426/1/680 427/1/680 428/1/680
f 430/1/681 431/1/681 432/1/681
f 434/1/682 435/1/682 436/1/682
f 438/1/683 439/1/683 440/1/683
f 441/1/684 442/1/684 443/1/684
f 446/1/685 447/1/685 448/1/685
f 450/1/686 451/1/686 452/1/686
f 454/1/687 455/1/687 456/1/687
f 458/1/688 459/1/688 460/1/688
f 462/1/689 463/1/689 464/1/689
f 466/1/690 467/1/690 468/1/690
f 469/1/691 470/1/691 471/1/691
f 474/1/692 475/1/692 476/1/692
f 478/1/693 479/1/693 480/1/693
f 482/1/694 483/1/694 484/1/694
f 486/1/695 487/1/695 488/1/695
f 490/1/696 491/1/696 492/1/696
f 494/1/697 495/1/697 496/1/697
f 512/1/1 497/1/1 500/1/1
f 497/1/1 498/1/1 499/1/1
f 500/1/1 497/1/1 499/1/1
f 500/1/1 501/1/1 503/1/1
f 501/1/1 502/1/1 503/1/1
f 503/1/1 504/1/1 500/1/1
f 504/1/1 505/1/1 508/1/1
f 505/1/1 506/1/1 507/1/1
f 508/1/1 505/1/1 507/1/1
f 508/1/1 509/1/1 511/1/1
f 509/1/1 510/1/1 511/1/1
f 511/1/1 512/1/1 508/1/1
f 512/1/1 500/1/1 504/1/1
f 514/1/1 515/1/1 516/1/1
f 518/1/1 519/1/1 520/1/1
f 522/1/1 523/1/1 524/1/1
f 526/1/1 527/1/1 528/1/1
f 529/1/1 530/1/1 531/1/1
f 533/1/1 534/1/1 535/1/1
f 537/1/1 538/1/1 539/1/1
f 541/1/1 542/1/1 543/1/1
f 545/1/1 546/1/1 547/1/1
f 549/1/1 550/1/1 551/1/1
f 553/1/1 554/1/1 555/1/1
f 557/1/1 558/1/1 559/1/1
f 562/1/1 563/1/1 564/1/1
f 566/1/1 567/1/1 568/1/1
f 570/1/1 571/1/1 572/1/1
f 573/1/1 574/1/1 575/1/1
f 578/1/1 579/1/1 580/1/1
f 581/1/1 582/1/1 583/1/1
f 585/1/1 586/1/1 587/1/1
f 590/1/1 591/1/1 592/1/1
f 594/1/1 595/1/1 596/1/1
f 597/1/1 598/1/1 599/1/1
f 601/1/1 602/1/1 603/1/1
f 606/1/1 607/1/1 608/1/1
f 609/1/1 610/1/1 611/1/1
f 614/1/1 615/1/1 616/1/1
f 617/1/1 618/1/1 619/1/1
f 621/1/1 622/1/1 623/1/1
f 626/1/1 627/1/1 628/1/1
f 629/1/1 630/1/1 631/1/1
f 633/1/1 634/1/1 635/1/1
f 638/1/1 639/1/1 640/1/1
f 642/1/1 643/1/1 644/1/1
f 645/1/1 646/1/1 647/1/1
f 649/1/1 650/1/1 651/1/1
f 654/1/1 655/1/1 656/1/1
f 657/1/1 658/1/1 659/1/1
f 662/1/1 663/1/1 664/1/1
f 666/1/1 667/1/1 668/1/1
f 670/1/1 671/1/1 672/1/1
f 674/1/1 675/1/1 676/1/1
f 677/1/1 678/1/1 679/1/1
f 681/1/1 682/1/1 683/1/1
f 685/1/1 686/1/1 687/1/1
f 690/1/1 691/1/1 692/1/1
f 693/1/1 694/1/1 695/1/1
f 697/1/1 698/1/1 699/1/1
f 701/1/1 702/1/1 703/1/1
f 705/1/1 706/1/1 707/1/1
f 710/1/1 711/1/1 712/1/1
f 714/1/1 715/1/1 716/1/1
f 718/1/1 719/1/1 720/1/1
f 722/1/1 723/1/1 724/1/1
f 725/1/1 726/1/1 727/1/1
f 729/1/1 730/1/1 731/1/1
f 733/1/1 734/1/1 735/1/1
f 737/1/1 738/1/1 739/1/1
f 741/1/1 742/1/1 743/1/1
f 745/1/1 746/1/1 747/1/1
f 749/1/1 750/1/1 751/1/1
f 754/1/1 755/1/1 756/1/1
f 758/1/1 759/1/1 760/1/1
f 762/1/1 763/1/1 764/1/1
f 765/1/1 766/1/1 767/1/1
f 770/1/1 771/1/1 772/1/1
f 773/1/1 774/1/1 775/1/1
f 777/1/1 778/1/1 779/1/1
f 782/1/1 783/1/1 784/1/1
f 786/1/1 787/1/1 788/1/1
f 789/1/1 790/1/1 791/1/1
f 793/1/1 794/1/1 795/1/1
f 798/1/1 799/1/1 800/1/1
f 801/1/1 802/1/1 803/1/1
f 806/1/1 807/1/1 808/1/1
f 809/1/1 810/1/1 811/1/1
f 813/1/1 814/1/1 815/1/1
f 818/1/1 819/1/1 820/1/1
f 821/1/1 822/1/1 823/1/1
f 825/1/1 826/1/1 827/1/1
f 830/1/1 831/1/1 832/1/1
f 834/1/1 835/1/1 836/1/1
f 837/1/1 838/1/1 839/1/1
f 841/1/1 842/1/1 843/1/1
f 846/1/1 847/1/1 848/1/1
f 849/1/1 850/1/1 851/1/1
f 854/1/1 855/1/1 856/1/1
f 858/1/1 859/1/1 860/1/1
f 862/1/1 863/1/1 864/1/1
f 866/1/1 867/1/1 868/1/1
f 869/1/1 870/1/1 871/1/1
f 873/1/1 874/1/1 875/1/1
f 877/1/1 878/1/1 879/1/1
f 882/1/1 883/1/1 884/1/1
f 885/1/1 886/1/1 887/1/1
f 889/1/1 890/1/1 891/1/1
f 893/1/1 894/1/1 895/1/1
f 897/1/1 898/1/1 899/1/1
f 902/1/1 903/1/1 904/1/1
f 906/1/1 907/1/1 908/1/1
f 910/1/1 911/1/1 912/1/1
f 914/1/1 915/1/1 916/1/1
f 917/1/1 918/1/1 919/1/1
f 921/1/1 922/1/1 923/1/1
f 925/1/1 926/1/1 927/1/1
f 929/1/1 930/1/1 931/1/1
f 933/1/1 934/1/1 935/1/1
f 937/1/1 938/1/1 939/1/1
f 941/1/1 942/1/1 943/1/1
f 946/1/1 947/1/1 948/1/1
f 950/1/1 951/1/1 952/1/1
f 953/1/1 954/1/1 955/1/1
f 957/1/1 958/1/1 959/1/1
f 962/1/1 963/1/1 964/1/1
f 965/1/1 966/1/1 967/1/1
f 969/1/1 970/1/1 971/1/1
f 974/1/1 975/1/1 976/1/1
f 977/1/1 978/1/1 979/1/1
f 981/1/1 982/1/1 983/1/1
f 985/1/1 986/1/1 987/1/1
f 990/1/1 991/1/1 992/1/1
f 994/1/1 995/1/1 996/1/1
f 997/1/1 998/1/1 999/1/1
f 1001/1/1 1002/1/1 1003/1/1
f 1005/1/1 1006/1/1 1007/1/1
f 1010/1/1 1011/1/1 1012/1/1
f 1013/1/1 1014/1/1 1015/1/1
f 1017/1/1 1018/1/1 1019/1/1
f 1022/1/1 1023/1/1 1024/1/1
f 1026/1/1 1027/1/1 1028/1/1
f 1029/1/1 1030/1/1 1031/1/1
f 1033/1/1 1034/1/1 1035/1/1
f 1038/1/1 1039/1/1 1040/1/1
f 1041/1/1 1042/1/1 1043/1/1
f 1046/1/1 1047/1/1 1048/1/1
f 1050/1/1 1051/1/1 1052/1/1
f 1054/1/1 1055/1/1 1056/1/1
f 1058/1/1 1059/1/1 1060/1/1
f 1061/1/1 1062/1/1 1063/1/1
f 1065/1/1 1066/1/1 1067/1/1
f 1069/1/1 1070/1/1 1071/1/1
f 1074/1/1 1075/1/1 1076/1/1
f 1077/1/1 1078/1/1 1079/1/1
f 1081/1/1 1082/1/1 1083/1/1
f 1085/1/1 1086/1/1 1087/1/1
f 1089/1/1 1090/1/1 1091/1/1
f 1094/1/1 1095/1/1 1096/1/1
f 1098/1/1 1099/1/1 1100/1/1
f 1102/1/1 1103/1/1 1104/1/1
f 1106/1/1 1107/1/1 1108/1/1
f 1109/1/1 1110/1/1 1111/1/1
f 1113/1/1 1114/1/1 1115/1/1
f 1117/1/1 1118/1/1 1119/1/1
f 1121/1/1 1122/1/1 1123/1/1
f 1125/1/1 1126/1/1 1127/1/1
f 1129/1/1 1130/1/1 1131/1/1
f 1133/1/1 1134/1/1 1135/1/1
f 1138/1/1 1139/1/1 1140/1/1
f 1142/1/1 1143/1/1 1144/1/1
f 1146/1/1 1147/1/1 1148/1/1
f 1149/1/1 1150/1/1 1151/1/1
f 1154/1/1 1155/1/1 1156/1/1
f 1157/1/1 1158/1/1 1159/1/1
f 1161/1/1 1162/1/1 1163/1/1
f 1166/1/1 1167/1/1 1168/1/1
f 1170/1/1 1171/1/1 1172/1/1
f 1173/1/1 1174/1/1 1175/1/1
f 1177/1/1 1178/1/1 1179/1/1
f 1182/1/1 1183/1/1 1184/1/1
f 1185/1/1 1186/1/1 1187/1/1
f 1190/1/1 1191/1/1 1192/1/1
f 1193/1/1 1194/1/1 1195/1/1
f 1197/1/1 1198/1/1 1199/1/1
f 1202/1/1 1203/1/1 1204/1/1
f 1205/1/1 1206/1/1 1207/1/1
f 1209/1/1 1210/1/1 1211/1/1
f 1214/1/1 1215/1/1 1216/1/1
f 1218/1/1 1219/1/1 1220/1/1
f 1221/1/1 1222/1/1 1223/1/1
f 1225/1/1 1226/1/1 1227/1/1
f 1230/1/1 1231/1/1 1232/1/1
f 1233/1/1 1234/1/1 1235/1/1
f 1238/1/1 1239/1/1 1240/1/1
f 1242/1/1 1243/1/1 1244/1/1
f 1246/1/1 1247/1/1 1248/1/1
f 1250/1/1 1251/1/1 1252/1/1
f 1253/1/1 1254/1/1 1255/1/1
f 1257/1/1 1258/1/1 1259/1/1
f 1261/1/1 1262/1/1 1263/1/1
f 1266/1/1 1267/1/1 1268/1/1
f 1269/1/1 1270/1/1 1271/1/1
f 1273/1/1 1274/1/1 1275/1/1
f 1277/1/1 1278/1/1 1279/1/1
f 1329/1/698 1330/1/698 1331/1/698
f 1333/1/699 1334/1/699 1335/1/699
f 1337/1/700 1338/1/700 1339/1/700
f 1341/1/701 1342/1/701 1343/1/701
f 1345/1/702 1346/1/702 1347/1/702
f 1349/1/703 1350/1/703 1351/1/703
f 1354/1/704 1355/1/704 1356/1/704
f 1357/1/705 1358/1/705 1359/1/705
f 1361/1/706 1362/1/706 1363/1/706
f 1365/1/707 1366/1/707 1367/1/707
f 1369/1/708 1370/1/708 1371/1/708
f 1373/1/709 1374/1/709 1375/1/709
f 1377/1/710 1378/1/710 1379/1/710
f 1382/1/711 1383/1/711 1384/1/711
f 1385/1/712 1386/1/712 1387/1/712
f 1389/1/713 1390/1/713 1391/1/713
f 1393/1/714 1394/1/714 1395/1/714
f 1397/1/715 1398/1/715 1399/1/715
f 1401/1/716 1402/1/716 1403/1/716
f 1405/1/717 1406/1/717 1407/1/717
f 1410/1/718 1411/1/718 1412/1/718
f 1413/1/719 1414/1/719 1415/1/719
f 1417/1/720 1418/1/720 1419/1/720
f 1421/1/721 1422/1/721 1423/1/721
f 1425/1/722 1426/1/722 1427/1/722
f 1429/1/723 1430/1/723 1431/1/723
f 1433/1/724 1434/1/724 1435/1/724
f 1438/1/725 1439/1/725 1440/1/725
f 1441/1/247 1442/1/247 1443/1/247
f 1445/1/248 1446/1/248 1447/1/248
f 1450/1/249 1451/1/249 1452/1/249
f 1454/1/726 1455/1/726 1456/1/726
f 1458/1/727 1459/1/727 1460/1/727
f 1462/1/728 1463/1/728 1464/1/728
f 1466/1/729 1467/1/729 1468/1/729
f 1469/1/254 1470/1/254 1471/1/254
f 1473/1/254 1474/1/254 1475/1/254
f 1478/1/208 1479/1/208 1480/1/208
f 1482/1/254 1483/1/254 1484/1/254
f 1486/1/208 1487/1/208 1488/1/208
f 1490/1/254 1491/1/254 1492/1/254
f 1494/1/208 1495/1/208 1496/1/208
f 1497/1/730 1498/1/730 1499/1/730
f 1502/1/731 1503/1/731 1504/1/731
f 1506/1/732 1507/1/732 1508/1/732
f 1510/1/733 1511/1/733 1512/1/733
f 1514/1/734 1515/1/734 1516/1/734
f 1518/1/735 1519/1/735 1520/1/735
f 1522/1/736 1523/1/736 1524/1/736
f 1525/1/262 1526/1/262 1527/1/262
f 1529/1/262 1530/1/262 1531/1/262
f 1534/1/263 1535/1/263 1536/1/263
f 1538/1/262 1539/1/262 1540/1/262
f 1542/1/262 1543/1/262 1544/1/262
f 1546/1/262 1547/1/262 1548/1/262
f 1550/1/262 1551/1/262 1552/1/262
f 1553/1/737 1554/1/737 1555/1/737
f 1557/1/738 1558/1/738 1559/1/738
f 1561/1/739 1562/1/739 1563/1/739
f 1565/1/267 1566/1/267 1567/1/267
f 1569/1/268 1570/1/268 1571/1/268
f 1574/1/740 1575/1/740 1576/1/740
f 1578/1/741 1579/1/741 1580/1/741
f 1581/1/208 1582/1/208 1583/1/208
f 1585/1/742 1586/1/742 1587/1/742
f 1589/1/208 1590/1/208 1591/1/208
f 1593/1/254 1594/1/254 1595/1/254
f 1597/1/208 1598/1/208 1599/1/208
f 1602/1/254 1603/1/254 1604/1/254
f 1606/1/254 1607/1/254 1608/1/254
f 1609/1/743 1610/1/743 1611/1/743
f 1613/1/744 1614/1/744 1615/1/744
f 1617/1/745 1618/1/745 1619/1/745
f 1621/1/274 1622/1/274 1623/1/274
f 1625/1/275 1626/1/275 1627/1/275
f 1629/1/746 1630/1/746 1631/1/746
f 1634/1/277 1635/1/277 1636/1/277
f 1637/1/262 1638/1/262 1639/1/262
f 1641/1/262 1642/1/262 1643/1/262
f 1645/1/262 1646/1/262 1647/1/262
f 1649/1/262 1650/1/262 1651/1/262
f 1653/1/262 1654/1/262 1655/1/262
f 1658/1/262 1659/1/262 1660/1/262
f 1662/1/263 1663/1/263 1664/1/263
f 1665/1/747 1666/1/747 1667/1/747
f 1670/1/748 1671/1/748 1672/1/748
f 1674/1/749 1675/1/749 1676/1/749
f 1678/1/750 1679/1/750 1680/1/750
f 1682/1/751 1683/1/751 1684/1/751
f 1686/1/752 1687/1/752 1688/1/752
f 1690/1/753 1691/1/753 1692/1/753
f 1693/1/754 1694/1/754 1695/1/754
f 1698/1/755 1699/1/755 1700/1/755
f 1702/1/756 1703/1/756 1704/1/756
f 1706/1/757 1707/1/757 1708/1/757
f 1710/1/758 1711/1/758 1712/1/758
f 1714/1/759 1715/1/759 1716/1/759
f 1718/1/760 1719/1/760 1720/1/760
f 1721/1/761 1722/1/761 1723/1/761
f 1726/1/762 1727/1/762 1728/1/762
f 1730/1/763 1731/1/763 1732/1/763
f 1734/1/764 1735/1/764 1736/1/764
f 1738/1/765 1739/1/765 1740/1/765
f 1742/1/766 1743/1/766 1744/1/766
f 1746/1/767 1747/1/767 1748/1/767
f 1749/1/768 1750/1/768 1751/1/768
f 1754/1/769 1755/1/769 1756/1/769
f 1758/1/770 1759/1/770 1760/1/770
f 1762/1/771 1763/1/771 1764/1/771
f 1766/1/772 1767/1/772 1768/1/772
f 1770/1/773 1771/1/773 1772/1/773
f 1774/1/774 1775/1/774 1776/1/774
f 1792/1/2 1777/1/2 1791/1/2
f 1777/1/2 1778/1/2 1790/1/2
f 1778/1/2 1779/1/2 1782/1/2
f 1779/1/2 1780/1/2 1781/1/2
f 1782/1/2 1779/1/2 1781/1/2
f 1782/1/2 1783/1/2 1785/1/2
f 1783/1/2 1784/1/2 1785/1/2
f 1785/1/2 1786/1/2 1782/1/2
f 1786/1/2 1787/1/2 1790/1/2
f 1787/1/2 1788/1/2 1789/1/2
f 1790/1/2 1787/1/2 1789/1/2
f 1790/1/2 1791/1/2 1777/1/2
f 1790/1/2 1778/1/2 1786/1/2
f 1794/1/2 1795/1/2 1796/1/2
f 1798/1/2 1799/1/2 1800/1/2
f 1802/1/2 1803/1/2 1804/1/2
f 1806/1/2 1807/1/2 1808/1/2
f 1809/1/2 1810/1/2 1811/1/2
f 1813/1/2 1814/1/2 1815/1/2
f 1817/1/2 1818/1/2 1819/1/2
f 1821/1/2 1822/1/2 1823/1/2
f 1825/1/2 1826/1/2 1827/1/2
f 1829/1/2 1830/1/2 1831/1/2
f 1833/1/2 1834/1/2 1835/1/2
f 1837/1/2 1838/1/2 1839/1/2
f 1842/1/2 1843/1/2 1844/1/2
f 1846/1/2 1847/1/2 1848/1/2
f 1850/1/2 1851/1/2 1852/1/2
f 1853/1/2 1854/1/2 1855/1/2
f 1858/1/2 1859/1/2 1860/1/2
f 1861/1/2 1862/1/2 1863/1/2
f 1865/1/2 1866/1/2 1867/1/2
f 1870/1/2 1871/1/2 1872/1/2
f 1874/1/2 1875/1/2 1876/1/2
f 1877/1/2 1878/1/2 1879/1/2
f 1881/1/2 1882/1/2 1883/1/2
f 1886/1/2 1887/1/2 1888/1/2
f 1889/1/2 1890/1/2 1891/1/2
f 1894/1/2 1895/1/2 1896/1/2
f 1897/1/2 1898/1/2 1899/1/2
f 1901/1/2 1902/1/2 1903/1/2
f 1906/1/2 1907/1/2 1908/1/2
f 1909/1/2 1910/1/2 1911/1/2
f 1913/1/2 1914/1/2 1915/1/2
f 1918/1/2 1919/1/2 1920/1/2
f 1922/1/2 1923/1/2 1924/1/2
f 1925/1/2 1926/1/2 1927/1/2
f 1929/1/2 1930/1/2 1931/1/2
f 1934/1/2 1935/1/2 1936/1/2
f 1937/1/2 1938/1/2 1939/1/2
f 1942/1/2 1943/1/2 1944/1/2
f 1946/1/2 1947/1/2 1948/1/2
f 1950/1/2 1951/1/2 1952/1/2
f 1954/1/2 1955/1/2 1956/1/2
f 1957/1/2 1958/1/2 1959/1/2
f 1961/1/2 1962/1/2 1963/1/2
f 1965/1/2 1966/1/2 1967/1/2
f 1970/1/2 1971/1/2 1972/1/2
f 1973/1/2 1974/1/2 1975/1/2
f 1977/1/2 1978/1/2 1979/1/2
f 1981/1/2 1982/1/2 1983/1/2
f 1985/1/2 1986/1/2 1987/1/2
f 1990/1/2 1991/1/2 1992/1/2
f 1994/1/2 1995/1/2 1996/1/2
f 1998/1/2 1999/1/2 2000/1/2
f 2002/1/2 2003/1/2 2004/1/2
f 2005/1/2 2006/1/2 2007/1/2
f 2009/1/2 2010/1/2 2011/1/2
f 2013/1/2 2014/1/2 2015/1/2
f 2017/1/2 2018/1/2 2019/1/2
f 2021/1/2 2022/1/2 2023/1/2
f 2025/1/2 2026/1/2 2027/1/2
f 2029/1/2 2030/1/2 2031/1/2
f 2034/1/2 2035/1/2 2036/1/2
f 2038/1/2 2039/1/2 2040/1/2
f 2042/1/2 2043/1/2 2044/1/2
f 2045/1/2 2046/1/2 2047/1/2
f 2050/1/2 2051/1/2 2052/1/2
f 2053/1/2 2054/1/2 2055/1/2
f 2057/1/2 2058/1/2 2059/1/2
f 2062/1/2 2063/1/2 2064/1/2
f 2066/1/2 2067/1/2 2068/1/2
f 2069/1/2 2070/1/2 2071/1/2
f 2073/1/2 2074/1/2 2075/1/2
f 2078/1/2 2079/1/2 2080/1/2
f 2081/1/2 2082/1/2 2083/1/2
f 2086/1/2 2087/1/2 2088/1/2
f 2089/1/2 2090/1/2 2091/1/2
f 2093/1/2 2094/1/2 2095/1/2
f 2098/1/2 2099/1/2 2100/1/2
f 2101/1/2 2102/1/2 2103/1/2
f 2105/1/2 2106/1/2 2107/1/2
f 2110/1/2 2111/1/2 2112/1/2
f 2114/1/2 2115/1/2 2116/1/2
f 2117/1/2 2118/1/2 2119/1/2
f 2121/1/2 2122/1/2 2123/1/2
f 2126/1/2 2127/1/2 2128/1/2
f 2129/1/2 2130/1/2 2131/1/2
f 2134/1/2 2135/1/2 2136/1/2
f 2138/1/2 2139/1/2 2140/1/2
f 2142/1/2 2143/1/2 2144/1/2
f 2146/1/2 2147/1/2 2148/1/2
f 2149/1/2 2150/1/2 2151/1/2
f 2153/1/2 2154/1/2 2155/1/2
f 2157/1/2 2158/1/2 2159/1/2
f 2162/1/2 2163/1/2 2164/1/2
f 2165/1/2 2166/1/2 2167/1/2
f 2169/1/2 2170/1/2 2171/1/2
f 2173/1/2 2174/1/2 2175/1/2
f 2177/1/2 2178/1/2 2179/1/2
f 2182/1/2 2183/1/2 2184/1/2
f 2186/1/2 2187/1/2 2188/1/2
f 2190/1/2 2191/1/2 2192/1/2
f 2194/1/2 2195/1/2 2196/1/2
f 2197/1/2 2198/1/2 2199/1/2
f 2201/1/2 2202/1/2 2203/1/2
f 2205/1/2 2206/1/2 2207/1/2
f 2209/1/2 2210/1/2 2211/1/2
f 2213/1/2 2214/1/2 2215/1/2
f 2217/1/2 2218/1/2 2219/1/2
f 2221/1/2 2222/1/2 2223/1/2
f 2226/1/2 2227/1/2 2228/1/2
f 2230/1/2 2231/1/2 2232/1/2
f 2233/1/2 2234/1/2 2235/1/2
f 2237/1/2 2238/1/2 2239/1/2
f 2242/1/2 2243/1/2 2244/1/2
f 2245/1/2 2246/1/2 2247/1/2
f 2249/1/2 2250/1/2 2251/1/2
f 2254/1/2 2255/1/2 2256/1/2
f 2257/1/2 2258/1/2 2259/1/2
f 2261/1/2 2262/1/2 2263/1/2
f 2265/1/2 2266/1/2 2267/1/2
f 2270/1/2 2271/1/2 2272/1/2
f 2274/1/2 2275/1/2 2276/1/2
f 2277/1/2 2278/1/2 2279/1/2
f 2281/1/2 2282/1/2 2283/1/2
f 2285/1/2 2286/1/2 2287/1/2
f 2290/1/2 2291/1/2 2292/1/2
f 2293/1/2 2294/1/2 2295/1/2
f 2297/1/2 2298/1/2 2299/1/2
f 2302/1/2 2303/1/2 2304/1/2
f 2306/1/2 2307/1/2 2308/1/2
f 2309/1/2 2310/1/2 2311/1/2
f 2313/1/2 2314/1/2 2315/1/2
f 2318/1/2 2319/1/2 2320/1/2
f 2321/1/2 2322/1/2 2323/1/2
f 2326/1/2 2327/1/2 2328/1/2
f 2330/1/2 2331/1/2 2332/1/2
f 2334/1/2 2335/1/2 2336/1/2
f 2338/1/2 2339/1/2 2340/1/2
f 2341/1/2 2342/1/2 2343/1/2
f 2345/1/2 2346/1/2 2347/1/2
f 2349/1/2 2350/1/2 2351/1/2
f 2354/1/2 2355/1/2 2356/1/2
f 2357/1/2 2358/1/2 2359/1/2
f 2361/1/2 2362/1/2 2363/1/2
f 2365/1/2 2366/1/2 2367/1/2
f 2369/1/2 2370/1/2 2371/1/2
f 2374/1/2 2375/1/2 2376/1/2
f 2378/1/2 2379/1/2 2380/1/2
f 2382/1/2 2383/1/2 2384/1/2
f 2386/1/2 2387/1/2 2388/1/2
f 2389/1/2 2390/1/2 2391/1/2
f 2393/1/2 2394/1/2 2395/1/2
f 2397/1/2 2398/1/2 2399/1/2
f 2401/1/2 2402/1/2 2403/1/2
f 2405/1/2 2406/1/2 2407/1/2
f 2409/1/2 2410/1/2 2411/1/2
f 2413/1/2 2414/1/2 2415/1/2
f 2418/1/2 2419/1/2 2420/1/2
f 2422/1/2 2423/1/2 2424/1/2
f 2426/1/2 2427/1/2 2428/1/2
f 2429/1/2 2430/1/2 2431/1/2
f 2434/1/2 2435/1/2 2436/1/2
f 2437/1/2 2438/1/2 2439/1/2
f 2441/1/2 2442/1/2 2443/1/2
f 2446/1/2 2447/1/2 2448/1/2
f 2450/1/2 2451/1/2 2452/1/2
f 2453/1/2 2454/1/2 2455/1/2
f 2457/1/2 2458/1/2 2459/1/2
f 2462/1/2 2463/1/2 2464/1/2
f 2465/1/2 2466/1/2 2467/1/2
f 2470/1/2 2471/1/2 2472/1/2
f 2473/1/2 2474/1/2 2475/1/2
f 2477/1/2 2478/1/2 2479/1/2
f 2482/1/2 2483/1/2 2484/1/2
f 2485/1/2 2486/1/2 2487/1/2
f 2489/1/2 2490/1/2 2491/1/2
f 2494/1/2 2495/1/2 2496/1/2
f 2498/1/2 2499/1/2 2500/1/2
f 2501/1/2 2502/1/2 2503/1/2
f 2505/1/2 2506/1/2 2507/1/2
f 2510/1/2 2511/1/2 2512/1/2
f 2513/1/2 2514/1/2 2515/1/2
f 2518/1/2 2519/1/2 2520/1/2
f 2522/1/2 2523/1/2 2524/1/2
f 2526/1/2 2527/1/2 2528/1/2
f 2530/1/2 2531/1/2 2532/1/2
f 2533/1/2 2534/1/2 2535/1/2
f 2537/1/2 2538/1/2 2539/1/2
f 2541/1/2 2542/1/2 2543/1/2
f 2546/1/2 2547/1/2 2548/1/2
f 2549/1/2 2550/1/2 2551/1/2
f 2553/1/2 2554/1/2 2555/1/2
f 2557/1/2 2558/1/2 2559/1/2
f 25/1/775 49/1/775 52/1/775
f 50/1/776 53/1/776 56/1/776
f 54/1/777 57/1/777 60/1/777
f 58/1/778 61/1/778 64/1/778
f 62/1/779 65/1/779 68/1/779
f 66/1/780 69/1/780 72/1/780
f 73/1/781 76/1/781 71/1/781
f 1/1/313 3/1/313 75/1/313
f 28/1/314 77/1/314 80/1/314
f 78/1/315 81/1/315 84/1/315
f 82/1/316 85/1/316 88/1/316
f 86/1/782 89/1/782 92/1/782
f 90/1/318 93/1/318 96/1/318
f 94/1/319 97/1/319 100/1/319
f 101/1/783 104/1/783 99/1/783
f 4/1/784 6/1/784 103/1/784
f 31/1/785 105/1/785 108/1/785
f 106/1/786 109/1/786 112/1/786
f 110/1/787 113/1/787 116/1/787
f 114/1/788 117/1/788 120/1/788
f 118/1/789 121/1/789 124/1/789
f 122/1/790 125/1/790 128/1/790
f 129/1/791 132/1/791 127/1/791
f 7/1/792 9/1/792 131/1/792
f 34/1/330 133/1/330 136/1/330
f 134/1/331 137/1/331 140/1/331
f 138/1/332 141/1/332 144/1/332
f 142/1/333 145/1/333 148/1/333
f 146/1/334 149/1/334 152/1/334
f 150/1/335 153/1/335 156/1/335
f 157/1/336 160/1/336 155/1/336
f 10/1/793 12/1/793 159/1/793
f 37/1/794 161/1/794 164/1/794
f 162/1/339 165/1/339 168/1/339
f 169/1/340 172/1/340 167/1/340
f 173/1/795 176/1/795 171/1/795
f 177/1/796 180/1/796 175/1/796
f 181/1/797 184/1/797 179/1/797
f 185/1/798 188/1/798 183/1/798
f 13/1/104 15/1/104 187/1/104
f 40/1/105 189/1/105 192/1/105
f 190/1/105 193/1/105 196/1/105
f 197/1/105 200/1/105 195/1/105
f 201/1/105 204/1/105 199/1/105
f 205/1/105 208/1/105 203/1/105
f 209/1/105 212/1/105 207/1/105
f 213/1/105 216/1/105 211/1/105
f 16/1/105 18/1/105 215/1/105
f 43/1/799 217/1/799 220/1/799
f 218/1/800 221/1/800 224/1/800
f 225/1/801 228/1/801 223/1/801
f 229/1/802 232/1/802 227/1/802
f 233/1/803 236/1/803 231/1/803
f 237/1/804 240/1/804 235/1/804
f 241/1/805 244/1/805 239/1/805
f 19/1/806 21/1/806 243/1/806
f 46/1/158 245/1/158 248/1/158
f 246/1/158 249/1/158 252/1/158
f 253/1/159 256/1/159 251/1/159
f 257/1/159 260/1/159 255/1/159
f 261/1/159 264/1/159 259/1/159
f 265/1/158 268/1/158 263/1/158
f 269/1/158 272/1/158 267/1/158
f 22/1/158 24/1/158 271/1/158
f 14/1/807 273/1/807 276/1/807
f 274/1/808 277/1/808 280/1/808
f 278/1/809 281/1/809 284/1/809
f 282/1/810 285/1/810 288/1/810
f 286/1/811 289/1/811 292/1/811
f 293/1/812 296/1/812 291/1/812
f 297/1/813 300/1/813 295/1/813
f 27/1/814 26/1/814 299/1/814
f 17/1/105 301/1/105 304/1/105
f 302/1/105 305/1/105 308/1/105
f 306/1/105 309/1/105 312/1/105
f 310/1/105 313/1/105 316/1/105
f 314/1/105 317/1/105 320/1/105
f 318/1/105 321/1/105 324/1/105
f 325/1/105 328/1/105 323/1/105
f 30/1/105 29/1/105 327/1/105
f 20/1/815 329/1/815 332/1/815
f 330/1/816 333/1/816 336/1/816
f 334/1/817 337/1/817 340/1/817
f 338/1/818 341/1/818 344/1/818
f 342/1/819 345/1/819 348/1/819
f 346/1/820 349/1/820 352/1/820
f 353/1/821 356/1/821 351/1/821
f 33/1/822 32/1/822 355/1/822
f 23/1/159 357/1/159 360/1/159
f 358/1/159 361/1/159 364/1/159
f 362/1/159 365/1/159 368/1/159
f 366/1/159 369/1/159 372/1/159
f 370/1/158 373/1/158 376/1/158
f 374/1/158 377/1/158 380/1/158
f 381/1/159 384/1/159 379/1/159
f 36/1/159 35/1/159 383/1/159
f 5/1/823 385/1/823 388/1/823
f 386/1/824 389/1/824 392/1/824
f 393/1/825 396/1/825 391/1/825
f 397/1/826 400/1/826 395/1/826
f 401/1/827 404/1/827 399/1/827
f 405/1/828 408/1/828 403/1/828
f 409/1/829 412/1/829 407/1/829
f 39/1/830 38/1/830 411/1/830
f 8/1/831 413/1/831 416/1/831
f 414/1/832 417/1/832 420/1/832
f 421/1/381 424/1/381 419/1/381
f 425/1/833 428/1/833 423/1/833
f 429/1/383 432/1/383 427/1/383
f 433/1/384 436/1/384 431/1/384
f 437/1/385 440/1/385 435/1/385
f 42/1/834 41/1/834 439/1/834
f 11/1/835 441/1/835 444/1/835
f 442/1/836 445/1/836 448/1/836
f 449/1/837 452/1/837 447/1/837
f 453/1/838 456/1/838 451/1/838
f 457/1/839 460/1/839 455/1/839
f 461/1/840 464/1/840 459/1/840
f 465/1/841 468/1/841 463/1/841
f 45/1/842 44/1/842 467/1/842
f 2/1/843 469/1/843 472/1/843
f 470/1/844 473/1/844 476/1/844
f 477/1/397 480/1/397 475/1/397
f 481/1/398 484/1/398 479/1/398
f 485/1/845 488/1/845 483/1/845
f 489/1/846 492/1/846 487/1/846
f 493/1/401 496/1/401 491/1/401
f 48/1/402 47/1/402 495/1/402
f 518/1/1 517/1/1 513/1/1
f 519/1/1 522/1/1 521/1/1
f 523/1/1 526/1/1 525/1/1
f 515/1/1 529/1/1 532/1/1
f 534/1/1 533/1/1 519/1/1
f 538/1/1 537/1/1 523/1/1
f 542/1/1 541/1/1 527/1/1
f 531/1/1 535/1/1 534/1/1
f 536/1/1 539/1/1 538/1/1
f 540/1/1 543/1/1 542/1/1
f 530/1/1 545/1/1 548/1/1
f 550/1/1 549/1/1 536/1/1
f 554/1/1 553/1/1 540/1/1
f 558/1/1 557/1/1 544/1/1
f 547/1/1 551/1/1 550/1/1
f 552/1/1 555/1/1 554/1/1
f 556/1/1 559/1/1 558/1/1
f 564/1/1 566/1/1 565/1/1
f 567/1/1 570/1/1 569/1/1
f 574/1/1 573/1/1 572/1/1
f 577/1/1 580/1/1 564/1/1
f 582/1/1 581/1/1 567/1/1
f 586/1/1 585/1/1 571/1/1
f 574/1/1 590/1/1 589/1/1
f 579/1/1 583/1/1 582/1/1
f 584/1/1 587/1/1 586/1/1
f 588/1/1 591/1/1 590/1/1
f 593/1/1 596/1/1 579/1/1
f 598/1/1 597/1/1 584/1/1
f 602/1/1 601/1/1 588/1/1
f 591/1/1 606/1/1 605/1/1
f 595/1/1 599/1/1 598/1/1
f 600/1/1 603/1/1 602/1/1
f 604/1/1 607/1/1 606/1/1
f 612/1/1 614/1/1 613/1/1
f 615/1/1 618/1/1 617/1/1
f 622/1/1 621/1/1 620/1/1
f 625/1/1 628/1/1 612/1/1
f 630/1/1 629/1/1 615/1/1
f 634/1/1 633/1/1 619/1/1
f 622/1/1 638/1/1 637/1/1
f 627/1/1 631/1/1 630/1/1
f 632/1/1 635/1/1 634/1/1
f 636/1/1 639/1/1 638/1/1
f 641/1/1 644/1/1 627/1/1
f 646/1/1 645/1/1 632/1/1
f 650/1/1 649/1/1 636/1/1
f 639/1/1 654/1/1 653/1/1
f 643/1/1 647/1/1 646/1/1
f 648/1/1 651/1/1 650/1/1
f 652/1/1 655/1/1 654/1/1
f 660/1/1 662/1/1 661/1/1
f 663/1/1 666/1/1 665/1/1
f 667/1/1 670/1/1 669/1/1
f 673/1/1 676/1/1 660/1/1
f 678/1/1 677/1/1 663/1/1
f 682/1/1 681/1/1 667/1/1
f 686/1/1 685/1/1 671/1/1
f 675/1/1 679/1/1 678/1/1
f 680/1/1 683/1/1 682/1/1
f 684/1/1 687/1/1 686/1/1
f 689/1/1 692/1/1 675/1/1
f 694/1/1 693/1/1 680/1/1
f 698/1/1 697/1/1 684/1/1
f 702/1/1 701/1/1 688/1/1
f 691/1/1 695/1/1 694/1/1
f 696/1/1 699/1/1 698/1/1
f 700/1/1 703/1/1 702/1/1
f 708/1/1 710/1/1 709/1/1
f 711/1/1 714/1/1 713/1/1
f 715/1/1 718/1/1 717/1/1
f 721/1/1 724/1/1 708/1/1
f 726/1/1 725/1/1 711/1/1
f 730/1/1 729/1/1 715/1/1
f 734/1/1 733/1/1 719/1/1
f 723/1/1 727/1/1 726/1/1
f 728/1/1 731/1/1 730/1/1
f 732/1/1 735/1/1 734/1/1
f 737/1/1 740/1/1 723/1/1
f 742/1/1 741/1/1 728/1/1
f 746/1/1 745/1/1 732/1/1
f 750/1/1 749/1/1 736/1/1
f 739/1/1 743/1/1 742/1/1
f 744/1/1 747/1/1 746/1/1
f 748/1/1 751/1/1 750/1/1
f 756/1/1 758/1/1 757/1/1
f 759/1/1 762/1/1 761/1/1
f 766/1/1 765/1/1 764/1/1
f 769/1/1 772/1/1 756/1/1
f 774/1/1 773/1/1 759/1/1
f 778/1/1 777/1/1 763/1/1
f 766/1/1 782/1/1 781/1/1
f 771/1/1 775/1/1 774/1/1
f 776/1/1 779/1/1 778/1/1
f 780/1/1 783/1/1 782/1/1
f 785/1/1 788/1/1 771/1/1
f 790/1/1 789/1/1 776/1/1
f 794/1/1 793/1/1 780/1/1
f 783/1/1 798/1/1 797/1/1
f 787/1/1 791/1/1 790/1/1
f 792/1/1 795/1/1 794/1/1
f 796/1/1 799/1/1 798/1/1
f 804/1/1 806/1/1 805/1/1
f 807/1/1 810/1/1 809/1/1
f 814/1/1 813/1/1 812/1/1
f 817/1/1 820/1/1 804/1/1
f 822/1/1 821/1/1 807/1/1
f 826/1/1 825/1/1 811/1/1
f 814/1/1 830/1/1 829/1/1
f 819/1/1 823/1/1 822/1/1
f 824/1/1 827/1/1 826/1/1
f 828/1/1 831/1/1 830/1/1
f 833/1/1 836/1/1 819/1/1
f 838/1/1 837/1/1 824/1/1
f 842/1/1 841/1/1 828/1/1
f 831/1/1 846/1/1 845/1/1
f 835/1/1 839/1/1 838/1/1
f 840/1/1 843/1/1 842/1/1
f 844/1/1 847/1/1 846/1/1
f 852/1/1 854/1/1 853/1/1
f 855/1/1 858/1/1 857/1/1
f 859/1/1 862/1/1 861/1/1
f 865/1/1 868/1/1 852/1/1
f 870/1/1 869/1/1 855/1/1
f 874/1/1 873/1/1 859/1/1
f 878/1/1 877/1/1 863/1/1
f 867/1/1 871/1/1 870/1/1
f 872/1/1 875/1/1 874/1/1
f 876/1/1 879/1/1 878/1/1
f 881/1/1 884/1/1 867/1/1
f 886/1/1 885/1/1 872/1/1
f 890/1/1 889/1/1 876/1/1
f 894/1/1 893/1/1 880/1/1
f 883/1/1 887/1/1 886/1/1
f 888/1/1 891/1/1 890/1/1
f 892/1/1 895/1/1 894/1/1
f 900/1/1 902/1/1 901/1/1
f 903/1/1 906/1/1 905/1/1
f 907/1/1 910/1/1 909/1/1
f 913/1/1 916/1/1 900/1/1
f 918/1/1 917/1/1 903/1/1
f 922/1/1 921/1/1 907/1/1
f 926/1/1 925/1/1 911/1/1
f 915/1/1 919/1/1 918/1/1
f 920/1/1 923/1/1 922/1/1
f 924/1/1 927/1/1 926/1/1
f 929/1/1 932/1/1 915/1/1
f 934/1/1 933/1/1 920/1/1
f 938/1/1 937/1/1 924/1/1
f 942/1/1 941/1/1 928/1/1
f 931/1/1 935/1/1 934/1/1
f 936/1/1 939/1/1 938/1/1
f 940/1/1 943/1/1 942/1/1
f 950/1/1 949/1/1 945/1/1
f 951/1/1 954/1/1 953/1/1
f 958/1/1 957/1/1 956/1/1
f 947/1/1 961/1/1 964/1/1
f 966/1/1 965/1/1 951/1/1
f 970/1/1 969/1/1 955/1/1
f 958/1/1 974/1/1 973/1/1
f 963/1/1 967/1/1 966/1/1
f 968/1/1 971/1/1 970/1/1
f 972/1/1 975/1/1 974/1/1
f 977/1/1 980/1/1 963/1/1
f 982/1/1 981/1/1 968/1/1
f 986/1/1 985/1/1 972/1/1
f 975/1/1 990/1/1 989/1/1
f 979/1/1 983/1/1 982/1/1
f 984/1/1 987/1/1 986/1/1
f 988/1/1 991/1/1 990/1/1
f 998/1/1 997/1/1 993/1/1
f 1002/1/1 1001/1/1 1000/1/1
f 1006/1/1 1005/1/1 1004/1/1
f 1009/1/1 1012/1/1 996/1/1
f 1014/1/1 1013/1/1 999/1/1
f 1018/1/1 1017/1/1 1003/1/1
f 1006/1/1 1022/1/1 1021/1/1
f 1011/1/1 1015/1/1 1014/1/1
f 1016/1/1 1019/1/1 1018/1/1
f 1020/1/1 1023/1/1 1022/1/1
f 1025/1/1 1028/1/1 1011/1/1
f 1030/1/1 1029/1/1 1016/1/1
f 1034/1/1 1033/1/1 1020/1/1
f 1023/1/1 1038/1/1 1037/1/1
f 1027/1/1 1031/1/1 1030/1/1
f 1032/1/1 1035/1/1 1034/1/1
f 1036/1/1 1039/1/1 1038/1/1
f 1044/1/1 1046/1/1 1045/1/1
f 1047/1/1 1050/1/1 1049/1/1
f 1051/1/1 1054/1/1 1053/1/1
f 1057/1/1 1060/1/1 1044/1/1
f 1062/1/1 1061/1/1 1047/1/1
f 1066/1/1 1065/1/1 1051/1/1
f 1070/1/1 1069/1/1 1055/1/1
f 1059/1/1 1063/1/1 1062/1/1
f 1064/1/1 1067/1/1 1066/1/1
f 1068/1/1 1071/1/1 1070/1/1
f 1073/1/1 1076/1/1 1059/1/1
f 1078/1/1 1077/1/1 1064/1/1
f 1082/1/1 1081/1/1 1068/1/1
f 1086/1/1 1085/1/1 1072/1/1
f 1075/1/1 1079/1/1 1078/1/1
f 1080/1/1 1083/1/1 1082/1/1
f 1084/1/1 1087/1/1 1086/1/1
f 1092/1/1 1094/1/1 1093/1/1
f 1095/1/1 1098/1/1 1097/1/1
f 1099/1/1 1102/1/1 1101/1/1
f 1105/1/1 1108/1/1 1092/1/1
f 1110/1/1 1109/1/1 1095/1/1
f 1114/1/1 1113/1/1 1099/1/1
f 1118/1/1 1117/1/1 1103/1/1
f 1107/1/1 1111/1/1 1110/1/1
f 1112/1/1 1115/1/1 1114/1/1
f 1116/1/1 1119/1/1 1118/1/1
f 1121/1/1 1124/1/1 1107/1/1
f 1126/1/1 1125/1/1 1112/1/1
f 1130/1/1 1129/1/1 1116/1/1
f 1134/1/1 1133/1/1 1120/1/1
f 1123/1/1 1127/1/1 1126/1/1
f 1128/1/1 1131/1/1 1130/1/1
f 1132/1/1 1135/1/1 1134/1/1
f 1140/1/1 1142/1/1 1141/1/1
f 1143/1/1 1146/1/1 1145/1/1
f 1150/1/1 1149/1/1 1148/1/1
f 1153/1/1 1156/1/1 1140/1/1
f 1158/1/1 1157/1/1 1143/1/1
f 1162/1/1 1161/1/1 1147/1/1
f 1150/1/1 1166/1/1 1165/1/1
f 1155/1/1 1159/1/1 1158/1/1
f 1160/1/1 1163/1/1 1162/1/1
f 1164/1/1 1167/1/1 1166/1/1
f 1169/1/1 1172/1/1 1155/1/1
f 1174/1/1 1173/1/1 1160/1/1
f 1178/1/1 1177/1/1 1164/1/1
f 1167/1/1 1182/1/1 1181/1/1
f 1171/1/1 1175/1/1 1174/1/1
f 1176/1/1 1179/1/1 1178/1/1
f 1180/1/1 1183/1/1 1182/1/1
f 1188/1/1 1190/1/1 1189/1/1
f 1191/1/1 1194/1/1 1193/1/1
f 1198/1/1 1197/1/1 1196/1/1
f 1201/1/1 1204/1/1 1188/1/1
f 1206/1/1 1205/1/1 1191/1/1
f 1210/1/1 1209/1/1 1195/1/1
f 1198/1/1 1214/1/1 1213/1/1
f 1203/1/1 1207/1/1 1206/1/1
f 1208/1/1 1211/1/1 1210/1/1
f 1212/1/1 1215/1/1 1214/1/1
f 1217/1/1 1220/1/1 1203/1/1
f 1222/1/1 1221/1/1 1208/1/1
f 1226/1/1 1225/1/1 1212/1/1
f 1215/1/1 1230/1/1 1229/1/1
f 1219/1/1 1223/1/1 1222/1/1
f 1224/1/1 1227/1/1 1226/1/1
f 1228/1/1 1231/1/1 1230/1/1
f 1236/1/1 1238/1/1 1237/1/1
f 1239/1/1 1242/1/1 1241/1/1
f 1243/1/1 1246/1/1 1245/1/1
f 1249/1/1 1252/1/1 1236/1/1
f 1254/1/1 1253/1/1 1239/1/1
f 1258/1/1 1257/1/1 1243/1/1
f 1262/1/1 1261/1/1 1247/1/1
f 1251/1/1 1255/1/1 1254/1/1
f 1256/1/1 1259/1/1 1258/1/1
f 1260/1/1 1263/1/1 1262/1/1
f 1265/1/1 1268/1/1 1251/1/1
f 1270/1/1 1269/1/1 1256/1/1
f 1274/1/1 1273/1/1 1260/1/1
f 1278/1/1 1277/1/1 1264/1/1
f 1267/1/1 1271/1/1 1270/1/1
f 1272/1/1 1275/1/1 1274/1/1
f 1276/1/1 1279/1/1 1278/1/1
f 527/1/1 595/1/1 594/1/1
f 600/1/1 599/1/1 541/1/1
f 604/1/1 603/1/1 557/1/1
f 643/1/1 642/1/1 576/1/1
f 648/1/1 647/1/1 589/1/1
f 652/1/1 651/1/1 605/1/1
f 691/1/1 690/1/1 624/1/1
f 696/1/1 695/1/1 637/1/1
f 700/1/1 699/1/1 653/1/1
f 671/1/1 739/1/1 738/1/1
f 744/1/1 743/1/1 685/1/1
f 748/1/1 747/1/1 701/1/1
f 719/1/1 787/1/1 786/1/1
f 792/1/1 791/1/1 733/1/1
f 796/1/1 795/1/1 749/1/1
f 835/1/1 834/1/1 768/1/1
f 840/1/1 839/1/1 781/1/1
f 844/1/1 843/1/1 797/1/1
f 883/1/1 882/1/1 816/1/1
f 888/1/1 887/1/1 829/1/1
f 892/1/1 891/1/1 845/1/1
f 863/1/1 931/1/1 930/1/1
f 936/1/1 935/1/1 877/1/1
f 940/1/1 939/1/1 893/1/1
f 911/1/1 979/1/1 978/1/1
f 984/1/1 983/1/1 925/1/1
f 988/1/1 987/1/1 941/1/1
f 1027/1/1 1026/1/1 960/1/1
f 1032/1/1 1031/1/1 973/1/1
f 1036/1/1 1035/1/1 989/1/1
f 1075/1/1 1074/1/1 1008/1/1
f 1080/1/1 1079/1/1 1021/1/1
f 1084/1/1 1083/1/1 1037/1/1
f 1055/1/1 1123/1/1 1122/1/1
f 1128/1/1 1127/1/1 1069/1/1
f 1132/1/1 1131/1/1 1085/1/1
f 1103/1/1 1171/1/1 1170/1/1
f 1176/1/1 1175/1/1 1117/1/1
f 1180/1/1 1179/1/1 1133/1/1
f 1219/1/1 1218/1/1 1152/1/1
f 1224/1/1 1223/1/1 1165/1/1
f 1228/1/1 1227/1/1 1181/1/1
f 1267/1/1 1266/1/1 1200/1/1
f 1272/1/1 1271/1/1 1213/1/1
f 1276/1/1 1275/1/1 1229/1/1
f 1247/1/1 547/1/1 546/1/1
f 552/1/1 551/1/1 1261/1/1
f 556/1/1 555/1/1 1277/1/1
f 560/1/1 559/1/1 497/1/1
f 511/1/1 608/1/1 607/1/1
f 510/1/1 656/1/1 655/1/1
f 704/1/1 703/1/1 510/1/1
f 752/1/1 751/1/1 509/1/1
f 507/1/1 800/1/1 799/1/1
f 506/1/1 848/1/1 847/1/1
f 896/1/1 895/1/1 506/1/1
f 944/1/1 943/1/1 505/1/1
f 503/1/1 992/1/1 991/1/1
f 502/1/1 1040/1/1 1039/1/1
f 1088/1/1 1087/1/1 502/1/1
f 1136/1/1 1135/1/1 501/1/1
f 499/1/1 1184/1/1 1183/1/1
f 498/1/1 1232/1/1 1231/1/1
f 1280/1/1 1279/1/1 498/1/1
f 299/1/1 514/1/1 513/1/1
f 517/1/1 520/1/1 296/1/1
f 521/1/1 524/1/1 292/1/1
f 525/1/1 528/1/1 288/1/1
f 515/1/1 514/1/1 52/1/1
f 530/1/1 529/1/1 56/1/1
f 546/1/1 545/1/1 60/1/1
f 187/1/1 562/1/1 561/1/1
f 183/1/1 565/1/1 568/1/1
f 179/1/1 569/1/1 572/1/1
f 175/1/1 573/1/1 576/1/1
f 563/1/1 562/1/1 276/1/1
f 578/1/1 577/1/1 280/1/1
f 594/1/1 593/1/1 284/1/1
f 411/1/1 610/1/1 609/1/1
f 407/1/1 613/1/1 616/1/1
f 403/1/1 617/1/1 620/1/1
f 399/1/1 621/1/1 624/1/1
f 611/1/1 610/1/1 164/1/1
f 167/1/1 626/1/1 625/1/1
f 171/1/1 642/1/1 641/1/1
f 658/1/1 657/1/1 104/1/1
f 661/1/1 664/1/1 100/1/1
f 665/1/1 668/1/1 96/1/1
f 669/1/1 672/1/1 92/1/1
f 387/1/1 659/1/1 658/1/1
f 391/1/1 674/1/1 673/1/1
f 395/1/1 690/1/1 689/1/1
f 327/1/1 706/1/1 705/1/1
f 709/1/1 712/1/1 324/1/1
f 713/1/1 716/1/1 320/1/1
f 717/1/1 720/1/1 316/1/1
f 707/1/1 706/1/1 80/1/1
f 722/1/1 721/1/1 84/1/1
f 738/1/1 737/1/1 88/1/1
f 215/1/1 754/1/1 753/1/1
f 211/1/1 757/1/1 760/1/1
f 207/1/1 761/1/1 764/1/1
f 203/1/1 765/1/1 768/1/1
f 755/1/1 754/1/1 304/1/1
f 770/1/1 769/1/1 308/1/1
f 786/1/1 785/1/1 312/1/1
f 439/1/1 802/1/1 801/1/1
f 435/1/1 805/1/1 808/1/1
f 431/1/1 809/1/1 812/1/1
f 427/1/1 813/1/1 816/1/1
f 803/1/1 802/1/1 192/1/1
f 195/1/1 818/1/1 817/1/1
f 199/1/1 834/1/1 833/1/1
f 850/1/1 849/1/1 132/1/1
f 853/1/1 856/1/1 128/1/1
f 857/1/1 860/1/1 124/1/1
f 861/1/1 864/1/1 120/1/1
f 415/1/1 851/1/1 850/1/1
f 419/1/1 866/1/1 865/1/1
f 423/1/1 882/1/1 881/1/1
f 355/1/1 898/1/1 897/1/1
f 901/1/1 904/1/1 352/1/1
f 905/1/1 908/1/1 348/1/1
f 909/1/1 912/1/1 344/1/1
f 899/1/1 898/1/1 108/1/1
f 914/1/1 913/1/1 112/1/1
f 930/1/1 929/1/1 116/1/1
f 243/1/1 946/1/1 945/1/1
f 239/1/1 949/1/1 952/1/1
f 235/1/1 953/1/1 956/1/1
f 231/1/1 957/1/1 960/1/1
f 947/1/1 946/1/1 332/1/1
f 962/1/1 961/1/1 336/1/1
f 978/1/1 977/1/1 340/1/1
f 467/1/1 994/1/1 993/1/1
f 463/1/1 997/1/1 1000/1/1
f 459/1/1 1001/1/1 1004/1/1
f 455/1/1 1005/1/1 1008/1/1
f 995/1/1 994/1/1 220/1/1
f 223/1/1 1010/1/1 1009/1/1
f 227/1/1 1026/1/1 1025/1/1
f 1042/1/1 1041/1/1 160/1/1
f 1045/1/1 1048/1/1 156/1/1
f 1049/1/1 1052/1/1 152/1/1
f 1053/1/1 1056/1/1 148/1/1
f 443/1/1 1043/1/1 1042/1/1
f 447/1/1 1058/1/1 1057/1/1
f 451/1/1 1074/1/1 1073/1/1
f 383/1/1 1090/1/1 1089/1/1
f 1093/1/1 1096/1/1 380/1/1
f 1097/1/1 1100/1/1 376/1/1
f 1101/1/1 1104/1/1 372/1/1
f 1091/1/1 1090/1/1 136/1/1
f 1106/1/1 1105/1/1 140/1/1
f 1122/1/1 1121/1/1 144/1/1
f 271/1/1 1138/1/1 1137/1/1
f 267/1/1 1141/1/1 1144/1/1
f 263/1/1 1145/1/1 1148/1/1
f 259/1/1 1149/1/1 1152/1/1
f 1139/1/1 1138/1/1 360/1/1
f 1154/1/1 1153/1/1 364/1/1
f 1170/1/1 1169/1/1 368/1/1
f 495/1/1 1186/1/1 1185/1/1
f 491/1/1 1189/1/1 1192/1/1
f 487/1/1 1193/1/1 1196/1/1
f 483/1/1 1197/1/1 1200/1/1
f 1187/1/1 1186/1/1 248/1/1
f 251/1/1 1202/1/1 1201/1/1
f 255/1/1 1218/1/1 1217/1/1
f 1234/1/1 1233/1/1 76/1/1
f 1237/1/1 1240/1/1 72/1/1
f 1241/1/1 1244/1/1 68/1/1
f 1245/1/1 1248/1/1 64/1/1
f 471/1/1 1235/1/1 1234/1/1
f 475/1/1 1250/1/1 1249/1/1
f 479/1/1 1266/1/1 1265/1/1
f 1330/1/847 1329/1/847 1305/1/847
f 1334/1/848 1333/1/848 1332/1/848
f 1338/1/849 1337/1/849 1336/1/849
f 1342/1/850 1341/1/850 1340/1/850
f 1346/1/851 1345/1/851 1344/1/851
f 1350/1/852 1349/1/852 1348/1/852
f 1351/1/853 1354/1/853 1353/1/853
f 1355/1/410 1282/1/410 1281/1/410
f 1358/1/411 1357/1/411 1308/1/411
f 1362/1/412 1361/1/412 1360/1/412
f 1366/1/854 1365/1/854 1364/1/854
f 1370/1/414 1369/1/414 1368/1/414
f 1374/1/855 1373/1/855 1372/1/855
f 1378/1/856 1377/1/856 1376/1/856
f 1379/1/857 1382/1/857 1381/1/857
f 1383/1/858 1285/1/858 1284/1/858
f 1386/1/859 1385/1/859 1311/1/859
f 1390/1/860 1389/1/860 1388/1/860
f 1394/1/861 1393/1/861 1392/1/861
f 1398/1/862 1397/1/862 1396/1/862
f 1402/1/863 1401/1/863 1400/1/863
f 1406/1/864 1405/1/864 1404/1/864
f 1407/1/865 1410/1/865 1409/1/865
f 1411/1/866 1288/1/866 1287/1/866
f 1414/1/427 1413/1/427 1314/1/427
f 1418/1/428 1417/1/428 1416/1/428
f 1422/1/867 1421/1/867 1420/1/867
f 1426/1/430 1425/1/430 1424/1/430
f 1430/1/431 1429/1/431 1428/1/431
f 1434/1/432 1433/1/432 1432/1/432
f 1435/1/433 1438/1/433 1437/1/433
f 1439/1/868 1291/1/868 1290/1/868
f 1442/1/869 1441/1/869 1317/1/869
f 1446/1/870 1445/1/870 1444/1/870
f 1447/1/871 1450/1/871 1449/1/871
f 1451/1/872 1454/1/872 1453/1/872
f 1455/1/873 1458/1/873 1457/1/873
f 1459/1/874 1462/1/874 1461/1/874
f 1463/1/875 1466/1/875 1465/1/875
f 1467/1/876 1294/1/876 1293/1/876
f 1470/1/254 1469/1/254 1320/1/254
f 1474/1/254 1473/1/254 1472/1/254
f 1475/1/208 1478/1/208 1477/1/208
f 1479/1/208 1482/1/208 1481/1/208
f 1483/1/208 1486/1/208 1485/1/208
f 1487/1/254 1490/1/254 1489/1/254
f 1491/1/208 1494/1/208 1493/1/208
f 1495/1/254 1297/1/254 1296/1/254
f 1498/1/877 1497/1/877 1323/1/877
f 1502/1/878 1501/1/878 1500/1/878
f 1503/1/879 1506/1/879 1505/1/879
f 1507/1/880 1510/1/880 1509/1/880
f 1511/1/881 1514/1/881 1513/1/881
f 1515/1/882 1518/1/882 1517/1/882
f 1519/1/883 1522/1/883 1521/1/883
f 1523/1/884 1300/1/884 1299/1/884
f 1526/1/262 1525/1/262 1326/1/262
f 1530/1/262 1529/1/262 1528/1/262
f 1531/1/262 1534/1/262 1533/1/262
f 1535/1/262 1538/1/262 1537/1/262
f 1539/1/262 1542/1/262 1541/1/262
f 1543/1/262 1546/1/262 1545/1/262
f 1547/1/263 1550/1/263 1549/1/263
f 1551/1/262 1303/1/262 1302/1/262
f 1554/1/885 1553/1/885 1295/1/885
f 1558/1/886 1557/1/886 1556/1/886
f 1562/1/887 1561/1/887 1560/1/887
f 1566/1/888 1565/1/888 1564/1/888
f 1570/1/889 1569/1/889 1568/1/889
f 1571/1/890 1574/1/890 1573/1/890
f 1575/1/891 1578/1/891 1577/1/891
f 1579/1/892 1307/1/892 1306/1/892
f 1582/1/208 1581/1/208 1298/1/208
f 1586/1/208 1585/1/208 1584/1/208
f 1590/1/208 1589/1/208 1588/1/208
f 1594/1/208 1593/1/208 1592/1/208
f 1598/1/208 1597/1/208 1596/1/208
f 1602/1/254 1601/1/254 1600/1/254
f 1603/1/254 1606/1/254 1605/1/254
f 1607/1/208 1310/1/208 1309/1/208
f 1610/1/893 1609/1/893 1301/1/893
f 1614/1/894 1613/1/894 1612/1/894
f 1618/1/895 1617/1/895 1616/1/895
f 1622/1/896 1621/1/896 1620/1/896
f 1626/1/897 1625/1/897 1624/1/897
f 1630/1/898 1629/1/898 1628/1/898
f 1631/1/899 1634/1/899 1633/1/899
f 1635/1/900 1313/1/900 1312/1/900
f 1638/1/262 1637/1/262 1304/1/262
f 1642/1/262 1641/1/262 1640/1/262
f 1646/1/262 1645/1/262 1644/1/262
f 1650/1/262 1649/1/262 1648/1/262
f 1654/1/262 1653/1/262 1652/1/262
f 1658/1/262 1657/1/262 1656/1/262
f 1659/1/262 1662/1/262 1661/1/262
f 1663/1/262 1316/1/262 1315/1/262
f 1666/1/901 1665/1/901 1286/1/901
f 1670/1/902 1669/1/902 1668/1/902
f 1671/1/903 1674/1/903 1673/1/903
f 1675/1/904 1678/1/904 1677/1/904
f 1679/1/905 1682/1/905 1681/1/905
f 1683/1/906 1686/1/906 1685/1/906
f 1687/1/473 1690/1/473 1689/1/473
f 1691/1/907 1319/1/907 1318/1/907
f 1694/1/908 1693/1/908 1289/1/908
f 1698/1/476 1697/1/476 1696/1/476
f 1699/1/477 1702/1/477 1701/1/477
f 1703/1/909 1706/1/909 1705/1/909
f 1707/1/910 1710/1/910 1709/1/910
f 1711/1/911 1714/1/911 1713/1/911
f 1715/1/481 1718/1/481 1717/1/481
f 1719/1/482 1322/1/482 1321/1/482
f 1722/1/483 1721/1/483 1292/1/483
f 1726/1/912 1725/1/912 1724/1/912
f 1727/1/913 1730/1/913 1729/1/913
f 1731/1/914 1734/1/914 1733/1/914
f 1735/1/915 1738/1/915 1737/1/915
f 1739/1/916 1742/1/916 1741/1/916
f 1743/1/917 1746/1/917 1745/1/917
f 1747/1/918 1325/1/918 1324/1/918
f 1750/1/919 1749/1/919 1283/1/919
f 1754/1/492 1753/1/492 1752/1/492
f 1755/1/493 1758/1/493 1757/1/493
f 1759/1/920 1762/1/920 1761/1/920
f 1763/1/495 1766/1/495 1765/1/495
f 1767/1/496 1770/1/496 1769/1/496
f 1771/1/497 1774/1/497 1773/1/497
f 1775/1/498 1328/1/498 1327/1/498
f 1793/1/2 1797/1/2 1800/1/2
f 1801/1/2 1804/1/2 1799/1/2
f 1805/1/2 1808/1/2 1803/1/2
f 1810/1/2 1809/1/2 1795/1/2
f 1799/1/2 1813/1/2 1816/1/2
f 1803/1/2 1817/1/2 1820/1/2
f 1807/1/2 1821/1/2 1824/1/2
f 1816/1/2 1815/1/2 1811/1/2
f 1820/1/2 1819/1/2 1814/1/2
f 1824/1/2 1823/1/2 1818/1/2
f 1826/1/2 1825/1/2 1812/1/2
f 1814/1/2 1829/1/2 1832/1/2
f 1818/1/2 1833/1/2 1836/1/2
f 1822/1/2 1837/1/2 1840/1/2
f 1832/1/2 1831/1/2 1827/1/2
f 1836/1/2 1835/1/2 1830/1/2
f 1840/1/2 1839/1/2 1834/1/2
f 1845/1/2 1848/1/2 1842/1/2
f 1849/1/2 1852/1/2 1847/1/2
f 1850/1/2 1853/1/2 1856/1/2
f 1842/1/2 1858/1/2 1857/1/2
f 1847/1/2 1861/1/2 1864/1/2
f 1851/1/2 1865/1/2 1868/1/2
f 1869/1/2 1872/1/2 1856/1/2
f 1864/1/2 1863/1/2 1859/1/2
f 1868/1/2 1867/1/2 1862/1/2
f 1872/1/2 1871/1/2 1866/1/2
f 1859/1/2 1874/1/2 1873/1/2
f 1862/1/2 1877/1/2 1880/1/2
f 1866/1/2 1881/1/2 1884/1/2
f 1885/1/2 1888/1/2 1871/1/2
f 1880/1/2 1879/1/2 1875/1/2
f 1884/1/2 1883/1/2 1878/1/2
f 1888/1/2 1887/1/2 1882/1/2
f 1893/1/2 1896/1/2 1890/1/2
f 1897/1/2 1900/1/2 1895/1/2
f 1898/1/2 1901/1/2 1904/1/2
f 1890/1/2 1906/1/2 1905/1/2
f 1895/1/2 1909/1/2 1912/1/2
f 1899/1/2 1913/1/2 1916/1/2
f 1917/1/2 1920/1/2 1904/1/2
f 1912/1/2 1911/1/2 1907/1/2
f 1916/1/2 1915/1/2 1910/1/2
f 1920/1/2 1919/1/2 1914/1/2
f 1907/1/2 1922/1/2 1921/1/2
f 1910/1/2 1925/1/2 1928/1/2
f 1914/1/2 1929/1/2 1932/1/2
f 1933/1/2 1936/1/2 1919/1/2
f 1928/1/2 1927/1/2 1923/1/2
f 1932/1/2 1931/1/2 1926/1/2
f 1936/1/2 1935/1/2 1930/1/2
f 1941/1/2 1944/1/2 1938/1/2
f 1945/1/2 1948/1/2 1943/1/2
f 1949/1/2 1952/1/2 1947/1/2
f 1938/1/2 1954/1/2 1953/1/2
f 1943/1/2 1957/1/2 1960/1/2
f 1947/1/2 1961/1/2 1964/1/2
f 1951/1/2 1965/1/2 1968/1/2
f 1960/1/2 1959/1/2 1955/1/2
f 1964/1/2 1963/1/2 1958/1/2
f 1968/1/2 1967/1/2 1962/1/2
f 1955/1/2 1970/1/2 1969/1/2
f 1958/1/2 1973/1/2 1976/1/2
f 1962/1/2 1977/1/2 1980/1/2
f 1966/1/2 1981/1/2 1984/1/2
f 1976/1/2 1975/1/2 1971/1/2
f 1980/1/2 1979/1/2 1974/1/2
f 1984/1/2 1983/1/2 1978/1/2
f 1989/1/2 1992/1/2 1986/1/2
f 1993/1/2 1996/1/2 1991/1/2
f 1997/1/2 2000/1/2 1995/1/2
f 1986/1/2 2002/1/2 2001/1/2
f 1991/1/2 2005/1/2 2008/1/2
f 1995/1/2 2009/1/2 2012/1/2
f 1999/1/2 2013/1/2 2016/1/2
f 2008/1/2 2007/1/2 2003/1/2
f 2012/1/2 2011/1/2 2006/1/2
f 2016/1/2 2015/1/2 2010/1/2
f 2003/1/2 2018/1/2 2017/1/2
f 2006/1/2 2021/1/2 2024/1/2
f 2010/1/2 2025/1/2 2028/1/2
f 2014/1/2 2029/1/2 2032/1/2
f 2024/1/2 2023/1/2 2019/1/2
f 2028/1/2 2027/1/2 2022/1/2
f 2032/1/2 2031/1/2 2026/1/2
f 2037/1/2 2040/1/2 2034/1/2
f 2041/1/2 2044/1/2 2039/1/2
f 2042/1/2 2045/1/2 2048/1/2
f 2034/1/2 2050/1/2 2049/1/2
f 2039/1/2 2053/1/2 2056/1/2
f 2043/1/2 2057/1/2 2060/1/2
f 2061/1/2 2064/1/2 2048/1/2
f 2056/1/2 2055/1/2 2051/1/2
f 2060/1/2 2059/1/2 2054/1/2
f 2064/1/2 2063/1/2 2058/1/2
f 2051/1/2 2066/1/2 2065/1/2
f 2054/1/2 2069/1/2 2072/1/2
f 2058/1/2 2073/1/2 2076/1/2
f 2077/1/2 2080/1/2 2063/1/2
f 2072/1/2 2071/1/2 2067/1/2
f 2076/1/2 2075/1/2 2070/1/2
f 2080/1/2 2079/1/2 2074/1/2
f 2085/1/2 2088/1/2 2082/1/2
f 2089/1/2 2092/1/2 2087/1/2
f 2090/1/2 2093/1/2 2096/1/2
f 2082/1/2 2098/1/2 2097/1/2
f 2087/1/2 2101/1/2 2104/1/2
f 2091/1/2 2105/1/2 2108/1/2
f 2109/1/2 2112/1/2 2096/1/2
f 2104/1/2 2103/1/2 2099/1/2
f 2108/1/2 2107/1/2 2102/1/2
f 2112/1/2 2111/1/2 2106/1/2
f 2099/1/2 2114/1/2 2113/1/2
f 2102/1/2 2117/1/2 2120/1/2
f 2106/1/2 2121/1/2 2124/1/2
f 2125/1/2 2128/1/2 2111/1/2
f 2120/1/2 2119/1/2 2115/1/2
f 2124/1/2 2123/1/2 2118/1/2
f 2128/1/2 2127/1/2 2122/1/2
f 2133/1/2 2136/1/2 2130/1/2
f 2137/1/2 2140/1/2 2135/1/2
f 2141/1/2 2144/1/2 2139/1/2
f 2130/1/2 2146/1/2 2145/1/2
f 2135/1/2 2149/1/2 2152/1/2
f 2139/1/2 2153/1/2 2156/1/2
f 2143/1/2 2157/1/2 2160/1/2
f 2152/1/2 2151/1/2 2147/1/2
f 2156/1/2 2155/1/2 2150/1/2
f 2160/1/2 2159/1/2 2154/1/2
f 2147/1/2 2162/1/2 2161/1/2
f 2150/1/2 2165/1/2 2168/1/2
f 2154/1/2 2169/1/2 2172/1/2
f 2158/1/2 2173/1/2 2176/1/2
f 2168/1/2 2167/1/2 2163/1/2
f 2172/1/2 2171/1/2 2166/1/2
f 2176/1/2 2175/1/2 2170/1/2
f 2181/1/2 2184/1/2 2178/1/2
f 2185/1/2 2188/1/2 2183/1/2
f 2189/1/2 2192/1/2 2187/1/2
f 2178/1/2 2194/1/2 2193/1/2
f 2183/1/2 2197/1/2 2200/1/2
f 2187/1/2 2201/1/2 2204/1/2
f 2191/1/2 2205/1/2 2208/1/2
f 2200/1/2 2199/1/2 2195/1/2
f 2204/1/2 2203/1/2 2198/1/2
f 2208/1/2 2207/1/2 2202/1/2
f 2195/1/2 2210/1/2 2209/1/2
f 2198/1/2 2213/1/2 2216/1/2
f 2202/1/2 2217/1/2 2220/1/2
f 2206/1/2 2221/1/2 2224/1/2
f 2216/1/2 2215/1/2 2211/1/2
f 2220/1/2 2219/1/2 2214/1/2
f 2224/1/2 2223/1/2 2218/1/2
f 2225/1/2 2229/1/2 2232/1/2
f 2233/1/2 2236/1/2 2231/1/2
f 2234/1/2 2237/1/2 2240/1/2
f 2242/1/2 2241/1/2 2227/1/2
f 2231/1/2 2245/1/2 2248/1/2
f 2235/1/2 2249/1/2 2252/1/2
f 2253/1/2 2256/1/2 2240/1/2
f 2248/1/2 2247/1/2 2243/1/2
f 2252/1/2 2251/1/2 2246/1/2
f 2256/1/2 2255/1/2 2250/1/2
f 2243/1/2 2258/1/2 2257/1/2
f 2246/1/2 2261/1/2 2264/1/2
f 2250/1/2 2265/1/2 2268/1/2
f 2269/1/2 2272/1/2 2255/1/2
f 2264/1/2 2263/1/2 2259/1/2
f 2268/1/2 2267/1/2 2262/1/2
f 2272/1/2 2271/1/2 2266/1/2
f 2273/1/2 2277/1/2 2280/1/2
f 2278/1/2 2281/1/2 2284/1/2
f 2282/1/2 2285/1/2 2288/1/2
f 2274/1/2 2290/1/2 2289/1/2
f 2279/1/2 2293/1/2 2296/1/2
f 2283/1/2 2297/1/2 2300/1/2
f 2301/1/2 2304/1/2 2288/1/2
f 2296/1/2 2295/1/2 2291/1/2
f 2300/1/2 2299/1/2 2294/1/2
f 2304/1/2 2303/1/2 2298/1/2
f 2291/1/2 2306/1/2 2305/1/2
f 2294/1/2 2309/1/2 2312/1/2
f 2298/1/2 2313/1/2 2316/1/2
f 2317/1/2 2320/1/2 2303/1/2
f 2312/1/2 2311/1/2 2307/1/2
f 2316/1/2 2315/1/2 2310/1/2
f 2320/1/2 2319/1/2 2314/1/2
f 2325/1/2 2328/1/2 2322/1/2
f 2329/1/2 2332/1/2 2327/1/2
f 2333/1/2 2336/1/2 2331/1/2
f 2322/1/2 2338/1/2 2337/1/2
f 2327/1/2 2341/1/2 2344/1/2
f 2331/1/2 2345/1/2 2348/1/2
f 2335/1/2 2349/1/2 2352/1/2
f 2344/1/2 2343/1/2 2339/1/2
f 2348/1/2 2347/1/2 2342/1/2
f 2352/1/2 2351/1/2 2346/1/2
f 2339/1/2 2354/1/2 2353/1/2
f 2342/1/2 2357/1/2 2360/1/2
f 2346/1/2 2361/1/2 2364/1/2
f 2350/1/2 2365/1/2 2368/1/2
f 2360/1/2 2359/1/2 2355/1/2
f 2364/1/2 2363/1/2 2358/1/2
f 2368/1/2 2367/1/2 2362/1/2
f 2373/1/2 2376/1/2 2370/1/2
f 2377/1/2 2380/1/2 2375/1/2
f 2381/1/2 2384/1/2 2379/1/2
f 2370/1/2 2386/1/2 2385/1/2
f 2375/1/2 2389/1/2 2392/1/2
f 2379/1/2 2393/1/2 2396/1/2
f 2383/1/2 2397/1/2 2400/1/2
f 2392/1/2 2391/1/2 2387/1/2
f 2396/1/2 2395/1/2 2390/1/2
f 2400/1/2 2399/1/2 2394/1/2
f 2387/1/2 2402/1/2 2401/1/2
f 2390/1/2 2405/1/2 2408/1/2
f 2394/1/2 2409/1/2 2412/1/2
f 2398/1/2 2413/1/2 2416/1/2
f 2408/1/2 2407/1/2 2403/1/2
f 2412/1/2 2411/1/2 2406/1/2
f 2416/1/2 2415/1/2 2410/1/2
f 2421/1/2 2424/1/2 2418/1/2
f 2425/1/2 2428/1/2 2423/1/2
f 2426/1/2 2429/1/2 2432/1/2
f 2418/1/2 2434/1/2 2433/1/2
f 2423/1/2 2437/1/2 2440/1/2
f 2427/1/2 2441/1/2 2444/1/2
f 2445/1/2 2448/1/2 2432/1/2
f 2440/1/2 2439/1/2 2435/1/2
f 2444/1/2 2443/1/2 2438/1/2
f 2448/1/2 2447/1/2 2442/1/2
f 2435/1/2 2450/1/2 2449/1/2
f 2438/1/2 2453/1/2 2456/1/2
f 2442/1/2 2457/1/2 2460/1/2
f 2461/1/2 2464/1/2 2447/1/2
f 2456/1/2 2455/1/2 2451/1/2
f 2460/1/2 2459/1/2 2454/1/2
f 2464/1/2 2463/1/2 2458/1/2
f 2469/1/2 2472/1/2 2466/1/2
f 2473/1/2 2476/1/2 2471/1/2
f 2474/1/2 2477/1/2 2480/1/2
f 2466/1/2 2482/1/2 2481/1/2
f 2471/1/2 2485/1/2 2488/1/2
f 2475/1/2 2489/1/2 2492/1/2
f 2493/1/2 2496/1/2 2480/1/2
f 2488/1/2 2487/1/2 2483/1/2
f 2492/1/2 2491/1/2 2486/1/2
f 2496/1/2 2495/1/2 2490/1/2
f 2483/1/2 2498/1/2 2497/1/2
f 2486/1/2 2501/1/2 2504/1/2
f 2490/1/2 2505/1/2 2508/1/2
f 2509/1/2 2512/1/2 2495/1/2
f 2504/1/2 2503/1/2 2499/1/2
f 2508/1/2 2507/1/2 2502/1/2
f 2512/1/2 2511/1/2 2506/1/2
f 2517/1/2 2520/1/2 2514/1/2
f 2521/1/2 2524/1/2 2519/1/2
f 2525/1/2 2528/1/2 2523/1/2
f 2514/1/2 2530/1/2 2529/1/2
f 2519/1/2 2533/1/2 2536/1/2
f 2523/1/2 2537/1/2 2540/1/2
f 2527/1/2 2541/1/2 2544/1/2
f 2536/1/2 2535/1/2 2531/1/2
f 2540/1/2 2539/1/2 2534/1/2
f 2544/1/2 2543/1/2 2538/1/2
f 2531/1/2 2546/1/2 2545/1/2
f 2534/1/2 2549/1/2 2552/1/2
f 2538/1/2 2553/1/2 2556/1/2
f 2542/1/2 2557/1/2 2560/1/2
f 2552/1/2 2551/1/2 2547/1/2
f 2556/1/2 2555/1/2 2550/1/2
f 2560/1/2 2559/1/2 2554/1/2
f 1876/1/2 1875/1/2 1807/1/2
f 1821/1/2 1879/1/2 1878/1/2
f 1837/1/2 1883/1/2 1882/1/2
f 1854/1/2 1924/1/2 1923/1/2
f 1869/1/2 1927/1/2 1926/1/2
f 1885/1/2 1931/1/2 1930/1/2
f 1902/1/2 1972/1/2 1971/1/2
f 1917/1/2 1975/1/2 1974/1/2
f 1933/1/2 1979/1/2 1978/1/2
f 2020/1/2 2019/1/2 1951/1/2
f 1965/1/2 2023/1/2 2022/1/2
f 1981/1/2 2027/1/2 2026/1/2
f 2068/1/2 2067/1/2 1999/1/2
f 2013/1/2 2071/1/2 2070/1/2
f 2029/1/2 2075/1/2 2074/1/2
f 2046/1/2 2116/1/2 2115/1/2
f 2061/1/2 2119/1/2 2118/1/2
f 2077/1/2 2123/1/2 2122/1/2
f 2094/1/2 2164/1/2 2163/1/2
f 2109/1/2 2167/1/2 2166/1/2
f 2125/1/2 2171/1/2 2170/1/2
f 2212/1/2 2211/1/2 2143/1/2
f 2157/1/2 2215/1/2 2214/1/2
f 2173/1/2 2219/1/2 2218/1/2
f 2260/1/2 2259/1/2 2191/1/2
f 2205/1/2 2263/1/2 2262/1/2
f 2221/1/2 2267/1/2 2266/1/2
f 2238/1/2 2308/1/2 2307/1/2
f 2253/1/2 2311/1/2 2310/1/2
f 2269/1/2 2315/1/2 2314/1/2
f 2286/1/2 2356/1/2 2355/1/2
f 2301/1/2 2359/1/2 2358/1/2
f 2317/1/2 2363/1/2 2362/1/2
f 2404/1/2 2403/1/2 2335/1/2
f 2349/1/2 2407/1/2 2406/1/2
f 2365/1/2 2411/1/2 2410/1/2
f 2452/1/2 2451/1/2 2383/1/2
f 2397/1/2 2455/1/2 2454/1/2
f 2413/1/2 2459/1/2 2458/1/2
f 2430/1/2 2500/1/2 2499/1/2
f 2445/1/2 2503/1/2 2502/1/2
f 2461/1/2 2507/1/2 2506/1/2
f 2478/1/2 2548/1/2 2547/1/2
f 2493/1/2 2551/1/2 2550/1/2
f 2509/1/2 2555/1/2 2554/1/2
f 1828/1/2 1827/1/2 2527/1/2
f 2541/1/2 1831/1/2 1830/1/2
f 2557/1/2 1835/1/2 1834/1/2
f 1777/1/2 1839/1/2 1838/1/2
f 1887/1/2 1886/1/2 1779/1/2
f 1935/1/2 1934/1/2 1780/1/2
f 1780/1/2 1983/1/2 1982/1/2
f 1781/1/2 2031/1/2 2030/1/2
f 2079/1/2 2078/1/2 1783/1/2
f 2127/1/2 2126/1/2 1784/1/2
f 1784/1/2 2175/1/2 2174/1/2
f 1785/1/2 2223/1/2 2222/1/2
f 2271/1/2 2270/1/2 1787/1/2
f 2319/1/2 2318/1/2 1788/1/2
f 1788/1/2 2367/1/2 2366/1/2
f 1789/1/2 2415/1/2 2414/1/2
f 2463/1/2 2462/1/2 1791/1/2
f 2511/1/2 2510/1/2 1792/1/2
f 1792/1/2 2559/1/2 2558/1/2
f 1793/1/2 1796/1/2 1579/1/2
f 1574/1/2 1798/1/2 1797/1/2
f 1570/1/2 1802/1/2 1801/1/2
f 1566/1/2 1806/1/2 1805/1/2
f 1330/1/2 1796/1/2 1795/1/2
f 1334/1/2 1809/1/2 1812/1/2
f 1338/1/2 1825/1/2 1828/1/2
f 1841/1/2 1844/1/2 1467/1/2
f 1846/1/2 1845/1/2 1463/1/2
f 1850/1/2 1849/1/2 1459/1/2
f 1854/1/2 1853/1/2 1455/1/2
f 1554/1/2 1844/1/2 1843/1/2
f 1558/1/2 1857/1/2 1860/1/2
f 1562/1/2 1873/1/2 1876/1/2
f 1889/1/2 1892/1/2 1691/1/2
f 1894/1/2 1893/1/2 1687/1/2
f 1898/1/2 1897/1/2 1683/1/2
f 1902/1/2 1901/1/2 1679/1/2
f 1442/1/2 1892/1/2 1891/1/2
f 1905/1/2 1908/1/2 1447/1/2
f 1921/1/2 1924/1/2 1451/1/2
f 1382/1/2 1937/1/2 1940/1/2
f 1378/1/2 1942/1/2 1941/1/2
f 1374/1/2 1946/1/2 1945/1/2
f 1370/1/2 1950/1/2 1949/1/2
f 1940/1/2 1939/1/2 1667/1/2
f 1953/1/2 1956/1/2 1671/1/2
f 1969/1/2 1972/1/2 1675/1/2
f 1985/1/2 1988/1/2 1607/1/2
f 1602/1/2 1990/1/2 1989/1/2
f 1598/1/2 1994/1/2 1993/1/2
f 1594/1/2 1998/1/2 1997/1/2
f 1358/1/2 1988/1/2 1987/1/2
f 1362/1/2 2001/1/2 2004/1/2
f 1366/1/2 2017/1/2 2020/1/2
f 2033/1/2 2036/1/2 1495/1/2
f 2038/1/2 2037/1/2 1491/1/2
f 2042/1/2 2041/1/2 1487/1/2
f 2046/1/2 2045/1/2 1483/1/2
f 1582/1/2 2036/1/2 2035/1/2
f 1586/1/2 2049/1/2 2052/1/2
f 1590/1/2 2065/1/2 2068/1/2
f 2081/1/2 2084/1/2 1719/1/2
f 2086/1/2 2085/1/2 1715/1/2
f 2090/1/2 2089/1/2 1711/1/2
f 2094/1/2 2093/1/2 1707/1/2
f 1470/1/2 2084/1/2 2083/1/2
f 2097/1/2 2100/1/2 1475/1/2
f 2113/1/2 2116/1/2 1479/1/2
f 1410/1/2 2129/1/2 2132/1/2
f 1406/1/2 2134/1/2 2133/1/2
f 1402/1/2 2138/1/2 2137/1/2
f 1398/1/2 2142/1/2 2141/1/2
f 2132/1/2 2131/1/2 1695/1/2
f 2145/1/2 2148/1/2 1699/1/2
f 2161/1/2 2164/1/2 1703/1/2
f 2177/1/2 2180/1/2 1635/1/2
f 1630/1/2 2182/1/2 2181/1/2
f 1626/1/2 2186/1/2 2185/1/2
f 1622/1/2 2190/1/2 2189/1/2
f 1386/1/2 2180/1/2 2179/1/2
f 1390/1/2 2193/1/2 2196/1/2
f 1394/1/2 2209/1/2 2212/1/2
f 2225/1/2 2228/1/2 1523/1/2
f 2230/1/2 2229/1/2 1519/1/2
f 2234/1/2 2233/1/2 1515/1/2
f 2238/1/2 2237/1/2 1511/1/2
f 1610/1/2 2228/1/2 2227/1/2
f 1614/1/2 2241/1/2 2244/1/2
f 1618/1/2 2257/1/2 2260/1/2
f 2273/1/2 2276/1/2 1747/1/2
f 2278/1/2 2277/1/2 1743/1/2
f 2282/1/2 2281/1/2 1739/1/2
f 2286/1/2 2285/1/2 1735/1/2
f 1498/1/2 2276/1/2 2275/1/2
f 2289/1/2 2292/1/2 1503/1/2
f 2305/1/2 2308/1/2 1507/1/2
f 1438/1/2 2321/1/2 2324/1/2
f 1434/1/2 2326/1/2 2325/1/2
f 1430/1/2 2330/1/2 2329/1/2
f 1426/1/2 2334/1/2 2333/1/2
f 2324/1/2 2323/1/2 1723/1/2
f 2337/1/2 2340/1/2 1727/1/2
f 2353/1/2 2356/1/2 1731/1/2
f 2369/1/2 2372/1/2 1663/1/2
f 1658/1/2 2374/1/2 2373/1/2
f 1654/1/2 2378/1/2 2377/1/2
f 1650/1/2 2382/1/2 2381/1/2
f 1414/1/2 2372/1/2 2371/1/2
f 1418/1/2 2385/1/2 2388/1/2
f 1422/1/2 2401/1/2 2404/1/2
f 2417/1/2 2420/1/2 1551/1/2
f 2422/1/2 2421/1/2 1547/1/2
f 2426/1/2 2425/1/2 1543/1/2
f 2430/1/2 2429/1/2 1539/1/2
f 1638/1/2 2420/1/2 2419/1/2
f 1642/1/2 2433/1/2 2436/1/2
f 1646/1/2 2449/1/2 2452/1/2
f 2465/1/2 2468/1/2 1775/1/2
f 2470/1/2 2469/1/2 1771/1/2
f 2474/1/2 2473/1/2 1767/1/2
f 2478/1/2 2477/1/2 1763/1/2
f 1526/1/2 2468/1/2 2467/1/2
f 2481/1/2 2484/1/2 1531/1/2
f 2497/1/2 2500/1/2 1535/1/2
f 1354/1/2 2513/1/2 2516/1/2
f 1350/1/2 2518/1/2 2517/1/2
f 1346/1/2 2522/1/2 2521/1/2
f 1342/1/2 2526/1/2 2525/1/2
f 2516/1/2 2515/1/2 1751/1/2
f 2529/1/2 2532/1/2 1755/1/2
f 2545/1/2 2548/1/2 1759/1/2
f 1705/1/499 1708/1/499 426/1/499
f 1712/1/500 430/1/500 429/1/500
f 1525/1/47 1528/1/47 246/1/47
f 250/1/47 249/1/47 1529/1/47
f 1349/1/921 1352/1/921 70/1/921
f 74/1/502 73/1/502 1353/1/502
f 434/1/503 433/1/503 1713/1/503
f 254/1/47 253/1/47 1533/1/47
f 2/1/922 1/1/922 1281/1/922
f 438/1/505 437/1/505 1717/1/505
f 258/1/47 257/1/47 1537/1/47
f 1309/1/506 1308/1/506 28/1/506
f 78/1/507 77/1/507 1357/1/507
f 40/1/508 42/1/508 1321/1/508
f 262/1/47 261/1/47 1541/1/47
f 82/1/509 81/1/509 1361/1/509
f 1290/1/510 1292/1/510 11/1/510
f 442/1/511 441/1/511 1721/1/511
f 266/1/512 265/1/512 1545/1/512
f 86/1/513 85/1/513 1365/1/513
f 446/1/514 445/1/514 1725/1/514
f 270/1/47 269/1/47 1549/1/47
f 90/1/515 89/1/515 1369/1/515
f 450/1/516 449/1/516 1729/1/516
f 23/1/512 22/1/512 1302/1/512
f 94/1/517 93/1/517 1373/1/517
f 454/1/518 453/1/518 1733/1/518
f 1293/1/519 1295/1/519 14/1/519
f 274/1/520 273/1/520 1553/1/520
f 98/1/521 97/1/521 1377/1/521
f 458/1/522 457/1/522 1737/1/522
f 278/1/523 277/1/523 1557/1/523
f 102/1/923 101/1/923 1381/1/923
f 462/1/525 461/1/525 1741/1/525
f 282/1/526 281/1/526 1561/1/526
f 5/1/924 4/1/924 1284/1/924
f 466/1/925 465/1/925 1745/1/925
f 286/1/926 285/1/926 1565/1/926
f 1312/1/530 1311/1/530 31/1/530
f 106/1/927 105/1/927 1385/1/927
f 43/1/532 45/1/532 1324/1/532
f 1572/1/928 290/1/928 289/1/928
f 110/1/534 109/1/534 1389/1/534
f 470/1/535 469/1/535 1749/1/535
f 294/1/536 293/1/536 1573/1/536
f 114/1/537 113/1/537 1393/1/537
f 474/1/538 473/1/538 1753/1/538
f 298/1/539 297/1/539 1577/1/539
f 118/1/540 117/1/540 1397/1/540
f 478/1/541 477/1/541 1757/1/541
f 25/1/542 27/1/542 1306/1/542
f 122/1/543 121/1/543 1401/1/543
f 482/1/544 481/1/544 1761/1/544
f 16/1/4 1296/1/4 1298/1/4
f 302/1/4 301/1/4 1581/1/4
f 126/1/545 125/1/545 1405/1/545
f 486/1/546 485/1/546 1765/1/546
f 306/1/4 305/1/4 1585/1/4
f 1412/1/547 130/1/547 129/1/547
f 490/1/548 489/1/548 1769/1/548
f 310/1/4 309/1/4 1589/1/4
f 8/1/929 7/1/929 1287/1/929
f 494/1/550 493/1/550 1773/1/550
f 314/1/4 313/1/4 1593/1/4
f 1315/1/551 1314/1/551 34/1/551
f 134/1/552 133/1/552 1413/1/552
f 46/1/553 48/1/553 1327/1/553
f 318/1/4 317/1/4 1597/1/4
f 138/1/554 137/1/554 1417/1/554
f 322/1/4 321/1/4 1601/1/4
f 142/1/555 141/1/555 1421/1/555
f 326/1/4 325/1/4 1605/1/4
f 146/1/556 145/1/556 1425/1/556
f 150/1/557 149/1/557 1429/1/557
f 1299/1/50 1301/1/50 20/1/50
f 330/1/930 329/1/930 1609/1/930
f 154/1/559 153/1/559 1433/1/559
f 334/1/560 333/1/560 1613/1/560
f 158/1/931 157/1/931 1437/1/931
f 338/1/562 337/1/562 1617/1/562
f 342/1/563 341/1/563 1621/1/563
f 1318/1/932 1317/1/932 37/1/932
f 162/1/933 161/1/933 1441/1/933
f 346/1/566 345/1/566 1625/1/566
f 166/1/934 165/1/934 1445/1/934
f 350/1/568 349/1/568 1629/1/568
f 170/1/20 169/1/20 1449/1/20
f 354/1/935 353/1/935 1633/1/935
f 174/1/936 173/1/936 1453/1/936
f 178/1/937 177/1/937 1457/1/937
f 358/1/47 357/1/47 1637/1/47
f 182/1/938 181/1/938 1461/1/938
f 362/1/47 361/1/47 1641/1/47
f 186/1/939 185/1/939 1465/1/939
f 366/1/47 365/1/47 1645/1/47
f 370/1/47 369/1/47 1649/1/47
f 190/1/4 189/1/4 1469/1/4
f 374/1/512 373/1/512 1653/1/512
f 194/1/4 193/1/4 1473/1/4
f 378/1/47 377/1/47 1657/1/47
f 198/1/4 197/1/4 1477/1/4
f 382/1/47 381/1/47 1661/1/47
f 202/1/4 201/1/4 1481/1/4
f 206/1/4 205/1/4 1485/1/4
f 386/1/940 385/1/940 1665/1/940
f 210/1/4 209/1/4 1489/1/4
f 390/1/941 389/1/941 1669/1/941
f 214/1/4 213/1/4 1493/1/4
f 394/1/942 393/1/942 1673/1/942
f 398/1/943 397/1/943 1677/1/943
f 218/1/579 217/1/579 1497/1/579
f 402/1/944 401/1/944 1681/1/944
f 222/1/945 221/1/945 1501/1/945
f 406/1/946 405/1/946 1685/1/946
f 226/1/582 225/1/582 1505/1/582
f 410/1/947 409/1/947 1689/1/947
f 230/1/948 229/1/948 1509/1/948
f 50/1/585 49/1/585 1329/1/585
f 234/1/586 233/1/586 1513/1/586
f 54/1/587 53/1/587 1333/1/587
f 414/1/588 413/1/588 1693/1/588
f 238/1/589 237/1/589 1517/1/589
f 58/1/590 57/1/590 1337/1/590
f 418/1/591 417/1/591 1697/1/591
f 242/1/949 241/1/949 1521/1/949
f 62/1/593 61/1/593 1341/1/593
f 1704/1/594 422/1/594 421/1/594
f 66/1/595 65/1/595 1345/1/595
f 74/1/596 1356/1/596 1281/1/596
