# Blender 4.2.3 LTS
# www.blender.org
mtllib bread crust.mtl
o Circle.001
v 2.629093 -0.233817 -2.704234
v 2.647961 -0.233817 -2.685886
v 2.630582 -0.247156 -2.686907
v -2.718371 -0.233817 -2.615224
v -2.700006 -0.233817 -2.633997
v -2.701037 -0.247156 -2.616645
v -2.629489 -0.233817 2.727458
v -2.648373 -0.233817 2.709152
v -2.630982 -0.247156 2.710138
v 2.717916 -0.233817 2.638772
v 2.699556 -0.233817 2.657568
v 2.700585 -0.247156 2.640214
v -0.056395 -0.233817 -2.870304
v -0.029719 -0.233817 -2.870654
v -0.042880 -0.247156 -2.857159
v -2.914443 -0.233817 0.063189
v -2.914793 -0.233817 0.036535
v -2.901280 -0.247156 0.049687
v 0.087163 -0.233817 2.811348
v 0.060488 -0.233817 2.811699
v 0.073651 -0.247156 2.798197
v 2.914026 -0.233817 -0.039911
v 2.914376 -0.233817 -0.013256
v 2.900863 -0.247156 -0.026409
v 1.391914 -0.233817 -2.723657
v 1.380438 -0.247156 -2.718303
v 1.368910 -0.233817 -2.740828
v -2.933886 -0.233817 -1.419477
v -2.920407 -0.247156 -1.406308
v -2.933570 -0.233817 -1.392823
v -1.416721 -0.233817 2.893466
v -1.403278 -0.247156 2.879179
v -1.389517 -0.233817 2.891498
v 2.933468 -0.233817 1.442755
v 2.919990 -0.247156 1.429585
v 2.933153 -0.233817 1.416101
v -1.484769 -0.233817 -2.865571
v -1.497880 -0.247156 -2.852288
v -1.511376 -0.233817 -2.865629
v -2.895666 -0.233817 1.492546
v -2.882154 -0.247156 1.505681
v -2.895282 -0.233817 1.519200
v 1.475237 -0.233817 2.779180
v 1.486204 -0.247156 2.760318
v 1.497440 -0.233817 2.767669
v 2.895249 -0.233817 -1.469268
v 2.881736 -0.247156 -1.482403
v 2.894864 -0.233817 -1.495922
v 1.527036 -0.233817 -2.630662
v 1.553779 -0.233817 -2.631154
v 1.548156 -0.247156 -2.635568
v 1.495651 -0.247156 -2.616501
v 1.730474 -0.233817 -2.748358
v 1.760773 -0.233817 -2.765271
v 1.751778 -0.247156 -2.747648
v 1.709151 -0.247156 -2.723025
v 1.923805 -0.233817 -2.838870
v 1.952759 -0.233817 -2.848437
v 1.944626 -0.247156 -2.832898
v 1.908208 -0.247156 -2.819900
v 2.100040 -0.233817 -2.879173
v 2.127578 -0.233817 -2.881064
v 2.119996 -0.247156 -2.867553
v 2.088012 -0.247156 -2.864377
v 2.257540 -0.233817 -2.871769
v 2.283507 -0.233817 -2.865922
v 2.276416 -0.247156 -2.854060
v 2.248353 -0.247156 -2.859661
v 2.397605 -0.233817 -2.833012
v 2.422453 -0.233817 -2.823626
v 2.416094 -0.247156 -2.811854
v 2.390812 -0.247156 -2.821081
v 2.521153 -0.233817 -2.776988
v 2.544116 -0.233817 -2.763659
v 2.540625 -0.247156 -2.749813
v 2.517102 -0.247156 -2.764137
v -2.935515 -0.233817 -1.574356
v -2.935583 -0.233817 -1.601012
v -2.922295 -0.247156 -1.591696
v -2.921847 -0.247156 -1.543073
v -2.934755 -0.233817 -1.753083
v -2.934164 -0.233817 -1.779729
v -2.921128 -0.247156 -1.771693
v -2.921518 -0.247156 -1.734285
v -2.928460 -0.233817 -1.926207
v -2.926702 -0.233817 -1.952796
v -2.914008 -0.247156 -1.945259
v -2.915668 -0.247156 -1.911903
v -2.913791 -0.233817 -2.090950
v -2.910249 -0.233817 -2.117348
v -2.897990 -0.247156 -2.110033
v -2.901470 -0.247156 -2.079443
v -2.887931 -0.233817 -2.244561
v -2.881838 -0.233817 -2.270469
v -2.870024 -0.247156 -2.263393
v -2.875993 -0.247156 -2.235415
v -2.848075 -0.233817 -2.384347
v -2.838534 -0.233817 -2.409151
v -2.826787 -0.247156 -2.402799
v -2.836173 -0.247156 -2.377565
v -2.791405 -0.233817 -2.507640
v -2.777992 -0.233817 -2.530542
v -2.764148 -0.247156 -2.527025
v -2.778558 -0.247156 -2.503572
v -1.574745 -0.233817 2.904556
v -1.601931 -0.233817 2.906216
v -1.592429 -0.247156 2.892380
v -1.542834 -0.247156 2.889010
v -1.756926 -0.233817 2.914165
v -1.784064 -0.233817 2.915046
v -1.775880 -0.247156 2.901577
v -1.737777 -0.247156 2.899884
v -1.933105 -0.233817 2.917003
v -1.960130 -0.233817 2.916545
v -1.952471 -0.247156 2.903498
v -1.918562 -0.247156 2.903509
v -2.100384 -0.233817 2.909871
v -2.127148 -0.233817 2.907411
v -2.119734 -0.247156 2.894871
v -2.088715 -0.247156 2.897081
v -2.255949 -0.233817 2.889760
v -2.282141 -0.233817 2.884499
v -2.274992 -0.247156 2.872481
v -2.246701 -0.247156 2.877538
v -2.397102 -0.233817 2.853861
v -2.422103 -0.233817 2.844881
v -2.415709 -0.247156 2.833017
v -2.390267 -0.247156 2.841821
v -2.521284 -0.233817 2.799512
v -2.544328 -0.233817 2.786395
v -2.540828 -0.247156 2.772527
v -2.517221 -0.247156 2.786629
v 2.935098 -0.233817 1.597634
v 2.935166 -0.233817 1.624290
v 2.921877 -0.247156 1.614974
v 2.921429 -0.247156 1.566351
v 2.934338 -0.233817 1.776361
v 2.933746 -0.233817 1.803007
v 2.920710 -0.247156 1.794971
v 2.921101 -0.247156 1.757563
v 2.928043 -0.233817 1.949485
v 2.926285 -0.233817 1.976074
v 2.913592 -0.247156 1.968537
v 2.915251 -0.247156 1.935181
v 2.913375 -0.233817 2.114228
v 2.909831 -0.233817 2.140626
v 2.897572 -0.247156 2.133310
v 2.901052 -0.247156 2.102721
v 2.887513 -0.233817 2.267839
v 2.881421 -0.233817 2.293747
v 2.869607 -0.247156 2.286671
v 2.875576 -0.247156 2.258693
v 2.847657 -0.233817 2.407625
v 2.838117 -0.233817 2.432430
v 2.826369 -0.247156 2.426081
v 2.835756 -0.247156 2.400843
v 2.790978 -0.233817 2.530977
v 2.777560 -0.233817 2.553910
v 2.763712 -0.247156 2.550423
v 2.778129 -0.247156 2.526932
v -1.329686 -0.233817 -2.865057
v -1.303077 -0.233817 -2.864976
v -1.308220 -0.247156 -2.851663
v -1.338371 -0.247156 -2.851755
v -1.147976 -0.233817 -2.864577
v -1.121362 -0.233817 -2.864524
v -1.121577 -0.247156 -2.851195
v -1.148203 -0.247156 -2.851248
v -0.966230 -0.233817 -2.864336
v -0.939608 -0.233817 -2.864327
v -0.937358 -0.247156 -2.850996
v -0.964259 -0.247156 -2.851005
v -0.784430 -0.233817 -2.864442
v -0.757800 -0.233817 -2.864493
v -0.753882 -0.247156 -2.851171
v -0.781333 -0.247156 -2.851116
v -0.602560 -0.233817 -2.865005
v -0.575918 -0.233817 -2.865133
v -0.570188 -0.247156 -2.851830
v -0.598465 -0.247156 -2.851693
v -0.420602 -0.233817 -2.866137
v -0.393947 -0.233817 -2.866357
v -0.384904 -0.247156 -2.853102
v -0.415103 -0.247156 -2.852848
v -0.238541 -0.233817 -2.867946
v -0.211868 -0.233817 -2.868274
v -0.191924 -0.247156 -2.855197
v -0.230403 -0.247156 -2.854711
v -2.897707 -0.233817 1.337199
v -2.898057 -0.233817 1.310545
v -2.884650 -0.247156 1.315697
v -2.884252 -0.247156 1.345898
v -2.900097 -0.233817 1.155197
v -2.900449 -0.233817 1.128543
v -2.887105 -0.247156 1.128759
v -2.886755 -0.247156 1.155424
v -2.902489 -0.233817 0.973196
v -2.902839 -0.233817 0.946542
v -2.889529 -0.247156 0.944288
v -2.889174 -0.247156 0.971223
v -2.904880 -0.233817 0.791195
v -2.905230 -0.233817 0.764541
v -2.891941 -0.247156 0.760619
v -2.891580 -0.247156 0.788095
v -2.907271 -0.233817 0.609193
v -2.907620 -0.233817 0.582539
v -2.894356 -0.247156 0.576806
v -2.893984 -0.247156 0.605096
v -2.909662 -0.233817 0.427192
v -2.910011 -0.233817 0.400537
v -2.896790 -0.247156 0.391495
v -2.896394 -0.247156 0.421692
v -2.912052 -0.233817 0.245190
v -2.912402 -0.233817 0.218536
v -2.899324 -0.247156 0.198607
v -2.898819 -0.247156 0.237057
v 1.339634 -0.233817 2.825927
v 1.315299 -0.233817 2.830497
v 1.320035 -0.247156 2.816429
v 1.347517 -0.247156 2.810956
v 1.167236 -0.233817 2.837230
v 1.141068 -0.233817 2.835986
v 1.141274 -0.247156 2.822686
v 1.167452 -0.247156 2.823931
v 0.988457 -0.233817 2.829050
v 0.962252 -0.233817 2.827926
v 0.960029 -0.247156 2.814523
v 0.986511 -0.247156 2.815657
v 0.809361 -0.233817 2.821867
v 0.783098 -0.233817 2.820923
v 0.779226 -0.247156 2.807478
v 0.806301 -0.247156 2.808447
v 0.629815 -0.233817 2.816092
v 0.603475 -0.233817 2.815390
v 0.597801 -0.247156 2.801934
v 0.625761 -0.247156 2.802672
v 0.449688 -0.233817 2.812140
v 0.423252 -0.233817 2.811738
v 0.414274 -0.247156 2.798303
v 0.444228 -0.247156 2.798743
v 0.268848 -0.233817 2.810421
v 0.242296 -0.233817 2.810381
v 0.222426 -0.247156 2.797078
v 0.260742 -0.247156 2.797091
v 2.897290 -0.233817 -1.313921
v 2.897640 -0.233817 -1.287267
v 2.884232 -0.247156 -1.292419
v 2.883835 -0.247156 -1.322620
v 2.899681 -0.233817 -1.131919
v 2.900031 -0.233817 -1.105265
v 2.886688 -0.247156 -1.105481
v 2.886337 -0.247156 -1.132146
v 2.902072 -0.233817 -0.949918
v 2.902422 -0.233817 -0.923264
v 2.889111 -0.247156 -0.921010
v 2.888757 -0.247156 -0.947945
v 2.904462 -0.233817 -0.767916
v 2.904813 -0.233817 -0.741262
v 2.891524 -0.247156 -0.737341
v 2.891163 -0.247156 -0.764817
v 2.906853 -0.233817 -0.585915
v 2.907203 -0.233817 -0.559261
v 2.893938 -0.247156 -0.553528
v 2.893567 -0.247156 -0.581817
v 2.909244 -0.233817 -0.403913
v 2.909595 -0.233817 -0.377259
v 2.896373 -0.247156 -0.368217
v 2.895976 -0.247156 -0.398414
v 2.911635 -0.233817 -0.221912
v 2.911985 -0.233817 -0.195258
v 2.898906 -0.247156 -0.175329
v 2.898401 -0.247156 -0.213779
v 0.125800 -0.233817 -2.872979
v 0.152492 -0.233817 -2.873433
v 0.144698 -0.247156 -2.859973
v 0.106195 -0.247156 -2.859330
v 0.308104 -0.233817 -2.876367
v 0.334811 -0.233817 -2.876917
v 0.329651 -0.247156 -2.863483
v 0.299395 -0.247156 -2.862864
v 0.490502 -0.233817 -2.880367
v 0.517221 -0.233817 -2.880997
v 0.513465 -0.247156 -2.867580
v 0.485106 -0.247156 -2.866913
v 0.672977 -0.233817 -2.884868
v 0.699706 -0.233817 -2.885563
v 0.696948 -0.247156 -2.872163
v 0.669395 -0.247156 -2.871447
v 0.855512 -0.233817 -2.889762
v 0.882249 -0.233817 -2.890505
v 0.880621 -0.247156 -2.877130
v 0.853603 -0.247156 -2.876380
v 1.035557 -0.233817 -2.882794
v 1.061203 -0.233817 -2.878317
v 1.061757 -0.247156 -2.864884
v 1.036105 -0.247156 -2.869386
v 1.206775 -0.233817 -2.833565
v 1.231084 -0.233817 -2.822688
v 1.239271 -0.247156 -2.805350
v 1.211794 -0.247156 -2.817997
v -2.916834 -0.233817 -0.118813
v -2.917184 -0.233817 -0.145467
v -2.903742 -0.247156 -0.137683
v -2.903236 -0.247156 -0.099233
v -2.919224 -0.233817 -0.300814
v -2.919576 -0.233817 -0.327468
v -2.906167 -0.247156 -0.322319
v -2.905770 -0.247156 -0.292122
v -2.921616 -0.233817 -0.482816
v -2.921966 -0.233817 -0.509470
v -2.908576 -0.247156 -0.505722
v -2.908204 -0.247156 -0.477432
v -2.924006 -0.233817 -0.664817
v -2.924357 -0.233817 -0.691471
v -2.910981 -0.247156 -0.688721
v -2.910619 -0.247156 -0.661245
v -2.926398 -0.233817 -0.846818
v -2.926748 -0.233817 -0.873472
v -2.913386 -0.247156 -0.871849
v -2.913032 -0.247156 -0.844914
v -2.928789 -0.233817 -1.028820
v -2.929138 -0.233817 -1.055474
v -2.915806 -0.247156 -1.056051
v -2.915455 -0.247156 -1.029385
v -2.931179 -0.233817 -1.210822
v -2.931529 -0.233817 -1.237475
v -2.918308 -0.247156 -1.246525
v -2.917912 -0.247156 -1.216323
v -0.095329 -0.233817 2.814809
v -0.122129 -0.233817 2.815548
v -0.114305 -0.247156 2.802010
v -0.075658 -0.247156 2.800987
v -0.278674 -0.233817 2.820944
v -0.305590 -0.233817 2.822045
v -0.300392 -0.247156 2.808508
v -0.269904 -0.247156 2.807276
v -0.462752 -0.233817 2.829373
v -0.489764 -0.233817 2.830776
v -0.485968 -0.247156 2.817253
v -0.457301 -0.247156 2.815772
v -0.647431 -0.233817 2.839684
v -0.674519 -0.233817 2.841328
v -0.671726 -0.247156 2.827831
v -0.643802 -0.247156 2.826141
v -0.832578 -0.233817 2.851465
v -0.859724 -0.233817 2.853289
v -0.858071 -0.247156 2.839849
v -0.830640 -0.247156 2.838008
v -1.018063 -0.233817 2.864302
v -1.045247 -0.233817 2.866247
v -1.045835 -0.247156 2.852959
v -1.018640 -0.247156 2.851014
v -1.203753 -0.233817 2.877784
v -1.230957 -0.233817 2.879789
v -1.240192 -0.247156 2.867138
v -1.209367 -0.247156 2.864866
v 2.916417 -0.233817 0.142091
v 2.916767 -0.233817 0.168745
v 2.903324 -0.247156 0.160961
v 2.902819 -0.247156 0.122511
v 2.918808 -0.233817 0.324092
v 2.919158 -0.233817 0.350746
v 2.905750 -0.247156 0.345597
v 2.905354 -0.247156 0.315400
v 2.921198 -0.233817 0.506094
v 2.921549 -0.233817 0.532748
v 2.908159 -0.247156 0.529000
v 2.907788 -0.247156 0.500711
v 2.923589 -0.233817 0.688095
v 2.923940 -0.233817 0.714749
v 2.910563 -0.247156 0.711999
v 2.910202 -0.247156 0.684523
v 2.925980 -0.233817 0.870097
v 2.926330 -0.233817 0.896751
v 2.912969 -0.247156 0.895127
v 2.912615 -0.247156 0.868193
v 2.928371 -0.233817 1.052098
v 2.928721 -0.233817 1.078752
v 2.915388 -0.247156 1.079329
v 2.915038 -0.247156 1.052663
v 2.930762 -0.233817 1.234100
v 2.931112 -0.233817 1.260754
v 2.917891 -0.247156 1.269802
v 2.917494 -0.247156 1.239601
v -2.616719 -0.233817 -2.695366
v -2.594149 -0.233817 -2.709226
v -2.589768 -0.247156 -2.696476
v -2.612870 -0.247156 -2.681609
v -2.496904 -0.233817 -2.758167
v -2.472371 -0.233817 -2.768137
v -2.465282 -0.247156 -2.756371
v -2.490252 -0.247156 -2.746550
v -2.359493 -0.233817 -2.803756
v -2.333776 -0.233817 -2.810245
v -2.324326 -0.247156 -2.798462
v -2.352114 -0.247156 -2.792068
v -2.207316 -0.233817 -2.834385
v -2.181050 -0.233817 -2.838282
v -2.169237 -0.247156 -2.826127
v -2.199689 -0.247156 -2.822240
v -2.043457 -0.233817 -2.852925
v -2.016962 -0.233817 -2.854996
v -2.002347 -0.247156 -2.842383
v -2.035602 -0.247156 -2.840334
v -1.870903 -0.233817 -2.862326
v -1.844324 -0.233817 -2.863198
v -1.825216 -0.247156 -2.850169
v -1.862542 -0.247156 -2.849386
v -1.692580 -0.233817 -2.865565
v -1.665977 -0.233817 -2.865759
v -1.634401 -0.247156 -2.852406
v -1.682934 -0.247156 -2.852379
v -2.710239 -0.233817 2.625883
v -2.724254 -0.233817 2.603310
v -2.711516 -0.247156 2.598929
v -2.696487 -0.247156 2.622034
v -2.773966 -0.233817 2.506033
v -2.784154 -0.233817 2.481487
v -2.772436 -0.247156 2.474395
v -2.762388 -0.247156 2.499378
v -2.820898 -0.233817 2.368533
v -2.827668 -0.233817 2.342794
v -2.815975 -0.247156 2.333337
v -2.809274 -0.247156 2.361150
v -2.853321 -0.233817 2.216210
v -2.857556 -0.233817 2.189914
v -2.845541 -0.247156 2.178088
v -2.841257 -0.247156 2.208575
v -2.874091 -0.233817 2.052146
v -2.876547 -0.233817 2.025612
v -2.864135 -0.247156 2.010978
v -2.861600 -0.247156 2.044279
v -2.886096 -0.233817 1.879334
v -2.887387 -0.233817 1.852713
v -2.874649 -0.247156 1.833575
v -2.873276 -0.247156 1.870960
v -2.892210 -0.233817 1.700716
v -2.892842 -0.233817 1.674068
v -2.879999 -0.247156 1.642437
v -2.879170 -0.247156 1.691055
v 2.616414 -0.233817 2.718712
v 2.593914 -0.233817 2.732426
v 2.589544 -0.247156 2.719653
v 2.612571 -0.247156 2.704940
v 2.496946 -0.233817 2.779834
v 2.472095 -0.233817 2.787971
v 2.464916 -0.247156 2.775692
v 2.490263 -0.247156 2.767940
v 2.354256 -0.233817 2.802854
v 2.326622 -0.233817 2.801866
v 2.316530 -0.247156 2.787554
v 2.346476 -0.247156 2.789541
v 2.186590 -0.233817 2.774819
v 2.156645 -0.233817 2.765102
v 2.143268 -0.247156 2.747133
v 2.178097 -0.247156 2.759410
v 1.994964 -0.233817 2.691863
v 1.962899 -0.233817 2.673824
v 1.945446 -0.247156 2.650882
v 1.985773 -0.247156 2.674370
v 1.780724 -0.233817 2.551898
v 1.754551 -0.233817 2.551716
v 1.735734 -0.247156 2.537933
v 1.778518 -0.247156 2.558186
v 1.640527 -0.233817 2.662104
v 1.620387 -0.233817 2.680655
v 1.595987 -0.247156 2.687490
v 1.633043 -0.247156 2.655017
v 2.709822 -0.233817 -2.602605
v 2.723837 -0.233817 -2.580032
v 2.711099 -0.247156 -2.575651
v 2.696070 -0.247156 -2.598756
v 2.773548 -0.233817 -2.482754
v 2.783737 -0.233817 -2.458209
v 2.772018 -0.247156 -2.451117
v 2.761971 -0.247156 -2.476100
v 2.820481 -0.233817 -2.345255
v 2.827251 -0.233817 -2.319516
v 2.815558 -0.247156 -2.310060
v 2.808857 -0.247156 -2.337871
v 2.852904 -0.233817 -2.192932
v 2.857139 -0.233817 -2.166636
v 2.845123 -0.247156 -2.154809
v 2.840841 -0.247156 -2.185297
v 2.873673 -0.233817 -2.028868
v 2.876130 -0.233817 -2.002334
v 2.863718 -0.247156 -1.987700
v 2.861183 -0.247156 -2.021001
v 2.885679 -0.233817 -1.856056
v 2.886970 -0.233817 -1.829435
v 2.874231 -0.247156 -1.810297
v 2.872858 -0.247156 -1.847682
v 2.891793 -0.233817 -1.677438
v 2.892425 -0.233817 -1.650790
v 2.879582 -0.247156 -1.619159
v 2.878753 -0.247156 -1.667777
v 2.630582 -0.247156 -2.686907
v -2.630982 -0.247156 2.710138
v 1.486204 -0.247156 2.760318
v -2.882154 -0.247156 1.505681
v -1.497880 -0.247156 -2.852288
v 2.919990 -0.247156 1.429585
v 2.088012 -0.247156 -2.864377
v 2.119996 -0.247156 -2.867553
v -2.922295 -0.247156 -1.591696
v 2.517102 -0.247156 -2.764137
v 2.540625 -0.247156 -2.749813
v 2.390812 -0.247156 -2.821081
v 2.416094 -0.247156 -2.811854
v 2.629093 0.233213 -2.704234
v 2.630582 0.246552 -2.686907
v 2.647961 0.233213 -2.685886
v -2.718350 0.233213 -2.615364
v -2.701011 0.246552 -2.616811
v -2.699981 0.233213 -2.634158
v -2.629489 0.233213 2.727458
v -2.630982 0.246553 2.710138
v -2.648373 0.233213 2.709152
v 2.717916 0.233213 2.638772
v 2.700585 0.246553 2.640214
v 2.699556 0.233213 2.657568
v -0.056395 0.233213 -2.870304
v -0.042882 0.246552 -2.857152
v -0.029719 0.233213 -2.870654
v -2.914443 0.233213 0.063189
v -2.901280 0.246552 0.049687
v -2.914793 0.233213 0.036535
v 0.087163 0.233213 2.811348
v 0.073651 0.246553 2.798197
v 0.060488 0.233213 2.811699
v 2.914026 0.233213 -0.039911
v 2.900863 0.246552 -0.026409
v 2.914376 0.233213 -0.013256
v 1.391914 0.233213 -2.723657
v 1.368910 0.233213 -2.740828
v 1.380438 0.246552 -2.718303
v -2.933886 0.233213 -1.419478
v -2.933570 0.233213 -1.392823
v -2.920407 0.246552 -1.406308
v -1.416721 0.233213 2.893466
v -1.389517 0.233213 2.891498
v -1.403278 0.246553 2.879179
v 2.933468 0.233213 1.442756
v 2.933153 0.233213 1.416101
v 2.919990 0.246553 1.429585
v -1.484549 0.233213 -2.867002
v -1.511161 0.233213 -2.867032
v -1.497651 0.246552 -2.853783
v -2.895666 0.233213 1.492546
v -2.895282 0.233213 1.519200
v -2.882154 0.246553 1.505681
v 1.475237 0.233213 2.779180
v 1.497440 0.233213 2.767669
v 1.486204 0.246553 2.760318
v 2.895249 0.233213 -1.469268
v 2.894864 0.233213 -1.495922
v 2.881736 0.246552 -1.482403
v 1.527036 0.233213 -2.630662
v 1.495651 0.246552 -2.616501
v 1.544433 0.246552 -2.617728
v 1.553779 0.233213 -2.631154
v 1.730474 0.233213 -2.748358
v 1.709151 0.246552 -2.723025
v 1.751778 0.246552 -2.747648
v 1.760773 0.233213 -2.765271
v 1.923805 0.233213 -2.838870
v 1.908208 0.246552 -2.819900
v 1.944626 0.246552 -2.832898
v 1.952759 0.233213 -2.848437
v 2.100040 0.233213 -2.879173
v 2.088012 0.246552 -2.864377
v 2.119996 0.246552 -2.867553
v 2.127578 0.233213 -2.881064
v 2.257540 0.233213 -2.871769
v 2.248353 0.246552 -2.859661
v 2.276416 0.246552 -2.854060
v 2.283507 0.233213 -2.865922
v 2.397605 0.233213 -2.833012
v 2.390812 0.246552 -2.821081
v 2.416094 0.246552 -2.811854
v 2.422453 0.233213 -2.823626
v 2.521153 0.233213 -2.776988
v 2.517102 0.246552 -2.764137
v 2.540625 0.246552 -2.749813
v 2.544116 0.233213 -2.763659
v -2.935515 0.233213 -1.574356
v -2.921847 0.246552 -1.543073
v -2.922295 0.246552 -1.591696
v -2.935583 0.233213 -1.601012
v -2.934755 0.233213 -1.753083
v -2.921518 0.246552 -1.734285
v -2.921128 0.246552 -1.771693
v -2.934164 0.233213 -1.779729
v -2.928460 0.233213 -1.926207
v -2.915668 0.246552 -1.911903
v -2.914008 0.246552 -1.945259
v -2.926702 0.233213 -1.952796
v -2.913791 0.233213 -2.090950
v -2.901470 0.246552 -2.079443
v -2.897990 0.246552 -2.110033
v -2.910249 0.233213 -2.117348
v -2.887931 0.233213 -2.244561
v -2.875993 0.246552 -2.235415
v -2.870024 0.246552 -2.263393
v -2.881838 0.233213 -2.270469
v -2.848075 0.233213 -2.384347
v -2.836173 0.246552 -2.377565
v -2.826786 0.246552 -2.402803
v -2.838534 0.233213 -2.409152
v -2.791397 0.233213 -2.507691
v -2.778549 0.246552 -2.503638
v -2.764135 0.246552 -2.527110
v -2.777982 0.233213 -2.530610
v -1.574745 0.233213 2.904556
v -1.542834 0.246553 2.889010
v -1.592429 0.246553 2.892380
v -1.601931 0.233213 2.906216
v -1.756926 0.233213 2.914165
v -1.737777 0.246553 2.899884
v -1.775880 0.246553 2.901577
v -1.784064 0.233213 2.915046
v -1.933105 0.233213 2.917003
v -1.918562 0.246553 2.903509
v -1.952471 0.246553 2.903498
v -1.960130 0.233213 2.916545
v -2.100384 0.233213 2.909871
v -2.088715 0.246553 2.897081
v -2.119734 0.246553 2.894871
v -2.127148 0.233213 2.907411
v -2.255949 0.233213 2.889760
v -2.246701 0.246553 2.877538
v -2.274992 0.246553 2.872481
v -2.282141 0.233213 2.884499
v -2.397102 0.233213 2.853861
v -2.390267 0.246553 2.841821
v -2.415709 0.246553 2.833017
v -2.422103 0.233213 2.844881
v -2.521284 0.233213 2.799512
v -2.517221 0.246553 2.786629
v -2.540828 0.246553 2.772527
v -2.544328 0.233213 2.786395
v 2.935098 0.233213 1.597634
v 2.921429 0.246553 1.566351
v 2.921877 0.246553 1.614974
v 2.935166 0.233213 1.624290
v 2.934338 0.233213 1.776361
v 2.921101 0.246553 1.757563
v 2.920710 0.246553 1.794971
v 2.933746 0.233213 1.803007
v 2.928043 0.233213 1.949485
v 2.915251 0.246553 1.935181
v 2.913592 0.246553 1.968537
v 2.926285 0.233213 1.976074
v 2.913375 0.233213 2.114228
v 2.901052 0.246553 2.102721
v 2.897572 0.246553 2.133310
v 2.909831 0.233213 2.140626
v 2.887513 0.233213 2.267839
v 2.875576 0.246553 2.258693
v 2.869607 0.246553 2.286671
v 2.881421 0.233213 2.293747
v 2.847657 0.233213 2.407625
v 2.835756 0.246553 2.400843
v 2.826369 0.246553 2.426081
v 2.838117 0.233213 2.432430
v 2.790978 0.233213 2.530977
v 2.778129 0.246553 2.526932
v 2.763712 0.246553 2.550423
v 2.777560 0.233213 2.553910
v -1.329443 0.233213 -2.866644
v -1.338115 0.246552 -2.853420
v -1.307959 0.246552 -2.853360
v -1.302829 0.233213 -2.866590
v -1.147704 0.233213 -2.866346
v -1.147917 0.246552 -2.853115
v -1.121287 0.246552 -2.853090
v -1.121086 0.233213 -2.866320
v -0.965933 0.233213 -2.866266
v -0.963962 0.246552 -2.852938
v -0.937066 0.246552 -2.852895
v -0.939318 0.233213 -2.866223
v -0.784175 0.233213 -2.866102
v -0.781078 0.246552 -2.852778
v -0.753634 0.246552 -2.852784
v -0.757552 0.233213 -2.866107
v -0.602359 0.233213 -2.866314
v -0.598264 0.246552 -2.853000
v -0.569996 0.246552 -2.853075
v -0.575726 0.233213 -2.866383
v -0.420468 0.233213 -2.867012
v -0.414970 0.246552 -2.853717
v -0.384782 0.246552 -2.853890
v -0.393823 0.233213 -2.867161
v -0.238485 0.233213 -2.868305
v -0.230350 0.246552 -2.855054
v -0.191890 0.246552 -2.855421
v -0.211825 0.233213 -2.868551
v -2.897707 0.233213 1.337199
v -2.884252 0.246553 1.345898
v -2.884650 0.246553 1.315697
v -2.898057 0.233213 1.310545
v -2.900097 0.233213 1.155197
v -2.886755 0.246552 1.155424
v -2.887105 0.246552 1.128759
v -2.900449 0.233213 1.128543
v -2.902489 0.233213 0.973196
v -2.889174 0.246552 0.971223
v -2.889529 0.246552 0.944288
v -2.902839 0.233213 0.946542
v -2.904880 0.233213 0.791195
v -2.891580 0.246552 0.788095
v -2.891941 0.246552 0.760619
v -2.905230 0.233213 0.764541
v -2.907271 0.233213 0.609193
v -2.893984 0.246552 0.605096
v -2.894355 0.246552 0.576806
v -2.907620 0.233213 0.582539
v -2.909662 0.233213 0.427192
v -2.896394 0.246552 0.421692
v -2.896790 0.246552 0.391495
v -2.910011 0.233213 0.400537
v -2.912052 0.233213 0.245190
v -2.898819 0.246552 0.237057
v -2.899324 0.246552 0.198607
v -2.912402 0.233213 0.218536
v 1.339634 0.233213 2.825927
v 1.347517 0.246553 2.810956
v 1.320035 0.246553 2.816429
v 1.315299 0.233213 2.830497
v 1.167236 0.233213 2.837230
v 1.167452 0.246553 2.823931
v 1.141274 0.246553 2.822686
v 1.141068 0.233213 2.835986
v 0.988457 0.233213 2.829050
v 0.986511 0.246553 2.815657
v 0.960029 0.246553 2.814523
v 0.962252 0.233213 2.827926
v 0.809361 0.233213 2.821867
v 0.806301 0.246553 2.808447
v 0.779226 0.246553 2.807478
v 0.783098 0.233213 2.820923
v 0.629815 0.233213 2.816092
v 0.625761 0.246553 2.802672
v 0.597801 0.246553 2.801934
v 0.603475 0.233213 2.815390
v 0.449688 0.233213 2.812140
v 0.444228 0.246553 2.798743
v 0.414274 0.246553 2.798303
v 0.423252 0.233213 2.811738
v 0.268848 0.233213 2.810421
v 0.260742 0.246553 2.797091
v 0.222426 0.246553 2.797078
v 0.242296 0.233213 2.810381
v 2.897290 0.233213 -1.313921
v 2.883835 0.246552 -1.322620
v 2.884232 0.246552 -1.292419
v 2.897640 0.233213 -1.287267
v 2.899681 0.233213 -1.131919
v 2.886337 0.246552 -1.132146
v 2.886688 0.246552 -1.105481
v 2.900031 0.233213 -1.105265
v 2.902072 0.233213 -0.949918
v 2.888757 0.246552 -0.947945
v 2.889111 0.246552 -0.921010
v 2.902422 0.233213 -0.923264
v 2.904462 0.233213 -0.767916
v 2.891163 0.246552 -0.764817
v 2.891524 0.246552 -0.737341
v 2.904813 0.233213 -0.741262
v 2.906853 0.233213 -0.585915
v 2.893567 0.246552 -0.581817
v 2.893938 0.246552 -0.553528
v 2.907203 0.233213 -0.559261
v 2.909244 0.233213 -0.403913
v 2.895976 0.246552 -0.398414
v 2.896373 0.246552 -0.368217
v 2.909595 0.233213 -0.377259
v 2.911635 0.233213 -0.221912
v 2.898401 0.246552 -0.213779
v 2.898906 0.246552 -0.175329
v 2.911985 0.233213 -0.195258
v 0.125800 0.233213 -2.872979
v 0.106195 0.246552 -2.859330
v 0.144698 0.246552 -2.859973
v 0.152492 0.233213 -2.873433
v 0.308104 0.233213 -2.876367
v 0.299395 0.246552 -2.862864
v 0.329651 0.246552 -2.863483
v 0.334811 0.233213 -2.876917
v 0.490502 0.233213 -2.880367
v 0.485106 0.246552 -2.866913
v 0.513465 0.246552 -2.867580
v 0.517221 0.233213 -2.880997
v 0.672977 0.233213 -2.884868
v 0.669395 0.246552 -2.871447
v 0.696948 0.246552 -2.872163
v 0.699706 0.233213 -2.885563
v 0.855512 0.233213 -2.889762
v 0.853603 0.246552 -2.876380
v 0.880621 0.246552 -2.877130
v 0.882249 0.233213 -2.890505
v 1.035557 0.233213 -2.882794
v 1.036105 0.246552 -2.869386
v 1.061757 0.246552 -2.864884
v 1.061203 0.233213 -2.878317
v 1.206775 0.233213 -2.833565
v 1.211794 0.246552 -2.817997
v 1.239271 0.246552 -2.805350
v 1.231084 0.233213 -2.822688
v -2.916834 0.233213 -0.118813
v -2.903236 0.246552 -0.099233
v -2.903742 0.246552 -0.137683
v -2.917184 0.233213 -0.145467
v -2.919224 0.233213 -0.300814
v -2.905770 0.246552 -0.292122
v -2.906167 0.246552 -0.322319
v -2.919576 0.233213 -0.327468
v -2.921616 0.233213 -0.482816
v -2.908204 0.246552 -0.477432
v -2.908576 0.246552 -0.505722
v -2.921966 0.233213 -0.509470
v -2.924006 0.233213 -0.664817
v -2.910619 0.246552 -0.661245
v -2.910981 0.246552 -0.688721
v -2.924357 0.233213 -0.691471
v -2.926398 0.233213 -0.846818
v -2.913032 0.246552 -0.844914
v -2.913386 0.246552 -0.871849
v -2.926748 0.233213 -0.873472
v -2.928789 0.233213 -1.028820
v -2.915455 0.246552 -1.029385
v -2.915806 0.246552 -1.056051
v -2.929138 0.233213 -1.055474
v -2.931179 0.233213 -1.210822
v -2.917912 0.246552 -1.216323
v -2.918308 0.246552 -1.246525
v -2.931529 0.233213 -1.237475
v -0.095329 0.233213 2.814809
v -0.075658 0.246553 2.800987
v -0.114305 0.246553 2.802010
v -0.122129 0.233213 2.815548
v -0.278674 0.233213 2.820944
v -0.269904 0.246553 2.807276
v -0.300392 0.246553 2.808508
v -0.305590 0.233213 2.822045
v -0.462752 0.233213 2.829373
v -0.457301 0.246553 2.815772
v -0.485968 0.246553 2.817253
v -0.489764 0.233213 2.830776
v -0.647431 0.233213 2.839684
v -0.643802 0.246553 2.826141
v -0.671726 0.246553 2.827831
v -0.674519 0.233213 2.841328
v -0.832578 0.233213 2.851465
v -0.830640 0.246553 2.838008
v -0.858071 0.246553 2.839849
v -0.859724 0.233213 2.853289
v -1.018063 0.233213 2.864302
v -1.018640 0.246553 2.851014
v -1.045835 0.246553 2.852959
v -1.045247 0.233213 2.866247
v -1.203753 0.233213 2.877784
v -1.209367 0.246553 2.864866
v -1.240192 0.246553 2.867138
v -1.230957 0.233213 2.879789
v 2.916417 0.233213 0.142091
v 2.902819 0.246552 0.122511
v 2.903324 0.246552 0.160961
v 2.916767 0.233213 0.168745
v 2.918808 0.233213 0.324092
v 2.905354 0.246552 0.315400
v 2.905750 0.246552 0.345597
v 2.919158 0.233213 0.350746
v 2.921198 0.233213 0.506094
v 2.907788 0.246552 0.500711
v 2.908159 0.246552 0.529000
v 2.921549 0.233213 0.532748
v 2.923589 0.233213 0.688095
v 2.910202 0.246552 0.684523
v 2.910563 0.246552 0.711999
v 2.923940 0.233213 0.714749
v 2.925980 0.233213 0.870097
v 2.912615 0.246552 0.868193
v 2.912969 0.246552 0.895127
v 2.926330 0.233213 0.896751
v 2.928371 0.233213 1.052098
v 2.915038 0.246552 1.052663
v 2.915388 0.246552 1.079329
v 2.928721 0.233213 1.078752
v 2.930762 0.233213 1.234100
v 2.917494 0.246552 1.239601
v 2.917891 0.246552 1.269802
v 2.931112 0.233213 1.260754
v -2.616680 0.233213 -2.695619
v -2.612828 0.246552 -2.681878
v -2.589722 0.246552 -2.696772
v -2.594106 0.233213 -2.709504
v -2.496845 0.233213 -2.758549
v -2.490190 0.246552 -2.746958
v -2.465215 0.246552 -2.756808
v -2.472309 0.233213 -2.768545
v -2.359411 0.233213 -2.804283
v -2.352028 0.246552 -2.792631
v -2.324235 0.246552 -2.799056
v -2.333690 0.233213 -2.810799
v -2.207211 0.233213 -2.835071
v -2.199577 0.246552 -2.822970
v -2.169120 0.246552 -2.826891
v -2.180941 0.233213 -2.838995
v -2.043326 0.233213 -2.853781
v -2.035462 0.246552 -2.841245
v -2.002202 0.246552 -2.843330
v -2.016826 0.233213 -2.855880
v -1.870744 0.233213 -2.863360
v -1.862373 0.246552 -2.850487
v -1.825041 0.246552 -2.851309
v -1.844161 0.233213 -2.864259
v -1.692392 0.233213 -2.866783
v -1.682736 0.246552 -2.853674
v -1.634193 0.246552 -2.853754
v -1.665785 0.233213 -2.867004
v -2.710239 0.233213 2.625883
v -2.696487 0.246553 2.622034
v -2.711516 0.246553 2.598929
v -2.724254 0.233213 2.603310
v -2.773966 0.233213 2.506033
v -2.762388 0.246553 2.499378
v -2.772436 0.246553 2.474395
v -2.784154 0.233213 2.481487
v -2.820899 0.233213 2.368533
v -2.809274 0.246553 2.361150
v -2.815975 0.246553 2.333337
v -2.827668 0.233213 2.342794
v -2.853321 0.233213 2.216210
v -2.841257 0.246553 2.208575
v -2.845541 0.246553 2.178088
v -2.857556 0.233213 2.189914
v -2.874091 0.233213 2.052146
v -2.861600 0.246553 2.044279
v -2.864135 0.246553 2.010978
v -2.876547 0.233213 2.025612
v -2.886096 0.233213 1.879334
v -2.873276 0.246553 1.870960
v -2.874649 0.246553 1.833575
v -2.887387 0.233213 1.852713
v -2.892210 0.233213 1.700716
v -2.879170 0.246553 1.691055
v -2.879999 0.246553 1.642437
v -2.892842 0.233213 1.674068
v 2.616414 0.233213 2.718712
v 2.612571 0.246553 2.704940
v 2.589544 0.246553 2.719653
v 2.593914 0.233213 2.732426
v 2.496946 0.233213 2.779834
v 2.490263 0.246553 2.767940
v 2.464916 0.246553 2.775692
v 2.472095 0.233213 2.787971
v 2.354256 0.233213 2.802854
v 2.346476 0.246553 2.789541
v 2.316530 0.246553 2.787554
v 2.326622 0.233213 2.801867
v 2.186590 0.233213 2.774819
v 2.178097 0.246553 2.759410
v 2.143268 0.246553 2.747133
v 2.156645 0.233213 2.765102
v 1.994964 0.233213 2.691863
v 1.985773 0.246553 2.674370
v 1.945446 0.246553 2.650882
v 1.962899 0.233213 2.673824
v 1.780724 0.233213 2.551898
v 1.772485 0.246553 2.538644
v 1.735734 0.246553 2.537933
v 1.754551 0.233213 2.551716
v 1.640527 0.233213 2.662104
v 1.633043 0.246553 2.655017
v 1.595987 0.246553 2.687490
v 1.620387 0.233213 2.680655
v 2.709822 0.233213 -2.602605
v 2.696070 0.246552 -2.598756
v 2.711099 0.246552 -2.575651
v 2.723837 0.233213 -2.580032
v 2.773548 0.233213 -2.482754
v 2.761971 0.246552 -2.476100
v 2.772018 0.246552 -2.451117
v 2.783737 0.233213 -2.458209
v 2.820481 0.233213 -2.345255
v 2.808857 0.246552 -2.337871
v 2.815558 0.246552 -2.310060
v 2.827251 0.233213 -2.319516
v 2.852904 0.233213 -2.192932
v 2.840841 0.246552 -2.185297
v 2.845123 0.246552 -2.154809
v 2.857139 0.233213 -2.166636
v 2.873673 0.233213 -2.028868
v 2.861183 0.246552 -2.021001
v 2.863718 0.246552 -1.987700
v 2.876130 0.233213 -2.002334
v 2.885679 0.233213 -1.856056
v 2.872858 0.246552 -1.847682
v 2.874231 0.246552 -1.810297
v 2.886970 0.233213 -1.829435
v 2.891793 0.233213 -1.677438
v 2.878753 0.246552 -1.667777
v 2.879582 0.246552 -1.619159
v 2.892425 0.233213 -1.650790
v -2.701037 -0.247156 -2.616645
v -0.033593 0.246552 -2.206315
v 2.700585 -0.247156 2.640214
v 0.073651 -0.247156 2.798197
v -2.901280 -0.247156 0.049687
v -0.042880 -0.247156 -2.857159
v -1.403278 -0.247156 2.879179
v -2.920407 -0.247156 -1.406308
v 1.380438 -0.247156 -2.718303
v 2.900863 -0.247156 -0.026409
v 1.709151 -0.247156 -2.723025
v 1.751778 -0.247156 -2.747648
v 1.495651 -0.247156 -2.616501
v 1.548156 -0.247156 -2.635568
v 2.881736 -0.247156 -1.482403
v 1.944626 -0.247156 -2.832898
v 1.908208 -0.247156 -2.819900
v 2.248353 -0.247156 -2.859661
v 2.276416 -0.247156 -2.854060
v -2.921847 -0.247156 -1.543073
v -2.921128 -0.247156 -1.771693
v -2.921518 -0.247156 -1.734285
v -2.914008 -0.247156 -1.945259
v -2.915668 -0.247156 -1.911903
v -2.897990 -0.247156 -2.110033
v -2.901470 -0.247156 -2.079443
v -2.870024 -0.247156 -2.263393
v -2.875993 -0.247156 -2.235415
v -2.826787 -0.247156 -2.402799
v -2.836173 -0.247156 -2.377565
v -2.764148 -0.247156 -2.527025
v -2.778558 -0.247156 -2.503572
v -1.592429 -0.247156 2.892380
v -1.542834 -0.247156 2.889010
v -1.775880 -0.247156 2.901577
v -1.737777 -0.247156 2.899884
v -1.952471 -0.247156 2.903498
v -1.918562 -0.247156 2.903509
v -2.119734 -0.247156 2.894871
v -2.088715 -0.247156 2.897081
v -2.274992 -0.247156 2.872481
v -2.246701 -0.247156 2.877538
v -2.415709 -0.247156 2.833017
v -2.390267 -0.247156 2.841821
v -2.540828 -0.247156 2.772527
v -2.517221 -0.247156 2.786629
v 2.921877 -0.247156 1.614974
v 2.921429 -0.247156 1.566351
v 2.920710 -0.247156 1.794971
v 2.921101 -0.247156 1.757563
v 2.913592 -0.247156 1.968537
v 2.915251 -0.247156 1.935181
v 2.897572 -0.247156 2.133310
v 2.901052 -0.247156 2.102721
v 2.869607 -0.247156 2.286671
v 2.875576 -0.247156 2.258693
v 2.826369 -0.247156 2.426081
v 2.835756 -0.247156 2.400843
v 2.763712 -0.247156 2.550423
v 2.778129 -0.247156 2.526932
v -1.308220 -0.247156 -2.851663
v -1.338371 -0.247156 -2.851755
v -1.121577 -0.247156 -2.851195
v -1.148203 -0.247156 -2.851248
v -0.937358 -0.247156 -2.850996
v -0.964259 -0.247156 -2.851005
v -0.753882 -0.247156 -2.851171
v -0.781333 -0.247156 -2.851116
v -0.570188 -0.247156 -2.851830
v -0.598465 -0.247156 -2.851693
v -0.384904 -0.247156 -2.853102
v -0.415103 -0.247156 -2.852848
v -0.191924 -0.247156 -2.855197
v -0.230403 -0.247156 -2.854711
v -2.884650 -0.247156 1.315697
v -2.884252 -0.247156 1.345898
v -2.887105 -0.247156 1.128759
v -2.886755 -0.247156 1.155424
v -2.889529 -0.247156 0.944288
v -2.889174 -0.247156 0.971223
v -2.891941 -0.247156 0.760619
v -2.891580 -0.247156 0.788095
v -2.894356 -0.247156 0.576806
v -2.893984 -0.247156 0.605096
v -2.896790 -0.247156 0.391495
v -2.896394 -0.247156 0.421692
v -2.899324 -0.247156 0.198607
v -2.898819 -0.247156 0.237057
v 1.320035 -0.247156 2.816429
v 1.347517 -0.247156 2.810956
v 1.141274 -0.247156 2.822686
v 1.167452 -0.247156 2.823931
v 0.960029 -0.247156 2.814523
v 0.986511 -0.247156 2.815657
v 0.779226 -0.247156 2.807478
v 0.806301 -0.247156 2.808447
v 0.597801 -0.247156 2.801934
v 0.625761 -0.247156 2.802672
v 0.414274 -0.247156 2.798303
v 0.444228 -0.247156 2.798743
v 0.222426 -0.247156 2.797078
v 0.260742 -0.247156 2.797091
v 2.884232 -0.247156 -1.292419
v 2.883835 -0.247156 -1.322620
v 2.886688 -0.247156 -1.105481
v 2.886337 -0.247156 -1.132146
v 2.889111 -0.247156 -0.921010
v 2.888757 -0.247156 -0.947945
v 2.891524 -0.247156 -0.737341
v 2.891163 -0.247156 -0.764817
v 2.893938 -0.247156 -0.553528
v 2.893567 -0.247156 -0.581817
v 2.896373 -0.247156 -0.368217
v 2.895976 -0.247156 -0.398414
v 2.898906 -0.247156 -0.175329
v 2.898401 -0.247156 -0.213779
v 0.144698 -0.247156 -2.859973
v 0.106195 -0.247156 -2.859330
v 0.329651 -0.247156 -2.863483
v 0.299395 -0.247156 -2.862864
v 0.513465 -0.247156 -2.867580
v 0.485106 -0.247156 -2.866913
v 0.696948 -0.247156 -2.872163
v 0.669395 -0.247156 -2.871447
v 0.880621 -0.247156 -2.877130
v 0.853603 -0.247156 -2.876380
v 1.061757 -0.247156 -2.864884
v 1.036105 -0.247156 -2.869386
v 1.239271 -0.247156 -2.805350
v 1.211794 -0.247156 -2.817997
v -2.903742 -0.247156 -0.137683
v -2.903236 -0.247156 -0.099233
v -2.906167 -0.247156 -0.322319
v -2.905770 -0.247156 -0.292122
v -2.908576 -0.247156 -0.505722
v -2.908204 -0.247156 -0.477432
v -2.910981 -0.247156 -0.688721
v -2.910619 -0.247156 -0.661245
v -2.913386 -0.247156 -0.871849
v -2.913032 -0.247156 -0.844914
v -2.915806 -0.247156 -1.056051
v -2.915455 -0.247156 -1.029385
v -2.918308 -0.247156 -1.246525
v -2.917912 -0.247156 -1.216323
v -0.114305 -0.247156 2.802010
v -0.075658 -0.247156 2.800987
v -0.300392 -0.247156 2.808508
v -0.269904 -0.247156 2.807276
v -0.485968 -0.247156 2.817253
v -0.457301 -0.247156 2.815772
v -0.671726 -0.247156 2.827831
v -0.643802 -0.247156 2.826141
v -0.858071 -0.247156 2.839849
v -0.830640 -0.247156 2.838008
v -1.045835 -0.247156 2.852959
v -1.018640 -0.247156 2.851014
v -1.240192 -0.247156 2.867138
v -1.209367 -0.247156 2.864866
v 2.903324 -0.247156 0.160961
v 2.902819 -0.247156 0.122511
v 2.905750 -0.247156 0.345597
v 2.905354 -0.247156 0.315400
v 2.908159 -0.247156 0.529000
v 2.907788 -0.247156 0.500711
v 2.910563 -0.247156 0.711999
v 2.910202 -0.247156 0.684523
v 2.912969 -0.247156 0.895127
v 2.912615 -0.247156 0.868193
v 2.915388 -0.247156 1.079329
v 2.915038 -0.247156 1.052663
v 2.917891 -0.247156 1.269802
v 2.917494 -0.247156 1.239601
v -2.589768 -0.247156 -2.696476
v -2.612870 -0.247156 -2.681609
v -2.465282 -0.247156 -2.756371
v -2.490252 -0.247156 -2.746550
v -2.324326 -0.247156 -2.798462
v -2.352114 -0.247156 -2.792068
v -2.169237 -0.247156 -2.826127
v -2.199689 -0.247156 -2.822240
v -2.002347 -0.247156 -2.842383
v -2.035602 -0.247156 -2.840334
v -1.825216 -0.247156 -2.850169
v -1.862542 -0.247156 -2.849386
v -1.634401 -0.247156 -2.852406
v -1.682934 -0.247156 -2.852379
v -2.711516 -0.247156 2.598929
v -2.696487 -0.247156 2.622034
v -2.772436 -0.247156 2.474395
v -2.762388 -0.247156 2.499378
v -2.815975 -0.247156 2.333337
v -2.809274 -0.247156 2.361150
v -2.845541 -0.247156 2.178088
v -2.841257 -0.247156 2.208575
v -2.864135 -0.247156 2.010978
v -2.861600 -0.247156 2.044279
v -2.874649 -0.247156 1.833575
v -2.873276 -0.247156 1.870960
v -2.879999 -0.247156 1.642437
v -2.879170 -0.247156 1.691055
v 2.589544 -0.247156 2.719653
v 2.612571 -0.247156 2.704940
v 2.464916 -0.247156 2.775692
v 2.490263 -0.247156 2.767940
v 2.316530 -0.247156 2.787554
v 2.346476 -0.247156 2.789541
v 2.143268 -0.247156 2.747133
v 2.178097 -0.247156 2.759410
v 1.945446 -0.247156 2.650882
v 1.985773 -0.247156 2.674370
v 1.735734 -0.247156 2.537933
v 1.778518 -0.247156 2.558186
v 1.595987 -0.247156 2.687490
v 1.633043 -0.247156 2.655017
v 2.711099 -0.247156 -2.575651
v 2.696070 -0.247156 -2.598756
v 2.772018 -0.247156 -2.451117
v 2.761971 -0.247156 -2.476100
v 2.815558 -0.247156 -2.310060
v 2.808857 -0.247156 -2.337871
v 2.845123 -0.247156 -2.154809
v 2.840841 -0.247156 -2.185297
v 2.863718 -0.247156 -1.987700
v 2.861183 -0.247156 -2.021001
v 2.874231 -0.247156 -1.810297
v 2.872858 -0.247156 -1.847682
v 2.879582 -0.247156 -1.619159
v 2.878753 -0.247156 -1.667777
v 2.630582 0.246552 -2.686907
v -2.701011 0.246552 -2.616811
v -2.630982 0.246553 2.710138
v 2.700585 0.246553 2.640214
v -0.042882 0.246552 -2.857152
v -2.901280 0.246552 0.049687
v 0.073651 0.246553 2.798197
v 2.900863 0.246552 -0.026409
v 1.380438 0.246552 -2.718303
v -2.920407 0.246552 -1.406308
v -1.403278 0.246553 2.879179
v 2.919990 0.246553 1.429585
v -1.497651 0.246552 -2.853783
v -2.882154 0.246553 1.505681
v 1.486204 0.246553 2.760318
v 2.881736 0.246552 -1.482403
v 1.495651 0.246552 -2.616501
v 1.544433 0.246552 -2.617728
v 1.709151 0.246552 -2.723025
v 1.751778 0.246552 -2.747648
v 1.908208 0.246552 -2.819900
v 1.944626 0.246552 -2.832898
v 2.088012 0.246552 -2.864377
v 2.119996 0.246552 -2.867553
v 2.248353 0.246552 -2.859661
v 2.276416 0.246552 -2.854060
v 2.390812 0.246552 -2.821081
v 2.416094 0.246552 -2.811854
v 2.517102 0.246552 -2.764137
v 2.540625 0.246552 -2.749813
v -2.921847 0.246552 -1.543073
v -2.922295 0.246552 -1.591696
v -2.921518 0.246552 -1.734285
v -2.921128 0.246552 -1.771693
v -2.915668 0.246552 -1.911903
v -2.914008 0.246552 -1.945259
v -2.901470 0.246552 -2.079443
v -2.897990 0.246552 -2.110033
v -2.875993 0.246552 -2.235415
v -2.870024 0.246552 -2.263393
v -2.836173 0.246552 -2.377565
v -2.826786 0.246552 -2.402803
v -2.778549 0.246552 -2.503638
v -2.764135 0.246552 -2.527110
v -1.542834 0.246553 2.889010
v -1.592429 0.246553 2.892380
v -1.737777 0.246553 2.899884
v -1.775880 0.246553 2.901577
v -1.918562 0.246553 2.903509
v -1.952471 0.246553 2.903498
v -2.088715 0.246553 2.897081
v -2.119734 0.246553 2.894871
v -2.246701 0.246553 2.877538
v -2.274992 0.246553 2.872481
v -2.390267 0.246553 2.841821
v -2.415709 0.246553 2.833017
v -2.517221 0.246553 2.786629
v -2.540828 0.246553 2.772527
v 2.921429 0.246553 1.566351
v 2.921877 0.246553 1.614974
v 2.921101 0.246553 1.757563
v 2.920710 0.246553 1.794971
v 2.915251 0.246553 1.935181
v 2.913592 0.246553 1.968537
v 2.901052 0.246553 2.102721
v 2.897572 0.246553 2.133310
v 2.875576 0.246553 2.258693
v 2.869607 0.246553 2.286671
v 2.835756 0.246553 2.400843
v 2.826369 0.246553 2.426081
v 2.778129 0.246553 2.526932
v 2.763712 0.246553 2.550423
v -1.338115 0.246552 -2.853420
v -1.307959 0.246552 -2.853360
v -1.147917 0.246552 -2.853115
v -1.121287 0.246552 -2.853090
v -0.963962 0.246552 -2.852938
v -0.937066 0.246552 -2.852895
v -0.781078 0.246552 -2.852778
v -0.753634 0.246552 -2.852784
v -0.598264 0.246552 -2.853000
v -0.569996 0.246552 -2.853075
v -0.414970 0.246552 -2.853717
v -0.384782 0.246552 -2.853890
v -0.230350 0.246552 -2.855054
v -0.191890 0.246552 -2.855421
v -2.884252 0.246553 1.345898
v -2.884650 0.246553 1.315697
v -2.886755 0.246552 1.155424
v -2.887105 0.246552 1.128759
v -2.889174 0.246552 0.971223
v -2.889529 0.246552 0.944288
v -2.891580 0.246552 0.788095
v -2.891941 0.246552 0.760619
v -2.893984 0.246552 0.605096
v -2.894355 0.246552 0.576806
v -2.896394 0.246552 0.421692
v -2.896790 0.246552 0.391495
v -2.898819 0.246552 0.237057
v -2.899324 0.246552 0.198607
v 1.347517 0.246553 2.810956
v 1.320035 0.246553 2.816429
v 1.167452 0.246553 2.823931
v 1.141274 0.246553 2.822686
v 0.986511 0.246553 2.815657
v 0.960029 0.246553 2.814523
v 0.806301 0.246553 2.808447
v 0.779226 0.246553 2.807478
v 0.625761 0.246553 2.802672
v 0.597801 0.246553 2.801934
v 0.444228 0.246553 2.798743
v 0.414274 0.246553 2.798303
v 0.260742 0.246553 2.797091
v 0.222426 0.246553 2.797078
v 2.883835 0.246552 -1.322620
v 2.884232 0.246552 -1.292419
v 2.886337 0.246552 -1.132146
v 2.886688 0.246552 -1.105481
v 2.888757 0.246552 -0.947945
v 2.889111 0.246552 -0.921010
v 2.891163 0.246552 -0.764817
v 2.891524 0.246552 -0.737341
v 2.893567 0.246552 -0.581817
v 2.893938 0.246552 -0.553528
v 2.895976 0.246552 -0.398414
v 2.896373 0.246552 -0.368217
v 2.898401 0.246552 -0.213779
v 2.898906 0.246552 -0.175329
v 0.106195 0.246552 -2.859330
v 0.144698 0.246552 -2.859973
v 0.299395 0.246552 -2.862864
v 0.329651 0.246552 -2.863483
v 0.485106 0.246552 -2.866913
v 0.513465 0.246552 -2.867580
v 0.669395 0.246552 -2.871447
v 0.696948 0.246552 -2.872163
v 0.853603 0.246552 -2.876380
v 0.880621 0.246552 -2.877130
v 1.036105 0.246552 -2.869386
v 1.061757 0.246552 -2.864884
v 1.211794 0.246552 -2.817997
v 1.239271 0.246552 -2.805350
v -2.903236 0.246552 -0.099233
v -2.903742 0.246552 -0.137683
v -2.905770 0.246552 -0.292122
v -2.906167 0.246552 -0.322319
v -2.908204 0.246552 -0.477432
v -2.908576 0.246552 -0.505722
v -2.910619 0.246552 -0.661245
v -2.910981 0.246552 -0.688721
v -2.913032 0.246552 -0.844914
v -2.913386 0.246552 -0.871849
v -2.915455 0.246552 -1.029385
v -2.915806 0.246552 -1.056051
v -2.917912 0.246552 -1.216323
v -2.918308 0.246552 -1.246525
v -0.075658 0.246553 2.800987
v -0.114305 0.246553 2.802010
v -0.269904 0.246553 2.807276
v -0.300392 0.246553 2.808508
v -0.457301 0.246553 2.815772
v -0.485968 0.246553 2.817253
v -0.643802 0.246553 2.826141
v -0.671726 0.246553 2.827831
v -0.830640 0.246553 2.838008
v -0.858071 0.246553 2.839849
v -1.018640 0.246553 2.851014
v -1.045835 0.246553 2.852959
v -1.209367 0.246553 2.864866
v -1.240192 0.246553 2.867138
v 2.902819 0.246552 0.122511
v 2.903324 0.246552 0.160961
v 2.905354 0.246552 0.315400
v 2.905750 0.246552 0.345597
v 2.907788 0.246552 0.500711
v 2.908159 0.246552 0.529000
v 2.910202 0.246552 0.684523
v 2.910563 0.246552 0.711999
v 2.912615 0.246552 0.868193
v 2.912969 0.246552 0.895127
v 2.915038 0.246552 1.052663
v 2.915388 0.246552 1.079329
v 2.917494 0.246552 1.239601
v 2.917891 0.246552 1.269802
v -2.612828 0.246552 -2.681878
v -2.589722 0.246552 -2.696772
v -2.490190 0.246552 -2.746958
v -2.465215 0.246552 -2.756808
v -2.352028 0.246552 -2.792631
v -2.324235 0.246552 -2.799056
v -2.199577 0.246552 -2.822970
v -2.169120 0.246552 -2.826891
v -2.035462 0.246552 -2.841245
v -2.002202 0.246552 -2.843330
v -1.862373 0.246552 -2.850487
v -1.825041 0.246552 -2.851309
v -1.682736 0.246552 -2.853674
v -1.634193 0.246552 -2.853754
v -2.696487 0.246553 2.622034
v -2.711516 0.246553 2.598929
v -2.762388 0.246553 2.499378
v -2.772436 0.246553 2.474395
v -2.809274 0.246553 2.361150
v -2.815975 0.246553 2.333337
v -2.841257 0.246553 2.208575
v -2.845541 0.246553 2.178088
v -2.861600 0.246553 2.044279
v -2.864135 0.246553 2.010978
v -2.873276 0.246553 1.870960
v -2.874649 0.246553 1.833575
v -2.879170 0.246553 1.691055
v -2.879999 0.246553 1.642437
v 2.612571 0.246553 2.704940
v 2.589544 0.246553 2.719653
v 2.490263 0.246553 2.767940
v 2.464916 0.246553 2.775692
v 2.346476 0.246553 2.789541
v 2.316530 0.246553 2.787554
v 2.178097 0.246553 2.759410
v 2.143268 0.246553 2.747133
v 1.985773 0.246553 2.674370
v 1.945446 0.246553 2.650882
v 1.772485 0.246553 2.538644
v 1.735734 0.246553 2.537933
v 1.633043 0.246553 2.655017
v 1.595987 0.246553 2.687490
v 2.696070 0.246552 -2.598756
v 2.711099 0.246552 -2.575651
v 2.761971 0.246552 -2.476100
v 2.772018 0.246552 -2.451117
v 2.808857 0.246552 -2.337871
v 2.815558 0.246552 -2.310060
v 2.840841 0.246552 -2.185297
v 2.845123 0.246552 -2.154809
v 2.861183 0.246552 -2.021001
v 2.863718 0.246552 -1.987700
v 2.872858 0.246552 -1.847682
v 2.874231 0.246552 -1.810297
v 2.878753 0.246552 -1.667777
v 2.879582 0.246552 -1.619159
v -0.033593 0.246552 -2.206315
v -2.767315 -0.238026 -2.662288
v 2.677944 -0.251606 -2.735261
v 2.695637 -0.238026 -2.734223
v 2.676429 -0.238026 -2.752900
v 2.748160 -0.238026 2.705439
v 2.766850 -0.238026 2.686305
v -2.678352 -0.251605 2.758956
v 1.524400 -0.238026 2.817523
v 1.512963 -0.251605 2.810039
v 1.501798 -0.238026 2.829241
v -2.947410 -0.238026 1.546575
v -2.934046 -0.251605 1.532813
v -2.947802 -0.238026 1.519441
v -1.538588 -0.238026 -2.917202
v -1.524850 -0.251606 -2.903620
v -1.511501 -0.238026 -2.917143
v 2.985963 -0.238026 1.441620
v 2.972563 -0.251605 1.455347
v 2.324620 -0.238026 -2.917499
v 2.298186 -0.238026 -2.923452
v 2.125606 -0.251606 -2.915926
v 2.158166 -0.251606 -2.919159
v -2.974910 -0.251605 -1.620332
v -2.988438 -0.238026 -1.629815
v -2.988369 -0.238026 -1.602679
v 2.562421 -0.251606 -2.813882
v 2.586367 -0.251606 -2.799300
v 2.589922 -0.238026 -2.813395
v 2.566545 -0.238026 -2.826964
v 2.433857 -0.251606 -2.871851
v 2.459595 -0.251606 -2.862458
v -2.696057 -0.238026 2.757951
v -2.676833 -0.238026 2.776588
v -2.749669 -0.251606 -2.663734
v -2.748619 -0.238026 -2.681399
v -0.030254 -0.238026 -2.922317
v -0.057410 -0.238026 -2.921961
v 2.749208 -0.251605 2.687773
v 2.966492 -0.238026 -0.040607
v 0.074977 -0.251605 2.848599
v 0.061577 -0.238026 2.862345
v 0.088733 -0.238026 2.861988
v -2.953517 -0.251605 0.050604
v -2.967273 -0.238026 0.037215
v -2.966917 -0.238026 0.064349
v -0.043653 -0.251606 -2.908579
v 2.986284 -0.238026 1.468754
v -1.414535 -0.238026 2.943581
v -1.428544 -0.251605 2.931041
v -1.442229 -0.238026 2.945584
v -2.986388 -0.238026 -1.417878
v -2.972988 -0.251605 -1.431605
v -2.986709 -0.238026 -1.445012
v 1.393557 -0.238026 -2.790153
v 1.405292 -0.251606 -2.767223
v 1.423018 -0.238026 -2.780432
v 2.953092 -0.251605 -0.026862
v 2.966848 -0.238026 -0.013473
v 1.958442 -0.238026 -2.889961
v 1.739923 -0.251606 -2.772030
v 1.783318 -0.251606 -2.797096
v 1.792475 -0.238026 -2.815036
v 1.761631 -0.238026 -2.797819
v 1.522579 -0.251606 -2.663587
v 1.576030 -0.251606 -2.682998
v 1.581754 -0.238026 -2.678505
v 1.548486 -0.238026 -2.670244
v 2.946985 -0.238026 -1.522833
v 2.933621 -0.251605 -1.509070
v 2.947377 -0.238026 -1.495699
v 1.979638 -0.251606 -2.883880
v 1.987918 -0.238026 -2.899699
v 2.165884 -0.238026 -2.932914
v 2.137851 -0.238026 -2.930989
v 1.942565 -0.251606 -2.870649
v 2.466068 -0.238026 -2.874442
v 2.440773 -0.238026 -2.883996
v 2.288833 -0.251606 -2.911126
v 2.317402 -0.251606 -2.905424
v -2.974453 -0.251605 -1.570833
v -2.987594 -0.238026 -1.784624
v -2.986993 -0.238026 -1.811750
v -2.973722 -0.251606 -1.803570
v -2.974119 -0.251605 -1.765488
v -2.981187 -0.238026 -1.960865
v -2.979396 -0.238026 -1.987933
v -2.966475 -0.251606 -1.980261
v -2.968164 -0.251606 -1.946304
v -2.966254 -0.238026 -2.128574
v -2.962647 -0.238026 -2.155448
v -2.950167 -0.251606 -2.148000
v -2.953710 -0.251606 -2.116860
v -2.939927 -0.238026 -2.284952
v -2.933725 -0.238026 -2.311325
v -2.921698 -0.251606 -2.304122
v -2.927774 -0.251606 -2.275640
v -2.899354 -0.238026 -2.427254
v -2.889642 -0.238026 -2.452504
v -2.877682 -0.251606 -2.446038
v -2.887239 -0.251606 -2.420350
v -2.841663 -0.238026 -2.552767
v -2.828009 -0.238026 -2.576082
v -2.813915 -0.251606 -2.572501
v -2.828586 -0.251606 -2.548626
v -1.603098 -0.238026 2.956874
v -1.630773 -0.238026 2.958564
v -1.621101 -0.251605 2.944479
v -1.570612 -0.251605 2.941048
v -1.788559 -0.238026 2.966655
v -1.816186 -0.238026 2.967553
v -1.807855 -0.251605 2.953841
v -1.769065 -0.251605 2.952117
v -1.967910 -0.238026 2.969545
v -1.995421 -0.238026 2.969079
v -1.987625 -0.251605 2.955796
v -1.953106 -0.251605 2.955808
v -2.138201 -0.238026 2.962285
v -2.165447 -0.238026 2.959781
v -2.157899 -0.251605 2.947014
v -2.126322 -0.251605 2.949264
v -2.296567 -0.238026 2.941812
v -2.323231 -0.238026 2.936456
v -2.315953 -0.251605 2.924222
v -2.287152 -0.251605 2.929369
v -2.440261 -0.238026 2.905267
v -2.465713 -0.238026 2.896125
v -2.459203 -0.251605 2.884047
v -2.433303 -0.251605 2.893010
v -2.566679 -0.238026 2.849939
v -2.590138 -0.238026 2.836586
v -2.586575 -0.251605 2.822468
v -2.562542 -0.251605 2.836824
v 2.987943 -0.238026 1.626421
v 2.988012 -0.238026 1.653557
v 2.974484 -0.251605 1.644074
v 2.974028 -0.251605 1.594575
v 2.987169 -0.238026 1.808365
v 2.986567 -0.238026 1.835491
v 2.973296 -0.251605 1.827312
v 2.973694 -0.251605 1.789230
v 2.980761 -0.238026 1.984607
v 2.978971 -0.238026 2.011675
v 2.966050 -0.251605 2.004003
v 2.967739 -0.251605 1.970045
v 2.965828 -0.238026 2.152316
v 2.962222 -0.238026 2.179190
v 2.949742 -0.251605 2.171742
v 2.953285 -0.251605 2.140602
v 2.939502 -0.238026 2.308693
v 2.933300 -0.238026 2.335067
v 2.921273 -0.251605 2.327864
v 2.927349 -0.251605 2.299382
v 2.898928 -0.238026 2.450996
v 2.889215 -0.238026 2.476247
v 2.877257 -0.251605 2.469784
v 2.886813 -0.251605 2.444092
v 2.841229 -0.238026 2.576569
v 2.827569 -0.238026 2.599915
v 2.813472 -0.251605 2.596365
v 2.828148 -0.251605 2.572451
v -1.353627 -0.238026 -2.916619
v -1.326538 -0.238026 -2.916537
v -1.331774 -0.251606 -2.902983
v -1.362468 -0.251606 -2.903077
v -1.168646 -0.238026 -2.916131
v -1.141552 -0.238026 -2.916077
v -1.141772 -0.251606 -2.902508
v -1.168876 -0.251606 -2.902561
v -0.983627 -0.238026 -2.915885
v -0.956526 -0.238026 -2.915876
v -0.954235 -0.251606 -2.902305
v -0.981620 -0.251606 -2.902313
v -0.798554 -0.238026 -2.915993
v -0.771444 -0.238026 -2.916045
v -0.767455 -0.251606 -2.902482
v -0.795401 -0.251606 -2.902427
v -0.613409 -0.238026 -2.916566
v -0.586287 -0.238026 -2.916696
v -0.580454 -0.251606 -2.903154
v -0.609240 -0.251606 -2.903014
v -0.428175 -0.238026 -2.917718
v -0.401040 -0.238026 -2.917942
v -0.391834 -0.251606 -2.904449
v -0.422577 -0.251606 -2.904190
v -0.242836 -0.238026 -2.919560
v -0.215683 -0.238026 -2.919894
v -0.195380 -0.251606 -2.906582
v -0.234551 -0.251606 -2.906086
v -2.949880 -0.238026 1.361297
v -2.950236 -0.238026 1.334163
v -2.936586 -0.251605 1.339408
v -2.936183 -0.251605 1.370153
v -2.952313 -0.238026 1.176019
v -2.952670 -0.238026 1.148885
v -2.939086 -0.251605 1.149104
v -2.938730 -0.251605 1.176250
v -2.954747 -0.238026 0.990740
v -2.955104 -0.238026 0.963606
v -2.941554 -0.251605 0.961312
v -2.941193 -0.251605 0.988732
v -2.957181 -0.238026 0.805462
v -2.957538 -0.238026 0.778328
v -2.944010 -0.251605 0.774336
v -2.943642 -0.251605 0.802307
v -2.959615 -0.238026 0.620184
v -2.959971 -0.238026 0.593050
v -2.946468 -0.251605 0.587213
v -2.946090 -0.251605 0.616013
v -2.962049 -0.238026 0.434905
v -2.962405 -0.238026 0.407771
v -2.948946 -0.251605 0.398567
v -2.948542 -0.251605 0.429307
v -2.964483 -0.238026 0.249627
v -2.964840 -0.238026 0.222493
v -2.951526 -0.251605 0.202205
v -2.951012 -0.251605 0.241348
v 1.363753 -0.238026 2.876830
v 1.338980 -0.238026 2.881481
v 1.343801 -0.251605 2.867160
v 1.371778 -0.251605 2.861589
v 1.188251 -0.238026 2.888336
v 1.161613 -0.238026 2.887069
v 1.161822 -0.251605 2.873530
v 1.188472 -0.251605 2.874798
v 1.006254 -0.238026 2.880008
v 0.979577 -0.238026 2.878865
v 0.977314 -0.251605 2.865220
v 1.004273 -0.251605 2.866375
v 0.823933 -0.238026 2.872696
v 0.797197 -0.238026 2.871736
v 0.793256 -0.251605 2.858048
v 0.820818 -0.251605 2.859034
v 0.641155 -0.238026 2.866818
v 0.614340 -0.238026 2.866102
v 0.608564 -0.251605 2.852405
v 0.637027 -0.251605 2.853156
v 0.457784 -0.238026 2.862793
v 0.430872 -0.238026 2.862385
v 0.421732 -0.251605 2.848708
v 0.452226 -0.251605 2.849155
v 0.273688 -0.238026 2.861044
v 0.246659 -0.238026 2.861004
v 0.226431 -0.251605 2.847461
v 0.265437 -0.251605 2.847474
v 2.949454 -0.238026 -1.337555
v 2.949811 -0.238026 -1.310421
v 2.936161 -0.251605 -1.315666
v 2.935758 -0.251605 -1.346411
v 2.951888 -0.238026 -1.152277
v 2.952245 -0.238026 -1.125143
v 2.938661 -0.251605 -1.125362
v 2.938304 -0.251605 -1.152508
v 2.954322 -0.238026 -0.966998
v 2.954679 -0.238026 -0.939864
v 2.941128 -0.251605 -0.937570
v 2.940768 -0.251605 -0.964989
v 2.956756 -0.238026 -0.781720
v 2.957113 -0.238026 -0.754586
v 2.943584 -0.251605 -0.750594
v 2.943217 -0.251605 -0.778565
v 2.959190 -0.238026 -0.596441
v 2.959546 -0.238026 -0.569308
v 2.946043 -0.251605 -0.563471
v 2.945664 -0.251605 -0.592270
v 2.961624 -0.238026 -0.411163
v 2.961980 -0.238026 -0.384029
v 2.948521 -0.251605 -0.374824
v 2.948117 -0.251605 -0.405565
v 2.964058 -0.238026 -0.225885
v 2.964414 -0.238026 -0.198751
v 2.951100 -0.251605 -0.178463
v 2.950586 -0.251605 -0.217605
v 0.128064 -0.238026 -2.924684
v 0.155237 -0.238026 -2.925145
v 0.147303 -0.251606 -2.911443
v 0.108106 -0.251606 -2.910789
v 0.313651 -0.238026 -2.928132
v 0.340838 -0.238026 -2.928693
v 0.335586 -0.251606 -2.915016
v 0.304785 -0.251606 -2.914386
v 0.499333 -0.238026 -2.932204
v 0.526533 -0.238026 -2.932846
v 0.522709 -0.251606 -2.919188
v 0.493840 -0.251606 -2.918508
v 0.685094 -0.238026 -2.936787
v 0.712304 -0.238026 -2.937494
v 0.709496 -0.251606 -2.923852
v 0.681447 -0.251606 -2.923125
v 0.870915 -0.238026 -2.941769
v 0.898133 -0.238026 -2.942525
v 0.896476 -0.251606 -2.928909
v 0.868972 -0.251606 -2.928146
v 1.054202 -0.238026 -2.934675
v 1.080309 -0.238026 -2.930117
v 1.080873 -0.251606 -2.916443
v 1.054760 -0.251606 -2.921026
v 1.228502 -0.238026 -2.884559
v 1.253249 -0.238026 -2.873487
v 1.261583 -0.251606 -2.855837
v 1.233611 -0.251606 -2.868711
v -2.969351 -0.238026 -0.120929
v -2.969707 -0.238026 -0.148063
v -2.956023 -0.251605 -0.140140
v -2.955508 -0.251605 -0.100997
v -2.971785 -0.238026 -0.306208
v -2.972141 -0.238026 -0.333342
v -2.958492 -0.251605 -0.328099
v -2.958088 -0.251605 -0.297359
v -2.974218 -0.238026 -0.491486
v -2.974575 -0.238026 -0.518620
v -2.960945 -0.251605 -0.514805
v -2.960566 -0.251605 -0.486006
v -2.976652 -0.238026 -0.676764
v -2.977009 -0.238026 -0.703898
v -2.963392 -0.251605 -0.701099
v -2.963024 -0.251605 -0.673128
v -2.979086 -0.238026 -0.862043
v -2.979443 -0.238026 -0.889176
v -2.965841 -0.251605 -0.887524
v -2.965480 -0.251605 -0.860105
v -2.981520 -0.238026 -1.047321
v -2.981877 -0.238026 -1.074455
v -2.968304 -0.251605 -1.075042
v -2.967948 -0.251605 -1.047897
v -2.983954 -0.238026 -1.232599
v -2.984311 -0.238026 -1.259733
v -2.970851 -0.251605 -1.268945
v -2.970448 -0.251605 -1.238200
v -0.097046 -0.238026 2.865511
v -0.124328 -0.238026 2.866264
v -0.116363 -0.251605 2.852482
v -0.077021 -0.251605 2.851441
v -0.283693 -0.238026 2.871756
v -0.311093 -0.238026 2.872877
v -0.305800 -0.251605 2.859097
v -0.274763 -0.251605 2.857842
v -0.471084 -0.238026 2.880338
v -0.498583 -0.238026 2.881765
v -0.494717 -0.251605 2.867999
v -0.465535 -0.251605 2.866492
v -0.659087 -0.238026 2.890834
v -0.686665 -0.238026 2.892508
v -0.683821 -0.251605 2.878767
v -0.655395 -0.251605 2.877047
v -0.847568 -0.238026 2.902828
v -0.875204 -0.238026 2.904684
v -0.873521 -0.251605 2.891002
v -0.845595 -0.251605 2.889127
v -1.036393 -0.238026 2.915896
v -1.064067 -0.238026 2.917875
v -1.064666 -0.251605 2.904348
v -1.036980 -0.251605 2.902368
v -1.225427 -0.238026 2.929621
v -1.253120 -0.238026 2.931661
v -1.262521 -0.251605 2.918782
v -1.231142 -0.251605 2.916470
v 2.968925 -0.238026 0.144672
v 2.969282 -0.238026 0.171806
v 2.955598 -0.251605 0.163882
v 2.955083 -0.251605 0.124740
v 2.971359 -0.238026 0.329950
v 2.971716 -0.238026 0.357084
v 2.958066 -0.251605 0.351842
v 2.957663 -0.251605 0.321101
v 2.973793 -0.238026 0.515228
v 2.974150 -0.238026 0.542362
v 2.960520 -0.251605 0.538547
v 2.960141 -0.251605 0.509748
v 2.976227 -0.238026 0.700506
v 2.976584 -0.238026 0.727641
v 2.962966 -0.251605 0.724841
v 2.962599 -0.251605 0.696870
v 2.978662 -0.238026 0.885785
v 2.979018 -0.238026 0.912919
v 2.965415 -0.251605 0.911266
v 2.965055 -0.251605 0.883847
v 2.981095 -0.238026 1.071063
v 2.981452 -0.238026 1.098197
v 2.967879 -0.251605 1.098785
v 2.967522 -0.251605 1.071639
v 2.983529 -0.238026 1.256341
v 2.983886 -0.238026 1.283475
v 2.970426 -0.251605 1.292687
v 2.970022 -0.251605 1.261943
v -2.663832 -0.238026 -2.743873
v -2.640857 -0.238026 -2.757982
v -2.636396 -0.251606 -2.745003
v -2.659913 -0.251606 -2.729868
v -2.541860 -0.238026 -2.807804
v -2.516885 -0.238026 -2.817954
v -2.509669 -0.251606 -2.805977
v -2.535088 -0.251606 -2.795978
v -2.401975 -0.238026 -2.854215
v -2.375795 -0.238026 -2.860820
v -2.366175 -0.251606 -2.848825
v -2.394464 -0.251606 -2.842316
v -2.247059 -0.238026 -2.885395
v -2.220319 -0.238026 -2.889362
v -2.208294 -0.251606 -2.876988
v -2.239294 -0.251606 -2.873031
v -2.080249 -0.238026 -2.904269
v -2.053277 -0.238026 -2.906377
v -2.038399 -0.251606 -2.893537
v -2.072252 -0.251606 -2.891451
v -1.904588 -0.238026 -2.913839
v -1.877531 -0.238026 -2.914726
v -1.858079 -0.251606 -2.901463
v -1.896076 -0.251606 -2.900666
v -1.723054 -0.238026 -2.917136
v -1.695973 -0.238026 -2.917334
v -1.663827 -0.251606 -2.903740
v -1.713235 -0.251606 -2.903713
v -2.759036 -0.238026 2.673184
v -2.773304 -0.238026 2.650204
v -2.760336 -0.251605 2.645744
v -2.745037 -0.251605 2.669265
v -2.823910 -0.238026 2.551175
v -2.834283 -0.238026 2.526187
v -2.822353 -0.251605 2.518968
v -2.812124 -0.251605 2.544401
v -2.871687 -0.238026 2.411200
v -2.878580 -0.238026 2.384998
v -2.866676 -0.251605 2.375371
v -2.859854 -0.251605 2.403683
v -2.904694 -0.238026 2.256135
v -2.909006 -0.238026 2.229365
v -2.896774 -0.251605 2.217326
v -2.892414 -0.251605 2.248363
v -2.925838 -0.238026 2.089116
v -2.928339 -0.238026 2.062105
v -2.915703 -0.251605 2.047207
v -2.913123 -0.251605 2.081108
v -2.938060 -0.238026 1.913193
v -2.939374 -0.238026 1.886093
v -2.926406 -0.251605 1.866610
v -2.925008 -0.251605 1.904668
v -2.944283 -0.238026 1.731359
v -2.944927 -0.238026 1.704231
v -2.931853 -0.251605 1.672031
v -2.931009 -0.251605 1.721524
v 2.663521 -0.238026 2.767684
v 2.640617 -0.238026 2.781645
v 2.636168 -0.251605 2.768642
v 2.659609 -0.251605 2.753664
v 2.541902 -0.238026 2.829906
v 2.516605 -0.238026 2.838190
v 2.509295 -0.251605 2.825690
v 2.535100 -0.251605 2.817798
v 2.396643 -0.238026 2.853341
v 2.368511 -0.238026 2.852335
v 2.358238 -0.251605 2.837765
v 2.388723 -0.251605 2.839788
v 2.225960 -0.238026 2.824801
v 2.195474 -0.238026 2.821296
v 2.181857 -0.251605 2.796616
v 2.217312 -0.251605 2.809114
v 2.030883 -0.238026 2.746739
v 1.998240 -0.238026 2.728875
v 1.980473 -0.251605 2.698633
v 2.021526 -0.251605 2.722543
v 1.812786 -0.238026 2.604754
v 1.786141 -0.238026 2.597681
v 1.766985 -0.251605 2.583650
v 1.810539 -0.251605 2.604267
v 1.670063 -0.238026 2.710056
v 1.649562 -0.238026 2.728941
v 1.624722 -0.251605 2.735899
v 1.662445 -0.251605 2.702842
v 2.758611 -0.238026 -2.649442
v 2.772878 -0.238026 -2.626462
v 2.759911 -0.251606 -2.622002
v 2.744611 -0.251606 -2.645523
v 2.823485 -0.238026 -2.527433
v 2.833857 -0.238026 -2.502445
v 2.821927 -0.251606 -2.495226
v 2.811699 -0.251606 -2.520659
v 2.871263 -0.238026 -2.387458
v 2.878155 -0.238026 -2.361256
v 2.866250 -0.251606 -2.351629
v 2.859429 -0.251606 -2.379942
v 2.904269 -0.238026 -2.232393
v 2.908580 -0.238026 -2.205623
v 2.896348 -0.251606 -2.193583
v 2.891989 -0.251606 -2.224620
v 2.925413 -0.238026 -2.065374
v 2.927914 -0.238026 -2.038363
v 2.915278 -0.251606 -2.023465
v 2.912697 -0.251606 -2.057366
v 2.937635 -0.238026 -1.889452
v 2.938949 -0.238026 -1.862351
v 2.925980 -0.251606 -1.842868
v 2.924583 -0.251606 -1.880926
v 2.943858 -0.238026 -1.707617
v 2.944502 -0.238026 -1.680489
v 2.931428 -0.251605 -1.648289
v 2.930584 -0.251605 -1.697783
v 2.676429 0.237413 -2.752901
v 2.677944 0.250992 -2.735261
v 2.695637 0.237413 -2.734223
v -2.767293 0.237413 -2.662431
v -2.749642 0.250992 -2.663903
v -2.748593 0.237413 -2.681563
v -2.676833 0.237413 2.776588
v -2.678352 0.250993 2.758956
v -2.696057 0.237413 2.757951
v 2.766850 0.237413 2.686305
v 2.749208 0.250993 2.687773
v 2.748160 0.237413 2.705439
v -0.057410 0.237413 -2.921961
v -0.043654 0.250992 -2.908572
v -0.030254 0.237413 -2.922317
v -2.966917 0.237413 0.064349
v -2.953517 0.250992 0.050604
v -2.967273 0.237413 0.037215
v 0.088733 0.237413 2.861988
v 0.074977 0.250993 2.848599
v 0.061577 0.237413 2.862345
v 2.966492 0.237413 -0.040607
v 2.953092 0.250992 -0.026862
v 2.966848 0.237413 -0.013473
v 1.423018 0.237413 -2.780433
v 1.393557 0.237413 -2.790153
v 1.405292 0.250992 -2.767223
v -2.986709 0.237413 -1.445012
v -2.986388 0.237413 -1.417878
v -2.972988 0.250992 -1.431605
v -1.442229 0.237413 2.945584
v -1.414535 0.237413 2.943581
v -1.428544 0.250993 2.931041
v 2.986284 0.237413 1.468754
v 2.985963 0.237413 1.441620
v 2.972563 0.250993 1.455347
v -1.511278 0.237413 -2.918598
v -1.538369 0.237413 -2.918630
v -1.524615 0.250992 -2.905142
v -2.947802 0.237413 1.519441
v -2.947410 0.237413 1.546575
v -2.934046 0.250993 1.532813
v 1.501798 0.237413 2.829241
v 1.524400 0.237413 2.817523
v 1.512963 0.250993 2.810039
v 2.947377 0.237413 -1.495699
v 2.946985 0.237413 -1.522833
v 2.933621 0.250992 -1.509070
v 1.548486 0.237413 -2.670244
v 1.522579 0.250992 -2.663587
v 1.572240 0.250992 -2.664837
v 1.581754 0.237413 -2.678505
v 1.761631 0.237413 -2.797819
v 1.739923 0.250992 -2.772030
v 1.783318 0.250992 -2.797096
v 1.792475 0.237413 -2.815036
v 1.958442 0.237413 -2.889961
v 1.942565 0.250992 -2.870649
v 1.979638 0.250992 -2.883880
v 1.987918 0.237413 -2.899699
v 2.137851 0.237413 -2.930989
v 2.125606 0.250992 -2.915926
v 2.158166 0.250992 -2.919159
v 2.165884 0.237413 -2.932914
v 2.298186 0.237413 -2.923452
v 2.288833 0.250992 -2.911126
v 2.317402 0.250992 -2.905424
v 2.324620 0.237413 -2.917499
v 2.440773 0.237413 -2.883996
v 2.433857 0.250992 -2.871851
v 2.459595 0.250992 -2.862458
v 2.466068 0.237413 -2.874442
v 2.566545 0.237413 -2.826964
v 2.562421 0.250992 -2.813882
v 2.586367 0.250992 -2.799300
v 2.589922 0.237413 -2.813395
v -2.988369 0.237413 -1.602679
v -2.974453 0.250992 -1.570833
v -2.974910 0.250992 -1.620332
v -2.988438 0.237413 -1.629815
v -2.987594 0.237413 -1.784624
v -2.974119 0.250992 -1.765488
v -2.973722 0.250992 -1.803570
v -2.986993 0.237413 -1.811750
v -2.981187 0.237413 -1.960865
v -2.968164 0.250992 -1.946304
v -2.966475 0.250992 -1.980261
v -2.979396 0.237413 -1.987933
v -2.966254 0.237413 -2.128574
v -2.953710 0.250992 -2.116860
v -2.950167 0.250992 -2.148000
v -2.962647 0.237413 -2.155448
v -2.939927 0.237413 -2.284952
v -2.927774 0.250992 -2.275640
v -2.921698 0.250992 -2.304122
v -2.933725 0.237413 -2.311325
v -2.899354 0.237413 -2.427254
v -2.887239 0.250992 -2.420350
v -2.877682 0.250992 -2.446042
v -2.889642 0.237413 -2.452506
v -2.841655 0.237413 -2.552818
v -2.828576 0.250992 -2.548693
v -2.813903 0.250992 -2.572588
v -2.827998 0.237413 -2.576150
v -1.603098 0.237413 2.956874
v -1.570612 0.250993 2.941048
v -1.621101 0.250993 2.944479
v -1.630773 0.237413 2.958564
v -1.788559 0.237413 2.966655
v -1.769065 0.250993 2.952117
v -1.807855 0.250993 2.953841
v -1.816186 0.237413 2.967553
v -1.967910 0.237413 2.969545
v -1.953106 0.250993 2.955808
v -1.987625 0.250993 2.955796
v -1.995421 0.237413 2.969079
v -2.138201 0.237413 2.962285
v -2.126322 0.250993 2.949264
v -2.157899 0.250993 2.947014
v -2.165447 0.237413 2.959781
v -2.296567 0.237413 2.941812
v -2.287152 0.250993 2.929369
v -2.315953 0.250993 2.924222
v -2.323231 0.237413 2.936456
v -2.440261 0.237413 2.905266
v -2.433303 0.250993 2.893010
v -2.459203 0.250993 2.884047
v -2.465713 0.237413 2.896125
v -2.566679 0.237413 2.849939
v -2.562542 0.250993 2.836824
v -2.586575 0.250993 2.822468
v -2.590138 0.237413 2.836586
v 2.987943 0.237413 1.626421
v 2.974028 0.250993 1.594575
v 2.974484 0.250993 1.644074
v 2.988012 0.237413 1.653557
v 2.987169 0.237413 1.808366
v 2.973694 0.250993 1.789230
v 2.973296 0.250993 1.827312
v 2.986567 0.237413 1.835491
v 2.980761 0.237413 1.984607
v 2.967739 0.250993 1.970045
v 2.966050 0.250993 2.004003
v 2.978971 0.237413 2.011675
v 2.965828 0.237413 2.152316
v 2.953285 0.250993 2.140602
v 2.949742 0.250993 2.171742
v 2.962222 0.237413 2.179190
v 2.939502 0.237413 2.308693
v 2.927349 0.250993 2.299382
v 2.921273 0.250993 2.327864
v 2.933300 0.237413 2.335067
v 2.898928 0.237413 2.450996
v 2.886813 0.250993 2.444092
v 2.877257 0.250993 2.469784
v 2.889215 0.237413 2.476247
v 2.841229 0.237413 2.576569
v 2.828148 0.250993 2.572451
v 2.813472 0.250993 2.596365
v 2.827569 0.237413 2.599915
v -1.353379 0.237413 -2.918234
v -1.362207 0.250992 -2.904772
v -1.331509 0.250992 -2.904711
v -1.326286 0.237413 -2.918180
v -1.168369 0.237413 -2.917932
v -1.168584 0.250992 -2.904461
v -1.141475 0.250992 -2.904436
v -1.141271 0.237413 -2.917904
v -0.983325 0.237413 -2.917850
v -0.981318 0.250992 -2.904282
v -0.953938 0.250992 -2.904238
v -0.956230 0.237413 -2.917805
v -0.798294 0.237413 -2.917683
v -0.795142 0.250992 -2.904119
v -0.767203 0.250992 -2.904125
v -0.771191 0.237413 -2.917688
v -0.613204 0.237413 -2.917898
v -0.609036 0.250992 -2.904345
v -0.580259 0.250992 -2.904421
v -0.586092 0.237413 -2.917969
v -0.428038 0.237413 -2.918609
v -0.422441 0.250992 -2.905075
v -0.391710 0.250992 -2.905251
v -0.400913 0.237413 -2.918761
v -0.242780 0.237413 -2.919925
v -0.234498 0.250992 -2.906436
v -0.195345 0.250992 -2.906809
v -0.215639 0.237413 -2.920176
v -2.949880 0.237413 1.361297
v -2.936183 0.250993 1.370153
v -2.936586 0.250993 1.339408
v -2.950236 0.237413 1.334163
v -2.952313 0.237413 1.176019
v -2.938730 0.250993 1.176250
v -2.939086 0.250993 1.149104
v -2.952670 0.237413 1.148885
v -2.954747 0.237413 0.990740
v -2.941193 0.250993 0.988732
v -2.941554 0.250993 0.961312
v -2.955104 0.237413 0.963606
v -2.957181 0.237413 0.805462
v -2.943642 0.250993 0.802307
v -2.944010 0.250993 0.774336
v -2.957538 0.237413 0.778328
v -2.959615 0.237413 0.620184
v -2.946090 0.250993 0.616013
v -2.946468 0.250992 0.587214
v -2.959971 0.237413 0.593050
v -2.962049 0.237413 0.434905
v -2.948542 0.250992 0.429307
v -2.948946 0.250992 0.398566
v -2.962405 0.237413 0.407771
v -2.964483 0.237413 0.249627
v -2.951012 0.250992 0.241348
v -2.951526 0.250992 0.202205
v -2.964840 0.237413 0.222493
v 1.363753 0.237413 2.876830
v 1.371778 0.250993 2.861589
v 1.343801 0.250993 2.867160
v 1.338980 0.237413 2.881481
v 1.188251 0.237413 2.888336
v 1.188472 0.250993 2.874798
v 1.161822 0.250993 2.873530
v 1.161613 0.237413 2.887069
v 1.006254 0.237413 2.880008
v 1.004273 0.250993 2.866375
v 0.977314 0.250993 2.865221
v 0.979577 0.237413 2.878865
v 0.823933 0.237413 2.872696
v 0.820818 0.250993 2.859034
v 0.793256 0.250993 2.858048
v 0.797197 0.237413 2.871736
v 0.641155 0.237413 2.866818
v 0.637027 0.250993 2.853156
v 0.608564 0.250993 2.852405
v 0.614340 0.237413 2.866102
v 0.457784 0.237413 2.862793
v 0.452226 0.250993 2.849155
v 0.421732 0.250993 2.848708
v 0.430872 0.237413 2.862385
v 0.273688 0.237413 2.861044
v 0.265437 0.250993 2.847474
v 0.226431 0.250993 2.847461
v 0.246659 0.237413 2.861004
v 2.949454 0.237413 -1.337555
v 2.935758 0.250992 -1.346411
v 2.936161 0.250992 -1.315666
v 2.949811 0.237413 -1.310421
v 2.951888 0.237413 -1.152277
v 2.938304 0.250992 -1.152508
v 2.938661 0.250992 -1.125362
v 2.952245 0.237413 -1.125143
v 2.954322 0.237413 -0.966998
v 2.940768 0.250992 -0.964989
v 2.941128 0.250992 -0.937570
v 2.954679 0.237413 -0.939864
v 2.956756 0.237413 -0.781720
v 2.943217 0.250992 -0.778565
v 2.943584 0.250992 -0.750594
v 2.957113 0.237413 -0.754586
v 2.959190 0.237413 -0.596441
v 2.945664 0.250992 -0.592270
v 2.946043 0.250992 -0.563471
v 2.959546 0.237413 -0.569308
v 2.961624 0.237413 -0.411163
v 2.948117 0.250992 -0.405565
v 2.948521 0.250992 -0.374824
v 2.961980 0.237413 -0.384029
v 2.964058 0.237413 -0.225885
v 2.950586 0.250992 -0.217606
v 2.951100 0.250992 -0.178463
v 2.964414 0.237413 -0.198751
v 0.128064 0.237413 -2.924684
v 0.108106 0.250992 -2.910789
v 0.147303 0.250992 -2.911443
v 0.155237 0.237413 -2.925145
v 0.313651 0.237413 -2.928132
v 0.304785 0.250992 -2.914386
v 0.335586 0.250992 -2.915016
v 0.340838 0.237413 -2.928693
v 0.499333 0.237413 -2.932204
v 0.493840 0.250992 -2.918508
v 0.522709 0.250992 -2.919188
v 0.526533 0.237413 -2.932846
v 0.685094 0.237413 -2.936787
v 0.681447 0.250992 -2.923125
v 0.709496 0.250992 -2.923852
v 0.712304 0.237413 -2.937494
v 0.870915 0.237413 -2.941769
v 0.868972 0.250992 -2.928146
v 0.896476 0.250992 -2.928909
v 0.898133 0.237413 -2.942525
v 1.054202 0.237413 -2.934675
v 1.054760 0.250992 -2.921026
v 1.080873 0.250992 -2.916443
v 1.080309 0.237413 -2.930117
v 1.228502 0.237413 -2.884559
v 1.233611 0.250992 -2.868711
v 1.261583 0.250992 -2.855837
v 1.253249 0.237413 -2.873487
v -2.969351 0.237413 -0.120929
v -2.955508 0.250992 -0.100997
v -2.956023 0.250992 -0.140140
v -2.969707 0.237413 -0.148063
v -2.971785 0.237413 -0.306208
v -2.958088 0.250992 -0.297359
v -2.958492 0.250992 -0.328099
v -2.972141 0.237413 -0.333342
v -2.974218 0.237413 -0.491486
v -2.960566 0.250992 -0.486006
v -2.960945 0.250992 -0.514805
v -2.974575 0.237413 -0.518620
v -2.976652 0.237413 -0.676764
v -2.963024 0.250992 -0.673128
v -2.963392 0.250992 -0.701099
v -2.977009 0.237413 -0.703898
v -2.979086 0.237413 -0.862043
v -2.965480 0.250992 -0.860105
v -2.965841 0.250992 -0.887524
v -2.979443 0.237413 -0.889176
v -2.981520 0.237413 -1.047321
v -2.967948 0.250992 -1.047897
v -2.968304 0.250992 -1.075042
v -2.981877 0.237413 -1.074455
v -2.983954 0.237413 -1.232599
v -2.970448 0.250992 -1.238200
v -2.970851 0.250992 -1.268945
v -2.984311 0.237413 -1.259733
v -0.097046 0.237413 2.865511
v -0.077021 0.250993 2.851441
v -0.116363 0.250993 2.852482
v -0.124328 0.237413 2.866264
v -0.283693 0.237413 2.871756
v -0.274763 0.250993 2.857842
v -0.305800 0.250993 2.859097
v -0.311093 0.237413 2.872877
v -0.471084 0.237413 2.880338
v -0.465535 0.250993 2.866492
v -0.494717 0.250993 2.867999
v -0.498583 0.237413 2.881765
v -0.659087 0.237413 2.890834
v -0.655395 0.250993 2.877047
v -0.683821 0.250993 2.878767
v -0.686665 0.237413 2.892508
v -0.847568 0.237413 2.902828
v -0.845595 0.250993 2.889127
v -0.873521 0.250993 2.891002
v -0.875204 0.237413 2.904684
v -1.036393 0.237413 2.915896
v -1.036980 0.250993 2.902368
v -1.064666 0.250993 2.904348
v -1.064067 0.237413 2.917875
v -1.225427 0.237413 2.929621
v -1.231142 0.250993 2.916470
v -1.262521 0.250993 2.918782
v -1.253120 0.237413 2.931661
v 2.968925 0.237413 0.144672
v 2.955083 0.250992 0.124740
v 2.955598 0.250992 0.163882
v 2.969282 0.237413 0.171806
v 2.971359 0.237413 0.329950
v 2.957663 0.250992 0.321101
v 2.958066 0.250992 0.351841
v 2.971716 0.237413 0.357084
v 2.973793 0.237413 0.515228
v 2.960141 0.250992 0.509748
v 2.960520 0.250992 0.538547
v 2.974150 0.237413 0.542362
v 2.976227 0.237413 0.700506
v 2.962599 0.250993 0.696870
v 2.962966 0.250993 0.724841
v 2.976584 0.237413 0.727641
v 2.978662 0.237413 0.885785
v 2.965055 0.250993 0.883847
v 2.965415 0.250993 0.911266
v 2.979018 0.237413 0.912919
v 2.981095 0.237413 1.071063
v 2.967522 0.250993 1.071639
v 2.967879 0.250993 1.098785
v 2.981452 0.237413 1.098197
v 2.983529 0.237413 1.256341
v 2.970022 0.250993 1.261943
v 2.970426 0.250993 1.292687
v 2.983886 0.237413 1.283475
v -2.663792 0.237413 -2.744131
v -2.659871 0.250992 -2.730142
v -2.636349 0.250992 -2.745304
v -2.640813 0.237413 -2.758265
v -2.541801 0.237413 -2.808193
v -2.535025 0.250992 -2.796394
v -2.509600 0.250992 -2.806421
v -2.516821 0.237413 -2.818369
v -2.401892 0.237413 -2.854751
v -2.394376 0.250992 -2.842889
v -2.366082 0.250992 -2.849429
v -2.375707 0.237413 -2.861383
v -2.246952 0.237413 -2.886093
v -2.239181 0.250992 -2.873775
v -2.208174 0.250992 -2.877766
v -2.220208 0.237413 -2.890088
v -2.080116 0.237413 -2.905140
v -2.072110 0.250992 -2.892378
v -2.038251 0.250992 -2.894501
v -2.053138 0.237413 -2.907277
v -1.904427 0.237413 -2.914891
v -1.895904 0.250992 -2.901786
v -1.857901 0.250992 -2.902623
v -1.877365 0.237413 -2.915807
v -1.722863 0.237413 -2.918376
v -1.713034 0.250992 -2.905031
v -1.663616 0.250992 -2.905112
v -1.695777 0.237413 -2.918601
v -2.759036 0.237413 2.673184
v -2.745037 0.250993 2.669265
v -2.760336 0.250993 2.645744
v -2.773304 0.237413 2.650204
v -2.823910 0.237413 2.551175
v -2.812124 0.250993 2.544401
v -2.822353 0.250993 2.518968
v -2.834283 0.237413 2.526187
v -2.871687 0.237413 2.411200
v -2.859854 0.250993 2.403683
v -2.866676 0.250993 2.375371
v -2.878580 0.237413 2.384998
v -2.904694 0.237413 2.256135
v -2.892414 0.250993 2.248363
v -2.896774 0.250993 2.217326
v -2.909006 0.237413 2.229365
v -2.925838 0.237413 2.089116
v -2.913123 0.250993 2.081108
v -2.915703 0.250993 2.047207
v -2.928339 0.237413 2.062105
v -2.938060 0.237413 1.913193
v -2.925008 0.250993 1.904668
v -2.926406 0.250993 1.866610
v -2.939374 0.237413 1.886093
v -2.944283 0.237413 1.731359
v -2.931009 0.250993 1.721524
v -2.931853 0.250993 1.672031
v -2.944927 0.237413 1.704231
v 2.663521 0.237413 2.767684
v 2.659609 0.250993 2.753664
v 2.636168 0.250993 2.768642
v 2.640617 0.237413 2.781645
v 2.541902 0.237413 2.829906
v 2.535100 0.250993 2.817798
v 2.509295 0.250993 2.825690
v 2.516605 0.237413 2.838190
v 2.396643 0.237413 2.853341
v 2.388723 0.250993 2.839788
v 2.358238 0.250993 2.837765
v 2.368511 0.237413 2.852336
v 2.225960 0.237413 2.824801
v 2.217312 0.250993 2.809114
v 2.181857 0.250993 2.796616
v 2.195474 0.237413 2.821296
v 2.030883 0.237413 2.746739
v 2.021526 0.250993 2.722543
v 1.980473 0.250993 2.698633
v 1.998240 0.237413 2.728875
v 1.812786 0.237413 2.604754
v 1.804397 0.250993 2.584374
v 1.766985 0.250993 2.583650
v 1.786141 0.237413 2.597681
v 1.670063 0.237413 2.710057
v 1.662445 0.250993 2.702842
v 1.624722 0.250993 2.735899
v 1.649562 0.237413 2.728941
v 2.758611 0.237413 -2.649442
v 2.744611 0.250992 -2.645523
v 2.759911 0.250992 -2.622002
v 2.772878 0.237413 -2.626462
v 2.823485 0.237413 -2.527433
v 2.811699 0.250992 -2.520659
v 2.821927 0.250992 -2.495226
v 2.833857 0.237413 -2.502445
v 2.871263 0.237413 -2.387458
v 2.859429 0.250992 -2.379942
v 2.866250 0.250992 -2.351629
v 2.878155 0.237413 -2.361256
v 2.904269 0.237413 -2.232393
v 2.891989 0.250992 -2.224620
v 2.896348 0.250992 -2.193583
v 2.908580 0.237413 -2.205623
v 2.925413 0.237413 -2.065374
v 2.912697 0.250992 -2.057366
v 2.915278 0.250992 -2.023465
v 2.927914 0.237413 -2.038363
v 2.937635 0.237413 -1.889452
v 2.924583 0.250992 -1.880926
v 2.925980 0.250992 -1.842868
v 2.938949 0.237413 -1.862351
v 2.943858 0.237413 -1.707617
v 2.930584 0.250992 -1.697783
v 2.931428 0.250992 -1.648289
v 2.944502 0.237413 -1.680489
v -0.034198 0.250992 -2.246017
vn -0.5107 -0.0000 0.8598
vn 0.9999 -0.0000 -0.0131
vn -0.2939 -0.0000 0.9559
vn -0.0502 -0.0000 0.9987
vn 0.4115 -0.0000 0.9114
vn 0.2043 -0.0000 0.9789
vn -0.0713 -0.0000 0.9975
vn 0.0149 -0.0000 0.9999
vn 0.0102 0.0017 0.9999
vn 0.0065 0.0027 1.0000
vn 0.0222 -0.0000 0.9998
vn 0.0248 -0.0000 0.9997
vn 0.0269 -0.0000 0.9996
vn -0.0008 0.0027 1.0000
vn 0.8905 -0.0000 -0.4550
vn 0.0156 0.0023 0.9999
vn 0.0501 0.0019 0.9987
vn -0.0012 0.0038 1.0000
vn 0.0007 0.0041 1.0000
vn 0.0033 0.0035 1.0000
vn 0.5932 0.0002 0.8051
vn -0.0512 -0.0000 -0.9987
vn 0.9020 -0.0000 0.4316
vn 0.9587 -0.0000 0.2843
vn 0.3009 0.0008 0.9536
vn 0.1875 0.0011 0.9823
vn 0.1058 0.0015 0.9944
vn -0.0344 -0.0000 -0.9994
vn 0.9992 -0.0000 0.0389
vn 0.9957 -0.0000 0.0930
vn 0.9850 -0.0000 0.1728
vn -0.0454 -0.0000 -0.9990
vn 0.9999 -0.0000 -0.0158
vn -0.4392 -0.0000 -0.8984
vn 0.9995 -0.0000 -0.0317
vn 0.9979 -0.0000 -0.0651
vn 0.8027 -0.0000 -0.5964
vn -1.0000 -0.0000 -0.0055
vn 0.4160 -0.0000 -0.9094
vn 0.2575 -0.0000 -0.9663
vn 0.9510 -0.0000 -0.3093
vn 0.9801 -0.0000 -0.1986
vn 0.9929 -0.0000 -0.1192
vn -0.0736 -0.0000 -0.9973
vn -0.9999 -0.0000 0.0131
vn -0.0726 -0.0000 -0.9974
vn -0.0694 -0.0000 -0.9976
vn -0.0131 -0.0000 -0.9999
vn 0.0475 -0.0000 -0.9989
vn 0.1358 -0.0000 -0.9907
vn -0.0200 -0.0000 -0.9998
vn 0.0085 -0.0000 -1.0000
vn 0.0211 -0.0000 -0.9998
vn -0.0466 -0.0000 -0.9989
vn -0.0564 -0.0000 -0.9984
vn -0.0640 -0.0000 -0.9979
vn -0.5777 -0.0000 -0.8163
vn -0.8905 -0.0000 0.4551
vn -0.6956 -0.0000 -0.7185
vn 0.5562 -0.0000 -0.8310
vn 0.0454 -0.0000 -0.9990
vn 0.0396 -0.0000 -0.9992
vn 0.0315 -0.0000 -0.9995
vn -0.5924 -0.0000 -0.8056
vn -0.0026 0.0035 1.0000
vn -0.9021 -0.0000 -0.4315
vn -0.9587 -0.0000 -0.2843
vn -0.1253 -0.0000 -0.9921
vn 0.1896 -0.0000 -0.9819
vn 0.4126 -0.0000 -0.9109
vn 0.4495 0.0005 0.8933
vn -0.9992 -0.0000 -0.0389
vn -0.9957 -0.0000 -0.0930
vn -0.9850 -0.0000 -0.1728
vn 0.0189 -0.0000 0.9998
vn -0.9999 -0.0000 0.0157
vn -0.9995 -0.0000 0.0317
vn -0.9979 -0.0000 0.0651
vn -0.8028 -0.0000 0.5963
vn 1.0000 -0.0000 0.0054
vn -0.4272 -0.0000 0.9041
vn -0.2771 -0.0000 0.9608
vn -0.9509 -0.0000 0.3093
vn -0.9801 -0.0000 0.1986
vn -0.9929 -0.0000 0.1192
vn -0.3259 -0.0000 -0.9454
vn 0.0131 0.0006 0.9999
vn 0.8177 0.0001 0.5757
vn 0.9999 -0.0000 -0.0105
vn -0.0062 -0.0000 -1.0000
vn 0.5528 -0.0000 0.8333
vn -0.0700 -0.0000 -0.9975
vn -0.9999 -0.0000 0.0105
vn -0.5669 -0.0000 0.8238
vn -0.0033 0.0031 1.0000
vn 0.5691 -0.0000 -0.8223
vn -0.8181 -0.0000 -0.5750
vn -0.5303 0.6492 0.5453
vn 0.5435 0.6496 0.5317
vn 0.5292 0.6496 -0.5459
vn -0.5440 0.6494 -0.5314
vn 0.0093 0.7066 0.7075
vn 0.7070 0.7071 -0.0093
vn -0.0093 0.7068 -0.7073
vn -0.7070 0.7071 0.0093
vn -0.4589 0.6415 0.6148
vn 0.7075 0.7067 -0.0084
vn -0.0511 0.7055 -0.7068
vn -0.7075 0.7067 0.0084
vn -0.0015 0.7064 0.7078
vn 0.7075 0.7067 -0.0102
vn -0.3460 0.6593 -0.6675
vn -0.7075 0.7066 0.0102
vn 0.0174 -0.3207 0.9470
vn 0.3760 0.6364 0.6736
vn 0.2315 0.6750 0.7006
vn 0.0491 0.6969 0.7155
vn -0.1566 0.7015 0.6953
vn -0.2506 0.7050 0.6635
vn -0.3575 0.7020 0.6159
vn 0.7091 0.7051 -0.0018
vn 0.7103 0.7037 0.0158
vn 0.7102 0.7024 0.0470
vn 0.7065 0.7013 0.0948
vn 0.6940 0.7012 0.1632
vn 0.6623 0.7046 0.2548
vn 0.6147 0.7018 0.3600
vn -0.0433 0.7042 -0.7086
vn -0.0231 0.7033 -0.7105
vn 0.0120 0.7027 -0.7114
vn 0.0651 0.7025 -0.7087
vn 0.1400 0.7031 -0.6971
vn 0.2392 0.7068 -0.6658
vn 0.3515 0.7036 -0.6176
vn -0.7091 0.7051 0.0018
vn -0.7103 0.7037 -0.0158
vn -0.7102 0.7024 -0.0470
vn -0.7065 0.7013 -0.0948
vn -0.6940 0.7012 -0.1632
vn -0.6623 0.7046 -0.2548
vn -0.6150 0.7016 -0.3598
vn -0.0022 0.7068 0.7074
vn -0.0014 0.7069 0.7074
vn -0.0002 0.7069 0.7073
vn 0.0014 0.7069 0.7073
vn 0.0034 0.7069 0.7073
vn 0.0058 0.7070 0.7072
vn 0.0087 0.7070 0.7072
vn 0.7071 0.7071 -0.0093
vn -0.1324 0.6966 -0.7051
vn 0.0336 0.7059 -0.7075
vn 0.0303 0.7060 -0.7076
vn 0.0254 0.7061 -0.7077
vn 0.0189 0.7063 -0.7077
vn 0.0107 0.7064 -0.7077
vn 0.0011 0.7065 -0.7077
vn -0.7071 0.7071 0.0093
vn 0.0120 0.7067 0.7074
vn 0.0146 0.7067 0.7073
vn 0.0167 0.7067 0.7073
vn 0.0184 0.7067 0.7073
vn 0.0196 0.7067 0.7072
vn -0.1226 0.7011 0.7025
vn -0.3018 0.6737 0.6746
vn -0.0195 0.7065 -0.7074
vn -0.0289 0.7064 -0.7072
vn -0.0367 0.7063 -0.7070
vn -0.0429 0.7062 -0.7068
vn -0.0475 0.7060 -0.7066
vn -0.0505 0.7060 -0.7065
vn -0.0520 0.7060 -0.7063
vn 0.3726 0.7023 0.6067
vn 0.2669 0.7052 0.6569
vn 0.1743 0.7017 0.6908
vn 0.1046 0.7016 0.7049
vn 0.0555 0.7024 0.7096
vn 0.0233 0.7036 0.7103
vn 0.0052 0.7049 0.7093
vn 0.6054 0.7016 -0.3759
vn 0.6554 0.7046 -0.2721
vn 0.6895 0.7012 -0.1814
vn 0.7038 0.7013 -0.1134
vn 0.7088 0.7024 -0.0656
vn 0.7097 0.7037 -0.0344
vn 0.7089 0.7051 -0.0168
vn -0.3702 0.7029 -0.6074
vn -0.2197 0.7083 -0.6709
vn 0.0256 0.6987 -0.7150
vn 0.2292 0.6699 -0.7062
vn 0.3819 0.6271 -0.6789
vn 0.0063 -0.4272 -0.9041
vn -0.5366 0.6105 -0.5825
vn -0.6054 0.7016 0.3759
vn -0.6554 0.7046 0.2721
vn -0.6895 0.7012 0.1814
vn -0.7038 0.7013 0.1133
vn -0.7088 0.7024 0.0656
vn -0.7097 0.7037 0.0344
vn -0.7089 0.7051 0.0168
vn -0.5303 -0.6492 0.5453
vn 0.5439 -0.6493 0.5316
vn 0.5292 -0.6496 -0.5459
vn -0.5440 -0.6494 -0.5314
vn 0.0093 -0.7068 0.7073
vn 0.7070 -0.7071 -0.0093
vn -0.0093 -0.7068 -0.7073
vn -0.7070 -0.7071 0.0093
vn -0.4589 -0.6415 0.6148
vn 0.7075 -0.7066 -0.0084
vn -0.0511 -0.7055 -0.7068
vn -0.7075 -0.7066 0.0084
vn -0.0008 -0.7043 0.7099
vn 0.7075 -0.7067 -0.0102
vn -0.3460 -0.6593 -0.6675
vn -0.7075 -0.7066 0.0102
vn 0.0178 -0.7079 0.7061
vn 0.3821 -0.6454 0.6614
vn 0.2441 -0.6873 0.6841
vn 0.0694 -0.7122 0.6985
vn -0.1367 -0.7158 0.6848
vn -0.2406 -0.7123 0.6594
vn -0.3575 -0.7020 0.6159
vn 0.7060 -0.7082 -0.0065
vn 0.7046 -0.7096 0.0074
vn 0.7023 -0.7110 0.0350
vn 0.6972 -0.7125 0.0793
vn 0.6852 -0.7135 0.1462
vn 0.6583 -0.7118 0.2448
vn 0.6149 -0.7016 0.3599
vn -0.0479 -0.7073 -0.7053
vn -0.0313 -0.7092 -0.7044
vn 0.0002 -0.7113 -0.7029
vn 0.0498 -0.7136 -0.6988
vn 0.1229 -0.7154 -0.6878
vn 0.2289 -0.7143 -0.6614
vn 0.3515 -0.7036 -0.6176
vn -0.7060 -0.7082 0.0065
vn -0.7046 -0.7096 -0.0073
vn -0.7023 -0.7110 -0.0349
vn -0.6972 -0.7125 -0.0793
vn -0.6852 -0.7135 -0.1462
vn -0.6583 -0.7118 -0.2449
vn -0.6150 -0.7016 -0.3599
vn -0.0014 -0.7045 0.7097
vn -0.0007 -0.7042 0.7100
vn -0.0012 -0.7067 0.7075
vn 0.0001 -0.7067 0.7075
vn 0.0018 -0.7067 0.7075
vn 0.0040 -0.7067 0.7075
vn 0.0065 -0.7068 0.7074
vn 0.7071 -0.7071 -0.0093
vn -0.1391 -0.7019 -0.6986
vn 0.0336 -0.7059 -0.7075
vn 0.0303 -0.7060 -0.7076
vn 0.0254 -0.7061 -0.7077
vn 0.0189 -0.7063 -0.7077
vn 0.0107 -0.7064 -0.7077
vn 0.0011 -0.7065 -0.7077
vn -0.7071 -0.7071 0.0093
vn 0.0118 -0.7066 0.7075
vn 0.0145 -0.7066 0.7074
vn 0.0166 -0.7067 0.7073
vn 0.0184 -0.7067 0.7073
vn 0.0196 -0.7067 0.7072
vn -0.1226 -0.7011 0.7025
vn -0.3018 -0.6737 0.6746
vn -0.0187 -0.7060 -0.7080
vn -0.0286 -0.7062 -0.7075
vn -0.0365 -0.7061 -0.7072
vn -0.0428 -0.7060 -0.7069
vn -0.0474 -0.7060 -0.7066
vn -0.0505 -0.7060 -0.7065
vn -0.0520 -0.7060 -0.7063
vn 0.3789 -0.7148 0.5878
vn 0.2677 -0.7046 0.6572
vn 0.1751 -0.7009 0.6914
vn 0.1054 -0.7006 0.7058
vn 0.0563 -0.7012 0.7108
vn 0.0241 -0.7020 0.7118
vn 0.0059 -0.7031 0.7111
vn 0.5864 -0.7146 -0.3814
vn 0.6554 -0.7046 -0.2721
vn 0.6895 -0.7012 -0.1813
vn 0.7038 -0.7013 -0.1134
vn 0.7088 -0.7024 -0.0656
vn 0.7097 -0.7037 -0.0344
vn 0.7089 -0.7051 -0.0168
vn -0.3760 -0.7158 -0.5884
vn -0.2197 -0.7083 -0.6709
vn 0.0256 -0.6987 -0.7150
vn 0.2292 -0.6699 -0.7062
vn 0.3819 -0.6271 -0.6789
vn 0.0050 -0.7033 -0.7109
vn -0.5366 -0.6105 -0.5825
vn -0.5864 -0.7146 0.3814
vn -0.6554 -0.7046 0.2721
vn -0.6895 -0.7012 0.1814
vn -0.7038 -0.7013 0.1133
vn -0.7088 -0.7024 0.0656
vn -0.7097 -0.7037 0.0344
vn -0.7089 -0.7051 0.0168
vn -0.2339 0.9110 0.3398
vn 0.4530 0.5729 0.6830
vn 0.3189 0.6318 0.7065
vn 0.1517 0.6696 0.7270
vn -0.0516 0.6905 0.7215
vn -0.1959 0.7073 0.6792
vn -0.3019 0.7077 0.6388
vn -0.4051 0.7073 0.5793
vn 0.7071 0.7071 -0.0074
vn 0.7071 0.7071 0.0038
vn 0.7066 0.7071 0.0275
vn 0.7040 0.7071 0.0658
vn 0.6965 0.7071 0.1222
vn 0.6780 0.7071 0.2010
vn 0.6379 0.7071 0.3052
vn 0.5781 0.7073 0.4070
vn -0.0496 0.7054 -0.7071
vn -0.0363 0.7056 -0.7077
vn -0.0093 0.7061 -0.7080
vn 0.0336 0.7069 -0.7065
vn 0.0959 0.7078 -0.6999
vn 0.1817 0.7086 -0.6819
vn 0.2929 0.7100 -0.6404
vn 0.4015 0.7086 -0.5802
vn -0.7071 0.7071 0.0074
vn -0.7071 0.7071 -0.0039
vn -0.7066 0.7071 -0.0275
vn -0.7040 0.7071 -0.0658
vn -0.6965 0.7071 -0.1222
vn -0.6780 0.7071 -0.2010
vn -0.6379 0.7071 -0.3051
vn -0.5786 0.7070 -0.4067
vn -0.0023 0.7069 0.7073
vn -0.0018 0.7069 0.7073
vn -0.0009 0.7068 0.7074
vn 0.0005 0.7069 0.7073
vn 0.0023 0.7070 0.7072
vn 0.0046 0.7071 0.7071
vn 0.0072 0.7073 0.7069
vn 0.0092 0.7070 0.7071
vn -0.2461 0.6557 -0.7138
vn -0.0322 0.7054 -0.7081
vn 0.0322 0.7059 -0.7075
vn 0.0280 0.7062 -0.7075
vn 0.0223 0.7065 -0.7074
vn 0.0149 0.7069 -0.7071
vn 0.0060 0.7076 -0.7066
vn -0.0044 0.7094 -0.7048
vn 0.0106 0.7075 0.7066
vn 0.0133 0.7070 0.7070
vn 0.0157 0.7069 0.7072
vn 0.0176 0.7068 0.7072
vn 0.0191 0.7067 0.7072
vn -0.0354 0.7097 0.7036
vn -0.2130 0.6889 0.6928
vn -0.3980 0.6266 0.6700
vn -0.0141 0.7094 -0.7047
vn -0.0243 0.7076 -0.7062
vn -0.0329 0.7069 -0.7065
vn -0.0399 0.7065 -0.7066
vn -0.0453 0.7062 -0.7065
vn -0.0491 0.7060 -0.7065
vn -0.0514 0.7059 -0.7064
vn -0.0522 0.7060 -0.7063
vn 0.4191 0.7076 0.5688
vn 0.3175 0.7079 0.6309
vn 0.2127 0.7075 0.6740
vn 0.1325 0.7073 0.6944
vn 0.0748 0.7070 0.7032
vn 0.0355 0.7068 0.7065
vn 0.0110 0.7067 0.7074
vn -0.0006 0.7068 0.7074
vn 0.5677 0.7070 -0.4218
vn 0.6297 0.7071 -0.3218
vn 0.6725 0.7071 -0.2188
vn 0.6930 0.7071 -0.1404
vn 0.7021 0.7071 -0.0843
vn 0.7056 0.7071 -0.0461
vn 0.7068 0.7071 -0.0224
vn 0.7070 0.7071 -0.0111
vn -0.4184 0.7080 -0.5690
vn -0.3073 0.7145 -0.6286
vn -0.0895 0.7002 -0.7083
vn 0.1403 0.6730 -0.7262
vn 0.3201 0.6310 -0.7067
vn 0.4553 0.5743 -0.6803
vn -0.3491 0.8650 -0.3605
vn -0.4869 0.5382 -0.6880
vn -0.5677 0.7070 0.4217
vn -0.6297 0.7071 0.3218
vn -0.6724 0.7071 0.2187
vn -0.6930 0.7071 0.1404
vn -0.7021 0.7071 0.0843
vn -0.7056 0.7071 0.0461
vn -0.7067 0.7071 0.0224
vn -0.7070 0.7071 0.0111
vn -0.4994 -0.6565 0.5652
vn 0.4873 -0.4259 0.7623
vn 0.3091 -0.6757 0.6692
vn 0.1511 -0.7096 0.6882
vn -0.0424 -0.7228 0.6898
vn -0.1957 -0.7077 0.6789
vn -0.3019 -0.7074 0.6391
vn -0.4051 -0.7073 0.5793
vn 0.7071 -0.7071 -0.0074
vn 0.7071 -0.7071 0.0039
vn 0.7066 -0.7071 0.0275
vn 0.7040 -0.7071 0.0658
vn 0.6965 -0.7071 0.1222
vn 0.6780 -0.7071 0.2010
vn 0.6379 -0.7071 0.3051
vn 0.5781 -0.7073 0.4068
vn -0.0497 -0.7062 -0.7062
vn -0.0365 -0.7068 -0.7065
vn -0.0096 -0.7076 -0.7065
vn 0.0332 -0.7085 -0.7049
vn 0.0953 -0.7095 -0.6983
vn 0.1810 -0.7101 -0.6805
vn 0.2932 -0.7089 -0.6415
vn 0.4016 -0.7085 -0.5803
vn -0.7071 -0.7071 0.0074
vn -0.7071 -0.7071 -0.0038
vn -0.7066 -0.7071 -0.0275
vn -0.7040 -0.7071 -0.0658
vn -0.6965 -0.7071 -0.1222
vn -0.6780 -0.7071 -0.2010
vn -0.6379 -0.7071 -0.3051
vn -0.5783 -0.7073 -0.4065
vn -0.0016 -0.7047 0.7095
vn -0.0011 -0.7044 0.7098
vn -0.0007 -0.7067 0.7075
vn -0.0005 -0.7066 0.7076
vn 0.0010 -0.7066 0.7076
vn 0.0029 -0.7065 0.7077
vn 0.0053 -0.7064 0.7078
vn 0.0082 -0.7063 0.7079
vn -0.2370 -0.7229 -0.6490
vn -0.0341 -0.7195 -0.6937
vn 0.0321 -0.7058 -0.7077
vn 0.0280 -0.7057 -0.7079
vn 0.0222 -0.7057 -0.7082
vn 0.0147 -0.7055 -0.7085
vn 0.0056 -0.7051 -0.7090
vn -0.0053 -0.7048 -0.7094
vn 0.0103 -0.7063 0.7078
vn 0.0132 -0.7064 0.7077
vn 0.0156 -0.7065 0.7075
vn 0.0175 -0.7066 0.7074
vn 0.0190 -0.7066 0.7073
vn -0.0351 -0.7078 0.7056
vn -0.2107 -0.7077 0.6743
vn -0.3742 -0.7013 0.6068
vn -0.0133 -0.7048 -0.7093
vn -0.0240 -0.7052 -0.7087
vn -0.0328 -0.7056 -0.7079
vn -0.0398 -0.7058 -0.7073
vn -0.0453 -0.7058 -0.7069
vn -0.0491 -0.7059 -0.7066
vn -0.0514 -0.7059 -0.7065
vn -0.0521 -0.7060 -0.7063
vn 0.4197 -0.7073 0.5688
vn 0.3183 -0.7072 0.6313
vn 0.2134 -0.7070 0.6742
vn 0.1333 -0.7066 0.6949
vn 0.0756 -0.7061 0.7040
vn 0.0362 -0.7057 0.7076
vn 0.0118 -0.7052 0.7089
vn 0.0002 -0.7048 0.7094
vn 0.5668 -0.7079 -0.4214
vn 0.6297 -0.7070 -0.3218
vn 0.6724 -0.7071 -0.2187
vn 0.6930 -0.7071 -0.1404
vn 0.7021 -0.7071 -0.0843
vn 0.7056 -0.7071 -0.0461
vn 0.7068 -0.7071 -0.0224
vn 0.7070 -0.7071 -0.0111
vn -0.4184 -0.7079 -0.5690
vn -0.3086 -0.7087 -0.6345
vn -0.0797 -0.7271 -0.6819
vn 0.1405 -0.7089 -0.6911
vn 0.3115 -0.6696 -0.6742
vn 0.4874 -0.4453 -0.7511
vn -0.5951 -0.6112 -0.5219
vn -0.4058 -0.6790 -0.6118
vn -0.5676 -0.7072 0.4216
vn -0.6297 -0.7070 0.3218
vn -0.6725 -0.7071 0.2187
vn -0.6930 -0.7071 0.1404
vn -0.7021 -0.7071 0.0843
vn -0.7056 -0.7071 0.0461
vn -0.7067 -0.7071 0.0224
vn -0.7070 -0.7071 0.0111
vn 0.9873 -0.0000 -0.1590
vn 0.9957 -0.0000 -0.0922
vn -0.3534 -0.0000 0.9355
vn -0.5020 -0.0000 0.8649
vn 0.9988 -0.0000 -0.0485
vn -0.6972 -0.0000 0.7169
vn 0.9997 -0.0000 -0.0237
vn 0.9999 -0.0000 -0.0118
vn 1.0000 -0.0000 -0.0025
vn 0.9999 -0.0000 -0.0144
vn 0.9998 -0.0000 0.0222
vn -0.7154 -0.0000 -0.6988
vn -0.5205 -0.0000 -0.8539
vn -0.9999 -0.0000 0.0132
vn 0.9978 -0.0000 0.0660
vn -0.3112 -0.0000 -0.9504
vn 0.9911 -0.0000 0.1330
vn 0.0357 -0.0000 -0.9994
vn 0.9734 -0.0000 0.2289
vn 0.3087 -0.0000 -0.9512
vn 0.0131 -0.0000 0.9999
vn 0.0170 -0.0000 0.9999
vn 0.9333 -0.0000 0.3590
vn 0.4903 -0.0000 -0.8716
vn 0.0206 -0.0000 0.9998
vn 0.8630 0.0001 0.5052
vn 0.0070 -0.0000 -1.0000
vn 0.0236 -0.0000 0.9997
vn 0.7152 0.0002 0.6990
vn -0.6775 -0.0000 -0.7355
vn 0.0260 -0.0000 0.9997
vn -0.0722 -0.0000 -0.9974
vn -0.0609 -0.0000 -0.9981
vn -0.4603 -0.0000 -0.8878
vn 0.0278 -0.0000 0.9996
vn -0.0325 -0.0000 -0.9995
vn -0.8496 -0.0000 0.5275
vn -0.1720 -0.0000 0.9851
vn 0.0169 -0.0000 -0.9999
vn -0.9236 -0.0000 0.3834
vn -0.4084 -0.0000 0.9128
vn 0.0915 -0.0000 -0.9958
vn -0.9671 -0.0000 0.2544
vn -0.5982 -0.0000 0.8014
vn 0.1969 -0.0000 -0.9804
vn -0.9873 -0.0000 0.1590
vn 0.3380 -0.0000 -0.9411
vn -0.9957 -0.0000 0.0922
vn 0.9999 -0.0000 -0.0132
vn 0.4947 -0.0000 -0.8691
vn -0.9988 -0.0000 0.0484
vn 0.6961 -0.0000 -0.7180
vn -0.9997 -0.0000 0.0237
vn -0.9999 -0.0000 0.0118
vn -1.0000 -0.0000 0.0025
vn -0.9999 -0.0000 0.0145
vn -0.9998 -0.0000 -0.0222
vn -0.9978 -0.0000 -0.0660
vn -0.9911 -0.0000 -0.1330
vn -0.9735 -0.0000 -0.2289
vn -0.0276 -0.0000 -0.9996
vn -0.9333 -0.0000 -0.3590
vn -0.0409 -0.0000 -0.9992
vn -0.8631 -0.0000 -0.5050
vn -0.0519 -0.0000 -0.9987
vn -0.0606 -0.0000 -0.9982
vn -0.0022 0.0030 1.0000
vn -0.0020 0.0035 1.0000
vn -0.0670 -0.0000 -0.9978
vn -0.0010 0.0038 1.0000
vn -0.0713 -0.0000 -0.9975
vn -0.0016 0.0041 1.0000
vn -0.0735 -0.0000 -0.9973
vn 0.0002 0.0035 1.0000
vn 0.0026 0.0027 1.0000
vn 0.0056 0.0017 1.0000
vn 0.0092 0.0006 1.0000
vn 0.5239 0.0005 0.8518
vn 0.3773 0.0008 0.9261
vn 0.2455 0.0011 0.9694
vn 0.1477 0.0015 0.9890
vn -0.1845 -0.0000 -0.9828
vn 0.0790 0.0019 0.9969
vn 0.0338 0.0023 0.9994
vn 0.0428 -0.0000 -0.9991
vn 0.0083 0.0027 1.0000
vn 0.0359 -0.0000 -0.9994
vn 0.0184 -0.0000 0.9998
vn 0.0267 -0.0000 -0.9996
vn 0.4874 -0.0000 0.8732
vn 0.8496 -0.0000 -0.5275
vn 0.0152 -0.0000 -0.9999
vn 0.3137 -0.0000 0.9495
vn 0.9236 -0.0000 -0.3834
vn 0.0015 -0.0000 -1.0000
vn 0.0685 -0.0000 0.9976
vn 0.9671 -0.0000 -0.2544
vn -0.2197 -0.0000 0.9756
vn -0.5731 -0.0000 0.8195
vn -0.0062 0.9961 -0.0883
vn 0.0433 -0.9915 -0.1229
vn -0.0435 0.9969 -0.0656
vn 0.0848 -0.9964 -0.0011
vn -0.0847 0.9964 0.0011
vn 0.0542 0.9978 0.0381
vn -0.0849 -0.9964 0.0011
vn -0.0620 0.9966 -0.0544
vn 0.0011 -0.9963 0.0862
vn -0.0002 0.9963 0.0862
vn 0.0619 0.9976 0.0296
vn 0.0062 -0.9956 -0.0934
vn 0.1127 0.9783 -0.1736
vn 0.0009 -0.9963 0.0862
vn 0.0695 0.9974 0.0206
vn -0.0000 -0.9961 -0.0880
vn 0.0640 0.9883 -0.1386
vn 0.0006 -0.9963 0.0863
vn -0.0568 0.9978 -0.0349
vn 0.0752 0.9971 0.0132
vn -0.0213 -0.9973 -0.0698
vn 0.0215 0.9942 -0.1058
vn 0.0003 -0.9963 0.0863
vn 0.0794 0.9968 0.0074
vn 0.0013 -0.9961 -0.0881
vn -0.0094 0.9967 -0.0802
vn 0.0001 -0.9963 0.0864
vn -0.0660 0.9975 -0.0245
vn 0.0822 0.9966 0.0032
vn -0.0360 -0.9978 -0.0563
vn -0.0301 0.9976 -0.0618
vn -0.0001 -0.9963 0.0864
vn 0.0838 0.9965 0.0005
vn 0.0023 -0.9961 -0.0883
vn -0.0391 0.9978 -0.0532
vn -0.0002 -0.9963 0.0865
vn -0.0732 0.9972 -0.0156
vn 0.0846 0.9964 -0.0009
vn 0.0847 -0.9964 -0.0014
vn 0.0846 0.9964 -0.0013
vn -0.0003 -0.9963 0.0865
vn -0.0065 0.9961 -0.0885
vn -0.0380 0.9978 0.0544
vn 0.0032 -0.9961 -0.0885
vn 0.0838 0.9965 -0.0027
vn -0.0541 -0.9978 -0.0380
vn -0.0783 0.9969 -0.0089
vn -0.0294 0.9976 0.0623
vn 0.0837 -0.9965 -0.0031
vn 0.0820 0.9966 -0.0054
vn -0.0618 -0.9976 -0.0296
vn -0.0063 0.9961 -0.0884
vn -0.0202 0.9973 0.0701
vn 0.0038 -0.9961 -0.0887
vn 0.0791 0.9968 -0.0095
vn -0.0695 -0.9974 -0.0206
vn -0.0816 0.9967 -0.0041
vn -0.0050 0.9966 0.0820
vn 0.0816 -0.9966 -0.0062
vn 0.0748 0.9971 -0.0151
vn -0.0753 -0.9971 -0.0132
vn -0.0059 0.9961 -0.0882
vn 0.0224 0.9945 0.1020
vn 0.0042 -0.9960 -0.0889
vn 0.0687 0.9974 -0.0224
vn -0.0795 -0.9968 -0.0074
vn -0.0836 0.9965 -0.0009
vn 0.0582 0.9903 0.1261
vn 0.0782 -0.9969 -0.0110
vn 0.0609 0.9977 -0.0311
vn -0.0823 -0.9966 -0.0032
vn -0.0053 0.9961 -0.0881
vn 0.0952 0.9842 0.1490
vn -0.0159 -0.9967 -0.0799
vn 0.0530 0.9978 -0.0394
vn -0.0840 -0.9965 -0.0005
vn -0.0845 0.9964 0.0008
vn -0.0552 0.9965 0.0624
vn 0.0729 -0.9972 -0.0176
vn -0.0000 0.9963 0.0861
vn -0.0848 -0.9964 0.0009
vn -0.0848 -0.9964 0.0013
vn -0.0045 0.9961 -0.0879
vn 0.0014 0.9964 0.0853
vn 0.0376 -0.9978 -0.0544
vn -0.0840 -0.9965 0.0027
vn 0.0342 0.9978 -0.0573
vn 0.0654 -0.9975 -0.0263
vn 0.0043 0.9965 0.0835
vn 0.0286 -0.9976 -0.0626
vn -0.0823 -0.9966 0.0054
vn -0.0035 0.9961 -0.0878
vn 0.0086 0.9967 0.0804
vn 0.0188 -0.9973 -0.0708
vn -0.0794 -0.9968 0.0095
vn 0.0232 0.9975 -0.0670
vn -0.0818 -0.9966 -0.0041
vn 0.0560 -0.9978 -0.0364
vn 0.0145 0.9970 0.0758
vn 0.0106 -0.9969 -0.0773
vn -0.0750 -0.9971 0.0152
vn -0.0023 0.9961 -0.0877
vn 0.0220 0.9973 0.0696
vn 0.0039 -0.9966 -0.0822
vn -0.0691 -0.9974 0.0225
vn 0.0134 0.9971 -0.0750
vn -0.0000 -0.9963 0.0863
vn 0.0310 0.9976 0.0615
vn -0.0012 -0.9963 -0.0855
vn -0.0612 -0.9976 0.0313
vn 0.0847 0.9964 -0.0011
vn -0.0784 -0.9969 -0.0089
vn 0.0394 0.9978 0.0534
vn -0.0045 -0.9961 -0.0876
vn 0.0232 -0.9975 -0.0672
vn -0.0533 -0.9978 0.0396
vn -0.0734 -0.9972 -0.0157
vn 0.0057 0.9967 -0.0807
vn -0.0244 -0.9975 0.0668
vn 0.0018 -0.9964 0.0853
vn -0.0062 -0.9961 -0.0885
vn -0.0436 -0.9969 -0.0657
vn 0.0838 -0.9965 0.0009
vn 0.0543 -0.9978 0.0382
vn -0.0621 -0.9966 -0.0545
vn -0.0000 0.9964 -0.0846
vn 0.0051 -0.9965 0.0831
vn 0.0620 -0.9976 0.0297
vn -0.0350 -0.9977 0.0574
vn 0.0859 -0.9842 -0.1547
vn 0.0343 -0.9978 -0.0575
vn 0.0696 -0.9974 0.0206
vn 0.0642 -0.9882 -0.1389
vn -0.0039 0.9962 -0.0870
vn 0.0101 -0.9968 0.0794
vn 0.0754 -0.9971 0.0132
vn 0.0215 -0.9941 -0.1060
vn 0.0796 -0.9968 0.0074
vn -0.0094 -0.9967 -0.0804
vn -0.0060 0.9961 -0.0882
vn 0.0170 -0.9971 0.0739
vn 0.0824 -0.9966 0.0032
vn -0.0301 -0.9976 -0.0619
vn 0.0840 -0.9965 0.0005
vn -0.0392 -0.9978 -0.0533
vn 0.0570 0.9978 0.0350
vn 0.0260 -0.9975 0.0662
vn 0.0847 -0.9964 -0.0009
vn -0.0661 -0.9975 -0.0246
vn 0.0847 -0.9964 -0.0013
vn 0.0007 -0.9963 0.0862
vn -0.0064 0.9961 -0.0884
vn -0.0381 -0.9978 0.0545
vn 0.0840 -0.9965 -0.0027
vn 0.0661 0.9975 0.0246
vn 0.0364 -0.9977 0.0565
vn -0.0061 0.9961 -0.0883
vn -0.0295 -0.9976 0.0624
vn 0.0818 -0.9966 0.0041
vn 0.0822 -0.9966 -0.0054
vn 0.0847 -0.9964 -0.0008
vn 0.0004 -0.9963 0.0863
vn -0.0056 0.9961 -0.0882
vn -0.0202 -0.9973 0.0702
vn 0.0793 -0.9968 -0.0095
vn 0.0733 0.9972 0.0156
vn -0.0050 0.9961 -0.0880
vn -0.0051 -0.9966 0.0822
vn 0.0749 -0.9971 -0.0152
vn -0.0335 0.9968 0.0728
vn 0.0002 -0.9963 0.0863
vn -0.0041 0.9961 -0.0879
vn 0.0224 -0.9945 0.1022
vn 0.0689 -0.9974 -0.0224
vn 0.0783 0.9969 0.0089
vn -0.0030 0.9961 -0.0878
vn 0.0583 -0.9903 0.1263
vn 0.0610 -0.9976 -0.0312
vn -0.0141 0.9966 0.0806
vn -0.0000 -0.9963 0.0864
vn -0.0016 0.9961 -0.0877
vn 0.0740 -0.9879 0.1361
vn 0.0531 -0.9978 -0.0395
vn 0.0816 0.9967 0.0041
vn -0.0553 -0.9965 0.0625
vn 0.0024 0.9963 0.0862
vn -0.0002 -0.9963 0.0864
vn 0.0013 -0.9963 0.0856
vn 0.0836 0.9965 0.0009
vn -0.0845 0.9964 0.0014
vn 0.0042 -0.9965 0.0837
vn 0.0022 0.9963 0.0861
vn 0.0086 -0.9967 0.0806
vn 0.0845 0.9964 -0.0008
vn -0.0836 0.9965 0.0031
vn 0.0145 -0.9970 0.0760
vn 0.0020 0.9963 0.0861
vn -0.0569 -0.9978 -0.0349
vn 0.0220 -0.9973 0.0698
vn -0.0349 0.9977 0.0573
vn -0.0815 0.9967 0.0062
vn 0.0310 -0.9976 0.0617
vn 0.0018 0.9963 0.0860
vn 0.0394 -0.9978 0.0535
vn -0.0243 0.9975 0.0666
vn -0.0781 0.9969 0.0110
vn -0.0425 0.9967 0.0689
vn 0.0014 0.9963 0.0860
vn -0.0240 0.9967 0.0769
vn -0.0148 0.9971 0.0744
vn -0.0729 0.9972 0.0176
vn -0.0065 -0.9960 -0.0886
vn -0.0042 0.9964 0.0842
vn 0.0023 0.9963 0.0861
vn 0.0092 0.9957 0.0925
vn -0.0655 0.9975 0.0263
vn -0.0063 -0.9961 -0.0886
vn 0.0021 0.9963 0.0861
vn 0.0019 0.9963 0.0861
vn 0.0409 0.9926 0.1145
vn -0.0561 0.9978 0.0365
vn -0.0059 -0.9961 -0.0884
vn 0.0016 0.9963 0.0860
vn 0.0013 0.9963 0.0860
vn 0.0810 0.9868 0.1403
vn -0.0527 0.9968 -0.0601
vn -0.0053 -0.9961 -0.0883
vn 0.0024 0.9955 0.0952
vn 0.0019 0.9952 -0.0979
vn -0.0046 -0.9961 -0.0881
vn -0.0057 -0.9961 -0.0883
vn 0.0929 0.9828 -0.1596
vn -0.0036 -0.9961 -0.0880
vn -0.0847 -0.9964 0.0008
vn -0.0050 -0.9961 -0.0882
vn -0.0041 -0.9961 -0.0880
vn -0.0838 -0.9965 -0.0009
vn 0.0433 0.9915 -0.1227
vn -0.0023 -0.9961 -0.0879
vn -0.0030 -0.9961 -0.0879
vn 0.0134 -0.9971 -0.0751
vn -0.0016 -0.9961 -0.0879
vn 0.0785 -0.9969 0.0089
vn 0.0062 0.9956 -0.0932
vn -0.0007 0.9961 -0.0877
vn -0.0000 0.9961 -0.0878
vn 0.0007 0.9961 -0.0878
vn 0.0735 -0.9972 0.0157
vn -0.0213 0.9973 -0.0697
vn 0.0018 0.9961 -0.0880
vn 0.0013 0.9961 -0.0879
vn 0.0028 0.9961 -0.0882
vn -0.0359 0.9978 -0.0562
vn 0.0035 0.9961 -0.0884
vn 0.0023 0.9961 -0.0881
vn 0.0040 0.9961 -0.0886
vn 0.0845 0.9964 -0.0014
vn -0.0042 0.9964 -0.0852
vn 0.0032 0.9961 -0.0883
vn -0.0272 0.9969 -0.0744
vn 0.0835 0.9965 -0.0031
vn -0.0426 -0.9967 0.0690
vn 0.0038 0.9961 -0.0885
vn 0.0812 -0.9867 0.1406
vn -0.0241 -0.9967 0.0771
vn 0.0815 0.9967 -0.0062
vn 0.0058 -0.9967 -0.0808
vn 0.0092 -0.9957 0.0926
vn -0.0042 -0.9964 0.0843
vn 0.0042 0.9961 -0.0887
vn -0.0149 -0.9971 0.0745
vn -0.0000 -0.9964 -0.0847
vn 0.0023 -0.9963 0.0863
vn 0.0780 0.9969 -0.0110
vn 0.0021 -0.9963 0.0863
vn -0.0159 0.9967 -0.0798
vn 0.0019 -0.9963 0.0862
vn 0.0728 0.9972 -0.0175
vn -0.0336 -0.9968 0.0730
vn 0.0663 -0.9975 0.0246
vn 0.0016 -0.9963 0.0862
vn 0.0571 -0.9977 0.0351
vn 0.0013 -0.9963 0.0862
vn 0.0653 0.9975 -0.0263
vn -0.0142 -0.9966 0.0807
vn 0.0010 0.9963 0.0860
vn 0.0006 0.9963 0.0860
vn 0.0559 0.9978 -0.0364
vn 0.0004 0.9963 0.0861
vn 0.0024 -0.9963 0.0863
vn 0.0001 0.9963 0.0861
vn 0.0430 -0.9920 0.1183
vn -0.0847 -0.9964 0.0014
vn -0.0001 0.9963 0.0862
vn 0.0022 -0.9963 0.0863
vn -0.0837 -0.9965 0.0031
vn 0.0019 0.9964 0.0850
vn 0.0020 -0.9963 0.0863
vn -0.0817 -0.9966 0.0062
vn 0.0052 0.9966 0.0828
vn -0.0540 0.9978 -0.0380
vn 0.0018 -0.9963 0.0862
vn -0.0007 -0.9961 -0.0879
vn -0.0617 0.9977 -0.0295
vn -0.0783 -0.9969 0.0110
vn 0.0007 -0.9961 -0.0880
vn 0.0102 0.9968 0.0792
vn -0.0693 0.9974 -0.0206
vn 0.0014 -0.9963 0.0862
vn 0.0018 -0.9961 -0.0882
vn -0.0751 0.9971 -0.0132
vn -0.0731 -0.9972 0.0176
vn 0.0028 -0.9961 -0.0884
vn 0.0170 0.9971 0.0737
vn -0.0060 -0.9961 -0.0884
vn -0.0794 0.9968 -0.0074
vn 0.0035 -0.9961 -0.0886
vn 0.0008 0.9963 0.0860
vn -0.0039 -0.9962 -0.0872
vn -0.0822 0.9966 -0.0032
vn -0.0656 -0.9975 0.0264
vn 0.0040 -0.9960 -0.0888
vn 0.0410 -0.9926 0.1147
vn 0.0260 0.9975 0.0660
vn -0.0838 0.9965 -0.0005
vn -0.0042 -0.9963 -0.0854
vn 0.0005 0.9963 0.0861
vn -0.0846 0.9964 0.0009
vn -0.0562 -0.9977 0.0366
vn -0.0846 0.9964 0.0013
vn -0.0272 -0.9968 -0.0745
vn 0.0363 0.9977 0.0564
vn 0.0376 0.9978 -0.0543
vn -0.0838 0.9965 0.0027
vn 0.0002 0.9963 0.0861
vn 0.0285 0.9976 -0.0625
vn -0.0528 -0.9968 -0.0603
vn -0.0821 0.9966 0.0054
vn 0.0188 0.9973 -0.0707
vn -0.0792 0.9968 0.0095
vn -0.0000 0.9963 0.0862
vn 0.0105 0.9970 -0.0772
vn 0.0673 -0.9876 -0.1421
vn -0.0749 0.9971 0.0152
vn 0.0039 0.9966 -0.0820
vn -0.0689 0.9974 0.0224
vn -0.0012 0.9964 -0.0854
vn 0.0931 -0.9827 -0.1599
vn -0.0611 0.9976 0.0312
vn -0.0045 0.9962 -0.0874
vn -0.0532 0.9978 0.0395
vn 0.0035 -0.9239 0.3826
vn -0.0000 -1.0000 -0.0000
vn -0.1432 -0.9239 0.3549
vn -1.0000 -0.0007 0.0014
vn -0.0000 1.0000 -0.0000
vn -0.0014 0.0007 -1.0000
vn -0.0050 -0.9239 -0.3826
vn 0.1418 -0.9239 -0.3554
vn -0.9996 -0.0129 0.0259
vn -0.0259 0.0128 -0.9996
vn -1.0000 -0.0020 0.0041
vn -0.0041 0.0021 -1.0000
vn 0.9901 0.0610 -0.1264
vn -0.1264 -0.0627 -0.9900
vn -0.0148 0.4967 -0.8678
vn 0.7856 -0.6185 -0.0134
vn -0.0040 -0.9239 0.3826
vn -0.1501 -0.9239 0.3520
vn -1.0000 -0.0037 0.0075
vn -0.0075 0.0037 -1.0000
vn -0.9998 -0.0093 0.0187
vn -0.0187 0.0093 -0.9998
vn -0.9995 -0.0138 0.0278
vn -0.0278 0.0138 -0.9995
vn -0.9999 -0.0058 0.0116
vn -0.0116 0.0058 -0.9999
vn 0.9977 0.0302 -0.0615
vn -0.0615 -0.0306 -0.9976
vn -0.9993 -0.0168 0.0338
vn -0.0338 0.0167 -0.9993
vn -0.0394 -0.6091 0.7921
vn -0.8705 0.4903 -0.0433
vn 0.0050 -0.9239 0.3826
vn -0.1418 -0.9239 0.3554
vn -0.9987 -0.0230 0.0462
vn -0.0462 0.0228 -0.9987
vn -0.9816 0.0823 -0.1723
vn 0.1723 -0.0853 -0.9814
vn 0.9997 0.0104 -0.0210
vn -0.0210 -0.0105 -0.9997
vn -0.9980 -0.0279 0.0562
vn -0.0562 0.0276 -0.9980
vn -0.0912 -0.5901 0.8021
vn -0.8730 0.4775 -0.0993
vn -0.9975 -0.0318 0.0639
vn -0.0639 0.0313 -0.9975
vn -0.8921 0.1887 -0.4106
vn 0.4092 -0.2049 -0.8891
vn 1.0000 0.0003 -0.0006
vn -0.0006 -0.0003 -1.0000
vn -0.9970 -0.0345 0.0693
vn -0.0693 0.0340 -0.9970
vn -0.1728 -0.5601 0.8102
vn -0.8698 0.4571 -0.1856
vn -0.9967 -0.0361 0.0726
vn -0.0726 0.0355 -0.9967
vn -0.5068 0.3687 -0.7792
vn 0.7549 -0.4347 -0.4910
vn -0.9966 -0.0365 0.0736
vn -0.0736 0.0360 -0.9966
vn -0.2993 -0.5126 0.8048
vn -0.8488 0.4242 -0.3157
vn -0.3390 0.4180 -0.8429
vn 0.8015 -0.5036 -0.3224
vn -0.4688 -0.4443 0.7634
vn -0.7897 0.3757 -0.4850
vn 0.9277 0.1570 -0.3387
vn -0.3381 -0.1682 -0.9259
vn 0.9985 0.0242 -0.0491
vn -0.0491 -0.0244 -0.9985
vn -0.2090 0.4514 -0.8675
vn 0.8108 -0.5518 -0.1954
vn 0.9971 0.0332 -0.0678
vn -0.0678 -0.0336 -0.9971
vn 0.9987 -0.0226 0.0454
vn 0.0453 0.0224 -0.9987
vn -0.9762 -0.0962 0.1944
vn -0.1945 0.0924 -0.9765
vn 0.9990 -0.0197 0.0395
vn 0.0394 0.0195 -0.9990
vn -0.1226 0.4721 -0.8730
vn 0.8052 -0.5821 -0.1131
vn 0.9988 0.0219 -0.0444
vn -0.0444 -0.0221 -0.9988
vn 0.9994 -0.0155 0.0313
vn 0.0312 0.0155 -0.9994
vn -0.9986 0.0234 -0.0475
vn 0.0475 -0.0236 -0.9986
vn 0.9997 -0.0104 0.0208
vn 0.0207 0.0103 -0.9997
vn -0.0664 0.4851 -0.8719
vn 0.7967 -0.6013 -0.0606
vn 1.0000 -0.0001 0.0003
vn 0.0003 0.0002 -1.0000
vn 1.0000 -0.0039 0.0079
vn 0.0078 0.0039 -1.0000
vn -0.9989 0.0211 -0.0428
vn 0.0428 -0.0213 -0.9989
vn 0.7771 0.2612 -0.5726
vn -0.5671 -0.2933 -0.7696
vn 1.0000 0.0037 -0.0075
vn -0.0076 -0.0037 -1.0000
vn -0.0319 0.4929 -0.8695
vn 0.7897 -0.6129 -0.0290
vn 0.8749 0.2017 -0.4402
vn -0.4385 -0.2205 -0.8713
vn 0.9969 -0.0352 0.0710
vn 0.0710 0.0348 -0.9969
vn -0.9992 0.0177 -0.0358
vn 0.0358 -0.0178 -0.9992
vn 0.9444 0.1389 -0.2979
vn -0.2976 -0.1476 -0.9432
vn 0.9784 0.0889 -0.1867
vn -0.1866 -0.0923 -0.9781
vn 0.9807 -0.0868 0.1753
vn 0.1753 0.0837 -0.9810
vn -0.9996 0.0131 -0.0264
vn 0.0264 -0.0131 -0.9996
vn 0.9931 0.0512 -0.1056
vn -0.1056 -0.0523 -0.9930
vn 0.9996 0.0131 -0.0264
vn -0.0265 -0.0132 -0.9996
vn -0.8125 -0.2650 0.5192
vn -0.5229 0.2385 -0.8184
vn 0.9984 0.0246 -0.0500
vn -0.0501 -0.0249 -0.9984
vn 0.9328 -0.1604 0.3228
vn 0.3233 0.1501 -0.9343
vn -0.9999 0.0073 -0.0147
vn 0.0147 -0.0073 -0.9999
vn 0.9998 0.0077 -0.0155
vn -0.0156 -0.0078 -0.9998
vn 0.9990 0.0199 -0.0404
vn -0.0404 -0.0201 -0.9990
vn -0.9464 -0.1435 0.2894
vn -0.2898 0.1353 -0.9475
vn 1.0000 -0.0004 0.0009
vn 0.0008 0.0004 -1.0000
vn 0.7074 -0.3299 0.6251
vn 0.6337 0.2900 -0.7172
vn 0.8308 -0.2521 0.4962
vn 0.4993 0.2279 -0.8359
vn -1.0000 0.0002 -0.0003
vn 0.0003 -0.0001 -1.0000
vn -0.5585 0.3517 -0.7512
vn 0.7314 -0.4114 -0.5438
vn 0.8585 0.2133 -0.4664
vn -0.4641 -0.2342 -0.8542
vn 0.9983 0.0254 -0.0516
vn -0.0516 -0.0256 -0.9983
vn -0.9973 0.0324 -0.0662
vn 0.0662 -0.0329 -0.9973
vn -0.4179 0.3959 -0.8177
vn 0.7849 -0.4724 -0.4011
vn 0.8915 0.1891 -0.4117
vn -0.4104 -0.2055 -0.8885
vn -0.0035 -0.9239 -0.3826
vn 0.1432 -0.9239 -0.3549
vn -0.9999 -0.0073 0.0146
vn -0.0146 0.0073 -0.9999
vn -0.2787 0.4339 -0.8568
vn 0.8085 -0.5264 -0.2630
vn 0.9717 0.1010 -0.2133
vn -0.2133 -0.1055 -0.9713
vn 0.9977 0.0297 -0.0604
vn -0.0604 -0.0301 -0.9977
vn -0.9321 0.1525 -0.3286
vn 0.3280 -0.1629 -0.9305
vn -0.1764 0.4593 -0.8706
vn 0.8098 -0.5633 -0.1641
vn 0.9977 -0.0305 0.0613
vn 0.0613 0.0301 -0.9977
vn 0.0040 -0.9239 -0.3826
vn 0.1501 -0.9239 -0.3520
vn -0.9997 -0.0111 0.0221
vn -0.0221 0.0109 -0.9997
vn -0.1048 0.4763 -0.8730
vn 0.8029 -0.5883 -0.0964
vn 0.9520 -0.1359 0.2744
vn 0.2747 0.1286 -0.9529
vn 0.9972 0.0328 -0.0669
vn -0.0670 -0.0332 -0.9972
vn -0.9996 -0.0124 0.0248
vn -0.0248 0.0123 -0.9996
vn -0.8422 0.2240 -0.4905
vn 0.4876 -0.2474 -0.8373
vn -0.0569 0.4872 -0.8714
vn 0.7949 -0.6045 -0.0519
vn 0.8841 -0.2094 0.4177
vn 0.4191 0.1924 -0.8873
vn 0.0433 0.4903 -0.8705
vn -0.7921 -0.6091 -0.0394
vn -0.9995 -0.0134 0.0269
vn -0.0269 0.0133 -0.9995
vn -0.0276 0.4938 -0.8691
vn 0.7886 -0.6143 -0.0250
vn 0.7860 -0.2829 0.5497
vn 0.5544 0.2528 -0.7929
vn 0.9968 0.0349 -0.0713
vn -0.0713 -0.0354 -0.9968
vn -0.9985 0.0245 -0.0497
vn 0.0497 -0.0247 -0.9985
vn -0.8869 0.1927 -0.4198
vn 0.4183 -0.2097 -0.8837
vn -0.0137 0.4970 -0.8677
vn 0.7853 -0.6190 -0.0124
vn 0.9284 0.1563 -0.3371
vn -0.3366 -0.1673 -0.9267
vn -0.0040 -0.9239 -0.3826
vn 0.1427 -0.9239 -0.3550
vn 0.0993 0.4775 -0.8730
vn -0.8021 -0.5901 -0.0912
vn -0.9454 0.1378 -0.2954
vn 0.2951 -0.1463 -0.9442
vn -0.7703 -0.2929 0.5665
vn -0.5719 0.2609 -0.7777
vn 0.0021 -0.9239 -0.3826
vn 0.1483 -0.9239 -0.3527
vn 0.9967 0.0359 -0.0734
vn -0.0735 -0.0365 -0.9966
vn -0.8278 0.2329 -0.5104
vn 0.5071 -0.2582 -0.8223
vn -0.7104 -0.3282 0.6226
vn -0.6310 0.2887 -0.7201
vn -0.8784 -0.2145 0.4272
vn -0.4288 0.1967 -0.8817
vn 0.8442 0.2227 -0.4876
vn -0.4849 -0.2457 -0.8394
vn 0.0339 0.4925 -0.8697
vn -0.7901 -0.6122 -0.0307
vn 0.1856 0.4571 -0.8698
vn -0.8102 -0.5601 -0.1728
vn -0.9916 -0.0575 0.1159
vn -0.1160 0.0561 -0.9917
vn 0.0815 0.4816 -0.8726
vn -0.7994 -0.5961 -0.0747
vn 0.4910 -0.4347 0.7549
vn 0.7792 0.3687 -0.5069
vn -0.9756 0.0942 -0.1983
vn 0.1983 -0.0981 -0.9752
vn 0.9306 0.1540 -0.3321
vn -0.3316 -0.1648 -0.9289
vn 0.1530 0.4649 -0.8720
vn -0.8082 -0.5716 -0.1417
vn 0.3157 0.4242 -0.8488
vn -0.8048 -0.5126 -0.2993
vn -0.8914 0.1892 -0.4118
vn 0.4104 -0.2056 -0.8884
vn 0.2553 0.4399 -0.8610
vn -0.8100 -0.5351 -0.2401
vn 0.3223 -0.5036 0.8015
vn 0.8428 0.4180 -0.3390
vn -0.8535 0.2166 -0.4739
vn 0.4715 -0.2384 -0.8490
vn 0.9940 0.0480 -0.0987
vn -0.0987 -0.0490 -0.9939
vn 0.3952 0.4024 -0.8258
vn -0.7905 -0.4816 -0.3783
vn 0.4847 0.3757 -0.7898
vn -0.7635 -0.4444 -0.4685
vn -0.6098 -0.3805 0.6953
vn -0.7100 0.3286 -0.6228
vn 0.5374 0.3588 -0.7632
vn -0.7416 -0.4211 -0.5222
vn 0.1954 -0.5518 0.8108
vn 0.8675 0.4514 -0.2091
vn -0.8018 -0.2724 0.5319
vn -0.5360 0.2445 -0.8080
vn 0.9761 -0.0964 0.1948
vn 0.1948 0.0926 -0.9765
vn -0.9969 -0.0349 0.0702
vn -0.0702 0.0344 -0.9969
vn -1.0000 0.0010 -0.0020
vn 0.0020 -0.0010 -1.0000
vn 0.9998 0.0083 -0.0167
vn -0.0167 -0.0083 -0.9998
vn 0.5435 -0.4115 0.7316
vn 0.7514 0.3518 -0.5583
vn -0.9983 -0.0256 0.0515
vn -0.0515 0.0254 -0.9983
vn 0.1131 -0.5821 0.8052
vn 0.8730 0.4721 -0.1227
vn 0.4011 -0.4724 0.7849
vn 0.8177 0.3959 -0.4179
vn 0.9260 -0.1680 0.3379
vn 0.3385 0.1569 -0.9278
vn -0.9999 -0.0068 0.0135
vn -0.0135 0.0068 -0.9999
vn -1.0000 0.0005 -0.0009
vn 0.0009 -0.0004 -1.0000
vn 0.9998 0.0093 -0.0187
vn -0.0187 -0.0093 -0.9998
vn 0.9997 0.0102 -0.0205
vn -0.0205 -0.0102 -0.9997
vn 0.2630 -0.5264 0.8085
vn 0.8568 0.4339 -0.2787
vn -0.9986 0.0232 -0.0470
vn 0.0470 -0.0234 -0.9986
vn 0.9993 0.0167 -0.0338
vn -0.0339 -0.0168 -0.9993
vn 0.0607 -0.6013 0.7967
vn 0.8719 0.4851 -0.0664
vn 0.1641 -0.5633 0.8098
vn 0.8706 0.4593 -0.1765
vn 0.8257 -0.2557 0.5028
vn 0.5060 0.2310 -0.8310
vn -0.9887 0.0650 -0.1350
vn 0.1350 -0.0668 -0.9886
vn -1.0000 0.0008 -0.0016
vn 0.0016 -0.0009 -1.0000
vn 0.9987 0.0228 -0.0462
vn -0.0463 -0.0230 -0.9987
vn 0.9997 0.0116 -0.0235
vn -0.0236 -0.0118 -0.9997
vn 0.0964 -0.5883 0.8029
vn 0.8730 0.4763 -0.1048
vn -0.9594 0.1198 -0.2552
vn 0.2550 -0.1262 -0.9587
vn 0.9980 0.0276 -0.0562
vn -0.0562 -0.0279 -0.9980
vn 0.0290 -0.6129 0.7897
vn 0.8695 0.4929 -0.0320
vn 0.0519 -0.6045 0.7949
vn 0.8714 0.4872 -0.0569
vn -0.8934 0.1876 -0.4083
vn 0.4069 -0.2038 -0.8904
vn -1.0000 -0.0001 0.0002
vn -0.0002 0.0001 -1.0000
vn 0.9975 0.0313 -0.0639
vn -0.0639 -0.0318 -0.9974
vn 0.9996 0.0128 -0.0259
vn -0.0260 -0.0129 -0.9996
vn 0.0250 -0.6143 0.7886
vn 0.8691 0.4938 -0.0276
vn -0.7959 0.2512 -0.5508
vn 0.5462 -0.2808 -0.7892
vn 0.9970 0.0340 -0.0693
vn -0.0694 -0.0345 -0.9970
vn 0.0134 -0.6185 0.7856
vn 0.8678 0.4967 -0.0148
vn 0.0124 -0.6190 0.7853
vn 0.8677 0.4970 -0.0137
vn 0.0040 -0.9239 0.3826
vn -0.1427 -0.9239 0.3550
vn -1.0000 -0.0013 0.0027
vn -0.0027 0.0013 -1.0000
vn 0.9967 0.0355 -0.0726
vn -0.0726 -0.0361 -0.9967
vn 0.9995 0.0138 -0.0278
vn -0.0278 -0.0138 -0.9995
vn -0.0021 -0.9239 0.3826
vn -0.1483 -0.9239 0.3527
vn -0.8100 -0.2668 0.5221
vn -0.5260 0.2399 -0.8160
vn 0.9966 0.0360 -0.0736
vn -0.0736 -0.0365 -0.9966
vn -0.0308 -0.6122 0.7901
vn -0.8697 0.4925 -0.0339
vn -1.0000 -0.0029 0.0057
vn -0.0057 0.0029 -1.0000
vn 0.9814 -0.0853 0.1723
vn 0.1722 0.0823 -0.9816
vn -0.0747 -0.5961 0.7994
vn -0.8726 0.4816 -0.0815
vn -0.9151 -0.1798 0.3609
vn -0.3617 0.1671 -0.9172
vn -0.1418 -0.5716 0.8082
vn -0.8720 0.4649 -0.1530
vn -0.9999 -0.0047 0.0095
vn -0.0095 0.0047 -0.9999
vn 0.8891 -0.2049 0.4092
vn 0.4105 0.1887 -0.8921
vn -0.2401 -0.5351 0.8099
vn -0.8610 0.4399 -0.2553
vn -0.9683 -0.1108 0.2238
vn -0.2239 0.1058 -0.9688
vn -0.3782 -0.4816 0.7906
vn -0.8258 0.4024 -0.3950
vn -0.5216 -0.4213 0.7419
vn -0.7635 0.3590 -0.5368
vn -0.9898 -0.0631 0.1274
vn -0.1274 0.0615 -0.9899
vn 1.0000 -0.0017 0.0033
vn 0.0033 0.0017 -1.0000
vn 1.0000 -0.0013 0.0026
vn 0.0025 0.0013 -1.0000
vn -0.9976 -0.0311 0.0625
vn -0.0625 0.0307 -0.9976
vn 1.0000 -0.0006 0.0012
vn 0.0012 0.0006 -1.0000
vn 0.4852 0.3756 -0.7896
vn -0.7634 -0.4441 -0.4690
vn -0.7692 -0.2936 0.5676
vn -0.5731 0.2614 -0.7767
vn 1.0000 0.0004 -0.0008
vn -0.0008 -0.0004 -1.0000
vn -0.9997 -0.0109 0.0220
vn -0.0220 0.0109 -0.9997
vn -0.8709 -0.2208 0.4391
vn -0.4409 0.2020 -0.8745
vn 1.0000 0.0017 -0.0034
vn -0.0034 -0.0017 -1.0000
vn -0.9971 -0.0336 0.0678
vn -0.0678 0.0332 -0.9971
vn -0.9429 -0.1480 0.2984
vn -0.2988 0.1393 -0.9441
vn 1.0000 0.0033 -0.0066
vn -0.0066 -0.0033 -1.0000
vn -1.0000 -0.0009 0.0016
vn -0.0016 0.0008 -1.0000
vn -0.9779 -0.0928 0.1876
vn -0.1877 0.0893 -0.9782
vn 0.9999 0.0052 -0.0104
vn -0.0105 -0.0052 -0.9999
vn -0.9988 -0.0221 0.0444
vn -0.0444 0.0219 -0.9988
vn -0.9929 -0.0529 0.1066
vn -0.1066 0.0518 -0.9930
vn 0.9999 0.0066 -0.0132
vn -0.0132 -0.0066 -0.9999
vn -0.9984 -0.0255 0.0511
vn -0.0511 0.0252 -0.9984
vn -0.9998 -0.0083 0.0166
vn -0.0166 0.0082 -0.9998
vn 0.3224 -0.5036 0.8015
vn -0.7172 0.2900 -0.6337
vn 0.6251 -0.3299 -0.7074
vn -0.9969 0.0348 -0.0710
vn 0.0710 -0.0352 -0.9969
vn 0.5438 -0.4114 0.7314
vn 0.7512 0.3517 -0.5586
vn -0.8124 -0.2651 0.5193
vn -0.5231 0.2386 -0.8182
vn -0.8885 -0.2055 0.4104
vn -0.4117 0.1891 -0.8915
vn -0.9809 0.0837 -0.1753
vn 0.1753 -0.0868 -0.9807
vn 0.9765 0.0924 -0.1945
vn -0.1944 -0.0962 -0.9762
vn -0.9713 -0.1055 0.2132
vn -0.2133 0.1010 -0.9717
vn -0.9996 -0.0132 0.0264
vn -0.0264 0.0131 -0.9996
vn -0.9977 0.0301 -0.0613
vn 0.0613 -0.0305 -0.9977
vn -0.9343 0.1501 -0.3233
vn 0.3228 -0.1604 -0.9328
vn 0.9986 -0.0236 0.0475
vn 0.0474 0.0234 -0.9986
vn -0.9529 0.1286 -0.2747
vn 0.2744 -0.1359 -0.9520
vn -0.9990 -0.0201 0.0404
vn -0.0404 0.0199 -0.9990
vn 0.0606 -0.6013 0.7967
vn -0.8873 0.1924 -0.4192
vn 0.4177 -0.2094 -0.8841
vn -0.8359 0.2279 -0.4993
vn 0.4962 -0.2521 -0.8308
vn -0.9260 -0.1682 0.3381
vn -0.3387 0.1570 -0.9277
vn 0.9989 -0.0213 0.0428
vn 0.0427 0.0211 -0.9989
vn -0.7929 0.2528 -0.5545
vn 0.5497 -0.2829 -0.7860
vn -0.9983 -0.0256 0.0516
vn -0.0516 0.0254 -0.9983
vn -0.9985 -0.0244 0.0491
vn -0.0491 0.0242 -0.9985
vn -0.9987 0.0224 -0.0454
vn 0.0454 -0.0226 -0.9987
vn 0.9992 -0.0178 0.0357
vn 0.0357 0.0177 -0.9992
vn 0.7777 0.2609 -0.5719
vn -0.5665 -0.2929 -0.7702
vn -0.9977 -0.0301 0.0604
vn -0.0604 0.0297 -0.9977
vn -0.9990 0.0195 -0.0395
vn 0.0395 -0.0197 -0.9990
vn 0.8817 0.1967 -0.4288
vn -0.4272 -0.2145 -0.8783
vn -0.9994 0.0155 -0.0313
vn 0.0313 -0.0155 -0.9994
vn 0.9996 -0.0131 0.0264
vn 0.0263 0.0131 -0.9996
vn 0.9917 0.0561 -0.1160
vn -0.1160 -0.0575 -0.9916
vn -0.9972 -0.0332 0.0669
vn -0.0669 0.0328 -0.9972
vn -0.9997 0.0103 -0.0208
vn 0.0208 -0.0104 -0.9997
vn 0.8184 0.2385 -0.5229
vn -0.5192 -0.2650 -0.8125
vn 0.9752 -0.0981 0.1983
vn 0.1983 0.0942 -0.9756
vn -1.0000 0.0039 -0.0079
vn 0.0079 -0.0039 -1.0000
vn 0.9999 -0.0073 0.0147
vn 0.0146 0.0073 -0.9999
vn 0.8884 -0.2056 0.4104
vn 0.4118 0.1892 -0.8914
vn -0.9968 -0.0354 0.0713
vn -0.0713 0.0349 -0.9968
vn 0.9475 0.1353 -0.2898
vn -0.2895 -0.1435 -0.9464
vn 0.8082 -0.2681 0.5244
vn 0.5283 0.2410 -0.8142
vn -0.8258 0.4024 -0.3951
vn -0.0913 -0.5901 0.8021
vn 0.6228 0.3286 -0.7100
vn -0.6953 -0.3805 -0.6098
vn -0.5220 -0.4212 0.7417
vn -0.7633 0.3589 -0.5372
vn -0.9966 -0.0365 0.0734
vn -0.0734 0.0359 -0.9967
vn 0.9973 -0.0329 0.0662
vn 0.0661 0.0324 -0.9973
vn 0.8080 0.2445 -0.5360
vn -0.5319 -0.2724 -0.8018
vn 0.9969 0.0344 -0.0702
vn -0.0703 -0.0349 -0.9969
vn -0.5582 0.3518 -0.7514
vn 0.7316 -0.4115 -0.5435
vn 0.9983 0.0254 -0.0515
vn 0.9305 -0.1629 0.3280
vn 0.3285 0.1525 -0.9321
vn 0.9999 0.0068 -0.0135
vn -0.0136 -0.0068 -0.9999
vn 0.9986 -0.0234 0.0470
vn 0.0470 0.0232 -0.9986
vn 0.8373 -0.2474 0.4876
vn 0.4905 0.2240 -0.8422
vn 0.9886 -0.0668 0.1350
vn 0.1349 0.0650 -0.9887
vn -0.4686 -0.4444 0.7635
vn -0.7898 0.3757 -0.4847
vn 0.9587 -0.1262 0.2550
vn 0.2551 0.1198 -0.9594
vn 0.9998 -0.0096 0.0193
vn 0.0193 0.0096 -0.9998
vn -0.9996 -0.0125 0.0251
vn -0.0251 0.0125 -0.9996
vn 0.8904 -0.2038 0.4069
vn 0.4082 0.1876 -0.8934
vn 1.0000 -0.0016 0.0031
vn 0.0030 0.0015 -1.0000
vn 0.9999 0.0072 -0.0146
vn -0.0146 -0.0073 -0.9999
vn 0.7892 -0.2808 0.5462
vn 0.5508 0.2512 -0.7960
vn 0.7201 0.2887 -0.6310
vn -0.6226 -0.3282 -0.7104
vn -0.8394 -0.2457 0.4849
vn -0.4876 0.2227 -0.8442
vn 1.0000 -0.0010 0.0020
vn 0.0019 0.0010 -1.0000
vn 0.9997 0.0109 -0.0221
vn -0.0221 -0.0111 -0.9997
vn 0.9996 0.0123 -0.0248
vn -0.0248 -0.0124 -0.9996
vn -0.9289 -0.1648 0.3315
vn -0.3321 0.1540 -0.9306
vn 0.0003 0.0001 -1.0000
vn 0.9995 0.0133 -0.0269
vn -0.0270 -0.0134 -0.9995
vn 0.9985 -0.0247 0.0497
vn 0.0497 0.0245 -0.9985
vn 0.8015 -0.5036 -0.3223
vn -0.9939 -0.0490 0.0987
vn -0.0987 0.0480 -0.9940
vn 1.0000 0.0010 -0.0020
vn -0.0020 -0.0010 -1.0000
vn 0.9442 -0.1463 0.2951
vn 0.2954 0.1378 -0.9454
vn 0.8223 -0.2582 0.5071
vn 0.5104 0.2329 -0.8278
vn -0.9764 0.0926 -0.1949
vn 0.1948 -0.0964 -0.9761
vn 0.3950 0.4024 -0.8258
vn -0.7906 -0.4816 -0.3781
vn 1.0000 0.0024 -0.0049
vn -0.0049 -0.0024 -1.0000
vn -0.9998 -0.0083 0.0167
vn -0.0167 0.0083 -0.9998
vn 0.5368 0.3590 -0.7635
vn -0.7419 -0.4213 -0.5216
vn 0.8164 0.2397 -0.5254
vn -0.5216 -0.2665 -0.8105
vn -0.9278 0.1569 -0.3386
vn 0.3379 -0.1680 -0.9260
vn -1.0000 0.0012 -0.0023
vn 0.0023 -0.0012 -1.0000
vn 1.0000 0.0042 -0.0084
vn -0.0085 -0.0042 -1.0000
vn -0.9997 -0.0102 0.0205
vn -0.0205 0.0102 -0.9997
vn -1.0000 0.0008 -0.0015
vn 0.0015 -0.0007 -1.0000
vn 0.9176 0.1668 -0.3609
vn -0.3602 -0.1794 -0.9155
vn 0.7967 -0.6013 -0.0607
vn -0.8310 0.2310 -0.5060
vn 0.5028 -0.2557 -0.8257
vn -1.0000 0.0005 -0.0010
vn 0.0010 -0.0004 -1.0000
vn 0.9999 0.0063 -0.0126
vn -0.0127 -0.0063 -0.9999
vn -0.9997 -0.0118 0.0235
vn -0.0235 0.0116 -0.9997
vn -1.0000 0.0004 -0.0007
vn 0.0007 -0.0004 -1.0000
vn 0.9691 0.1054 -0.2230
vn -0.2229 -0.1102 -0.9686
vn -0.0166 -0.0026 -0.9999
vn -0.1068 -0.0018 -0.9943
vn -0.1885 -0.0014 -0.9821
vn -0.8027 -0.0000 0.5964
vn 0.0694 -0.0000 0.9976
vn -0.0211 -0.0000 0.9998
vn -0.9510 -0.0000 0.3093
vn -0.4115 -0.0000 -0.9114
vn -0.0222 -0.0000 -0.9998
vn -0.0511 -0.0022 -0.9987
vn -0.0454 -0.0000 0.9990
vn -0.0396 -0.0000 0.9992
vn 0.5777 -0.0000 0.8163
vn -0.1358 -0.0000 0.9907
vn 0.5107 -0.0000 -0.8598
vn 0.0502 -0.0000 -0.9987
vn 0.4392 -0.0000 0.8984
vn -0.0085 -0.0000 1.0000
vn 0.5925 -0.0000 0.8056
vn -0.5562 -0.0000 0.8310
vn 0.0713 -0.0000 -0.9975
vn -0.0013 -0.0028 -1.0000
vn -0.0002 -0.0030 -1.0000
vn -0.3018 -0.0010 -0.9534
vn 0.0512 -0.0000 0.9987
vn 0.0564 -0.0000 0.9984
vn -0.0315 -0.0000 0.9995
vn 0.2939 -0.0000 -0.9559
vn -0.0041 -0.0019 -1.0000
vn -0.0074 -0.0008 -1.0000
vn 0.0454 -0.0000 0.9990
vn 0.0016 -0.0038 -1.0000
vn 0.0200 -0.0000 0.9998
vn 0.6956 -0.0000 0.7185
vn 0.8905 -0.0000 -0.4551
vn 0.0008 -0.0036 -1.0000
vn 0.0344 -0.0000 0.9994
vn -0.2575 -0.0000 0.9663
vn -0.0149 -0.0000 -0.9999
vn -0.2043 -0.0000 -0.9789
vn -0.0269 -0.0000 -0.9996
vn -0.0248 -0.0000 -0.9997
vn -0.5937 -0.0004 -0.8047
vn 0.0003 -0.0041 -1.0000
vn -0.8905 -0.0000 0.4550
vn 0.0736 -0.0000 0.9973
vn -0.4160 -0.0000 0.9094
vn 0.0726 -0.0000 0.9974
vn -0.0475 -0.0000 0.9989
vn 0.0640 -0.0000 0.9979
vn 0.0466 -0.0000 0.9989
vn 0.9021 -0.0000 0.4315
vn 0.1253 -0.0000 0.9921
vn -0.1897 -0.0000 0.9819
vn -0.4126 -0.0000 0.9109
vn -0.4503 -0.0007 -0.8929
vn -0.0189 -0.0000 -0.9998
vn 0.9999 -0.0000 -0.0157
vn 0.8028 -0.0000 -0.5963
vn 0.4272 -0.0000 -0.9041
vn 0.2771 -0.0000 -0.9608
vn 0.3259 -0.0000 0.9454
vn -0.0113 -0.0000 -0.9999
vn -0.8179 -0.0001 -0.5754
vn 0.0062 -0.0000 1.0000
vn -0.5528 -0.0000 -0.8333
vn 0.0700 -0.0000 0.9975
vn 0.6599 -0.0000 -0.7514
vn 0.0023 -0.0034 -1.0000
vn -0.5691 -0.0000 0.8223
vn 0.8181 -0.0000 0.5750
vn 0.5303 -0.6492 -0.5453
vn -0.5435 -0.6496 -0.5317
vn -0.5292 -0.6496 0.5459
vn 0.5440 -0.6493 0.5314
vn -0.0093 -0.7066 -0.7075
vn 0.1880 -0.7999 -0.5699
vn 0.0511 -0.7055 0.7069
vn 0.0015 -0.7064 -0.7078
vn 0.3460 -0.6593 0.6675
vn 0.7075 -0.7066 -0.0102
vn -0.3353 0.1871 -0.9233
vn -0.3821 -0.6454 -0.6614
vn -0.2441 -0.6874 -0.6840
vn -0.0694 -0.7122 -0.6985
vn 0.1367 -0.7158 -0.6848
vn 0.2406 -0.7123 -0.6593
vn 0.3575 -0.7020 -0.6159
vn -0.7046 -0.7095 -0.0074
vn -0.6147 -0.7018 -0.3600
vn 0.0479 -0.7073 0.7053
vn 0.0313 -0.7091 0.7044
vn -0.0002 -0.7113 0.7029
vn -0.0498 -0.7136 0.6988
vn -0.1229 -0.7154 0.6878
vn -0.2289 -0.7143 0.6614
vn -0.3515 -0.7035 0.6176
vn 0.6583 -0.7118 0.2449
vn 0.6150 -0.7016 0.3598
vn 0.0022 -0.7068 -0.7074
vn 0.0014 -0.7069 -0.7073
vn 0.0002 -0.7069 -0.7073
vn -0.0014 -0.7069 -0.7073
vn -0.0034 -0.7069 -0.7073
vn -0.0058 -0.7070 -0.7072
vn -0.0087 -0.7070 -0.7072
vn 0.1391 -0.7019 0.6986
vn -0.0336 -0.7059 0.7075
vn -0.0303 -0.7060 0.7076
vn -0.0254 -0.7061 0.7077
vn -0.0189 -0.7062 0.7077
vn -0.0107 -0.7064 0.7077
vn -0.0011 -0.7065 0.7077
vn -0.0118 -0.7066 -0.7075
vn -0.0145 -0.7066 -0.7074
vn -0.0166 -0.7067 -0.7073
vn -0.0184 -0.7067 -0.7073
vn -0.0196 -0.7067 -0.7072
vn 0.1226 -0.7010 -0.7025
vn 0.3018 -0.6737 -0.6746
vn 0.0187 -0.7060 0.7080
vn 0.0286 -0.7061 0.7075
vn 0.0365 -0.7061 0.7072
vn 0.0428 -0.7060 0.7069
vn 0.0474 -0.7060 0.7066
vn 0.0505 -0.7060 0.7064
vn 0.0520 -0.7060 0.7063
vn -0.3782 -0.7152 -0.5877
vn -0.2669 -0.7052 -0.6569
vn -0.1743 -0.7017 -0.6908
vn -0.1046 -0.7016 -0.7049
vn -0.0555 -0.7024 -0.7096
vn -0.0233 -0.7036 -0.7102
vn -0.0052 -0.7049 -0.7093
vn -0.7038 -0.7013 0.1134
vn 0.3760 -0.7158 0.5885
vn 0.2197 -0.7083 0.6709
vn -0.0256 -0.6987 0.7150
vn -0.0778 -0.7321 0.6767
vn -0.3025 -0.7765 0.5528
vn -0.2566 0.0078 0.9665
vn 0.5366 -0.6105 0.5825
vn 0.6895 -0.7012 -0.1814
vn 0.7038 -0.7013 -0.1133
vn 0.5303 0.6492 -0.5453
vn -0.5439 0.6493 -0.5316
vn -0.5292 0.6496 0.5459
vn 0.5440 0.6493 0.5314
vn 0.0093 0.7068 0.7073
vn 0.1880 0.7999 -0.5699
vn -0.7075 0.7066 0.0084
vn 0.0511 0.7055 0.7069
vn 0.7075 0.7066 -0.0084
vn 0.0008 0.7043 -0.7099
vn 0.3460 0.6593 0.6675
vn 0.7075 0.7066 -0.0102
vn -0.1875 0.6285 -0.7549
vn -0.3760 0.6363 -0.6736
vn -0.2315 0.6750 -0.7006
vn -0.0491 0.6969 -0.7155
vn 0.1566 0.7015 -0.6953
vn 0.2506 0.7050 -0.6635
vn 0.3575 0.7020 -0.6159
vn -0.7103 0.7037 -0.0157
vn -0.7103 0.7024 -0.0470
vn -0.6623 0.7046 -0.2547
vn -0.6150 0.7016 -0.3599
vn 0.0433 0.7042 0.7086
vn 0.0231 0.7033 0.7105
vn -0.0121 0.7027 0.7114
vn -0.0651 0.7025 0.7087
vn -0.1400 0.7031 0.6972
vn -0.2391 0.7068 0.6658
vn -0.3515 0.7035 0.6176
vn 0.7103 0.7024 0.0470
vn 0.6150 0.7016 0.3598
vn 0.0014 0.7045 -0.7097
vn 0.0007 0.7042 -0.7100
vn 0.0012 0.7067 -0.7075
vn -0.0001 0.7067 -0.7075
vn -0.0018 0.7067 -0.7075
vn -0.0040 0.7068 -0.7074
vn -0.0065 0.7068 -0.7074
vn 0.1324 0.6966 0.7051
vn -0.0336 0.7059 0.7075
vn -0.0303 0.7060 0.7076
vn -0.0254 0.7061 0.7077
vn -0.0189 0.7062 0.7077
vn -0.0107 0.7064 0.7077
vn -0.0011 0.7065 0.7077
vn -0.0120 0.7067 -0.7074
vn -0.0146 0.7067 -0.7073
vn -0.0167 0.7067 -0.7073
vn -0.0184 0.7067 -0.7073
vn -0.0196 0.7067 -0.7072
vn 0.1226 0.7010 -0.7025
vn 0.3018 0.6737 -0.6746
vn 0.0195 0.7065 0.7074
vn 0.0289 0.7064 0.7072
vn 0.0367 0.7063 0.7070
vn 0.0429 0.7062 0.7067
vn 0.0475 0.7060 0.7066
vn 0.0505 0.7060 0.7064
vn 0.0520 0.7060 0.7063
vn -0.3732 0.7018 -0.6068
vn -0.2677 0.7046 -0.6572
vn -0.1751 0.7009 -0.6914
vn -0.1054 0.7005 -0.7058
vn -0.0563 0.7011 -0.7108
vn -0.0241 0.7020 -0.7118
vn -0.0059 0.7031 -0.7111
vn -0.7038 0.7013 0.1134
vn 0.3702 0.7029 0.6074
vn 0.2197 0.7083 0.6709
vn -0.0256 0.6987 0.7150
vn -0.0778 0.7321 0.6767
vn -0.3025 0.7765 0.5528
vn -0.1570 0.7908 0.5916
vn 0.5366 0.6105 0.5825
vn 0.7038 0.7013 -0.1133
vn 0.3520 -0.8470 -0.3984
vn -0.4283 0.4414 -0.7885
vn -0.3091 -0.6757 -0.6692
vn -0.1511 -0.7096 -0.6882
vn 0.0424 -0.7228 -0.6898
vn 0.1957 -0.7077 -0.6789
vn 0.3019 -0.7077 -0.6388
vn 0.4051 -0.7073 -0.5793
vn -0.7071 -0.7071 -0.0039
vn -0.7041 -0.7071 -0.0658
vn -0.6378 -0.7071 -0.3052
vn -0.5781 -0.7073 -0.4070
vn 0.0497 -0.7063 0.7062
vn 0.0365 -0.7068 0.7065
vn 0.0096 -0.7076 0.7065
vn -0.0332 -0.7086 0.7049
vn -0.0953 -0.7095 0.6983
vn -0.1810 -0.7101 0.6805
vn -0.2929 -0.7100 0.6404
vn -0.4016 -0.7086 0.5802
vn 0.6379 -0.7070 0.3051
vn 0.5786 -0.7070 0.4067
vn 0.0024 -0.7068 -0.7074
vn 0.0018 -0.7068 -0.7074
vn 0.0009 -0.7069 -0.7074
vn -0.0005 -0.7069 -0.7073
vn -0.0023 -0.7070 -0.7072
vn -0.0046 -0.7071 -0.7071
vn -0.0072 -0.7073 -0.7069
vn -0.0092 -0.7070 -0.7071
vn 0.2370 -0.7229 0.6490
vn 0.0341 -0.7195 0.6937
vn -0.0322 -0.7059 0.7076
vn -0.0280 -0.7062 0.7075
vn -0.0223 -0.7065 0.7074
vn -0.0149 -0.7069 0.7071
vn -0.0060 -0.7076 0.7066
vn 0.0044 -0.7094 0.7048
vn -0.0103 -0.7061 -0.7080
vn -0.0132 -0.7064 -0.7077
vn -0.0156 -0.7065 -0.7075
vn -0.0175 -0.7066 -0.7074
vn -0.0190 -0.7066 -0.7073
vn 0.0354 -0.7098 -0.7036
vn 0.2130 -0.6889 -0.6929
vn 0.3980 -0.6266 -0.6700
vn 0.0133 -0.7048 0.7092
vn 0.0240 -0.7052 0.7087
vn 0.0328 -0.7056 0.7079
vn 0.0398 -0.7057 0.7073
vn 0.0453 -0.7058 0.7069
vn 0.0491 -0.7059 0.7066
vn 0.0514 -0.7060 0.7064
vn 0.0522 -0.7060 0.7063
vn -0.4191 -0.7076 -0.5689
vn -0.3176 -0.7076 -0.6312
vn -0.2127 -0.7075 -0.6740
vn -0.1326 -0.7073 -0.6944
vn -0.0748 -0.7071 -0.7032
vn -0.0355 -0.7069 -0.7065
vn -0.0110 -0.7067 -0.7074
vn 0.0006 -0.7068 -0.7074
vn -0.5668 -0.7079 0.4214
vn -0.7068 -0.7071 0.0224
vn 0.4184 -0.7079 0.5690
vn 0.3086 -0.7086 0.6345
vn 0.0895 -0.7002 0.7083
vn -0.1403 -0.6730 0.7262
vn -0.2588 -0.7789 0.5713
vn -0.3699 -0.7468 0.5526
vn 0.3491 -0.8650 0.3606
vn 0.4869 -0.5382 0.6880
vn 0.5675 -0.7072 -0.4216
vn 0.6725 -0.7071 -0.2187
vn 0.7067 -0.7071 -0.0224
vn 0.3520 0.8470 -0.3984
vn -0.4873 0.4259 -0.7623
vn -0.3091 0.6757 -0.6692
vn -0.1511 0.7096 -0.6882
vn 0.0424 0.7228 -0.6898
vn 0.1957 0.7077 -0.6789
vn 0.3019 0.7077 -0.6388
vn 0.4051 0.7073 -0.5793
vn -0.7041 0.7071 -0.0658
vn -0.6379 0.7071 -0.3052
vn -0.5783 0.7071 -0.4069
vn 0.0497 0.7063 0.7062
vn 0.0365 0.7068 0.7065
vn 0.0096 0.7076 0.7065
vn -0.0332 0.7085 0.7049
vn -0.0953 0.7095 0.6983
vn -0.1810 0.7101 0.6805
vn -0.2929 0.7100 0.6404
vn -0.4016 0.7086 0.5802
vn 0.7071 0.7071 0.0039
vn 0.6379 0.7070 0.3051
vn 0.5786 0.7070 0.4067
vn 0.0016 0.7047 -0.7095
vn 0.0011 0.7044 -0.7098
vn 0.0002 0.7042 -0.7100
vn 0.0005 0.7067 -0.7075
vn -0.0009 0.7068 -0.7074
vn -0.0029 0.7069 -0.7073
vn -0.0052 0.7070 -0.7072
vn -0.0080 0.7075 -0.7067
vn 0.2370 0.7229 0.6490
vn 0.0341 0.7195 0.6937
vn -0.0322 0.7059 0.7076
vn -0.0280 0.7062 0.7075
vn -0.0223 0.7065 0.7074
vn -0.0149 0.7069 0.7071
vn -0.0060 0.7076 0.7066
vn 0.0044 0.7094 0.7048
vn -0.0103 0.7063 -0.7079
vn -0.0132 0.7064 -0.7077
vn -0.0156 0.7065 -0.7075
vn -0.0175 0.7066 -0.7074
vn -0.0190 0.7066 -0.7073
vn 0.0354 0.7098 -0.7036
vn 0.2130 0.6889 -0.6929
vn 0.3980 0.6266 -0.6700
vn 0.0133 0.7048 0.7092
vn 0.0240 0.7051 0.7087
vn 0.0328 0.7056 0.7079
vn 0.0398 0.7057 0.7073
vn 0.0453 0.7058 0.7069
vn 0.0491 0.7059 0.7066
vn 0.0514 0.7060 0.7064
vn 0.0522 0.7060 0.7063
vn -0.4197 0.7073 -0.5688
vn -0.3183 0.7072 -0.6313
vn -0.2135 0.7069 -0.6744
vn -0.1334 0.7064 -0.6951
vn -0.0757 0.7060 -0.7042
vn -0.0362 0.7056 -0.7077
vn -0.0118 0.7052 -0.7089
vn -0.0001 0.7049 -0.7093
vn -0.5668 0.7079 0.4214
vn -0.6297 0.7070 0.3218
vn -0.6725 0.7071 0.2187
vn -0.7068 0.7071 0.0224
vn 0.4184 0.7079 0.5690
vn 0.3086 0.7087 0.6345
vn 0.0895 0.7002 0.7083
vn -0.1403 0.6730 0.7262
vn -0.2588 0.7789 0.5713
vn -0.3699 0.7468 0.5526
vn 0.3491 0.8650 0.3606
vn 0.4869 0.5382 0.6880
vn 0.5675 0.7072 -0.4216
vn 0.6297 0.7070 -0.3218
vn 0.6725 0.7071 -0.2187
vn 0.7067 0.7071 -0.0224
vn 0.3534 -0.0000 -0.9355
vn 0.5020 -0.0000 -0.8649
vn 0.6971 -0.0000 -0.7169
vn -1.0000 -0.0000 0.0026
vn -0.9999 -0.0000 0.0144
vn -0.9998 -0.0000 -0.0221
vn 0.7154 -0.0000 0.6987
vn 0.5205 -0.0000 0.8539
vn -0.9978 -0.0000 -0.0661
vn 0.3112 -0.0000 0.9504
vn -0.0357 -0.0000 0.9994
vn -0.9734 -0.0000 -0.2289
vn -0.1142 -0.0000 0.9935
vn -0.0170 -0.0000 -0.9999
vn -0.4801 -0.0000 0.8772
vn -0.0206 -0.0000 -0.9998
vn -0.8630 -0.0001 -0.5051
vn -0.2566 -0.0000 0.9665
vn -0.0236 -0.0000 -0.9997
vn -0.7151 -0.0002 -0.6990
vn 0.6775 -0.0000 0.7355
vn -0.0260 -0.0000 -0.9997
vn 0.0722 -0.0000 0.9974
vn 0.0609 -0.0000 0.9981
vn 0.4603 -0.0000 0.8878
vn -0.0278 -0.0000 -0.9996
vn 0.0325 -0.0000 0.9995
vn 0.1720 -0.0000 -0.9851
vn -0.0169 -0.0000 0.9999
vn 0.4084 -0.0000 -0.9128
vn -0.0915 -0.0000 0.9958
vn 0.3133 -0.0000 -0.9496
vn -0.1969 -0.0000 0.9804
vn -0.3380 -0.0000 0.9411
vn -0.4947 -0.0000 0.8691
vn 0.9988 -0.0000 -0.0484
vn -0.6961 -0.0000 0.7180
vn 0.0276 -0.0000 0.9996
vn 0.0409 -0.0000 0.9992
vn 0.8631 -0.0000 0.5050
vn 0.0518 -0.0000 0.9987
vn 0.0606 -0.0000 0.9982
vn 0.0022 -0.0030 -1.0000
vn 0.0020 -0.0035 -1.0000
vn 0.0670 -0.0000 0.9978
vn 0.0010 -0.0038 -1.0000
vn 0.0713 -0.0000 0.9975
vn 0.0016 -0.0041 -1.0000
vn 0.0735 -0.0000 0.9973
vn -0.0002 -0.0035 -1.0000
vn -0.0026 -0.0027 -1.0000
vn -0.0056 -0.0017 -1.0000
vn -0.0092 -0.0006 -1.0000
vn -0.5239 -0.0005 -0.8518
vn -0.3773 -0.0008 -0.9261
vn -0.2455 -0.0011 -0.9694
vn -0.1477 -0.0015 -0.9890
vn 0.1845 -0.0000 0.9828
vn -0.0790 -0.0019 -0.9969
vn -0.0338 -0.0023 -0.9994
vn -0.0428 -0.0000 0.9991
vn -0.0083 -0.0027 -1.0000
vn -0.0359 -0.0000 0.9994
vn -0.2410 -0.0000 -0.9705
vn -0.0267 -0.0000 0.9996
vn -0.4874 -0.0000 -0.8732
vn -0.0152 -0.0000 0.9999
vn -0.3137 -0.0000 -0.9495
vn -0.0015 -0.0000 1.0000
vn -0.0685 -0.0000 -0.9976
vn 0.2197 -0.0000 -0.9756
vn 0.5731 -0.0000 -0.8195
vn 0.0074 0.0008 1.0000
vn 0.0041 0.0019 1.0000
vn 0.0002 0.0030 1.0000
vn 0.0166 0.0026 0.9999
vn 0.0511 0.0022 0.9987
vn -0.0003 0.0041 1.0000
vn -0.0008 0.0036 1.0000
vn 0.0013 0.0028 1.0000
vn 0.5937 0.0004 0.8047
vn 0.3018 0.0010 0.9534
vn 0.1885 0.0014 0.9821
vn 0.1068 0.0018 0.9943
vn -1.0000 -0.0000 -0.0054
vn -0.5925 -0.0000 -0.8056
vn -0.0016 0.0038 1.0000
vn 0.4503 0.0007 0.8929
vn 0.0113 -0.0000 0.9999
vn 0.8179 0.0001 0.5754
vn -0.0023 0.0034 1.0000
vn 0.3350 0.1912 0.9226
vn 0.3821 0.6454 0.6614
vn 0.2441 0.6874 0.6841
vn 0.0694 0.7122 0.6985
vn -0.1367 0.7158 0.6848
vn -0.2406 0.7123 0.6593
vn -0.3636 0.7150 0.5971
vn 0.7060 0.7082 -0.0065
vn 0.7046 0.7096 0.0073
vn 0.7023 0.7110 0.0350
vn 0.6972 0.7125 0.0793
vn 0.6852 0.7135 0.1462
vn 0.6583 0.7118 0.2449
vn 0.5958 0.7149 0.3661
vn -0.0479 0.7073 -0.7053
vn -0.0313 0.7092 -0.7044
vn 0.0002 0.7113 -0.7029
vn 0.0498 0.7136 -0.6988
vn 0.1229 0.7154 -0.6878
vn 0.2289 0.7143 -0.6614
vn 0.3577 0.7165 -0.5989
vn -0.7060 0.7082 0.0065
vn -0.7046 0.7096 -0.0073
vn -0.7023 0.7110 -0.0349
vn -0.6972 0.7125 -0.0793
vn -0.6852 0.7135 -0.1462
vn -0.6583 0.7118 -0.2449
vn -0.5962 0.7146 -0.3659
vn -0.0014 0.7069 0.7073
vn 0.0060 0.7069 0.7073
vn 0.0089 0.7068 0.7074
vn -0.1391 0.7019 -0.6986
vn 0.0303 0.7059 -0.7076
vn 0.0253 0.7060 -0.7077
vn 0.0187 0.7061 -0.7079
vn 0.0104 0.7061 -0.7080
vn 0.0002 0.7060 -0.7083
vn 0.0118 0.7066 0.7075
vn 0.0145 0.7066 0.7074
vn 0.0166 0.7067 0.7073
vn -0.1232 0.7016 0.7018
vn -0.3071 0.6787 0.6672
vn -0.0187 0.7060 -0.7080
vn -0.0286 0.7062 -0.7075
vn -0.0365 0.7061 -0.7072
vn -0.0428 0.7060 -0.7069
vn -0.0474 0.7060 -0.7066
vn -0.0520 0.7059 -0.7064
vn 0.3782 0.7152 0.5877
vn 0.2569 0.7125 0.6530
vn 0.1570 0.7140 0.6824
vn 0.0888 0.7127 0.6958
vn 0.0432 0.7110 0.7018
vn 0.0148 0.7094 0.7046
vn 0.0004 0.7080 0.7063
vn 0.5864 0.7146 -0.3814
vn 0.6516 0.7118 -0.2621
vn 0.6812 0.7135 -0.1641
vn 0.6949 0.7125 -0.0976
vn 0.7012 0.7110 -0.0534
vn 0.7042 0.7096 -0.0259
vn 0.7059 0.7082 -0.0120
vn -0.3760 0.7158 -0.5884
vn -0.2029 0.7201 -0.6636
vn 0.0463 0.7143 -0.6984
vn 0.2426 0.6838 -0.6882
vn 0.3877 0.6376 -0.6657
vn 0.4063 0.3137 -0.8582
vn -0.5096 0.6342 -0.5815
vn -0.5864 0.7146 0.3814
vn -0.6516 0.7118 0.2621
vn -0.6812 0.7135 0.1641
vn -0.6949 0.7125 0.0976
vn -0.7012 0.7110 0.0534
vn -0.7042 0.7096 0.0258
vn -0.7059 0.7082 0.0120
vn 0.0131 -0.7048 0.7093
vn 0.3760 -0.6364 0.6736
vn 0.2315 -0.6750 0.7006
vn 0.0491 -0.6969 0.7155
vn -0.1566 -0.7015 0.6953
vn -0.2506 -0.7050 0.6635
vn -0.3636 -0.7150 0.5971
vn 0.7091 -0.7051 -0.0018
vn 0.7103 -0.7037 0.0158
vn 0.7102 -0.7024 0.0470
vn 0.7065 -0.7013 0.0948
vn 0.6940 -0.7012 0.1632
vn 0.6623 -0.7046 0.2548
vn 0.5960 -0.7147 0.3660
vn -0.0433 -0.7042 -0.7087
vn -0.0231 -0.7033 -0.7105
vn 0.0120 -0.7027 -0.7114
vn 0.0651 -0.7025 -0.7087
vn 0.1400 -0.7031 -0.6971
vn 0.2391 -0.7068 -0.6658
vn 0.3577 -0.7165 -0.5989
vn -0.7091 -0.7051 0.0018
vn -0.7103 -0.7037 -0.0158
vn -0.7102 -0.7024 -0.0470
vn -0.7065 -0.7013 -0.0948
vn -0.6940 -0.7012 -0.1632
vn -0.6623 -0.7046 -0.2547
vn -0.5962 -0.7146 -0.3659
vn -0.0011 -0.7067 0.7075
vn 0.0019 -0.7067 0.7075
vn 0.0041 -0.7067 0.7075
vn 0.0067 -0.7066 0.7076
vn -0.1324 -0.6966 -0.7051
vn 0.0303 -0.7059 -0.7076
vn 0.0253 -0.7060 -0.7077
vn 0.0187 -0.7061 -0.7079
vn 0.0104 -0.7061 -0.7080
vn 0.0002 -0.7060 -0.7083
vn 0.0120 -0.7067 0.7074
vn 0.0146 -0.7067 0.7073
vn 0.0167 -0.7067 0.7073
vn -0.1232 -0.7016 0.7018
vn -0.3071 -0.6787 0.6672
vn -0.0195 -0.7065 -0.7074
vn -0.0289 -0.7064 -0.7072
vn -0.0367 -0.7063 -0.7070
vn -0.0429 -0.7062 -0.7068
vn -0.0475 -0.7060 -0.7066
vn -0.0520 -0.7059 -0.7064
vn 0.3732 -0.7018 0.6068
vn 0.2577 -0.7119 0.6533
vn 0.1579 -0.7132 0.6830
vn 0.0897 -0.7117 0.6967
vn 0.0441 -0.7098 0.7031
vn 0.0156 -0.7079 0.7062
vn 0.0012 -0.7061 0.7081
vn 0.6054 -0.7016 -0.3759
vn 0.6516 -0.7118 -0.2621
vn 0.6812 -0.7135 -0.1641
vn 0.6949 -0.7125 -0.0976
vn 0.7012 -0.7110 -0.0534
vn 0.7042 -0.7096 -0.0259
vn 0.7059 -0.7082 -0.0120
vn -0.3702 -0.7029 -0.6074
vn -0.2029 -0.7201 -0.6636
vn 0.0463 -0.7143 -0.6983
vn 0.2426 -0.6838 -0.6882
vn 0.3877 -0.6376 -0.6657
vn 0.0136 -0.7092 -0.7049
vn -0.5096 -0.6342 -0.5815
vn -0.6054 -0.7016 0.3759
vn -0.6516 -0.7118 0.2621
vn -0.6812 -0.7135 0.1641
vn -0.6949 -0.7125 0.0976
vn -0.7012 -0.7110 0.0534
vn -0.7042 -0.7096 0.0259
vn -0.7059 -0.7082 0.0120
vn -0.4994 0.6566 0.5652
vn 0.4283 -0.4415 0.7885
vn 0.3091 0.6757 0.6692
vn 0.1511 0.7096 0.6882
vn -0.0424 0.7228 0.6898
vn -0.1957 0.7077 0.6789
vn -0.3019 0.7074 0.6391
vn 0.6377 0.7072 0.3052
vn 0.5778 0.7075 0.4069
vn -0.0497 0.7062 -0.7062
vn -0.0365 0.7068 -0.7065
vn -0.0096 0.7076 -0.7065
vn 0.0332 0.7085 -0.7049
vn 0.0953 0.7095 -0.6983
vn 0.1810 0.7101 -0.6805
vn 0.2932 0.7089 -0.6415
vn 0.4016 0.7085 -0.5803
vn -0.7071 0.7071 -0.0038
vn -0.5783 0.7073 -0.4065
vn -0.0024 0.7068 0.7074
vn -0.0018 0.7068 0.7074
vn 0.0005 0.7068 0.7074
vn 0.0024 0.7068 0.7074
vn 0.0046 0.7067 0.7075
vn 0.0074 0.7066 0.7076
vn 0.0093 0.7067 0.7075
vn -0.2370 0.7229 -0.6490
vn -0.0341 0.7195 -0.6937
vn 0.0321 0.7058 -0.7077
vn 0.0280 0.7058 -0.7079
vn 0.0222 0.7057 -0.7081
vn 0.0147 0.7055 -0.7085
vn 0.0056 0.7051 -0.7090
vn -0.0053 0.7048 -0.7094
vn 0.0103 0.7061 0.7080
vn 0.0132 0.7064 0.7077
vn 0.0156 0.7065 0.7075
vn 0.0175 0.7066 0.7074
vn 0.0190 0.7066 0.7073
vn -0.0351 0.7078 0.7056
vn -0.2107 0.7077 0.6743
vn -0.3742 0.7013 0.6068
vn -0.0133 0.7048 -0.7092
vn -0.0240 0.7052 -0.7086
vn -0.0328 0.7056 -0.7079
vn -0.0398 0.7058 -0.7073
vn -0.0453 0.7058 -0.7069
vn -0.0491 0.7059 -0.7066
vn -0.0514 0.7059 -0.7065
vn -0.0521 0.7060 -0.7063
vn 0.4192 0.7076 0.5689
vn 0.3176 0.7076 0.6312
vn 0.2125 0.7078 0.6737
vn 0.1324 0.7077 0.6940
vn 0.0747 0.7074 0.7028
vn 0.0354 0.7072 0.7061
vn 0.0110 0.7070 0.7071
vn 0.5668 0.7079 -0.4214
vn -0.4184 0.7079 -0.5690
vn -0.3086 0.7086 -0.6345
vn -0.0797 0.7271 -0.6819
vn 0.1405 0.7089 -0.6911
vn 0.3115 0.6696 -0.6742
vn 0.4355 -0.4417 -0.7843
vn -0.5951 0.6111 -0.5219
vn -0.4058 0.6790 -0.6118
vn -0.5676 0.7072 0.4216
vn -0.2339 -0.9110 0.3398
vn 0.4531 -0.5729 0.6830
vn 0.3189 -0.6318 0.7065
vn 0.1517 -0.6696 0.7270
vn -0.0516 -0.6905 0.7215
vn -0.1959 -0.7073 0.6792
vn -0.3019 -0.7077 0.6388
vn 0.7071 -0.7071 0.0038
vn 0.6379 -0.7071 0.3052
vn 0.5783 -0.7071 0.4069
vn -0.0496 -0.7054 -0.7071
vn -0.0363 -0.7056 -0.7077
vn -0.0093 -0.7061 -0.7080
vn 0.0336 -0.7069 -0.7065
vn 0.0959 -0.7078 -0.6999
vn 0.1817 -0.7086 -0.6819
vn 0.2929 -0.7100 -0.6404
vn 0.4015 -0.7086 -0.5802
vn -0.5786 -0.7070 -0.4067
vn -0.0016 -0.7046 0.7097
vn -0.0011 -0.7043 0.7099
vn -0.0002 -0.7042 0.7100
vn -0.0005 -0.7067 0.7075
vn 0.0009 -0.7068 0.7074
vn 0.0029 -0.7069 0.7073
vn 0.0052 -0.7070 0.7072
vn 0.0080 -0.7075 0.7067
vn -0.2461 -0.6557 -0.7138
vn -0.0322 -0.7054 -0.7081
vn 0.0322 -0.7059 -0.7075
vn 0.0280 -0.7062 -0.7075
vn 0.0223 -0.7065 -0.7074
vn 0.0149 -0.7069 -0.7071
vn 0.0060 -0.7076 -0.7066
vn -0.0044 -0.7094 -0.7048
vn 0.0106 -0.7075 0.7066
vn 0.0133 -0.7070 0.7071
vn 0.0157 -0.7069 0.7072
vn 0.0176 -0.7068 0.7072
vn 0.0191 -0.7067 0.7072
vn -0.0354 -0.7097 0.7036
vn -0.2130 -0.6889 0.6928
vn -0.3980 -0.6266 0.6700
vn -0.0141 -0.7094 -0.7047
vn -0.0243 -0.7076 -0.7062
vn -0.0329 -0.7069 -0.7065
vn -0.0399 -0.7065 -0.7066
vn -0.0453 -0.7062 -0.7065
vn -0.0491 -0.7060 -0.7065
vn -0.0514 -0.7059 -0.7064
vn -0.0522 -0.7060 -0.7063
vn 0.4197 -0.7072 0.5689
vn 0.3183 -0.7073 0.6312
vn 0.2135 -0.7069 0.6743
vn 0.1334 -0.7064 0.6951
vn 0.0757 -0.7060 0.7042
vn 0.0362 -0.7056 0.7077
vn 0.0001 -0.7049 0.7093
vn 0.5677 -0.7070 -0.4218
vn 0.6297 -0.7071 -0.3218
vn 0.6725 -0.7071 -0.2188
vn -0.4184 -0.7080 -0.5690
vn -0.3073 -0.7144 -0.6286
vn -0.0895 -0.7002 -0.7083
vn 0.1403 -0.6730 -0.7262
vn 0.3201 -0.6310 -0.7067
vn 0.4553 -0.5743 -0.6803
vn -0.3491 -0.8650 -0.3606
vn -0.4869 -0.5382 -0.6880
vn -0.5677 -0.7070 0.4217
vn -0.6971 -0.0000 0.7169
vn 0.9999 -0.0000 -0.0119
vn 0.3086 -0.0000 -0.9512
vn 0.4903 -0.0000 -0.8715
vn 0.8629 -0.0000 0.5054
vn 0.7148 0.0002 0.6993
vn -0.0011 0.0031 1.0000
vn -0.0030 0.0034 1.0000
vn -0.0020 0.0038 1.0000
vn 0.0019 0.0036 1.0000
vn 0.0048 0.0028 1.0000
vn 0.0082 0.0019 1.0000
vn 0.0123 0.0008 0.9999
vn 0.5233 0.0004 0.8521
vn 0.3765 0.0007 0.9264
vn 0.2446 0.0011 0.9696
vn 0.1468 0.0014 0.9892
vn 0.0779 0.0018 0.9970
vn 0.0328 0.0022 0.9995
vn 0.0073 0.0026 1.0000
vn 0.1127 0.9784 -0.1736
vn -0.0360 -0.9978 -0.0564
vn 0.0739 -0.9879 0.1361
vn 0.0929 0.9828 -0.1595
vn 0.0432 0.9915 -0.1227
vn 0.0571 -0.9978 0.0351
vn 0.0409 -0.9926 0.1147
vn -0.0839 0.9965 -0.0005
vn -0.0014 -0.0007 -1.0000
vn 1.0000 0.0007 -0.0014
vn -0.0042 -0.0020 -1.0000
vn 1.0000 0.0021 -0.0041
vn -0.1264 0.0610 -0.9901
vn -0.9900 -0.0627 0.1264
vn -0.0117 -0.0058 -0.9999
vn 0.9999 0.0058 -0.0116
vn -0.0615 0.0302 -0.9977
vn -0.9976 -0.0306 0.0615
vn -0.0210 0.0104 -0.9997
vn -0.9997 -0.0105 0.0210
vn -0.0006 0.0003 -1.0000
vn -1.0000 -0.0003 0.0006
vn -0.7635 -0.4443 -0.4688
vn 0.4850 0.3757 -0.7897
vn -0.5726 0.2612 -0.7771
vn -0.7697 -0.2933 0.5671
vn -0.4402 0.2017 -0.8749
vn -0.8713 -0.2205 0.4384
vn -0.2979 0.1389 -0.9444
vn -0.9432 -0.1476 0.2975
vn -0.1867 0.0889 -0.9784
vn -0.9781 -0.0923 0.1866
vn -0.1056 0.0512 -0.9931
vn -0.9930 -0.0523 0.1056
vn -0.0500 0.0246 -0.9984
vn -0.9984 -0.0249 0.0500
vn -0.0155 0.0077 -0.9998
vn -0.9998 -0.0078 0.0155
vn -1.0000 0.0004 -0.0009
vn -0.4664 0.2133 -0.8585
vn -0.8543 -0.2342 0.4641
vn -0.0147 -0.0073 -0.9999
vn 0.9999 0.0073 -0.0146
vn 0.4198 0.1927 -0.8869
vn 0.8837 -0.2097 0.4183
vn -0.3371 0.1563 -0.9284
vn -0.9267 -0.1673 0.3365
vn 0.4739 0.2166 -0.8535
vn 0.8490 -0.2384 0.4715
vn -0.8258 0.4024 -0.3952
vn -0.3783 -0.4816 0.7905
vn -0.7632 0.3588 -0.5374
vn -0.5222 -0.4211 0.7416
vn 0.0009 0.0005 -1.0000
vn 0.0016 0.0008 -1.0000
vn 1.0000 -0.0009 0.0016
vn -0.0003 -0.0001 -1.0000
vn 1.0000 0.0001 -0.0002
vn -0.0027 -0.0013 -1.0000
vn 1.0000 0.0013 -0.0027
vn -0.5222 -0.2668 -0.8100
vn 0.8160 0.2399 -0.5260
vn -0.0058 -0.0029 -1.0000
vn 1.0000 0.0029 -0.0057
vn -0.3609 -0.1798 -0.9151
vn 0.9172 0.1671 -0.3617
vn -0.0096 -0.0047 -0.9999
vn 0.9999 0.0047 -0.0095
vn -0.2239 -0.1108 -0.9683
vn 0.9688 0.1058 -0.2239
vn -0.1275 -0.0631 -0.9898
vn 0.9899 0.0615 -0.1274
vn -0.2994 -0.5126 0.8048
vn 0.0033 -0.0017 -1.0000
vn -1.0000 0.0017 -0.0033
vn 0.0026 -0.0013 -1.0000
vn -1.0000 0.0013 -0.0026
vn -0.0626 -0.0311 -0.9976
vn 0.9976 0.0307 -0.0625
vn 0.0012 -0.0006 -1.0000
vn -1.0000 0.0006 -0.0012
vn -0.7896 0.3756 -0.4852
vn -0.4691 -0.4441 0.7634
vn -0.5676 -0.2936 -0.7692
vn 0.7767 0.2614 -0.5731
vn -0.0008 0.0004 -1.0000
vn -1.0000 -0.0004 0.0008
vn -0.0221 -0.0109 -0.9997
vn 0.9997 0.0109 -0.0220
vn -0.4392 -0.2208 -0.8709
vn 0.8745 0.2020 -0.4409
vn -0.0034 0.0017 -1.0000
vn -1.0000 -0.0017 0.0034
vn -0.2985 -0.1480 -0.9429
vn 0.9441 0.1393 -0.2988
vn -0.0066 0.0033 -1.0000
vn -1.0000 -0.0033 0.0066
vn -0.0017 -0.0009 -1.0000
vn 1.0000 0.0008 -0.0016
vn -0.1876 -0.0928 -0.9778
vn 0.9782 0.0893 -0.1877
vn -0.0104 0.0052 -0.9999
vn -0.9999 -0.0052 0.0104
vn -0.1067 -0.0529 -0.9929
vn 0.9930 0.0518 -0.1066
vn -0.0132 0.0066 -0.9999
vn -0.9999 -0.0066 0.0132
vn -0.0511 -0.0255 -0.9984
vn 0.9984 0.0252 -0.0511
vn 0.9998 0.0082 -0.0166
vn -0.5194 -0.2651 -0.8124
vn 0.8182 0.2386 -0.5231
vn 0.5244 -0.2681 -0.8082
vn -0.8141 0.2410 -0.5283
vn -0.7906 -0.4816 -0.3782
vn 0.3951 0.4024 -0.8258
vn -0.7417 -0.4212 -0.5219
vn 0.5372 0.3589 -0.7633
vn 0.0193 -0.0096 -0.9998
vn -0.9998 0.0096 -0.0193
vn -0.0252 -0.0125 -0.9996
vn 0.9996 0.0125 -0.0251
vn 0.0031 -0.0016 -1.0000
vn -1.0000 0.0015 -0.0031
vn -0.0146 0.0072 -0.9999
vn -1.0000 0.0001 -0.0003
vn -0.0020 0.0010 -1.0000
vn -1.0000 -0.0010 0.0020
vn -0.0049 0.0024 -1.0000
vn -1.0000 -0.0024 0.0049
vn -0.5254 0.2397 -0.8164
vn -0.8105 -0.2665 0.5216
vn 0.0022 0.0012 -1.0000
vn 1.0000 -0.0012 0.0023
vn -0.0084 0.0042 -1.0000
vn -1.0000 -0.0042 0.0084
vn 0.0015 0.0008 -1.0000
vn 1.0000 -0.0007 0.0015
vn -0.3609 0.1668 -0.9176
vn -0.9155 -0.1794 0.3601
vn 1.0000 -0.0004 0.0010
vn -0.0126 0.0063 -0.9999
vn -0.9999 -0.0063 0.0126
vn 0.0007 0.0004 -1.0000
vn 1.0000 -0.0004 0.0007
vn -0.2230 0.1054 -0.9691
vn -0.9686 -0.1102 0.2228
vn -0.0156 -0.0023 -0.9999
vn -0.1058 -0.0015 -0.9944
vn -0.1875 -0.0011 -0.9823
vn -0.0501 -0.0019 -0.9987
vn -0.0033 -0.0035 -1.0000
vn 0.0008 -0.0027 -1.0000
vn -0.3009 -0.0008 -0.9536
vn 0.2938 -0.0000 -0.9559
vn -0.0065 -0.0027 -1.0000
vn -0.0102 -0.0017 -0.9999
vn -0.9999 -0.0000 0.0158
vn 0.0026 -0.0035 -1.0000
vn -0.0007 -0.0041 -1.0000
vn -0.5932 -0.0002 -0.8051
vn 0.0012 -0.0038 -1.0000
vn -0.9020 -0.0000 -0.4316
vn -0.4495 -0.0005 -0.8933
vn -0.0131 -0.0006 -0.9999
vn -0.8177 -0.0001 -0.5757
vn 0.0033 -0.0031 -1.0000
vn -0.2220 0.3893 -0.8939
vn -0.3760 -0.6363 -0.6736
vn -0.2315 -0.6750 -0.7006
vn -0.0491 -0.6969 -0.7155
vn 0.1566 -0.7015 -0.6953
vn 0.2506 -0.7050 -0.6635
vn 0.3636 -0.7150 -0.5972
vn -0.7103 -0.7037 -0.0157
vn -0.7103 -0.7024 -0.0470
vn -0.6623 -0.7046 -0.2548
vn -0.5958 -0.7149 -0.3661
vn 0.0433 -0.7042 0.7086
vn 0.0231 -0.7033 0.7105
vn -0.0121 -0.7027 0.7114
vn -0.0651 -0.7025 0.7087
vn -0.1400 -0.7031 0.6971
vn -0.2391 -0.7068 0.6658
vn -0.3577 -0.7165 0.5989
vn 0.7103 -0.7024 0.0470
vn 0.5962 -0.7146 0.3659
vn 0.0014 -0.7069 -0.7074
vn 0.0002 -0.7068 -0.7074
vn -0.0014 -0.7069 -0.7074
vn -0.0034 -0.7068 -0.7074
vn -0.0060 -0.7069 -0.7073
vn -0.0089 -0.7068 -0.7073
vn 0.1324 -0.6966 0.7051
vn -0.0253 -0.7060 0.7077
vn -0.0187 -0.7061 0.7079
vn -0.0104 -0.7061 0.7080
vn -0.0002 -0.7059 0.7083
vn -0.0120 -0.7067 -0.7074
vn -0.0146 -0.7067 -0.7073
vn -0.0167 -0.7067 -0.7073
vn 0.1232 -0.7016 -0.7018
vn 0.3071 -0.6787 -0.6672
vn 0.0195 -0.7065 0.7074
vn 0.0289 -0.7064 0.7072
vn 0.0367 -0.7063 0.7070
vn 0.0429 -0.7062 0.7067
vn 0.0475 -0.7060 0.7066
vn 0.0521 -0.7059 0.7064
vn -0.3726 -0.7022 -0.6067
vn -0.2569 -0.7124 -0.6530
vn -0.1570 -0.7140 -0.6824
vn -0.0888 -0.7127 -0.6958
vn -0.0432 -0.7110 -0.7018
vn -0.0148 -0.7094 -0.7046
vn -0.0004 -0.7079 -0.7063
vn 0.3702 -0.7029 0.6074
vn 0.2029 -0.7201 0.6636
vn -0.0463 -0.7143 0.6984
vn -0.1950 -0.8099 0.5532
vn -0.3120 -0.7847 0.5356
vn -0.4063 -0.3137 0.8582
vn 0.5096 -0.6342 0.5815
vn -0.0230 0.4043 -0.9143
vn -0.3821 0.6454 -0.6614
vn -0.2441 0.6874 -0.6840
vn -0.0694 0.7122 -0.6985
vn 0.1367 0.7158 -0.6848
vn 0.2406 0.7123 -0.6594
vn 0.3636 0.7150 -0.5972
vn -0.7046 0.7095 -0.0074
vn -0.5960 0.7147 -0.3660
vn 0.0479 0.7073 0.7053
vn 0.0313 0.7092 0.7044
vn -0.0002 0.7113 0.7029
vn -0.0498 0.7136 0.6988
vn -0.1229 0.7154 0.6878
vn -0.2289 0.7143 0.6614
vn -0.3577 0.7165 0.5989
vn 0.5962 0.7146 0.3659
vn 0.0007 0.7043 -0.7099
vn 0.0011 0.7067 -0.7075
vn -0.0002 0.7067 -0.7075
vn -0.0019 0.7067 -0.7076
vn -0.0041 0.7067 -0.7075
vn -0.0067 0.7066 -0.7076
vn 0.1391 0.7019 0.6986
vn -0.0303 0.7059 0.7076
vn -0.0253 0.7060 0.7077
vn -0.0187 0.7061 0.7079
vn -0.0104 0.7061 0.7080
vn -0.0002 0.7060 0.7083
vn -0.0118 0.7066 -0.7075
vn -0.0145 0.7066 -0.7074
vn -0.0166 0.7067 -0.7073
vn 0.1232 0.7016 -0.7018
vn 0.3071 0.6787 -0.6672
vn 0.0187 0.7060 0.7080
vn 0.0286 0.7061 0.7075
vn 0.0365 0.7061 0.7071
vn 0.0428 0.7060 0.7069
vn 0.0474 0.7060 0.7066
vn 0.0521 0.7059 0.7064
vn -0.3788 0.7149 -0.5877
vn -0.2577 0.7119 -0.6533
vn -0.1579 0.7132 -0.6830
vn -0.0897 0.7117 -0.6967
vn -0.0441 0.7098 -0.7031
vn -0.0156 0.7079 -0.7062
vn -0.0012 0.7061 -0.7081
vn -0.7042 0.7096 0.0259
vn 0.3760 0.7158 0.5884
vn 0.2029 0.7201 0.6636
vn -0.0463 0.7143 0.6983
vn -0.1950 0.8099 0.5532
vn -0.3120 0.7847 0.5356
vn -0.0136 0.7091 0.7049
vn 0.5096 0.6342 0.5815
vn 0.3455 -0.8520 -0.3934
vn -0.4531 -0.5729 -0.6830
vn -0.3189 -0.6318 -0.7065
vn -0.1517 -0.6696 -0.7270
vn 0.0516 -0.6904 -0.7215
vn 0.1959 -0.7073 -0.6792
vn 0.3019 -0.7074 -0.6391
vn -0.6377 -0.7072 -0.3052
vn -0.5778 -0.7075 -0.4069
vn 0.0496 -0.7054 0.7071
vn 0.0363 -0.7056 0.7077
vn 0.0093 -0.7061 0.7080
vn -0.0336 -0.7069 0.7065
vn -0.0959 -0.7078 0.6999
vn -0.1817 -0.7085 0.6819
vn -0.2932 -0.7089 0.6415
vn -0.4015 -0.7086 0.5803
vn 0.5783 -0.7073 0.4066
vn 0.0023 -0.7069 -0.7073
vn 0.0018 -0.7069 -0.7073
vn 0.0009 -0.7068 -0.7074
vn -0.0005 -0.7068 -0.7074
vn -0.0024 -0.7068 -0.7074
vn -0.0046 -0.7067 -0.7075
vn -0.0074 -0.7066 -0.7076
vn -0.0093 -0.7067 -0.7075
vn 0.2461 -0.6557 0.7138
vn 0.0322 -0.7054 0.7081
vn -0.0321 -0.7058 0.7077
vn -0.0280 -0.7058 0.7079
vn -0.0222 -0.7057 0.7082
vn -0.0147 -0.7055 0.7085
vn -0.0056 -0.7051 0.7090
vn 0.0053 -0.7048 0.7094
vn -0.0106 -0.7075 -0.7066
vn -0.0133 -0.7070 -0.7071
vn -0.0157 -0.7069 -0.7071
vn -0.0176 -0.7068 -0.7072
vn -0.0191 -0.7068 -0.7072
vn 0.0351 -0.7078 -0.7056
vn 0.2107 -0.7077 -0.6743
vn 0.3742 -0.7013 -0.6068
vn 0.0141 -0.7094 0.7047
vn 0.0243 -0.7076 0.7062
vn 0.0329 -0.7069 0.7065
vn 0.0399 -0.7065 0.7066
vn 0.0453 -0.7062 0.7065
vn 0.0491 -0.7060 0.7065
vn 0.0514 -0.7059 0.7065
vn 0.0521 -0.7060 0.7063
vn -0.4191 -0.7076 -0.5688
vn -0.3175 -0.7079 -0.6309
vn -0.2125 -0.7078 -0.6737
vn -0.1324 -0.7077 -0.6940
vn -0.0747 -0.7074 -0.7029
vn -0.0354 -0.7072 -0.7062
vn -0.0110 -0.7070 -0.7072
vn 0.0006 -0.7069 -0.7073
vn -0.5677 -0.7070 0.4218
vn 0.4184 -0.7080 0.5690
vn 0.3073 -0.7145 0.6286
vn 0.0797 -0.7271 0.6819
vn -0.1405 -0.7089 0.6912
vn -0.2522 -0.7990 0.5459
vn -0.4849 0.0489 0.8732
vn 0.5951 -0.6111 0.5219
vn 0.4058 -0.6790 0.6118
vn 0.5677 -0.7070 -0.4217
vn 0.3455 0.8520 -0.3934
vn -0.4531 0.5729 -0.6830
vn -0.3189 0.6318 -0.7065
vn -0.1517 0.6696 -0.7270
vn 0.0516 0.6904 -0.7215
vn 0.1959 0.7073 -0.6792
vn 0.3019 0.7074 -0.6391
vn -0.5781 0.7073 -0.4068
vn 0.0496 0.7054 0.7071
vn 0.0363 0.7056 0.7077
vn 0.0093 0.7061 0.7080
vn -0.0336 0.7069 0.7065
vn -0.0959 0.7078 0.6999
vn -0.1817 0.7086 0.6819
vn -0.2932 0.7089 0.6415
vn -0.4016 0.7086 0.5803
vn 0.5783 0.7073 0.4065
vn 0.0016 0.7046 -0.7096
vn 0.0011 0.7042 -0.7100
vn 0.0007 0.7067 -0.7075
vn 0.0005 0.7066 -0.7076
vn -0.0010 0.7066 -0.7076
vn -0.0029 0.7065 -0.7077
vn -0.0053 0.7064 -0.7078
vn -0.0082 0.7063 -0.7079
vn 0.2461 0.6557 0.7138
vn 0.0322 0.7054 0.7081
vn -0.0321 0.7058 0.7077
vn -0.0280 0.7058 0.7079
vn -0.0222 0.7057 0.7082
vn -0.0147 0.7055 0.7085
vn -0.0056 0.7051 0.7090
vn 0.0053 0.7048 0.7094
vn -0.0106 0.7075 -0.7066
vn -0.0133 0.7070 -0.7071
vn -0.0157 0.7069 -0.7071
vn -0.0176 0.7068 -0.7072
vn -0.0191 0.7068 -0.7072
vn 0.0351 0.7078 -0.7056
vn 0.2107 0.7077 -0.6743
vn 0.3742 0.7013 -0.6068
vn 0.0141 0.7094 0.7047
vn 0.0243 0.7076 0.7062
vn 0.0329 0.7069 0.7065
vn 0.0399 0.7065 0.7066
vn 0.0453 0.7062 0.7065
vn 0.0491 0.7060 0.7065
vn 0.0514 0.7059 0.7065
vn 0.0521 0.7060 0.7063
vn -0.4197 0.7072 -0.5689
vn -0.3183 0.7073 -0.6312
vn -0.2134 0.7070 -0.6742
vn -0.1333 0.7067 -0.6949
vn -0.0756 0.7062 -0.7040
vn -0.0362 0.7057 -0.7076
vn -0.0002 0.7048 -0.7094
vn -0.5677 0.7070 0.4218
vn 0.3073 0.7144 0.6286
vn 0.0797 0.7271 0.6819
vn -0.1405 0.7089 0.6912
vn -0.2522 0.7990 0.5459
vn -0.4001 0.6781 0.6165
vn 0.5951 0.6111 0.5219
vn 0.4058 0.6790 0.6118
vn 0.5677 0.7070 -0.4217
vn 0.7154 -0.0000 0.6988
vn -0.8629 -0.0000 -0.5054
vn -0.7148 -0.0002 -0.6993
vn 0.0012 -0.0031 -1.0000
vn 0.0030 -0.0034 -1.0000
vn 0.0020 -0.0038 -1.0000
vn -0.0019 -0.0036 -1.0000
vn -0.0048 -0.0028 -1.0000
vn -0.0082 -0.0019 -1.0000
vn -0.0123 -0.0008 -0.9999
vn -0.5233 -0.0004 -0.8521
vn -0.3765 -0.0007 -0.9264
vn -0.2446 -0.0011 -0.9696
vn -0.1468 -0.0014 -0.9892
vn -0.0779 -0.0018 -0.9970
vn -0.0328 -0.0022 -0.9995
vn -0.0073 -0.0026 -1.0000
vt 0.000000 0.000000
s 0
usemtl 
f 535/1/1 298/1/1 27/1/1
f 814/1/2 302/1/2 305/1/2
f 297/1/3 805/1/3 294/1/3
f 802/1/4 290/1/4 293/1/4
f 566/1/5 54/1/5 57/1/5
f 570/1/6 58/1/6 61/1/6
f 574/1/7 62/1/7 65/1/7
f 782/1/8 14/1/8 273/1/8
f 702/1/2 190/1/2 193/1/2
f 185/1/9 693/1/9 182/1/9
f 181/1/10 689/1/10 178/1/10
f 790/1/11 278/1/11 281/1/11
f 794/1/12 282/1/12 285/1/12
f 798/1/13 286/1/13 289/1/13
f 39/1/14 921/1/14 410/1/14
f 926/1/15 414/1/15 417/1/15
f 409/1/16 917/1/16 406/1/16
f 405/1/17 913/1/17 402/1/17
f 169/1/18 677/1/18 166/1/18
f 173/1/19 681/1/19 170/1/19
f 177/1/20 685/1/20 174/1/20
f 385/1/21 515/1/21 5/1/21
f 618/1/22 106/1/22 109/1/22
f 101/1/23 609/1/23 98/1/23
f 606/1/24 94/1/24 97/1/24
f 393/1/25 901/1/25 390/1/25
f 397/1/26 905/1/26 394/1/26
f 401/1/27 909/1/27 398/1/27
f 538/1/2 326/1/2 30/1/2
f 842/1/28 330/1/28 333/1/28
f 834/1/2 322/1/2 325/1/2
f 830/1/2 318/1/2 321/1/2
f 594/1/29 82/1/29 85/1/29
f 598/1/30 86/1/30 89/1/30
f 602/1/31 90/1/31 93/1/31
f 810/1/2 17/1/2 301/1/2
f 730/1/32 218/1/32 221/1/32
f 722/1/2 210/1/2 213/1/2
f 718/1/2 206/1/2 209/1/2
f 309/1/2 817/1/2 306/1/2
f 822/1/2 310/1/2 313/1/2
f 826/1/2 314/1/2 317/1/2
f 42/1/33 949/1/33 438/1/33
f 445/1/34 953/1/34 442/1/34
f 437/1/35 945/1/35 434/1/35
f 942/1/36 430/1/36 433/1/36
f 706/1/2 194/1/2 197/1/2
f 710/1/2 198/1/2 201/1/2
f 714/1/2 202/1/2 205/1/2
f 922/1/37 8/1/37 413/1/37
f 137/1/38 645/1/38 134/1/38
f 638/1/39 126/1/39 129/1/39
f 634/1/40 122/1/40 125/1/40
f 421/1/41 929/1/41 418/1/41
f 425/1/42 933/1/42 422/1/42
f 938/1/43 426/1/43 429/1/43
f 541/1/44 354/1/44 33/1/44
f 870/1/45 358/1/45 361/1/45
f 862/1/46 350/1/46 353/1/46
f 349/1/47 857/1/47 346/1/47
f 622/1/48 110/1/48 113/1/48
f 626/1/49 114/1/49 117/1/49
f 630/1/50 118/1/50 121/1/50
f 838/1/51 20/1/51 329/1/51
f 249/1/45 757/1/45 246/1/45
f 750/1/52 238/1/52 241/1/52
f 746/1/53 234/1/53 237/1/53
f 846/1/54 334/1/54 337/1/54
f 850/1/55 338/1/55 341/1/55
f 854/1/56 342/1/56 345/1/56
f 553/1/57 466/1/57 45/1/57
f 982/1/58 470/1/58 473/1/58
f 465/1/59 973/1/59 462/1/59
f 970/1/60 458/1/60 461/1/60
f 734/1/61 222/1/61 225/1/61
f 738/1/62 226/1/62 229/1/62
f 742/1/63 230/1/63 233/1/63
f 441/1/64 521/1/64 11/1/64
f 165/1/65 673/1/65 162/1/65
f 157/1/66 665/1/66 154/1/66
f 662/1/67 150/1/67 153/1/67
f 958/1/68 446/1/68 449/1/68
f 962/1/69 450/1/69 453/1/69
f 966/1/70 454/1/70 457/1/70
f 36/1/45 893/1/45 382/1/45
f 389/1/71 897/1/71 386/1/71
f 381/1/45 889/1/45 378/1/45
f 886/1/45 374/1/45 377/1/45
f 141/1/72 649/1/72 138/1/72
f 145/1/73 653/1/73 142/1/73
f 658/1/74 146/1/74 149/1/74
f 357/1/45 533/1/45 23/1/45
f 786/1/75 274/1/75 277/1/75
f 778/1/45 266/1/45 269/1/45
f 265/1/45 773/1/45 262/1/45
f 365/1/45 873/1/45 362/1/45
f 878/1/45 366/1/45 369/1/45
f 882/1/45 370/1/45 373/1/45
f 48/1/76 1005/1/76 494/1/76
f 493/1/77 1001/1/77 490/1/77
f 489/1/78 997/1/78 486/1/78
f 253/1/45 761/1/45 250/1/45
f 257/1/45 765/1/45 254/1/45
f 261/1/45 769/1/45 258/1/45
f 469/1/79 512/1/79 2/1/79
f 81/1/80 589/1/80 78/1/80
f 582/1/81 70/1/81 73/1/81
f 578/1/82 66/1/82 69/1/82
f 477/1/83 985/1/83 474/1/83
f 481/1/84 989/1/84 478/1/84
f 485/1/85 993/1/85 482/1/85
f 726/1/86 43/1/86 217/1/86
f 13/1/87 697/1/87 186/1/87
f 525/1/2 214/1/2 16/1/2
f 754/1/45 46/1/45 245/1/45
f 4/1/88 613/1/88 102/1/88
f 77/1/89 537/1/89 28/1/89
f 528/1/90 242/1/90 19/1/90
f 562/1/91 50/1/91 53/1/91
f 614/1/92 31/1/92 105/1/92
f 22/1/45 781/1/45 270/1/45
f 133/1/93 543/1/93 34/1/93
f 49/1/94 534/1/94 25/1/94
f 161/1/95 546/1/95 37/1/95
f 516/1/96 130/1/96 7/1/96
f 698/1/2 40/1/2 189/1/2
f 519/1/97 158/1/97 10/1/97
f 1/1/98 3/1/98 2/1/98
f 4/1/99 6/1/99 5/1/99
f 7/1/100 9/1/100 8/1/100
f 10/1/101 12/1/101 11/1/101
f 13/1/102 15/1/102 14/1/102
f 16/1/103 18/1/103 17/1/103
f 19/1/104 21/1/104 20/1/104
f 22/1/105 24/1/105 23/1/105
f 25/1/106 27/1/106 26/1/106
f 28/1/107 30/1/107 29/1/107
f 31/1/108 33/1/108 32/1/108
f 34/1/109 36/1/109 35/1/109
f 37/1/110 39/1/110 38/1/110
f 40/1/111 42/1/111 41/1/111
f 43/1/112 45/1/112 44/1/112
f 46/1/113 48/1/113 47/1/113
f 49/1/114 51/1/114 50/1/114
f 53/1/115 55/1/115 54/1/115
f 57/1/116 59/1/116 58/1/116
f 61/1/117 63/1/117 62/1/117
f 65/1/118 67/1/118 66/1/118
f 69/1/119 71/1/119 70/1/119
f 76/1/120 74/1/120 73/1/120
f 77/1/121 79/1/121 78/1/121
f 81/1/122 83/1/122 82/1/122
f 85/1/123 87/1/123 86/1/123
f 89/1/124 91/1/124 90/1/124
f 93/1/125 95/1/125 94/1/125
f 97/1/126 99/1/126 98/1/126
f 104/1/127 102/1/127 101/1/127
f 105/1/128 107/1/128 106/1/128
f 109/1/129 111/1/129 110/1/129
f 113/1/130 115/1/130 114/1/130
f 117/1/131 119/1/131 118/1/131
f 121/1/132 123/1/132 122/1/132
f 125/1/133 127/1/133 126/1/133
f 132/1/134 130/1/134 129/1/134
f 133/1/135 135/1/135 134/1/135
f 137/1/136 139/1/136 138/1/136
f 141/1/137 143/1/137 142/1/137
f 145/1/138 147/1/138 146/1/138
f 149/1/139 151/1/139 150/1/139
f 153/1/140 155/1/140 154/1/140
f 160/1/141 158/1/141 157/1/141
f 161/1/142 163/1/142 162/1/142
f 165/1/143 167/1/143 166/1/143
f 172/1/144 170/1/144 169/1/144
f 176/1/145 174/1/145 173/1/145
f 180/1/146 178/1/146 177/1/146
f 184/1/147 182/1/147 181/1/147
f 188/1/148 186/1/148 185/1/148
f 189/1/103 191/1/103 190/1/103
f 193/1/103 195/1/103 194/1/103
f 200/1/103 198/1/103 197/1/103
f 204/1/149 202/1/149 201/1/149
f 208/1/103 206/1/103 205/1/103
f 212/1/103 210/1/103 209/1/103
f 216/1/103 214/1/103 213/1/103
f 217/1/150 219/1/150 218/1/150
f 224/1/151 222/1/151 221/1/151
f 228/1/152 226/1/152 225/1/152
f 232/1/153 230/1/153 229/1/153
f 236/1/154 234/1/154 233/1/154
f 240/1/155 238/1/155 237/1/155
f 244/1/156 242/1/156 241/1/156
f 245/1/105 247/1/105 246/1/105
f 249/1/157 251/1/157 250/1/157
f 256/1/105 254/1/105 253/1/105
f 260/1/157 258/1/157 257/1/157
f 264/1/105 262/1/105 261/1/105
f 268/1/105 266/1/105 265/1/105
f 272/1/105 270/1/105 269/1/105
f 273/1/158 275/1/158 274/1/158
f 277/1/159 279/1/159 278/1/159
f 281/1/160 283/1/160 282/1/160
f 285/1/161 287/1/161 286/1/161
f 289/1/162 291/1/162 290/1/162
f 296/1/163 294/1/163 293/1/163
f 300/1/164 298/1/164 297/1/164
f 301/1/149 303/1/149 302/1/149
f 305/1/103 307/1/103 306/1/103
f 309/1/103 311/1/103 310/1/103
f 313/1/103 315/1/103 314/1/103
f 317/1/103 319/1/103 318/1/103
f 324/1/103 322/1/103 321/1/103
f 328/1/149 326/1/149 325/1/149
f 329/1/165 331/1/165 330/1/165
f 333/1/166 335/1/166 334/1/166
f 337/1/167 339/1/167 338/1/167
f 341/1/168 343/1/168 342/1/168
f 345/1/169 347/1/169 346/1/169
f 349/1/170 351/1/170 350/1/170
f 356/1/171 354/1/171 353/1/171
f 357/1/105 359/1/105 358/1/105
f 361/1/157 363/1/157 362/1/157
f 365/1/105 367/1/105 366/1/105
f 369/1/105 371/1/105 370/1/105
f 373/1/105 375/1/105 374/1/105
f 380/1/105 378/1/105 377/1/105
f 384/1/105 382/1/105 381/1/105
f 385/1/172 387/1/172 386/1/172
f 392/1/173 390/1/173 389/1/173
f 396/1/174 394/1/174 393/1/174
f 400/1/175 398/1/175 397/1/175
f 404/1/176 402/1/176 401/1/176
f 408/1/177 406/1/177 405/1/177
f 412/1/178 410/1/178 409/1/178
f 413/1/179 415/1/179 414/1/179
f 420/1/180 418/1/180 417/1/180
f 424/1/181 422/1/181 421/1/181
f 428/1/182 426/1/182 425/1/182
f 432/1/183 430/1/183 429/1/183
f 436/1/184 434/1/184 433/1/184
f 440/1/185 438/1/185 437/1/185
f 441/1/186 443/1/186 442/1/186
f 448/1/187 446/1/187 445/1/187
f 452/1/188 450/1/188 449/1/188
f 456/1/189 454/1/189 453/1/189
f 460/1/190 458/1/190 457/1/190
f 464/1/191 462/1/191 461/1/191
f 468/1/192 466/1/192 465/1/192
f 469/1/193 471/1/193 470/1/193
f 476/1/194 474/1/194 473/1/194
f 480/1/195 478/1/195 477/1/195
f 484/1/196 482/1/196 481/1/196
f 488/1/197 486/1/197 485/1/197
f 492/1/198 490/1/198 489/1/198
f 496/1/199 494/1/199 493/1/199
f 510/1/200 512/1/200 511/1/200
f 513/1/201 515/1/201 514/1/201
f 516/1/202 518/1/202 517/1/202
f 519/1/203 521/1/203 520/1/203
f 522/1/204 524/1/204 523/1/204
f 525/1/205 527/1/205 526/1/205
f 528/1/206 530/1/206 529/1/206
f 531/1/207 533/1/207 532/1/207
f 534/1/208 536/1/208 535/1/208
f 537/1/209 539/1/209 538/1/209
f 540/1/210 542/1/210 541/1/210
f 543/1/211 545/1/211 544/1/211
f 546/1/212 548/1/212 547/1/212
f 549/1/213 551/1/213 550/1/213
f 552/1/214 554/1/214 553/1/214
f 555/1/215 557/1/215 556/1/215
f 558/1/216 560/1/216 559/1/216
f 562/1/217 564/1/217 563/1/217
f 566/1/218 568/1/218 567/1/218
f 570/1/219 572/1/219 571/1/219
f 574/1/220 576/1/220 575/1/220
f 578/1/221 580/1/221 579/1/221
f 585/1/222 583/1/222 582/1/222
f 586/1/223 588/1/223 587/1/223
f 590/1/224 592/1/224 591/1/224
f 594/1/225 596/1/225 595/1/225
f 598/1/226 600/1/226 599/1/226
f 602/1/227 604/1/227 603/1/227
f 606/1/228 608/1/228 607/1/228
f 613/1/229 611/1/229 610/1/229
f 614/1/230 616/1/230 615/1/230
f 618/1/231 620/1/231 619/1/231
f 622/1/232 624/1/232 623/1/232
f 626/1/233 628/1/233 627/1/233
f 630/1/234 632/1/234 631/1/234
f 634/1/235 636/1/235 635/1/235
f 641/1/236 639/1/236 638/1/236
f 642/1/237 644/1/237 643/1/237
f 646/1/238 648/1/238 647/1/238
f 650/1/239 652/1/239 651/1/239
f 654/1/240 656/1/240 655/1/240
f 658/1/241 660/1/241 659/1/241
f 662/1/242 664/1/242 663/1/242
f 669/1/243 667/1/243 666/1/243
f 670/1/244 672/1/244 671/1/244
f 674/1/245 676/1/245 675/1/245
f 681/1/246 679/1/246 678/1/246
f 685/1/247 683/1/247 682/1/247
f 689/1/248 687/1/248 686/1/248
f 693/1/249 691/1/249 690/1/249
f 697/1/250 695/1/250 694/1/250
f 698/1/205 700/1/205 699/1/205
f 702/1/251 704/1/251 703/1/251
f 709/1/205 707/1/205 706/1/205
f 713/1/251 711/1/251 710/1/251
f 717/1/205 715/1/205 714/1/205
f 721/1/251 719/1/251 718/1/251
f 725/1/251 723/1/251 722/1/251
f 726/1/252 728/1/252 727/1/252
f 733/1/253 731/1/253 730/1/253
f 737/1/254 735/1/254 734/1/254
f 741/1/255 739/1/255 738/1/255
f 745/1/256 743/1/256 742/1/256
f 749/1/257 747/1/257 746/1/257
f 753/1/258 751/1/258 750/1/258
f 754/1/207 756/1/207 755/1/207
f 758/1/207 760/1/207 759/1/207
f 765/1/207 763/1/207 762/1/207
f 769/1/259 767/1/259 766/1/259
f 773/1/207 771/1/207 770/1/207
f 777/1/259 775/1/259 774/1/259
f 781/1/207 779/1/207 778/1/207
f 782/1/260 784/1/260 783/1/260
f 786/1/261 788/1/261 787/1/261
f 790/1/262 792/1/262 791/1/262
f 794/1/263 796/1/263 795/1/263
f 798/1/264 800/1/264 799/1/264
f 805/1/265 803/1/265 802/1/265
f 809/1/266 807/1/266 806/1/266
f 810/1/205 812/1/205 811/1/205
f 814/1/251 816/1/251 815/1/251
f 818/1/205 820/1/205 819/1/205
f 822/1/205 824/1/205 823/1/205
f 826/1/205 828/1/205 827/1/205
f 833/1/205 831/1/205 830/1/205
f 837/1/251 835/1/251 834/1/251
f 838/1/267 840/1/267 839/1/267
f 842/1/268 844/1/268 843/1/268
f 846/1/269 848/1/269 847/1/269
f 850/1/270 852/1/270 851/1/270
f 854/1/271 856/1/271 855/1/271
f 858/1/272 860/1/272 859/1/272
f 865/1/273 863/1/273 862/1/273
f 866/1/207 868/1/207 867/1/207
f 870/1/207 872/1/207 871/1/207
f 874/1/259 876/1/259 875/1/259
f 878/1/207 880/1/207 879/1/207
f 882/1/207 884/1/207 883/1/207
f 889/1/207 887/1/207 886/1/207
f 893/1/207 891/1/207 890/1/207
f 894/1/274 896/1/274 895/1/274
f 901/1/275 899/1/275 898/1/275
f 905/1/276 903/1/276 902/1/276
f 909/1/277 907/1/277 906/1/277
f 913/1/278 911/1/278 910/1/278
f 917/1/279 915/1/279 914/1/279
f 921/1/280 919/1/280 918/1/280
f 922/1/281 924/1/281 923/1/281
f 929/1/282 927/1/282 926/1/282
f 933/1/283 931/1/283 930/1/283
f 937/1/284 935/1/284 934/1/284
f 941/1/285 939/1/285 938/1/285
f 945/1/286 943/1/286 942/1/286
f 949/1/287 947/1/287 946/1/287
f 950/1/288 952/1/288 951/1/288
f 957/1/289 955/1/289 954/1/289
f 961/1/290 959/1/290 958/1/290
f 965/1/291 963/1/291 962/1/291
f 969/1/292 967/1/292 966/1/292
f 973/1/293 971/1/293 970/1/293
f 977/1/294 975/1/294 974/1/294
f 978/1/295 980/1/295 979/1/295
f 985/1/296 983/1/296 982/1/296
f 989/1/297 987/1/297 986/1/297
f 993/1/298 991/1/298 990/1/298
f 997/1/299 995/1/299 994/1/299
f 1001/1/300 999/1/300 998/1/300
f 1005/1/301 1003/1/301 1002/1/301
f 25/1/302 52/1/302 49/1/302
f 50/1/303 56/1/303 53/1/303
f 54/1/304 60/1/304 57/1/304
f 58/1/305 64/1/305 61/1/305
f 62/1/306 68/1/306 65/1/306
f 66/1/307 72/1/307 69/1/307
f 71/1/308 73/1/308 70/1/308
f 75/1/309 1/1/309 74/1/309
f 28/1/310 80/1/310 77/1/310
f 78/1/311 84/1/311 81/1/311
f 82/1/312 88/1/312 85/1/312
f 86/1/313 92/1/313 89/1/313
f 90/1/314 96/1/314 93/1/314
f 94/1/315 100/1/315 97/1/315
f 99/1/316 101/1/316 98/1/316
f 103/1/317 4/1/317 102/1/317
f 31/1/318 108/1/318 105/1/318
f 106/1/319 112/1/319 109/1/319
f 110/1/320 116/1/320 113/1/320
f 114/1/321 120/1/321 117/1/321
f 118/1/322 124/1/322 121/1/322
f 122/1/323 128/1/323 125/1/323
f 127/1/324 129/1/324 126/1/324
f 131/1/325 7/1/325 130/1/325
f 34/1/326 136/1/326 133/1/326
f 134/1/327 140/1/327 137/1/327
f 138/1/328 144/1/328 141/1/328
f 142/1/329 148/1/329 145/1/329
f 146/1/330 152/1/330 149/1/330
f 150/1/331 156/1/331 153/1/331
f 155/1/332 157/1/332 154/1/332
f 159/1/333 10/1/333 158/1/333
f 37/1/334 164/1/334 161/1/334
f 162/1/335 168/1/335 165/1/335
f 167/1/336 169/1/336 166/1/336
f 171/1/337 173/1/337 170/1/337
f 175/1/338 177/1/338 174/1/338
f 179/1/339 181/1/339 178/1/339
f 183/1/340 185/1/340 182/1/340
f 187/1/341 13/1/341 186/1/341
f 40/1/103 192/1/103 189/1/103
f 190/1/149 196/1/149 193/1/149
f 195/1/103 197/1/103 194/1/103
f 199/1/103 201/1/103 198/1/103
f 203/1/103 205/1/103 202/1/103
f 207/1/149 209/1/149 206/1/149
f 211/1/149 213/1/149 210/1/149
f 215/1/149 16/1/149 214/1/149
f 43/1/342 220/1/342 217/1/342
f 218/1/343 224/1/343 221/1/343
f 223/1/344 225/1/344 222/1/344
f 227/1/345 229/1/345 226/1/345
f 231/1/346 233/1/346 230/1/346
f 235/1/347 237/1/347 234/1/347
f 239/1/348 241/1/348 238/1/348
f 243/1/349 19/1/349 242/1/349
f 46/1/105 248/1/105 245/1/105
f 246/1/105 252/1/105 249/1/105
f 251/1/105 253/1/105 250/1/105
f 255/1/105 257/1/105 254/1/105
f 259/1/105 261/1/105 258/1/105
f 263/1/105 265/1/105 262/1/105
f 267/1/105 269/1/105 266/1/105
f 271/1/105 22/1/105 270/1/105
f 14/1/350 276/1/350 273/1/350
f 274/1/351 280/1/351 277/1/351
f 278/1/352 284/1/352 281/1/352
f 282/1/353 288/1/353 285/1/353
f 286/1/354 292/1/354 289/1/354
f 291/1/355 293/1/355 290/1/355
f 295/1/356 297/1/356 294/1/356
f 299/1/357 27/1/357 298/1/357
f 17/1/103 304/1/103 301/1/103
f 302/1/149 308/1/149 305/1/149
f 306/1/103 312/1/103 309/1/103
f 310/1/103 316/1/103 313/1/103
f 314/1/103 320/1/103 317/1/103
f 318/1/103 324/1/103 321/1/103
f 323/1/149 325/1/149 322/1/149
f 327/1/103 30/1/103 326/1/103
f 20/1/358 332/1/358 329/1/358
f 330/1/359 336/1/359 333/1/359
f 334/1/360 340/1/360 337/1/360
f 338/1/361 344/1/361 341/1/361
f 342/1/362 348/1/362 345/1/362
f 346/1/363 352/1/363 349/1/363
f 351/1/364 353/1/364 350/1/364
f 355/1/365 33/1/365 354/1/365
f 23/1/105 360/1/105 357/1/105
f 358/1/105 364/1/105 361/1/105
f 362/1/157 368/1/157 365/1/157
f 366/1/105 372/1/105 369/1/105
f 370/1/105 376/1/105 373/1/105
f 374/1/105 380/1/105 377/1/105
f 379/1/105 381/1/105 378/1/105
f 383/1/105 36/1/105 382/1/105
f 5/1/366 388/1/366 385/1/366
f 386/1/367 392/1/367 389/1/367
f 391/1/368 393/1/368 390/1/368
f 395/1/369 397/1/369 394/1/369
f 399/1/370 401/1/370 398/1/370
f 403/1/371 405/1/371 402/1/371
f 407/1/372 409/1/372 406/1/372
f 411/1/373 39/1/373 410/1/373
f 8/1/374 416/1/374 413/1/374
f 414/1/375 420/1/375 417/1/375
f 419/1/376 421/1/376 418/1/376
f 423/1/377 425/1/377 422/1/377
f 427/1/378 429/1/378 426/1/378
f 431/1/379 433/1/379 430/1/379
f 435/1/380 437/1/380 434/1/380
f 439/1/381 42/1/381 438/1/381
f 11/1/382 444/1/382 441/1/382
f 442/1/383 448/1/383 445/1/383
f 447/1/384 449/1/384 446/1/384
f 451/1/385 453/1/385 450/1/385
f 455/1/386 457/1/386 454/1/386
f 459/1/387 461/1/387 458/1/387
f 463/1/388 465/1/388 462/1/388
f 467/1/389 45/1/389 466/1/389
f 2/1/390 472/1/390 469/1/390
f 470/1/391 476/1/391 473/1/391
f 475/1/392 477/1/392 474/1/392
f 479/1/393 481/1/393 478/1/393
f 483/1/394 485/1/394 482/1/394
f 487/1/395 489/1/395 486/1/395
f 491/1/396 493/1/396 490/1/396
f 495/1/397 48/1/397 494/1/397
f 534/1/398 559/1/398 536/1/398
f 561/1/399 563/1/399 560/1/399
f 565/1/400 567/1/400 564/1/400
f 569/1/401 571/1/401 568/1/401
f 573/1/402 575/1/402 572/1/402
f 577/1/403 579/1/403 576/1/403
f 580/1/404 582/1/404 583/1/404
f 584/1/405 510/1/405 511/1/405
f 537/1/406 587/1/406 539/1/406
f 589/1/407 591/1/407 588/1/407
f 593/1/408 595/1/408 592/1/408
f 597/1/409 599/1/409 596/1/409
f 601/1/410 603/1/410 600/1/410
f 605/1/411 607/1/411 604/1/411
f 608/1/412 610/1/412 611/1/412
f 612/1/413 513/1/413 514/1/413
f 540/1/414 615/1/414 542/1/414
f 617/1/415 619/1/415 616/1/415
f 621/1/416 623/1/416 620/1/416
f 625/1/417 627/1/417 624/1/417
f 629/1/418 631/1/418 628/1/418
f 633/1/419 635/1/419 632/1/419
f 636/1/420 638/1/420 639/1/420
f 640/1/421 516/1/421 517/1/421
f 543/1/422 643/1/422 545/1/422
f 645/1/423 647/1/423 644/1/423
f 649/1/424 651/1/424 648/1/424
f 653/1/425 655/1/425 652/1/425
f 657/1/426 659/1/426 656/1/426
f 661/1/427 663/1/427 660/1/427
f 664/1/428 666/1/428 667/1/428
f 668/1/429 519/1/429 520/1/429
f 546/1/430 671/1/430 548/1/430
f 673/1/431 675/1/431 672/1/431
f 676/1/432 678/1/432 679/1/432
f 680/1/433 682/1/433 683/1/433
f 684/1/434 686/1/434 687/1/434
f 688/1/435 690/1/435 691/1/435
f 692/1/436 694/1/436 695/1/436
f 696/1/437 522/1/437 523/1/437
f 549/1/205 699/1/205 551/1/205
f 701/1/205 703/1/205 700/1/205
f 704/1/205 706/1/205 707/1/205
f 708/1/251 710/1/251 711/1/251
f 712/1/205 714/1/205 715/1/205
f 716/1/205 718/1/205 719/1/205
f 720/1/251 722/1/251 723/1/251
f 724/1/205 525/1/205 526/1/205
f 552/1/438 727/1/438 554/1/438
f 729/1/439 731/1/439 728/1/439
f 732/1/440 734/1/440 735/1/440
f 736/1/441 738/1/441 739/1/441
f 740/1/442 742/1/442 743/1/442
f 744/1/443 746/1/443 747/1/443
f 748/1/444 750/1/444 751/1/444
f 752/1/445 528/1/445 529/1/445
f 555/1/207 755/1/207 557/1/207
f 757/1/207 759/1/207 756/1/207
f 760/1/207 762/1/207 763/1/207
f 764/1/259 766/1/259 767/1/259
f 768/1/207 770/1/207 771/1/207
f 772/1/259 774/1/259 775/1/259
f 776/1/207 778/1/207 779/1/207
f 780/1/207 531/1/207 532/1/207
f 524/1/446 783/1/446 523/1/446
f 785/1/447 787/1/447 784/1/447
f 789/1/448 791/1/448 788/1/448
f 793/1/449 795/1/449 792/1/449
f 797/1/450 799/1/450 796/1/450
f 800/1/451 802/1/451 803/1/451
f 804/1/452 806/1/452 807/1/452
f 808/1/453 535/1/453 536/1/453
f 527/1/205 811/1/205 526/1/205
f 813/1/251 815/1/251 812/1/251
f 817/1/205 819/1/205 816/1/205
f 821/1/205 823/1/205 820/1/205
f 825/1/205 827/1/205 824/1/205
f 829/1/205 831/1/205 828/1/205
f 832/1/251 834/1/251 835/1/251
f 836/1/205 538/1/205 539/1/205
f 530/1/454 839/1/454 529/1/454
f 841/1/455 843/1/455 840/1/455
f 845/1/456 847/1/456 844/1/456
f 849/1/457 851/1/457 848/1/457
f 853/1/458 855/1/458 852/1/458
f 857/1/459 859/1/459 856/1/459
f 860/1/460 862/1/460 863/1/460
f 864/1/461 541/1/461 542/1/461
f 533/1/207 867/1/207 532/1/207
f 869/1/207 871/1/207 868/1/207
f 873/1/259 875/1/259 872/1/259
f 877/1/207 879/1/207 876/1/207
f 881/1/207 883/1/207 880/1/207
f 885/1/207 887/1/207 884/1/207
f 888/1/207 890/1/207 891/1/207
f 892/1/207 544/1/207 545/1/207
f 515/1/462 895/1/462 514/1/462
f 897/1/463 899/1/463 896/1/463
f 900/1/464 902/1/464 903/1/464
f 904/1/465 906/1/465 907/1/465
f 908/1/466 910/1/466 911/1/466
f 912/1/467 914/1/467 915/1/467
f 916/1/468 918/1/468 919/1/468
f 920/1/469 547/1/469 548/1/469
f 518/1/470 923/1/470 517/1/470
f 925/1/471 927/1/471 924/1/471
f 928/1/472 930/1/472 931/1/472
f 932/1/473 934/1/473 935/1/473
f 936/1/474 938/1/474 939/1/474
f 940/1/475 942/1/475 943/1/475
f 944/1/476 946/1/476 947/1/476
f 948/1/477 550/1/477 551/1/477
f 521/1/478 951/1/478 520/1/478
f 953/1/479 955/1/479 952/1/479
f 956/1/480 958/1/480 959/1/480
f 960/1/481 962/1/481 963/1/481
f 964/1/482 966/1/482 967/1/482
f 968/1/483 970/1/483 971/1/483
f 972/1/484 974/1/484 975/1/484
f 976/1/485 553/1/485 554/1/485
f 512/1/486 979/1/486 511/1/486
f 981/1/487 983/1/487 980/1/487
f 984/1/488 986/1/488 987/1/488
f 988/1/489 990/1/489 991/1/489
f 992/1/490 994/1/490 995/1/490
f 996/1/491 998/1/491 999/1/491
f 1000/1/492 1002/1/492 1003/1/492
f 1004/1/493 556/1/493 557/1/493
f 426/1/494 934/1/494 425/1/494
f 938/1/495 430/1/495 941/1/495
f 246/1/45 754/1/45 245/1/45
f 758/1/45 250/1/45 761/1/45
f 69/1/496 581/1/496 578/1/496
f 582/1/497 74/1/497 585/1/497
f 945/1/498 433/1/498 434/1/498
f 762/1/45 254/1/45 765/1/45
f 510/1/499 2/1/499 512/1/499
f 949/1/500 437/1/500 438/1/500
f 766/1/45 258/1/45 769/1/45
f 28/1/501 538/1/501 30/1/501
f 586/1/502 78/1/502 589/1/502
f 550/1/503 40/1/503 549/1/503
f 770/1/45 262/1/45 773/1/45
f 590/1/504 82/1/504 593/1/504
f 11/1/505 519/1/505 10/1/505
f 950/1/506 442/1/506 953/1/506
f 777/1/507 265/1/507 266/1/507
f 594/1/508 86/1/508 597/1/508
f 954/1/509 446/1/509 957/1/509
f 781/1/45 269/1/45 270/1/45
f 598/1/510 90/1/510 601/1/510
f 958/1/511 450/1/511 961/1/511
f 533/1/45 22/1/45 23/1/45
f 602/1/512 94/1/512 605/1/512
f 962/1/513 454/1/513 965/1/513
f 14/1/514 522/1/514 13/1/514
f 782/1/515 274/1/515 785/1/515
f 606/1/516 98/1/516 609/1/516
f 966/1/517 458/1/517 969/1/517
f 786/1/518 278/1/518 789/1/518
f 610/1/519 102/1/519 613/1/519
f 970/1/520 462/1/520 973/1/520
f 790/1/521 282/1/521 793/1/521
f 513/1/522 5/1/522 515/1/522
f 974/1/523 466/1/523 977/1/523
f 794/1/524 286/1/524 797/1/524
f 31/1/525 541/1/525 33/1/525
f 614/1/526 106/1/526 617/1/526
f 553/1/527 43/1/527 552/1/527
f 798/1/528 290/1/528 801/1/528
f 618/1/529 110/1/529 621/1/529
f 978/1/530 470/1/530 981/1/530
f 802/1/531 294/1/531 805/1/531
f 622/1/532 114/1/532 625/1/532
f 982/1/533 474/1/533 985/1/533
f 806/1/534 298/1/534 809/1/534
f 626/1/535 118/1/535 629/1/535
f 986/1/536 478/1/536 989/1/536
f 535/1/537 25/1/537 534/1/537
f 630/1/538 122/1/538 633/1/538
f 990/1/539 482/1/539 993/1/539
f 17/1/2 525/1/2 16/1/2
f 810/1/2 302/1/2 813/1/2
f 634/1/540 126/1/540 637/1/540
f 994/1/541 486/1/541 997/1/541
f 814/1/542 306/1/542 817/1/542
f 638/1/543 130/1/543 641/1/543
f 998/1/544 490/1/544 1001/1/544
f 821/1/2 309/1/2 310/1/2
f 516/1/545 8/1/545 518/1/545
f 1002/1/546 494/1/546 1005/1/546
f 822/1/542 314/1/542 825/1/542
f 34/1/547 544/1/547 36/1/547
f 642/1/548 134/1/548 645/1/548
f 556/1/549 46/1/549 555/1/549
f 826/1/542 318/1/542 829/1/542
f 646/1/550 138/1/550 649/1/550
f 830/1/2 322/1/2 833/1/2
f 650/1/551 142/1/551 653/1/551
f 834/1/2 326/1/2 837/1/2
f 654/1/552 146/1/552 657/1/552
f 658/1/553 150/1/553 661/1/553
f 20/1/48 528/1/48 19/1/48
f 838/1/554 330/1/554 841/1/554
f 662/1/555 154/1/555 665/1/555
f 842/1/556 334/1/556 845/1/556
f 666/1/557 158/1/557 669/1/557
f 846/1/558 338/1/558 849/1/558
f 850/1/559 342/1/559 853/1/559
f 37/1/560 547/1/560 39/1/560
f 670/1/561 162/1/561 673/1/561
f 854/1/562 346/1/562 857/1/562
f 674/1/563 166/1/563 677/1/563
f 858/1/564 350/1/564 861/1/564
f 678/1/565 170/1/565 681/1/565
f 862/1/566 354/1/566 865/1/566
f 682/1/567 174/1/567 685/1/567
f 686/1/568 178/1/568 689/1/568
f 869/1/507 357/1/507 358/1/507
f 690/1/569 182/1/569 693/1/569
f 870/1/45 362/1/45 873/1/45
f 694/1/570 186/1/570 697/1/570
f 874/1/507 366/1/507 877/1/507
f 878/1/507 370/1/507 881/1/507
f 698/1/542 190/1/542 701/1/542
f 882/1/45 374/1/45 885/1/45
f 702/1/542 194/1/542 705/1/542
f 886/1/45 378/1/45 889/1/45
f 706/1/2 198/1/2 709/1/2
f 890/1/45 382/1/45 893/1/45
f 710/1/542 202/1/542 713/1/542
f 714/1/2 206/1/2 717/1/2
f 894/1/571 386/1/571 897/1/571
f 718/1/2 210/1/2 721/1/2
f 898/1/572 390/1/572 901/1/572
f 722/1/2 214/1/2 725/1/2
f 902/1/573 394/1/573 905/1/573
f 906/1/574 398/1/574 909/1/574
f 726/1/575 218/1/575 729/1/575
f 910/1/576 402/1/576 913/1/576
f 730/1/49 222/1/49 733/1/49
f 914/1/577 406/1/577 917/1/577
f 734/1/578 226/1/578 737/1/578
f 918/1/579 410/1/579 921/1/579
f 738/1/580 230/1/580 741/1/580
f 558/1/581 50/1/581 561/1/581
f 742/1/582 234/1/582 745/1/582
f 562/1/583 54/1/583 565/1/583
f 922/1/584 414/1/584 925/1/584
f 746/1/585 238/1/585 749/1/585
f 566/1/586 58/1/586 569/1/586
f 926/1/587 418/1/587 929/1/587
f 750/1/588 242/1/588 753/1/588
f 570/1/589 62/1/589 573/1/589
f 930/1/590 422/1/590 933/1/590
f 574/1/591 66/1/591 577/1/591
f 510/1/592 74/1/592 1/1/592
f 1278/1/593 2003/1/593 1244/1/593
f 1213/1/594 1929/1/594 1212/1/594
f 1248/1/595 2437/1/595 1459/1/595
f 500/1/596 1666/1/596 1081/1/596
f 1411/1/597 2340/1/597 1410/1/597
f 1235/1/598 2073/1/598 1277/1/598
f 1109/1/599 1721/1/599 1108/1/599
f 1458/1/600 2433/1/600 1457/1/600
f 1078/1/601 1520/1/601 1011/1/601
f 1306/1/602 2133/1/602 2132/1/602
f 1276/1/603 2069/1/603 1275/1/603
f 1211/1/604 1925/1/604 1210/1/604
f 1455/1/605 2432/1/605 2429/1/605
f 1076/1/606 1662/1/606 1079/1/606
f 1409/1/597 2336/1/597 1408/1/597
f 1274/1/607 2065/1/607 1273/1/607
f 1107/1/608 1717/1/608 1106/1/608
f 1453/1/609 2428/1/609 2425/1/609
f 1074/1/610 1658/1/610 1077/1/610
f 1305/1/611 2128/1/611 1304/1/611
f 1272/1/612 2061/1/612 1271/1/612
f 1209/1/613 1921/1/613 1208/1/613
f 1451/1/614 2424/1/614 2421/1/614
f 1072/1/615 1654/1/615 1075/1/615
f 1407/1/597 2332/1/597 1406/1/597
f 1270/1/616 2057/1/616 1269/1/616
f 1105/1/617 1713/1/617 1104/1/617
f 1449/1/618 2420/1/618 2417/1/618
f 1070/1/619 1650/1/619 1073/1/619
f 1303/1/620 2124/1/620 1302/1/620
f 1268/1/621 2053/1/621 1267/1/621
f 1207/1/622 1917/1/622 1206/1/622
f 1447/1/623 2416/1/623 2413/1/623
f 1068/1/624 1646/1/624 1071/1/624
f 1405/1/597 2328/1/597 1404/1/597
f 1266/1/625 2049/1/625 1265/1/625
f 1103/1/626 1709/1/626 1102/1/626
f 1237/1/627 2412/1/627 1981/1/627
f 1066/1/628 1642/1/628 1069/1/628
f 1301/1/629 2120/1/629 1300/1/629
f 1264/1/630 2000/1/630 1243/1/630
f 1205/1/631 1913/1/631 1204/1/631
f 1445/1/632 2012/1/632 2409/1/632
f 501/1/633 1638/1/633 1067/1/633
f 1403/1/634 2324/1/634 1402/1/634
f 1234/1/635 2045/1/635 1263/1/635
f 1101/1/636 1705/1/636 1100/1/636
f 1443/1/637 2408/1/637 2405/1/637
f 1008/1/638 1633/1/638 1512/1/638
f 1299/1/639 2116/1/639 1298/1/639
f 1262/1/640 2041/1/640 1261/1/640
f 1203/1/641 1909/1/641 1202/1/641
f 1441/1/642 2404/1/642 2401/1/642
f 1065/1/643 1629/1/643 1634/1/643
f 1401/1/644 2320/1/644 1400/1/644
f 1260/1/645 2037/1/645 1259/1/645
f 1099/1/646 1701/1/646 1098/1/646
f 1439/1/647 2400/1/647 2397/1/647
f 1063/1/648 1625/1/648 1630/1/648
f 1297/1/649 2112/1/649 1296/1/649
f 1258/1/650 2033/1/650 1257/1/650
f 1201/1/651 1905/1/651 1200/1/651
f 1437/1/652 2396/1/652 2393/1/652
f 1061/1/653 1621/1/653 1626/1/653
f 1399/1/654 2316/1/654 1398/1/654
f 1256/1/655 2029/1/655 1255/1/655
f 1097/1/656 1697/1/656 1096/1/656
f 1435/1/657 2392/1/657 2389/1/657
f 1059/1/658 1617/1/658 1622/1/658
f 1295/1/659 2108/1/659 1294/1/659
f 1254/1/660 2025/1/660 1253/1/660
f 1199/1/661 1901/1/661 1198/1/661
f 1433/1/662 2388/1/662 2385/1/662
f 1057/1/663 1613/1/663 1618/1/663
f 1397/1/664 2312/1/664 1396/1/664
f 1252/1/665 2021/1/665 1251/1/665
f 1095/1/666 1693/1/666 1094/1/666
f 1236/1/667 2384/1/667 1978/1/667
f 1055/1/668 1609/1/668 1614/1/668
f 1293/1/669 2104/1/669 1292/1/669
f 1242/1/670 2020/1/670 1997/1/670
f 1197/1/671 1897/1/671 1196/1/671
f 1431/1/672 2009/1/672 2381/1/672
f 1053/1/673 1492/1/673 1610/1/673
f 1232/1/674 1543/1/674 1020/1/674
f 1395/1/675 2308/1/675 1394/1/675
f 1093/1/596 1689/1/596 1092/1/596
f 1429/1/676 2380/1/676 2377/1/676
f 498/1/677 1605/1/677 1481/1/677
f 1230/1/678 1970/1/678 1233/1/678
f 1291/1/679 2100/1/679 1290/1/679
f 1195/1/680 1893/1/680 1194/1/680
f 1427/1/681 2376/1/681 2373/1/681
f 1051/1/682 1601/1/682 1606/1/682
f 1228/1/683 1966/1/683 1231/1/683
f 1393/1/684 2304/1/684 1392/1/684
f 1091/1/596 1685/1/596 1090/1/596
f 1425/1/685 2372/1/685 2369/1/685
f 1049/1/686 1597/1/686 1602/1/686
f 1226/1/687 1962/1/687 1229/1/687
f 1289/1/688 2096/1/688 1288/1/688
f 1056/1/689 1618/1/689 1617/1/689
f 1193/1/690 1889/1/690 1192/1/690
f 1423/1/691 2368/1/691 2365/1/691
f 1047/1/692 1593/1/692 1598/1/692
f 1224/1/693 1958/1/693 1227/1/693
f 1391/1/694 2300/1/694 1390/1/694
f 1089/1/596 1681/1/596 1088/1/596
f 1421/1/695 2364/1/695 2361/1/695
f 1045/1/696 1589/1/696 1594/1/696
f 1222/1/697 1954/1/697 1225/1/697
f 1287/1/698 2092/1/698 1286/1/698
f 1191/1/699 1885/1/699 1190/1/699
f 1419/1/700 2360/1/700 2357/1/700
f 1043/1/701 1585/1/701 1590/1/701
f 1220/1/702 1950/1/702 1223/1/702
f 1389/1/703 2296/1/703 1388/1/703
f 1087/1/596 1677/1/596 1086/1/596
f 1058/1/704 1622/1/704 1621/1/704
f 1235/1/705 2356/1/705 1975/1/705
f 1041/1/706 1581/1/706 1586/1/706
f 1048/1/707 1602/1/707 1601/1/707
f 497/1/708 1946/1/708 1221/1/708
f 1060/1/709 1626/1/709 1625/1/709
f 1285/1/710 2088/1/710 1284/1/710
f 509/1/711 1504/1/711 1505/1/711
f 1189/1/712 1881/1/712 1188/1/712
f 1245/1/597 2353/1/597 1417/1/597
f 1039/1/713 1523/1/713 1582/1/713
f 499/1/714 1941/1/714 1483/1/714
f 1387/1/703 2292/1/703 1386/1/703
f 1026/1/715 1558/1/715 1557/1/715
f 1085/1/596 1673/1/596 1084/1/596
f 1416/1/597 2349/1/597 1415/1/597
f 1006/1/716 1577/1/716 1508/1/716
f 1219/1/717 1937/1/717 1942/1/717
f 1283/1/718 2084/1/718 1282/1/718
f 1187/1/719 1877/1/719 1186/1/719
f 1414/1/597 2345/1/597 1413/1/597
f 1037/1/720 1573/1/720 1578/1/720
f 507/1/721 1500/1/721 1501/1/721
f 1214/1/722 1938/1/722 1217/1/722
f 1385/1/703 2288/1/703 1384/1/703
f 1083/1/596 1669/1/596 1082/1/596
f 1050/1/723 1606/1/723 1605/1/723
f 1412/1/597 2341/1/597 1411/1/597
f 1035/1/724 1569/1/724 1574/1/724
f 1212/1/725 1934/1/725 1215/1/725
f 1281/1/726 2080/1/726 1280/1/726
f 1185/1/727 1873/1/727 1184/1/727
f 1410/1/597 2337/1/597 1409/1/597
f 1033/1/728 1565/1/728 1570/1/728
f 1210/1/729 1930/1/729 1213/1/729
f 1383/1/703 2284/1/703 1382/1/703
f 1081/1/596 1665/1/596 1080/1/596
f 1408/1/597 2333/1/597 1407/1/597
f 1031/1/730 1561/1/730 1566/1/730
f 1208/1/731 1926/1/731 1211/1/731
f 1279/1/732 2076/1/732 1278/1/732
f 1183/1/733 1869/1/733 1182/1/733
f 1406/1/597 2329/1/597 1405/1/597
f 1029/1/734 1557/1/734 1562/1/734
f 1206/1/735 1922/1/735 1209/1/735
f 1381/1/703 2280/1/703 1380/1/703
f 1079/1/601 1661/1/601 1078/1/601
f 1404/1/597 1993/1/597 1241/1/597
f 1027/1/736 1497/1/736 1558/1/736
f 1008/1/737 1918/1/737 1207/1/737
f 1277/1/738 2072/1/738 1276/1/738
f 1181/1/739 1865/1/739 1180/1/739
f 1244/1/634 2325/1/634 1403/1/634
f 1025/1/740 1526/1/740 1554/1/740
f 1062/1/741 1630/1/741 1629/1/741
f 1204/1/742 1486/1/742 500/1/742
f 1379/1/703 2276/1/703 1378/1/703
f 1077/1/743 1657/1/743 1076/1/743
f 1402/1/744 2321/1/744 1401/1/744
f 497/1/745 1501/1/745 1476/1/745
f 1202/1/746 1914/1/746 1205/1/746
f 1275/1/747 2068/1/747 1274/1/747
f 1179/1/748 1861/1/748 1178/1/748
f 1400/1/749 2317/1/749 1399/1/749
f 506/1/750 1505/1/750 1500/1/750
f 1028/1/751 1562/1/751 1561/1/751
f 1200/1/752 1910/1/752 1203/1/752
f 1377/1/703 2272/1/703 1376/1/703
f 505/1/753 1554/1/753 1497/1/753
f 1075/1/754 1653/1/754 1074/1/754
f 1398/1/755 2313/1/755 1397/1/755
f 508/1/756 1553/1/756 1504/1/756
f 1198/1/757 1906/1/757 1201/1/757
f 1273/1/758 2064/1/758 1272/1/758
f 1176/1/599 1858/1/599 1857/1/599
f 1396/1/759 2309/1/759 1395/1/759
f 1023/1/760 1496/1/760 1552/1/760
f 1196/1/761 1902/1/761 1199/1/761
f 1374/1/762 2269/1/762 2268/1/762
f 1073/1/763 1649/1/763 1072/1/763
f 1394/1/764 2305/1/764 1393/1/764
f 503/1/765 1545/1/765 1495/1/765
f 1194/1/766 1898/1/766 1197/1/766
f 1271/1/767 2060/1/767 1270/1/767
f 1174/1/599 1854/1/599 1853/1/599
f 1392/1/768 2301/1/768 1391/1/768
f 1022/1/769 1535/1/769 1549/1/769
f 1192/1/770 1894/1/770 1195/1/770
f 1373/1/771 2264/1/771 1372/1/771
f 1071/1/772 1645/1/772 1070/1/772
f 1390/1/773 1990/1/773 1240/1/773
f 1016/1/774 1539/1/774 1534/1/774
f 498/1/775 1890/1/775 1193/1/775
f 1269/1/776 2056/1/776 1268/1/776
f 1172/1/599 1850/1/599 1849/1/599
f 1243/1/703 2297/1/703 1389/1/703
f 1014/1/777 1538/1/777 1018/1/777
f 1190/1/624 1489/1/624 501/1/624
f 1371/1/778 2260/1/778 1370/1/778
f 1069/1/779 1641/1/779 1068/1/779
f 1388/1/703 2293/1/703 1387/1/703
f 1188/1/780 1886/1/780 1191/1/780
f 1267/1/781 2052/1/781 1266/1/781
f 1472/1/782 2465/1/782 2464/1/782
f 1170/1/599 1846/1/599 1845/1/599
f 1386/1/703 2289/1/703 1385/1/703
f 1186/1/783 1882/1/783 1189/1/783
f 1369/1/784 2256/1/784 1368/1/784
f 1067/1/633 1637/1/633 1066/1/633
f 1384/1/703 2285/1/703 1383/1/703
f 1184/1/785 1878/1/785 1187/1/785
f 1265/1/786 2048/1/786 1264/1/786
f 1470/1/787 2461/1/787 2460/1/787
f 1168/1/599 1842/1/599 1841/1/599
f 1382/1/703 2281/1/703 1381/1/703
f 1182/1/788 1874/1/788 1185/1/788
f 1367/1/789 2252/1/789 1366/1/789
f 1064/1/790 1634/1/790 1633/1/790
f 1380/1/703 2277/1/703 1379/1/703
f 1180/1/791 1870/1/791 1183/1/791
f 1263/1/792 2044/1/792 1262/1/792
f 1468/1/793 2457/1/793 2456/1/793
f 1166/1/599 1838/1/599 1837/1/599
f 1378/1/703 2273/1/703 1377/1/703
f 1178/1/794 1866/1/794 1181/1/794
f 1365/1/795 2248/1/795 1364/1/795
f 1376/1/703 1987/1/703 1239/1/703
f 1006/1/796 1862/1/796 1179/1/796
f 1261/1/797 2040/1/797 1260/1/797
f 1466/1/798 2453/1/798 2452/1/798
f 1164/1/599 1834/1/599 1833/1/599
f 1375/1/799 1997/1/799 2269/1/799
f 502/1/599 1857/1/599 1492/1/599
f 1363/1/800 2244/1/800 1362/1/800
f 1374/1/801 2265/1/801 1373/1/801
f 1177/1/599 1853/1/599 1858/1/599
f 1259/1/802 2036/1/802 1258/1/802
f 1464/1/803 2449/1/803 2448/1/803
f 1162/1/804 1830/1/804 1829/1/804
f 1372/1/805 2261/1/805 1371/1/805
f 1175/1/599 1849/1/599 1854/1/599
f 1360/1/597 2241/1/597 2240/1/597
f 1370/1/806 2257/1/806 1369/1/806
f 1173/1/599 1845/1/599 1850/1/599
f 1257/1/807 2032/1/807 1256/1/807
f 1462/1/808 2445/1/808 2444/1/808
f 1160/1/809 1826/1/809 1825/1/809
f 1368/1/810 2253/1/810 1367/1/810
f 1171/1/599 1841/1/599 1846/1/599
f 1358/1/597 2237/1/597 2236/1/597
f 1366/1/811 2249/1/811 1365/1/811
f 1169/1/599 1837/1/599 1842/1/599
f 1255/1/812 2028/1/812 1254/1/812
f 1460/1/813 2441/1/813 2440/1/813
f 1158/1/814 1822/1/814 1821/1/814
f 1364/1/815 2245/1/815 1363/1/815
f 1167/1/599 1833/1/599 1838/1/599
f 1356/1/597 2233/1/597 2232/1/597
f 1362/1/816 1984/1/816 1238/1/816
f 1165/1/599 1531/1/599 1834/1/599
f 1253/1/817 2024/1/817 1252/1/817
f 1459/1/818 2436/1/818 1458/1/818
f 1156/1/819 1818/1/819 1817/1/819
f 1361/1/597 1993/1/597 2241/1/597
f 1012/1/804 1829/1/804 1523/1/804
f 1354/1/597 2229/1/597 2228/1/597
f 1359/1/597 2240/1/597 2237/1/597
f 1163/1/804 1825/1/804 1830/1/804
f 1251/1/820 2020/1/820 1250/1/820
f 1456/1/821 2433/1/821 2432/1/821
f 1154/1/822 1814/1/822 1813/1/822
f 1357/1/597 2236/1/597 2233/1/597
f 1161/1/713 1821/1/713 1826/1/713
f 1352/1/597 2225/1/597 2224/1/597
f 1355/1/597 2232/1/597 2229/1/597
f 1159/1/823 1817/1/823 1822/1/823
f 1454/1/824 2429/1/824 2428/1/824
f 1152/1/825 1810/1/825 1809/1/825
f 1353/1/597 2228/1/597 2225/1/597
f 1052/1/826 1610/1/826 1609/1/826
f 1157/1/827 1813/1/827 1818/1/827
f 1350/1/597 2221/1/597 2220/1/597
f 1351/1/597 2224/1/597 2221/1/597
f 1155/1/828 1809/1/828 1814/1/828
f 1054/1/829 1614/1/829 1613/1/829
f 1452/1/830 2425/1/830 2424/1/830
f 1150/1/831 1806/1/831 1805/1/831
f 1349/1/597 2220/1/597 2217/1/597
f 1153/1/832 1805/1/832 1810/1/832
f 1348/1/597 2217/1/597 2216/1/597
f 1046/1/833 1598/1/833 1597/1/833
f 1249/1/597 2216/1/597 2018/1/597
f 1151/1/834 1514/1/834 1806/1/834
f 1030/1/835 1566/1/835 1565/1/835
f 1450/1/836 2421/1/836 2420/1/836
f 1148/1/596 1802/1/596 1801/1/596
f 1347/1/837 1990/1/837 2213/1/837
f 1013/1/596 1801/1/596 1526/1/596
f 1346/1/838 2213/1/838 2212/1/838
f 1345/1/839 2212/1/839 2209/1/839
f 1032/1/840 1570/1/840 1569/1/840
f 1149/1/596 1797/1/596 1802/1/596
f 1448/1/841 2417/1/841 2416/1/841
f 1146/1/596 1798/1/596 1797/1/596
f 1343/1/842 2208/1/842 2205/1/842
f 1147/1/596 1793/1/596 1798/1/596
f 1344/1/843 2209/1/843 2208/1/843
f 1341/1/844 2204/1/844 2201/1/844
f 1145/1/596 1789/1/596 1794/1/596
f 1446/1/845 2413/1/845 2412/1/845
f 1144/1/596 1794/1/596 1793/1/596
f 1339/1/846 2200/1/846 2197/1/846
f 1143/1/596 1785/1/596 1790/1/596
f 1342/1/847 2205/1/847 2204/1/847
f 1337/1/848 2196/1/848 2193/1/848
f 1141/1/596 1781/1/596 1786/1/596
f 1444/1/849 2409/1/849 2408/1/849
f 1142/1/596 1790/1/596 1789/1/596
f 1335/1/850 2192/1/850 2189/1/850
f 1139/1/596 1777/1/596 1782/1/596
f 1340/1/851 2201/1/851 2200/1/851
f 1248/1/852 2188/1/852 2015/1/852
f 1137/1/596 1517/1/596 1778/1/596
f 1442/1/853 2405/1/853 2404/1/853
f 1140/1/596 1786/1/596 1785/1/596
f 1333/1/703 1987/1/703 2185/1/703
f 1134/1/854 1529/1/854 1014/1/854
f 1338/1/855 2197/1/855 2196/1/855
f 1331/1/703 2184/1/703 2181/1/703
f 1017/1/856 1534/1/856 1535/1/856
f 1135/1/857 1769/1/857 1774/1/857
f 1440/1/858 2401/1/858 2400/1/858
f 1044/1/859 1594/1/859 1593/1/859
f 1138/1/596 1782/1/596 1781/1/596
f 1329/1/703 2180/1/703 2177/1/703
f 504/1/860 1495/1/860 1496/1/860
f 1133/1/861 1765/1/861 1770/1/861
f 1336/1/862 2193/1/862 2192/1/862
f 1327/1/703 2176/1/703 2173/1/703
f 1024/1/863 1552/1/863 1553/1/863
f 1042/1/864 1590/1/864 1589/1/864
f 1131/1/865 1761/1/865 1766/1/865
f 1438/1/866 2397/1/866 2396/1/866
f 1136/1/596 1778/1/596 1777/1/596
f 1325/1/703 2172/1/703 2169/1/703
f 1129/1/867 1757/1/867 1762/1/867
f 1334/1/868 2189/1/868 2188/1/868
f 1323/1/703 2168/1/703 2165/1/703
f 1127/1/869 1753/1/869 1758/1/869
f 1436/1/870 2393/1/870 2392/1/870
f 1135/1/871 1773/1/871 1134/1/871
f 1321/1/703 2164/1/703 2161/1/703
f 1034/1/872 1574/1/872 1573/1/872
f 1125/1/873 1749/1/873 1754/1/873
f 1332/1/703 2185/1/703 2184/1/703
f 1247/1/703 2160/1/703 2012/1/703
f 1036/1/874 1578/1/874 1577/1/874
f 1123/1/875 1520/1/875 1750/1/875
f 1434/1/876 2389/1/876 2388/1/876
f 1132/1/877 1770/1/877 1769/1/877
f 1319/1/878 1984/1/878 2157/1/878
f 1120/1/599 1531/1/599 1015/1/599
f 1330/1/703 2181/1/703 2180/1/703
f 1317/1/879 2156/1/879 2153/1/879
f 1118/1/599 1746/1/599 1121/1/599
f 1432/1/880 2385/1/880 2384/1/880
f 1315/1/881 2152/1/881 2149/1/881
f 1130/1/882 1766/1/882 1765/1/882
f 1116/1/599 1742/1/599 1119/1/599
f 1328/1/703 2177/1/703 2176/1/703
f 1313/1/883 2148/1/883 2145/1/883
f 1019/1/884 1538/1/884 1539/1/884
f 1233/1/885 1969/1/885 1232/1/885
f 1114/1/599 1738/1/599 1117/1/599
f 1430/1/883 2381/1/883 2380/1/883
f 1311/1/886 2144/1/886 2141/1/886
f 1128/1/887 1762/1/887 1761/1/887
f 1112/1/599 1734/1/599 1115/1/599
f 1326/1/703 2173/1/703 2172/1/703
f 1309/1/886 2140/1/886 2137/1/886
f 1231/1/888 1965/1/888 1230/1/888
f 1110/1/599 1730/1/599 1113/1/599
f 1428/1/889 2377/1/889 2376/1/889
f 1307/1/886 2136/1/886 2133/1/886
f 1126/1/890 1758/1/890 1757/1/890
f 1108/1/599 1726/1/599 1111/1/599
f 1324/1/703 2169/1/703 2168/1/703
f 1246/1/602 2132/1/602 2009/1/602
f 1229/1/891 1961/1/891 1228/1/891
f 1020/1/599 1722/1/599 1109/1/599
f 1426/1/892 2373/1/892 2372/1/892
f 1237/1/893 2129/1/893 1305/1/893
f 1124/1/894 1754/1/894 1753/1/894
f 1106/1/895 1514/1/895 1009/1/895
f 1322/1/703 2165/1/703 2164/1/703
f 1304/1/896 2125/1/896 1303/1/896
f 1227/1/897 1957/1/897 1226/1/897
f 1104/1/898 1718/1/898 1107/1/898
f 1424/1/899 2369/1/899 2368/1/899
f 1302/1/900 2121/1/900 1301/1/900
f 1122/1/901 1750/1/901 1749/1/901
f 1102/1/902 1714/1/902 1105/1/902
f 1320/1/703 2161/1/703 2160/1/703
f 1300/1/903 2117/1/903 1299/1/903
f 1225/1/904 1953/1/904 1224/1/904
f 1100/1/905 1710/1/905 1103/1/905
f 1422/1/906 2365/1/906 2364/1/906
f 1121/1/599 1745/1/599 1120/1/599
f 1038/1/907 1582/1/907 1581/1/907
f 1298/1/908 2113/1/908 1297/1/908
f 1098/1/909 1706/1/909 1101/1/909
f 1318/1/910 2157/1/910 2156/1/910
f 1040/1/911 1586/1/911 1585/1/911
f 1296/1/912 2109/1/912 1295/1/912
f 1223/1/913 1949/1/913 1222/1/913
f 1096/1/914 1702/1/914 1099/1/914
f 1021/1/915 1549/1/915 1545/1/915
f 1420/1/916 2361/1/916 2360/1/916
f 1119/1/599 1741/1/599 1118/1/599
f 1294/1/917 2105/1/917 1293/1/917
f 1094/1/918 1698/1/918 1097/1/918
f 1316/1/919 2153/1/919 2152/1/919
f 1292/1/920 2006/1/920 1245/1/920
f 1221/1/921 1945/1/921 1220/1/921
f 1473/1/922 2018/1/922 2465/1/922
f 499/1/923 1694/1/923 1095/1/923
f 1418/1/924 2357/1/924 2356/1/924
f 1236/1/925 2101/1/925 1291/1/925
f 1117/1/599 1737/1/599 1116/1/599
f 1471/1/926 2464/1/926 2461/1/926
f 1092/1/596 1517/1/596 1010/1/596
f 1314/1/927 2149/1/927 2148/1/927
f 1290/1/928 2097/1/928 1289/1/928
f 1218/1/929 1942/1/929 1941/1/929
f 1469/1/930 2460/1/930 2457/1/930
f 1090/1/596 1690/1/596 1093/1/596
f 1417/1/597 2352/1/597 1416/1/597
f 1288/1/931 2093/1/931 1287/1/931
f 1115/1/599 1733/1/599 1114/1/599
f 1467/1/932 2456/1/932 2453/1/932
f 1088/1/596 1686/1/596 1091/1/596
f 1312/1/933 2145/1/933 2144/1/933
f 1286/1/934 2089/1/934 1285/1/934
f 1217/1/935 1937/1/935 1216/1/935
f 1465/1/936 2452/1/936 2449/1/936
f 1086/1/596 1682/1/596 1089/1/596
f 1415/1/597 2348/1/597 1414/1/597
f 1284/1/937 2085/1/937 1283/1/937
f 1113/1/599 1729/1/599 1112/1/599
f 1463/1/938 2448/1/938 2445/1/938
f 1084/1/596 1678/1/596 1087/1/596
f 1310/1/886 2141/1/886 2140/1/886
f 1282/1/939 2081/1/939 1281/1/939
f 1215/1/940 1933/1/940 1214/1/940
f 1461/1/941 2444/1/941 2441/1/941
f 1082/1/596 1674/1/596 1085/1/596
f 1413/1/597 2344/1/597 1412/1/597
f 1280/1/942 2077/1/942 1279/1/942
f 1111/1/599 1725/1/599 1110/1/599
f 1234/1/943 2440/1/943 1972/1/943
f 1080/1/596 1670/1/596 1083/1/596
f 1308/1/886 2137/1/886 2136/1/886
f 588/1/944 1264/1/945 587/1/946
f 687/1/947 1313/1/948 684/1/949
f 192/1/950 1080/1/945 191/1/951
f 323/1/950 1149/1/945 328/1/951
f 796/1/952 1368/1/948 795/1/953
f 691/1/954 1315/1/948 688/1/955
f 400/1/956 1184/1/945 399/1/957
f 327/1/950 1013/1/945 29/1/951
f 1004/1/958 1472/1/945 1003/1/959
f 592/1/960 1266/1/945 591/1/961
f 695/1/962 1317/1/948 692/1/963
f 196/1/950 1082/1/945 195/1/951
f 21/1/964 1151/1/948 332/1/965
f 800/1/966 1370/1/948 799/1/967
f 523/1/968 1319/1/948 696/1/969
f 404/1/970 1186/1/945 403/1/971
f 331/1/972 1153/1/948 336/1/973
f 596/1/974 1268/1/948 595/1/975
f 699/1/976 1247/1/945 551/1/977
f 200/1/950 1084/1/945 199/1/951
f 335/1/978 1155/1/948 340/1/979
f 804/1/980 1372/1/945 803/1/981
f 703/1/976 1321/1/945 700/1/977
f 408/1/982 1188/1/945 407/1/983
f 339/1/984 1157/1/948 344/1/985
f 600/1/986 1270/1/948 599/1/987
f 707/1/976 1323/1/945 704/1/977
f 204/1/950 1086/1/945 203/1/951
f 343/1/988 1159/1/948 348/1/989
f 808/1/990 1374/1/945 807/1/991
f 711/1/976 1325/1/945 708/1/977
f 412/1/992 1190/1/945 411/1/993
f 347/1/994 1161/1/948 352/1/995
f 604/1/996 1272/1/948 603/1/997
f 715/1/976 1327/1/945 712/1/977
f 351/1/998 1163/1/948 356/1/999
f 208/1/950 1088/1/945 207/1/951
f 812/1/976 1376/1/945 811/1/977
f 719/1/976 1329/1/945 716/1/977
f 416/1/1000 1192/1/945 415/1/1001
f 355/1/1002 1012/1/948 32/1/1003
f 608/1/1004 1274/1/948 607/1/1005
f 723/1/976 1331/1/945 720/1/977
f 24/1/976 1165/1/945 360/1/977
f 212/1/950 1090/1/945 211/1/951
f 816/1/976 1378/1/945 815/1/977
f 526/1/976 1333/1/945 724/1/977
f 420/1/1006 1194/1/945 419/1/1007
f 359/1/976 1167/1/945 364/1/977
f 612/1/1008 1276/1/948 611/1/1009
f 727/1/1010 1248/1/945 554/1/1011
f 363/1/976 1169/1/945 368/1/977
f 216/1/950 1092/1/945 215/1/951
f 820/1/976 1380/1/945 819/1/977
f 731/1/1012 1335/1/945 728/1/1013
f 424/1/1014 1196/1/945 423/1/1015
f 367/1/976 1171/1/945 372/1/977
f 616/1/1016 1278/1/945 615/1/1017
f 735/1/1018 1337/1/948 732/1/1019
f 220/1/1020 1094/1/948 219/1/1021
f 371/1/976 1173/1/945 376/1/977
f 824/1/976 1382/1/945 823/1/977
f 739/1/1022 1339/1/948 736/1/1023
f 428/1/1024 1198/1/945 427/1/1025
f 375/1/976 1175/1/945 380/1/977
f 620/1/1026 1280/1/945 619/1/1027
f 743/1/1028 1341/1/948 740/1/1029
f 224/1/1030 1096/1/945 223/1/1031
f 379/1/976 1177/1/945 384/1/977
f 828/1/976 1384/1/945 827/1/977
f 747/1/1032 1343/1/948 744/1/1033
f 432/1/1034 1200/1/945 431/1/1035
f 383/1/976 502/1/945 35/1/977
f 624/1/1036 1282/1/948 623/1/1037
f 751/1/1038 1345/1/948 748/1/1039
f 228/1/1040 1098/1/945 227/1/1041
f 6/1/1042 1179/1/945 388/1/1043
f 832/1/976 1386/1/945 831/1/977
f 529/1/1044 1347/1/945 752/1/1045
f 436/1/1046 1202/1/945 435/1/1047
f 387/1/1048 1181/1/945 392/1/1049
f 628/1/1050 1284/1/948 627/1/1051
f 755/1/950 1249/1/945 557/1/951
f 232/1/1052 1100/1/945 231/1/1053
f 391/1/1054 1183/1/945 396/1/1055
f 836/1/976 1388/1/945 835/1/977
f 759/1/950 1349/1/945 756/1/951
f 440/1/958 1204/1/945 439/1/959
f 395/1/1056 1185/1/945 400/1/1057
f 632/1/1058 1286/1/948 631/1/1059
f 763/1/950 1351/1/945 760/1/951
f 236/1/1060 1102/1/945 235/1/1061
f 399/1/1062 1187/1/945 404/1/1063
f 840/1/1064 1390/1/945 839/1/1065
f 767/1/950 1353/1/945 764/1/951
f 444/1/1066 1206/1/948 443/1/1067
f 403/1/1068 1189/1/945 408/1/1069
f 636/1/1070 1288/1/948 635/1/1071
f 771/1/950 1355/1/945 768/1/951
f 240/1/1072 1104/1/945 239/1/1073
f 407/1/1074 1191/1/945 412/1/1075
f 844/1/1076 1392/1/945 843/1/1077
f 775/1/950 1357/1/945 772/1/951
f 448/1/1078 1208/1/948 447/1/1079
f 411/1/1080 501/1/948 38/1/1081
f 26/1/1082 1018/1/948 52/1/1083
f 640/1/1084 1290/1/948 639/1/1085
f 779/1/950 1359/1/945 776/1/951
f 244/1/1086 1106/1/945 243/1/1087
f 9/1/1088 1193/1/945 416/1/1089
f 51/1/1090 1016/1/945 56/1/1091
f 848/1/1092 1394/1/945 847/1/1093
f 532/1/950 1361/1/945 780/1/951
f 452/1/1094 1210/1/945 451/1/1095
f 415/1/1096 1195/1/945 420/1/1097
f 55/1/1098 1022/1/945 60/1/1099
f 644/1/1100 1292/1/945 643/1/1101
f 783/1/1102 1238/1/948 523/1/1103
f 248/1/976 1108/1/945 247/1/977
f 419/1/1104 1197/1/945 424/1/1105
f 59/1/1106 503/1/945 64/1/1107
f 852/1/1108 1396/1/945 851/1/1109
f 787/1/964 1363/1/948 784/1/965
f 456/1/1110 1212/1/945 455/1/1111
f 423/1/1112 1199/1/945 428/1/1113
f 63/1/1114 1023/1/948 68/1/1115
f 648/1/1116 1294/1/945 647/1/1117
f 791/1/1118 1365/1/948 788/1/1119
f 252/1/976 1110/1/945 251/1/977
f 427/1/1120 1201/1/945 432/1/1121
f 67/1/1122 508/1/948 72/1/1123
f 856/1/1124 1398/1/945 855/1/1125
f 795/1/1126 1367/1/948 792/1/1127
f 460/1/1128 1214/1/945 459/1/1129
f 431/1/1130 1203/1/945 436/1/1131
f 71/1/1132 506/1/948 76/1/1133
f 652/1/1134 1296/1/945 651/1/1135
f 799/1/1136 1369/1/948 796/1/1137
f 256/1/976 1112/1/945 255/1/977
f 435/1/1138 1205/1/945 440/1/1139
f 75/1/1140 497/1/948 3/1/1141
f 860/1/1142 1400/1/945 859/1/1143
f 803/1/1144 1371/1/945 800/1/1145
f 464/1/1146 1216/1/945 463/1/1147
f 439/1/1148 500/1/945 41/1/1149
f 52/1/1150 1019/1/945 51/1/1151
f 29/1/1152 1025/1/945 80/1/1153
f 656/1/1154 1298/1/945 655/1/1155
f 807/1/1156 1373/1/945 804/1/1157
f 260/1/976 1114/1/945 259/1/977
f 12/1/1158 1207/1/948 444/1/1159
f 79/1/1160 1027/1/945 84/1/1161
f 864/1/1162 1402/1/945 863/1/1163
f 536/1/1164 1375/1/945 808/1/1165
f 468/1/1166 1218/1/948 467/1/1167
f 443/1/1168 1209/1/948 448/1/1169
f 56/1/1170 1017/1/945 55/1/1171
f 83/1/1172 1029/1/945 88/1/1173
f 660/1/1174 1300/1/945 659/1/1175
f 811/1/976 1239/1/945 526/1/977
f 264/1/976 1116/1/945 263/1/977
f 447/1/1176 1211/1/948 452/1/1177
f 87/1/1178 1031/1/945 92/1/1179
f 868/1/950 1404/1/945 867/1/951
f 815/1/976 1377/1/945 812/1/977
f 472/1/1180 1220/1/948 471/1/1181
f 451/1/1182 1213/1/945 456/1/1183
f 60/1/1184 1021/1/945 59/1/1185
f 91/1/1186 1033/1/945 96/1/1187
f 664/1/1188 1302/1/945 663/1/1189
f 819/1/976 1379/1/945 816/1/977
f 268/1/976 1118/1/945 267/1/977
f 455/1/1190 1215/1/945 460/1/1191
f 95/1/1192 1035/1/945 100/1/1193
f 872/1/950 1406/1/945 871/1/951
f 823/1/976 1381/1/945 820/1/977
f 476/1/1194 1222/1/948 475/1/1195
f 459/1/1196 1217/1/945 464/1/1197
f 64/1/1198 504/1/945 63/1/1199
f 99/1/1200 1037/1/945 104/1/1201
f 668/1/1202 1304/1/945 667/1/1203
f 827/1/976 1383/1/945 824/1/977
f 272/1/976 1120/1/945 271/1/977
f 463/1/1204 1219/1/948 468/1/1205
f 103/1/1206 1006/1/945 6/1/1207
f 876/1/950 1408/1/945 875/1/951
f 831/1/976 1385/1/945 828/1/977
f 480/1/1208 1224/1/948 479/1/1209
f 467/1/1210 499/1/948 44/1/1211
f 68/1/1212 1024/1/948 67/1/1213
f 32/1/1214 1039/1/948 108/1/1215
f 672/1/1216 1306/1/945 671/1/1217
f 835/1/976 1387/1/945 832/1/977
f 276/1/1218 1122/1/945 275/1/1219
f 3/1/1220 1221/1/948 472/1/1221
f 107/1/1222 1041/1/948 112/1/1223
f 880/1/950 1410/1/945 879/1/951
f 539/1/976 1389/1/945 836/1/977
f 484/1/1224 1226/1/948 483/1/1225
f 471/1/1226 1223/1/948 476/1/1227
f 72/1/1228 509/1/948 71/1/1229
f 111/1/1230 1043/1/948 116/1/1231
f 676/1/1232 1308/1/945 675/1/1233
f 839/1/1234 1240/1/945 529/1/1235
f 280/1/1236 1124/1/945 279/1/1237
f 475/1/1238 1225/1/948 480/1/1239
f 115/1/1240 1045/1/945 120/1/1241
f 884/1/950 1412/1/945 883/1/951
f 843/1/1242 1391/1/945 840/1/1243
f 488/1/1244 1228/1/948 487/1/1245
f 479/1/1246 1227/1/948 484/1/1247
f 76/1/1248 507/1/948 75/1/1249
f 119/1/1250 1047/1/945 124/1/1251
f 680/1/1252 1310/1/945 679/1/1253
f 847/1/1254 1393/1/945 844/1/1255
f 284/1/1256 1126/1/945 283/1/1257
f 483/1/1258 1229/1/948 488/1/1259
f 123/1/1260 1049/1/945 128/1/1261
f 888/1/950 1414/1/945 887/1/951
f 851/1/1262 1395/1/945 848/1/1263
f 492/1/1264 1230/1/948 491/1/1265
f 487/1/1266 1231/1/948 492/1/1267
f 80/1/1100 505/1/945 79/1/1101
f 127/1/1268 1051/1/945 132/1/1269
f 684/1/1270 1312/1/948 683/1/1271
f 855/1/1272 1397/1/945 852/1/1273
f 288/1/1274 1128/1/945 287/1/1275
f 491/1/1276 1233/1/948 496/1/1277
f 131/1/1278 498/1/945 9/1/1279
f 892/1/950 1416/1/945 891/1/951
f 859/1/1280 1399/1/945 856/1/1281
f 496/1/1282 1232/1/948 495/1/1283
f 495/1/1284 1020/1/948 47/1/1285
f 84/1/1116 1026/1/945 83/1/1117
f 35/1/1286 1053/1/945 136/1/1287
f 688/1/1288 1314/1/948 687/1/1289
f 863/1/1290 1401/1/945 860/1/1291
f 292/1/1292 1130/1/945 291/1/1293
f 135/1/1294 1055/1/945 140/1/1295
f 896/1/1296 1418/1/948 895/1/1297
f 542/1/1298 1403/1/945 864/1/1299
f 88/1/1134 1028/1/945 87/1/1135
f 139/1/1300 1057/1/948 144/1/1301
f 692/1/1302 1316/1/948 691/1/1303
f 867/1/950 1241/1/945 532/1/951
f 296/1/1304 1132/1/948 295/1/1305
f 143/1/1306 1059/1/948 148/1/1307
f 900/1/1308 1420/1/948 899/1/1309
f 871/1/950 1405/1/945 868/1/951
f 92/1/1154 1030/1/945 91/1/1155
f 147/1/1310 1061/1/948 152/1/1311
f 696/1/1312 1318/1/948 695/1/1313
f 875/1/950 1407/1/945 872/1/951
f 300/1/1314 1134/1/948 299/1/1315
f 151/1/1316 1063/1/948 156/1/1317
f 904/1/1318 1422/1/948 903/1/1319
f 879/1/950 1409/1/945 876/1/951
f 96/1/1174 1032/1/945 95/1/1175
f 155/1/1320 1065/1/948 160/1/1321
f 700/1/976 1320/1/945 699/1/977
f 883/1/950 1411/1/945 880/1/951
f 304/1/950 1136/1/945 303/1/951
f 159/1/1322 1008/1/948 12/1/1323
f 908/1/1324 1424/1/948 907/1/1325
f 887/1/950 1413/1/945 884/1/951
f 100/1/1188 1034/1/945 99/1/1189
f 38/1/1326 1067/1/948 164/1/1327
f 704/1/976 1322/1/945 703/1/977
f 891/1/950 1415/1/945 888/1/951
f 308/1/950 1138/1/945 307/1/951
f 163/1/1328 1069/1/948 168/1/1329
f 912/1/1330 1426/1/948 911/1/1331
f 545/1/950 1417/1/945 892/1/951
f 167/1/1332 1071/1/948 172/1/1333
f 104/1/1334 1036/1/945 103/1/1335
f 708/1/976 1324/1/945 707/1/977
f 895/1/1336 1235/1/948 514/1/1337
f 312/1/950 1140/1/945 311/1/951
f 171/1/1338 1073/1/945 176/1/1339
f 916/1/1340 1428/1/948 915/1/1341
f 899/1/1342 1419/1/948 896/1/1343
f 175/1/1344 1075/1/945 180/1/1345
f 108/1/1346 1038/1/948 107/1/1347
f 712/1/976 1326/1/945 711/1/977
f 903/1/1348 1421/1/948 900/1/1349
f 316/1/950 1142/1/945 315/1/951
f 179/1/1350 1077/1/945 184/1/1351
f 920/1/1352 1430/1/948 919/1/1353
f 907/1/1354 1423/1/948 904/1/1355
f 183/1/1356 1079/1/945 188/1/1357
f 112/1/1358 1040/1/948 111/1/1359
f 716/1/976 1328/1/945 715/1/977
f 911/1/1360 1425/1/948 908/1/1361
f 320/1/950 1144/1/945 319/1/951
f 187/1/1362 1011/1/945 15/1/1363
f 924/1/1180 1432/1/948 923/1/1181
f 915/1/1364 1427/1/948 912/1/1365
f 116/1/1086 1042/1/945 115/1/1087
f 41/1/950 1081/1/945 192/1/951
f 720/1/976 1330/1/945 719/1/977
f 919/1/1366 1429/1/948 916/1/1367
f 324/1/950 1146/1/945 323/1/951
f 191/1/950 1083/1/945 196/1/951
f 928/1/1368 1434/1/948 927/1/1195
f 548/1/1270 1431/1/948 920/1/1271
f 559/1/1369 1242/1/945 536/1/1370
f 120/1/1371 1044/1/945 119/1/1372
f 195/1/950 1085/1/945 200/1/951
f 724/1/976 1332/1/945 723/1/977
f 923/1/1373 1236/1/948 517/1/1374
f 563/1/1375 1251/1/948 560/1/1376
f 328/1/950 1148/1/945 327/1/951
f 199/1/950 1087/1/945 204/1/951
f 932/1/1208 1436/1/948 931/1/1209
f 927/1/1226 1433/1/948 924/1/1227
f 567/1/1377 1253/1/948 564/1/1378
f 124/1/1379 1046/1/945 123/1/1380
f 203/1/950 1089/1/945 208/1/951
f 728/1/1381 1334/1/945 727/1/1382
f 931/1/1238 1435/1/948 928/1/1239
f 571/1/1383 1255/1/948 568/1/1384
f 332/1/1385 1150/1/948 331/1/1386
f 207/1/950 1091/1/945 212/1/951
f 936/1/1224 1438/1/948 935/1/1225
f 935/1/1246 1437/1/948 932/1/1247
f 575/1/1387 1257/1/945 572/1/1388
f 128/1/1389 1048/1/945 127/1/1390
f 211/1/950 1093/1/945 216/1/951
f 732/1/1391 1336/1/948 731/1/1392
f 939/1/1258 1439/1/948 936/1/1259
f 579/1/1393 1259/1/945 576/1/1394
f 336/1/1395 1152/1/948 335/1/1396
f 215/1/950 1010/1/945 18/1/951
f 940/1/1397 1440/1/948 939/1/1245
f 943/1/1266 1441/1/948 940/1/1267
f 583/1/1398 1261/1/945 580/1/1399
f 132/1/1400 1050/1/945 131/1/1401
f 44/1/1402 1095/1/948 220/1/1403
f 736/1/1404 1338/1/948 735/1/1405
f 947/1/1276 1443/1/948 944/1/1277
f 511/1/1406 1263/1/945 584/1/1407
f 340/1/1408 1154/1/948 339/1/1409
f 219/1/1410 1097/1/948 224/1/1411
f 944/1/1264 1442/1/948 943/1/1265
f 551/1/1284 1445/1/948 948/1/1285
f 587/1/1286 1243/1/945 539/1/1287
f 136/1/944 1052/1/945 135/1/946
f 223/1/1412 1099/1/945 228/1/1413
f 740/1/1414 1340/1/948 739/1/1415
f 951/1/1416 1237/1/945 520/1/1417
f 591/1/1294 1265/1/945 588/1/1295
f 344/1/1418 1156/1/948 343/1/1419
f 227/1/1420 1101/1/945 232/1/1421
f 948/1/1282 1444/1/948 947/1/1283
f 955/1/1422 1447/1/945 952/1/1423
f 595/1/1300 1267/1/948 592/1/1301
f 140/1/960 1054/1/945 139/1/961
f 231/1/1424 1103/1/945 236/1/1425
f 744/1/1426 1342/1/948 743/1/1427
f 959/1/1428 1449/1/945 956/1/1429
f 599/1/1306 1269/1/948 596/1/1307
f 348/1/1430 1158/1/948 347/1/1431
f 235/1/1432 1105/1/945 240/1/1433
f 952/1/1434 1446/1/945 951/1/1435
f 963/1/1436 1451/1/948 960/1/1437
f 603/1/1310 1271/1/948 600/1/1311
f 144/1/974 1056/1/948 143/1/975
f 239/1/1438 1107/1/945 244/1/1439
f 748/1/1440 1344/1/948 747/1/1441
f 967/1/1442 1453/1/948 964/1/1443
f 607/1/1316 1273/1/948 604/1/1317
f 352/1/1444 1160/1/948 351/1/1445
f 243/1/962 1009/1/948 21/1/963
f 956/1/1446 1448/1/945 955/1/1447
f 971/1/1448 1455/1/948 968/1/1449
f 611/1/1320 1275/1/948 608/1/1450
f 148/1/1451 1058/1/948 147/1/987
f 47/1/976 1109/1/945 248/1/977
f 752/1/1036 1346/1/948 751/1/1037
f 975/1/1452 1457/1/945 972/1/1453
f 514/1/1454 1277/1/948 612/1/1455
f 356/1/1456 1162/1/948 355/1/1457
f 247/1/976 1111/1/945 252/1/977
f 960/1/1458 1450/1/948 959/1/1459
f 554/1/1460 1459/1/945 976/1/1461
f 615/1/1462 1244/1/945 542/1/1463
f 152/1/996 1060/1/948 151/1/997
f 251/1/976 1113/1/945 256/1/977
f 756/1/950 1348/1/945 755/1/951
f 979/1/1464 1234/1/945 511/1/1465
f 619/1/1466 1279/1/945 616/1/1093
f 360/1/976 1164/1/945 359/1/977
f 255/1/976 1115/1/945 260/1/977
f 964/1/1467 1452/1/948 963/1/1468
f 983/1/1096 1461/1/945 980/1/1097
f 623/1/1469 1281/1/945 620/1/1470
f 156/1/1004 1062/1/948 155/1/1005
f 259/1/976 1117/1/945 264/1/977
f 760/1/950 1350/1/945 759/1/951
f 987/1/1104 1463/1/945 984/1/1105
f 627/1/1471 1283/1/948 624/1/1472
f 364/1/976 1166/1/945 363/1/977
f 263/1/976 1119/1/945 268/1/977
f 968/1/1473 1454/1/948 967/1/1474
f 991/1/1112 1465/1/945 988/1/1113
f 631/1/1475 1285/1/948 628/1/1476
f 160/1/1477 1064/1/948 159/1/1478
f 267/1/976 1121/1/945 272/1/977
f 764/1/950 1352/1/945 763/1/951
f 995/1/1120 1467/1/945 992/1/1121
f 635/1/1479 1287/1/948 632/1/1480
f 368/1/976 1168/1/945 367/1/977
f 271/1/976 1015/1/945 24/1/977
f 972/1/1481 1456/1/948 971/1/1482
f 999/1/1130 1469/1/945 996/1/1131
f 560/1/1483 1250/1/948 559/1/1484
f 639/1/1485 1289/1/948 636/1/1486
f 164/1/1487 1066/1/948 163/1/1488
f 15/1/1489 1123/1/945 276/1/1490
f 768/1/950 1354/1/945 767/1/951
f 1003/1/1138 1471/1/945 1000/1/1139
f 517/1/1491 1291/1/948 640/1/1492
f 372/1/976 1170/1/945 371/1/977
f 275/1/1234 1125/1/945 280/1/1235
f 976/1/1493 1458/1/945 975/1/1494
f 557/1/1148 1473/1/945 1004/1/1149
f 564/1/1495 1252/1/948 563/1/1496
f 643/1/1152 1245/1/945 545/1/1153
f 168/1/1497 1068/1/948 167/1/1498
f 279/1/1499 1127/1/945 284/1/1500
f 772/1/950 1356/1/945 771/1/951
f 647/1/1160 1293/1/945 644/1/1161
f 376/1/976 1172/1/945 375/1/977
f 283/1/1501 1129/1/945 288/1/1502
f 980/1/1000 1460/1/945 979/1/1001
f 568/1/1503 1254/1/948 567/1/1504
f 651/1/1172 1295/1/945 648/1/1173
f 172/1/1036 1070/1/948 171/1/1505
f 287/1/1506 1131/1/945 292/1/1507
f 776/1/950 1358/1/945 775/1/951
f 655/1/1178 1297/1/945 652/1/1179
f 380/1/976 1174/1/945 379/1/977
f 291/1/1508 1133/1/948 296/1/1509
f 984/1/1006 1462/1/945 983/1/1510
f 572/1/1511 1256/1/948 571/1/1512
f 659/1/1186 1299/1/945 656/1/1187
f 176/1/1513 1072/1/945 175/1/1514
f 295/1/1515 1135/1/948 300/1/1516
f 780/1/950 1360/1/945 779/1/951
f 663/1/1192 1301/1/945 660/1/1193
f 384/1/976 1176/1/945 383/1/977
f 299/1/1517 1014/1/948 26/1/1518
f 988/1/1014 1464/1/945 987/1/1015
f 576/1/1519 1258/1/945 575/1/1520
f 667/1/1521 1303/1/945 664/1/1522
f 180/1/1523 1074/1/945 179/1/1524
f 18/1/950 1137/1/945 304/1/951
f 784/1/1525 1362/1/948 783/1/1526
f 520/1/1527 1305/1/945 668/1/1528
f 388/1/1529 1178/1/945 387/1/1530
f 303/1/950 1139/1/945 308/1/951
f 992/1/1024 1466/1/945 991/1/1025
f 580/1/1531 1260/1/945 579/1/1532
f 671/1/1533 1246/1/945 548/1/1534
f 184/1/1535 1076/1/945 183/1/1536
f 307/1/950 1141/1/945 312/1/951
f 788/1/1537 1364/1/948 787/1/1538
f 675/1/1539 1307/1/945 672/1/1540
f 392/1/1541 1180/1/945 391/1/1542
f 311/1/950 1143/1/945 316/1/951
f 996/1/1034 1468/1/945 995/1/1543
f 584/1/1544 1262/1/945 583/1/1545
f 679/1/1546 1309/1/945 676/1/1547
f 188/1/1548 1078/1/945 187/1/1549
f 315/1/950 1145/1/945 320/1/951
f 792/1/1550 1366/1/948 791/1/1551
f 683/1/1552 1311/1/945 680/1/1553
f 396/1/1554 1182/1/945 395/1/1555
f 319/1/950 1147/1/945 324/1/951
f 1000/1/1046 1470/1/945 999/1/1047
f 1883/1/1556 2378/1/1556 2379/1/1556
f 1875/1/1557 2370/1/1557 2371/1/1557
f 1871/1/1558 2366/1/1558 2367/1/1558
f 1611/1/80 2106/1/80 2107/1/80
f 1506/1/1559 2383/1/1559 1887/1/1559
f 1832/1/2 2331/1/2 1835/1/2
f 1820/1/1560 2319/1/1560 1823/1/1560
f 1796/1/45 2295/1/45 1799/1/45
f 1708/1/1561 2207/1/1561 1711/1/1561
f 1892/1/1562 2391/1/1562 1895/1/1562
f 1536/1/1563 2027/1/1563 1533/1/1563
f 1752/1/1564 2251/1/1564 1755/1/1564
f 1879/1/1565 2374/1/1565 2375/1/1565
f 1788/1/45 2287/1/45 1791/1/45
f 1696/1/1566 2195/1/1566 1699/1/1566
f 1664/1/45 2163/1/45 1667/1/45
f 1700/1/1567 2199/1/1567 1703/1/1567
f 1940/1/1568 2014/1/1568 1482/1/1568
f 1783/1/45 2278/1/45 2279/1/45
f 1684/1/45 2183/1/45 1687/1/45
f 1592/1/1569 2091/1/1569 1595/1/1569
f 1528/1/1570 2270/1/1570 1996/1/1570
f 1764/1/1571 2263/1/1571 1767/1/1571
f 1919/1/1572 2414/1/1572 2415/1/1572
f 1518/1/45 2271/1/45 1775/1/45
f 1712/1/1573 2211/1/1573 1715/1/1573
f 1479/1/1574 2411/1/1574 1915/1/1574
f 1932/1/1575 2431/1/1575 1935/1/1575
f 1547/1/1576 2035/1/1576 1494/1/1576
f 1651/1/1577 2146/1/1577 2147/1/1577
f 1488/1/1578 2382/1/1578 2008/1/1578
f 1556/1/72 2055/1/72 1559/1/72
f 1867/1/1579 2362/1/1579 2363/1/1579
f 1580/1/1580 2079/1/1580 1583/1/1580
f 1900/1/85 2399/1/85 1903/1/85
f 1676/1/45 2175/1/45 1679/1/45
f 1904/1/78 2403/1/78 1907/1/78
f 1812/1/1581 2311/1/1581 1815/1/1581
f 1908/1/77 2407/1/77 1911/1/77
f 1680/1/45 2179/1/45 1683/1/45
f 1704/1/1582 2203/1/1582 1707/1/1582
f 1768/1/1583 2267/1/1583 1771/1/1583
f 1776/1/45 2275/1/45 1779/1/45
f 1655/1/1584 2150/1/1584 2151/1/1584
f 1659/1/1585 2154/1/1585 2155/1/1585
f 1485/1/76 2410/1/76 2011/1/76
f 1692/1/1586 2191/1/1586 1695/1/1586
f 1784/1/45 2283/1/45 1787/1/45
f 1564/1/74 2063/1/74 1567/1/74
f 1723/1/2 2218/1/2 2219/1/2
f 1639/1/1587 2134/1/1587 2135/1/1587
f 1515/1/1588 2299/1/1588 1803/1/1588
f 1939/1/1589 2434/1/1589 2435/1/1589
f 1944/1/1590 2443/1/1590 1947/1/1590
f 1647/1/1591 2142/1/1591 2143/1/1591
f 1792/1/45 2291/1/45 1795/1/45
f 1804/1/1592 2303/1/1592 1807/1/1592
f 1899/1/84 2394/1/84 2395/1/84
f 1599/1/1593 2094/1/1593 2095/1/1593
f 1510/1/1594 2243/1/1594 1747/1/1594
f 1546/1/1595 2031/1/1595 1548/1/1595
f 1760/1/1596 2259/1/1596 1763/1/1596
f 1756/1/1597 2255/1/1597 1759/1/1597
f 1859/1/1598 1976/1/1598 2355/1/1598
f 1643/1/1599 2138/1/1599 2139/1/1599
f 1888/1/1600 2387/1/1600 1891/1/1600
f 1560/1/73 2059/1/73 1563/1/73
f 1568/1/67 2067/1/67 1571/1/67
f 1800/1/45 1999/1/45 1525/1/45
f 1575/1/66 2070/1/66 2071/1/66
f 1828/1/1601 2002/1/1601 1522/1/1601
f 1672/1/45 2171/1/45 1675/1/45
f 1600/1/1602 2099/1/1602 1603/1/1602
f 1668/1/45 2167/1/45 1671/1/45
f 1824/1/1603 2323/1/1603 1827/1/1603
f 1588/1/1604 2087/1/1604 1591/1/1604
f 1584/1/514 2083/1/514 1587/1/514
f 1816/1/1605 2315/1/1605 1819/1/1605
f 1808/1/1606 2307/1/1606 1811/1/1606
f 1628/1/1607 2127/1/1607 1631/1/1607
f 1624/1/24 2123/1/24 1627/1/24
f 1920/1/1608 2419/1/1608 1923/1/1608
f 1924/1/1609 2423/1/1609 1927/1/1609
f 1928/1/1610 2427/1/1610 1931/1/1610
f 1856/1/2 2005/1/2 1491/1/2
f 1863/1/1611 2358/1/1611 2359/1/1611
f 1852/1/2 2351/1/2 1855/1/2
f 1848/1/2 2347/1/2 1851/1/2
f 1615/1/29 2110/1/29 2111/1/29
f 1619/1/30 2114/1/30 2115/1/30
f 1623/1/31 2118/1/31 2119/1/31
f 1532/1/2 2327/1/2 1831/1/2
f 1748/1/1612 2247/1/1612 1751/1/1612
f 1740/1/2 2239/1/2 1743/1/2
f 1736/1/2 2235/1/2 1739/1/2
f 1836/1/2 2335/1/2 1839/1/2
f 1843/1/2 2338/1/2 2339/1/2
f 1844/1/2 2343/1/2 1847/1/2
f 1542/1/1613 2466/1/1613 2017/1/1613
f 1964/1/35 2463/1/35 1967/1/35
f 1960/1/36 2459/1/36 1963/1/36
f 1727/1/2 2222/1/2 2223/1/2
f 1731/1/2 2226/1/2 2227/1/2
f 1735/1/2 2230/1/2 2231/1/2
f 1943/1/1614 1973/1/1614 2439/1/1614
f 1555/1/38 2050/1/38 2051/1/38
f 1503/1/1615 2042/1/1615 2043/1/1615
f 1493/1/1616 2039/1/1616 1551/1/1616
f 1951/1/41 2446/1/41 2447/1/41
f 1955/1/42 2450/1/42 2451/1/42
f 1959/1/43 2454/1/43 2455/1/43
f 1691/1/1617 2013/1/1617 2187/1/1617
f 1511/1/1618 2158/1/1618 1983/1/1618
f 1688/1/45 1986/1/45 1519/1/45
f 1719/1/2 2016/1/2 2215/1/2
f 1475/1/1619 2074/1/1619 1974/1/1619
f 1527/1/93 2047/1/93 1499/1/93
f 1716/1/1620 1989/1/1620 1516/1/1620
f 1540/1/1621 2023/1/1621 1537/1/1621
f 1524/1/1622 2075/1/1622 1579/1/1622
f 1744/1/2 1992/1/2 1513/1/2
f 1607/1/89 2004/1/89 2103/1/89
f 1530/1/1623 2019/1/1623 1541/1/1623
f 1635/1/1624 2007/1/1624 2131/1/1624
f 1604/1/1625 1977/1/1625 1507/1/1625
f 1487/1/45 2159/1/45 1663/1/45
f 1480/1/1626 2130/1/1626 1980/1/1626
f 1478/1/1627 1477/1/1627 1476/1/1627
f 1475/1/1628 1509/1/1628 1508/1/1628
f 1507/1/1629 1506/1/1629 1481/1/1629
f 1480/1/1630 1479/1/1630 1512/1/1630
f 1511/1/1631 1510/1/1631 1520/1/1631
f 1519/1/259 1518/1/259 1517/1/259
f 1516/1/204 1515/1/204 1514/1/204
f 1513/1/205 1532/1/205 1531/1/205
f 1530/1/1632 1529/1/1632 1528/1/1632
f 1527/1/211 1526/1/211 1525/1/211
f 1524/1/1633 1523/1/1633 1522/1/1633
f 1521/1/209 1492/1/209 1491/1/209
f 1490/1/1634 1489/1/1634 1488/1/1634
f 1487/1/215 1486/1/215 1485/1/215
f 1484/1/1635 1483/1/1635 1482/1/1635
f 1544/1/1636 1543/1/1636 1542/1/1636
f 1541/1/1637 1539/1/1637 1538/1/1637
f 1537/1/1638 1535/1/1638 1534/1/1638
f 1533/1/1639 1545/1/1639 1549/1/1639
f 1548/1/1640 1496/1/1640 1495/1/1640
f 1494/1/1641 1553/1/1641 1552/1/1641
f 1551/1/1642 1505/1/1642 1504/1/1642
f 1502/1/1643 1500/1/1643 1503/1/1643
f 1499/1/237 1497/1/237 1554/1/237
f 1555/1/1644 1557/1/1644 1558/1/1644
f 1559/1/239 1561/1/239 1562/1/239
f 1563/1/240 1565/1/240 1566/1/240
f 1567/1/241 1569/1/241 1570/1/241
f 1571/1/242 1573/1/242 1574/1/242
f 1576/1/1645 1578/1/1645 1575/1/1645
f 1579/1/1646 1581/1/1646 1582/1/1646
f 1583/1/1647 1585/1/1647 1586/1/1647
f 1587/1/1648 1589/1/1648 1590/1/1648
f 1591/1/1649 1593/1/1649 1594/1/1649
f 1595/1/1650 1597/1/1650 1598/1/1650
f 1599/1/1651 1601/1/1651 1602/1/1651
f 1604/1/1652 1606/1/1652 1603/1/1652
f 1607/1/223 1609/1/223 1610/1/223
f 1611/1/224 1613/1/224 1614/1/224
f 1615/1/225 1617/1/225 1618/1/225
f 1619/1/226 1621/1/226 1622/1/226
f 1623/1/227 1625/1/227 1626/1/227
f 1627/1/1653 1629/1/1653 1630/1/1653
f 1632/1/1654 1634/1/1654 1631/1/1654
f 1635/1/1655 1637/1/1655 1638/1/1655
f 1639/1/1656 1641/1/1656 1642/1/1656
f 1644/1/1657 1646/1/1657 1643/1/1657
f 1648/1/1658 1650/1/1658 1647/1/1658
f 1652/1/1659 1654/1/1659 1651/1/1659
f 1656/1/1660 1658/1/1660 1655/1/1660
f 1660/1/1661 1662/1/1661 1659/1/1661
f 1663/1/207 1665/1/207 1666/1/207
f 1667/1/207 1669/1/207 1670/1/207
f 1672/1/207 1674/1/207 1671/1/207
f 1676/1/207 1678/1/207 1675/1/207
f 1680/1/207 1682/1/207 1679/1/207
f 1684/1/207 1686/1/207 1683/1/207
f 1688/1/207 1690/1/207 1687/1/207
f 1691/1/1662 1693/1/1662 1694/1/1662
f 1696/1/1663 1698/1/1663 1695/1/1663
f 1700/1/1664 1702/1/1664 1699/1/1664
f 1704/1/1665 1706/1/1665 1703/1/1665
f 1708/1/1666 1710/1/1666 1707/1/1666
f 1712/1/1667 1714/1/1667 1711/1/1667
f 1716/1/1668 1718/1/1668 1715/1/1668
f 1719/1/251 1721/1/251 1722/1/251
f 1723/1/205 1725/1/205 1726/1/205
f 1728/1/205 1730/1/205 1727/1/205
f 1732/1/205 1734/1/205 1731/1/205
f 1736/1/251 1738/1/251 1735/1/251
f 1740/1/205 1742/1/205 1739/1/205
f 1744/1/205 1746/1/205 1743/1/205
f 1747/1/1669 1749/1/1669 1750/1/1669
f 1751/1/1670 1753/1/1670 1754/1/1670
f 1755/1/1671 1757/1/1671 1758/1/1671
f 1759/1/1672 1761/1/1672 1762/1/1672
f 1763/1/1673 1765/1/1673 1766/1/1673
f 1768/1/1674 1770/1/1674 1767/1/1674
f 1772/1/1675 1774/1/1675 1771/1/1675
f 1775/1/207 1777/1/207 1778/1/207
f 1779/1/207 1781/1/207 1782/1/207
f 1783/1/259 1785/1/259 1786/1/259
f 1787/1/207 1789/1/207 1790/1/207
f 1791/1/207 1793/1/207 1794/1/207
f 1796/1/259 1798/1/259 1795/1/259
f 1800/1/259 1802/1/259 1799/1/259
f 1803/1/1676 1805/1/1676 1806/1/1676
f 1807/1/1677 1809/1/1677 1810/1/1677
f 1811/1/1678 1813/1/1678 1814/1/1678
f 1815/1/1679 1817/1/1679 1818/1/1679
f 1819/1/1680 1821/1/1680 1822/1/1680
f 1823/1/1681 1825/1/1681 1826/1/1681
f 1828/1/1682 1830/1/1682 1827/1/1682
f 1831/1/251 1833/1/251 1834/1/251
f 1835/1/205 1837/1/205 1838/1/205
f 1839/1/251 1841/1/251 1842/1/251
f 1843/1/251 1845/1/251 1846/1/251
f 1847/1/205 1849/1/205 1850/1/205
f 1852/1/205 1854/1/205 1851/1/205
f 1856/1/205 1858/1/205 1855/1/205
f 1859/1/1683 1861/1/1683 1862/1/1683
f 1864/1/1684 1866/1/1684 1863/1/1684
f 1868/1/1685 1870/1/1685 1867/1/1685
f 1872/1/1686 1874/1/1686 1871/1/1686
f 1876/1/1687 1878/1/1687 1875/1/1687
f 1880/1/1688 1882/1/1688 1879/1/1688
f 1884/1/1689 1886/1/1689 1883/1/1689
f 1887/1/295 1889/1/295 1890/1/295
f 1892/1/296 1894/1/296 1891/1/296
f 1896/1/297 1898/1/297 1895/1/297
f 1900/1/1690 1902/1/1690 1899/1/1690
f 1904/1/299 1906/1/299 1903/1/299
f 1908/1/300 1910/1/300 1907/1/300
f 1912/1/301 1914/1/301 1911/1/301
f 1915/1/1691 1917/1/1691 1918/1/1691
f 1920/1/1692 1922/1/1692 1919/1/1692
f 1924/1/1693 1926/1/1693 1923/1/1693
f 1928/1/1694 1930/1/1694 1927/1/1694
f 1932/1/1695 1934/1/1695 1931/1/1695
f 1936/1/1696 1938/1/1696 1935/1/1696
f 1940/1/1697 1942/1/1697 1939/1/1697
f 1943/1/281 1945/1/281 1946/1/281
f 1948/1/282 1950/1/282 1947/1/282
f 1952/1/1698 1954/1/1698 1951/1/1698
f 1956/1/1699 1958/1/1699 1955/1/1699
f 1960/1/285 1962/1/285 1959/1/285
f 1964/1/286 1966/1/286 1963/1/286
f 1968/1/287 1970/1/287 1967/1/287
f 1971/1/1700 1972/1/1700 1973/1/1700
f 1974/1/1701 1975/1/1701 1976/1/1701
f 1977/1/1702 1978/1/1702 1979/1/1702
f 1980/1/1703 1981/1/1703 1982/1/1703
f 1983/1/104 1984/1/104 1985/1/104
f 1986/1/157 1987/1/157 1988/1/157
f 1989/1/1704 1990/1/1704 1991/1/1704
f 1992/1/149 1993/1/149 1994/1/149
f 1995/1/1705 1996/1/1705 1997/1/1705
f 1998/1/1706 1999/1/1706 2000/1/1706
f 2001/1/1707 2002/1/1707 2003/1/1707
f 2004/1/1708 2005/1/1708 2006/1/1708
f 2007/1/1709 2008/1/1709 2009/1/1709
f 2010/1/113 2011/1/113 2012/1/113
f 2013/1/1710 2014/1/1710 2015/1/1710
f 2016/1/1711 2017/1/1711 2018/1/1711
f 2019/1/1712 2021/1/1712 2022/1/1712
f 2023/1/1713 2025/1/1713 2026/1/1713
f 2027/1/1714 2029/1/1714 2030/1/1714
f 2031/1/1715 2033/1/1715 2034/1/1715
f 2035/1/1716 2037/1/1716 2038/1/1716
f 2039/1/1717 2041/1/1717 2042/1/1717
f 2044/1/1718 2046/1/1718 2043/1/1718
f 2047/1/135 2049/1/135 2050/1/135
f 2051/1/1719 2053/1/1719 2054/1/1719
f 2055/1/1720 2057/1/1720 2058/1/1720
f 2059/1/138 2061/1/138 2062/1/138
f 2063/1/139 2065/1/139 2066/1/139
f 2067/1/1721 2069/1/1721 2070/1/1721
f 2072/1/1722 2074/1/1722 2071/1/1722
f 2075/1/1723 2077/1/1723 2078/1/1723
f 2079/1/1724 2081/1/1724 2082/1/1724
f 2083/1/1725 2085/1/1725 2086/1/1725
f 2087/1/1726 2089/1/1726 2090/1/1726
f 2091/1/1727 2093/1/1727 2094/1/1727
f 2095/1/1728 2097/1/1728 2098/1/1728
f 2100/1/1729 2102/1/1729 2099/1/1729
f 2103/1/121 2105/1/121 2106/1/121
f 2107/1/122 2109/1/122 2110/1/122
f 2111/1/1730 2113/1/1730 2114/1/1730
f 2115/1/124 2117/1/124 2118/1/124
f 2119/1/125 2121/1/125 2122/1/125
f 2123/1/126 2125/1/126 2126/1/126
f 2128/1/1731 2130/1/1731 2127/1/1731
f 2131/1/1732 2133/1/1732 2134/1/1732
f 2135/1/1733 2137/1/1733 2138/1/1733
f 2140/1/1734 2142/1/1734 2139/1/1734
f 2144/1/1735 2146/1/1735 2143/1/1735
f 2148/1/1736 2150/1/1736 2147/1/1736
f 2152/1/1737 2154/1/1737 2151/1/1737
f 2156/1/1738 2158/1/1738 2155/1/1738
f 2159/1/105 2161/1/105 2162/1/105
f 2163/1/105 2165/1/105 2166/1/105
f 2168/1/105 2170/1/105 2167/1/105
f 2172/1/105 2174/1/105 2171/1/105
f 2176/1/105 2178/1/105 2175/1/105
f 2180/1/105 2182/1/105 2179/1/105
f 2184/1/105 2186/1/105 2183/1/105
f 2187/1/1739 2189/1/1739 2190/1/1739
f 2192/1/1740 2194/1/1740 2191/1/1740
f 2196/1/1741 2198/1/1741 2195/1/1741
f 2200/1/1742 2202/1/1742 2199/1/1742
f 2204/1/1743 2206/1/1743 2203/1/1743
f 2208/1/1744 2210/1/1744 2207/1/1744
f 2212/1/1745 2214/1/1745 2211/1/1745
f 2215/1/103 2217/1/103 2218/1/103
f 2219/1/103 2221/1/103 2222/1/103
f 2224/1/103 2226/1/103 2223/1/103
f 2228/1/103 2230/1/103 2227/1/103
f 2232/1/149 2234/1/149 2231/1/149
f 2236/1/103 2238/1/103 2235/1/103
f 2240/1/103 2242/1/103 2239/1/103
f 2243/1/1746 2245/1/1746 2246/1/1746
f 2247/1/1747 2249/1/1747 2250/1/1747
f 2251/1/1748 2253/1/1748 2254/1/1748
f 2255/1/1749 2257/1/1749 2258/1/1749
f 2259/1/1750 2261/1/1750 2262/1/1750
f 2264/1/1751 2266/1/1751 2263/1/1751
f 2268/1/1752 2270/1/1752 2267/1/1752
f 2271/1/105 2273/1/105 2274/1/105
f 2275/1/105 2277/1/105 2278/1/105
f 2279/1/157 2281/1/157 2282/1/157
f 2283/1/157 2285/1/157 2286/1/157
f 2287/1/157 2289/1/157 2290/1/157
f 2292/1/157 2294/1/157 2291/1/157
f 2296/1/157 2298/1/157 2295/1/157
f 2299/1/1753 2301/1/1753 2302/1/1753
f 2303/1/1754 2305/1/1754 2306/1/1754
f 2307/1/1755 2309/1/1755 2310/1/1755
f 2311/1/1756 2313/1/1756 2314/1/1756
f 2315/1/1757 2317/1/1757 2318/1/1757
f 2319/1/1758 2321/1/1758 2322/1/1758
f 2324/1/1759 2326/1/1759 2323/1/1759
f 2327/1/149 2329/1/149 2330/1/149
f 2331/1/103 2333/1/103 2334/1/103
f 2335/1/149 2337/1/149 2338/1/149
f 2339/1/103 2341/1/103 2342/1/103
f 2343/1/103 2345/1/103 2346/1/103
f 2348/1/103 2350/1/103 2347/1/103
f 2352/1/103 2354/1/103 2351/1/103
f 2355/1/1760 2357/1/1760 2358/1/1760
f 2360/1/1761 2362/1/1761 2359/1/1761
f 2364/1/1762 2366/1/1762 2363/1/1762
f 2368/1/1763 2370/1/1763 2367/1/1763
f 2372/1/1764 2374/1/1764 2371/1/1764
f 2376/1/1765 2378/1/1765 2375/1/1765
f 2380/1/1766 2382/1/1766 2379/1/1766
f 2383/1/193 2385/1/193 2386/1/193
f 2388/1/194 2390/1/194 2387/1/194
f 2392/1/195 2394/1/195 2391/1/195
f 2396/1/1767 2398/1/1767 2395/1/1767
f 2400/1/197 2402/1/197 2399/1/197
f 2404/1/198 2406/1/198 2403/1/198
f 2408/1/199 2410/1/199 2407/1/199
f 2411/1/1768 2413/1/1768 2414/1/1768
f 2416/1/1769 2418/1/1769 2415/1/1769
f 2420/1/1770 2422/1/1770 2419/1/1770
f 2424/1/1771 2426/1/1771 2423/1/1771
f 2428/1/1772 2430/1/1772 2427/1/1772
f 2432/1/1773 2434/1/1773 2431/1/1773
f 2436/1/1774 2438/1/1774 2435/1/1774
f 2439/1/179 2441/1/179 2442/1/179
f 2444/1/180 2446/1/180 2443/1/180
f 2448/1/181 2450/1/181 2447/1/181
f 2452/1/1775 2454/1/1775 2451/1/1775
f 2456/1/183 2458/1/183 2455/1/183
f 2460/1/184 2462/1/184 2459/1/184
f 2464/1/185 2466/1/185 2463/1/185
f 1530/1/1776 1538/1/1776 1529/1/1776
f 1540/1/1777 1534/1/1777 1539/1/1777
f 1536/1/1778 1549/1/1778 1535/1/1778
f 1546/1/1779 1495/1/1779 1545/1/1779
f 1547/1/1780 1552/1/1780 1496/1/1780
f 1493/1/1781 1504/1/1781 1553/1/1781
f 1503/1/1782 1505/1/1782 1550/1/1782
f 1478/1/1783 1501/1/1783 1502/1/1783
f 1527/1/422 1554/1/422 1526/1/422
f 1498/1/1784 1558/1/1784 1497/1/1784
f 1556/1/424 1562/1/424 1557/1/424
f 1560/1/1785 1566/1/1785 1561/1/1785
f 1564/1/426 1570/1/426 1565/1/426
f 1568/1/427 1574/1/427 1569/1/427
f 1575/1/1786 1573/1/1786 1572/1/1786
f 1475/1/1787 1577/1/1787 1576/1/1787
f 1524/1/1788 1582/1/1788 1523/1/1788
f 1580/1/1789 1586/1/1789 1581/1/1789
f 1584/1/1790 1590/1/1790 1585/1/1790
f 1588/1/1791 1594/1/1791 1589/1/1791
f 1592/1/1792 1598/1/1792 1593/1/1792
f 1596/1/1793 1602/1/1793 1597/1/1793
f 1603/1/1794 1601/1/1794 1600/1/1794
f 1507/1/1795 1605/1/1795 1604/1/1795
f 1521/1/406 1610/1/406 1492/1/406
f 1608/1/407 1614/1/407 1609/1/407
f 1612/1/408 1618/1/408 1613/1/408
f 1616/1/409 1622/1/409 1617/1/409
f 1620/1/410 1626/1/410 1621/1/410
f 1624/1/411 1630/1/411 1625/1/411
f 1631/1/1796 1629/1/1796 1628/1/1796
f 1480/1/1797 1633/1/1797 1632/1/1797
f 1490/1/1798 1638/1/1798 1489/1/1798
f 1636/1/1799 1642/1/1799 1637/1/1799
f 1643/1/1800 1641/1/1800 1640/1/1800
f 1647/1/1801 1645/1/1801 1644/1/1801
f 1651/1/1802 1649/1/1802 1648/1/1802
f 1655/1/1803 1653/1/1803 1652/1/1803
f 1659/1/1804 1657/1/1804 1656/1/1804
f 1511/1/1805 1661/1/1805 1660/1/1805
f 1487/1/259 1666/1/259 1486/1/259
f 1664/1/207 1670/1/207 1665/1/207
f 1671/1/207 1669/1/207 1668/1/207
f 1675/1/207 1673/1/207 1672/1/207
f 1679/1/259 1677/1/259 1676/1/259
f 1683/1/259 1681/1/259 1680/1/259
f 1687/1/259 1685/1/259 1684/1/259
f 1519/1/207 1689/1/207 1688/1/207
f 1484/1/1806 1694/1/1806 1483/1/1806
f 1692/1/1807 1698/1/1807 1693/1/1807
f 1699/1/1808 1697/1/1808 1696/1/1808
f 1703/1/1809 1701/1/1809 1700/1/1809
f 1707/1/1810 1705/1/1810 1704/1/1810
f 1711/1/1811 1709/1/1811 1708/1/1811
f 1715/1/1812 1713/1/1812 1712/1/1812
f 1516/1/1813 1717/1/1813 1716/1/1813
f 1544/1/205 1722/1/205 1543/1/205
f 1720/1/205 1726/1/205 1721/1/205
f 1727/1/205 1725/1/205 1724/1/205
f 1731/1/205 1729/1/205 1728/1/205
f 1735/1/205 1733/1/205 1732/1/205
f 1739/1/251 1737/1/251 1736/1/251
f 1743/1/251 1741/1/251 1740/1/251
f 1513/1/205 1745/1/205 1744/1/205
f 1510/1/1814 1750/1/1814 1520/1/1814
f 1748/1/1815 1754/1/1815 1749/1/1815
f 1752/1/1816 1758/1/1816 1753/1/1816
f 1756/1/1817 1762/1/1817 1757/1/1817
f 1760/1/1818 1766/1/1818 1761/1/1818
f 1767/1/1819 1765/1/1819 1764/1/1819
f 1771/1/1820 1769/1/1820 1768/1/1820
f 1528/1/1821 1773/1/1821 1772/1/1821
f 1518/1/259 1778/1/259 1517/1/259
f 1776/1/259 1782/1/259 1777/1/259
f 1780/1/207 1786/1/207 1781/1/207
f 1784/1/207 1790/1/207 1785/1/207
f 1788/1/259 1794/1/259 1789/1/259
f 1792/1/259 1798/1/259 1793/1/259
f 1799/1/207 1797/1/207 1796/1/207
f 1525/1/207 1801/1/207 1800/1/207
f 1515/1/1822 1806/1/1822 1514/1/1822
f 1804/1/1823 1810/1/1823 1805/1/1823
f 1808/1/1824 1814/1/1824 1809/1/1824
f 1812/1/1825 1818/1/1825 1813/1/1825
f 1816/1/1826 1822/1/1826 1817/1/1826
f 1820/1/1827 1826/1/1827 1821/1/1827
f 1827/1/1828 1825/1/1828 1824/1/1828
f 1522/1/1829 1829/1/1829 1828/1/1829
f 1532/1/251 1834/1/251 1531/1/251
f 1832/1/205 1838/1/205 1833/1/205
f 1836/1/205 1842/1/205 1837/1/205
f 1840/1/251 1846/1/251 1841/1/251
f 1844/1/205 1850/1/205 1845/1/205
f 1848/1/205 1854/1/205 1849/1/205
f 1855/1/205 1853/1/205 1852/1/205
f 1491/1/205 1857/1/205 1856/1/205
f 1509/1/1830 1862/1/1830 1508/1/1830
f 1860/1/1831 1866/1/1831 1861/1/1831
f 1867/1/1832 1865/1/1832 1864/1/1832
f 1871/1/1833 1869/1/1833 1868/1/1833
f 1875/1/1834 1873/1/1834 1872/1/1834
f 1879/1/1835 1877/1/1835 1876/1/1835
f 1883/1/1836 1881/1/1836 1880/1/1836
f 1488/1/1837 1885/1/1837 1884/1/1837
f 1506/1/1838 1890/1/1838 1481/1/1838
f 1888/1/487 1894/1/487 1889/1/487
f 1895/1/488 1893/1/488 1892/1/488
f 1899/1/489 1897/1/489 1896/1/489
f 1903/1/490 1901/1/490 1900/1/490
f 1907/1/491 1905/1/491 1904/1/491
f 1911/1/1839 1909/1/1839 1908/1/1839
f 1485/1/493 1913/1/493 1912/1/493
f 1479/1/1840 1918/1/1840 1512/1/1840
f 1916/1/1841 1922/1/1841 1917/1/1841
f 1923/1/1842 1921/1/1842 1920/1/1842
f 1927/1/1843 1925/1/1843 1924/1/1843
f 1931/1/1844 1929/1/1844 1928/1/1844
f 1935/1/1845 1933/1/1845 1932/1/1845
f 1939/1/1846 1937/1/1846 1936/1/1846
f 1482/1/1847 1941/1/1847 1940/1/1847
f 1477/1/1848 1946/1/1848 1476/1/1848
f 1944/1/471 1950/1/471 1945/1/471
f 1951/1/1849 1949/1/1849 1948/1/1849
f 1955/1/473 1953/1/473 1952/1/473
f 1959/1/474 1957/1/474 1956/1/474
f 1963/1/475 1961/1/475 1960/1/475
f 1967/1/1850 1965/1/1850 1964/1/1850
f 1542/1/477 1969/1/477 1968/1/477
f 2020/1/1851 1995/1/1851 1997/1/1851
f 2024/1/1852 2022/1/1852 2021/1/1852
f 2028/1/1853 2026/1/1853 2025/1/1853
f 2032/1/1854 2030/1/1854 2029/1/1854
f 2036/1/1855 2034/1/1855 2033/1/1855
f 2040/1/1856 2038/1/1856 2037/1/1856
f 2041/1/1857 2043/1/1857 2042/1/1857
f 2045/1/1858 1971/1/1858 2046/1/1858
f 2048/1/326 1998/1/326 2000/1/326
f 2052/1/327 2050/1/327 2049/1/327
f 2056/1/328 2054/1/328 2053/1/328
f 2060/1/1859 2058/1/1859 2057/1/1859
f 2064/1/330 2062/1/330 2061/1/330
f 2068/1/331 2066/1/331 2065/1/331
f 2069/1/1860 2071/1/1860 2070/1/1860
f 2073/1/1861 1974/1/1861 2074/1/1861
f 2076/1/1862 2001/1/1862 2003/1/1862
f 2080/1/1863 2078/1/1863 2077/1/1863
f 2084/1/1864 2082/1/1864 2081/1/1864
f 2088/1/1865 2086/1/1865 2085/1/1865
f 2092/1/1866 2090/1/1866 2089/1/1866
f 2096/1/1867 2094/1/1867 2093/1/1867
f 2097/1/1868 2099/1/1868 2098/1/1868
f 2101/1/1869 1977/1/1869 2102/1/1869
f 2104/1/310 2004/1/310 2006/1/310
f 2108/1/1870 2106/1/1870 2105/1/1870
f 2112/1/312 2110/1/312 2109/1/312
f 2116/1/313 2114/1/313 2113/1/313
f 2120/1/314 2118/1/314 2117/1/314
f 2124/1/315 2122/1/315 2121/1/315
f 2125/1/1871 2127/1/1871 2126/1/1871
f 2129/1/1872 1980/1/1872 2130/1/1872
f 2132/1/1873 2007/1/1873 2009/1/1873
f 2136/1/1874 2134/1/1874 2133/1/1874
f 2137/1/1875 2139/1/1875 2138/1/1875
f 2141/1/1876 2143/1/1876 2142/1/1876
f 2145/1/1877 2147/1/1877 2146/1/1877
f 2149/1/1878 2151/1/1878 2150/1/1878
f 2153/1/1879 2155/1/1879 2154/1/1879
f 2157/1/1880 1983/1/1880 2158/1/1880
f 2160/1/105 2010/1/105 2012/1/105
f 2164/1/105 2162/1/105 2161/1/105
f 2165/1/105 2167/1/105 2166/1/105
f 2169/1/105 2171/1/105 2170/1/105
f 2173/1/157 2175/1/157 2174/1/157
f 2177/1/157 2179/1/157 2178/1/157
f 2181/1/157 2183/1/157 2182/1/157
f 2185/1/105 1986/1/105 2186/1/105
f 2188/1/1881 2013/1/1881 2015/1/1881
f 2192/1/1882 2190/1/1882 2189/1/1882
f 2193/1/1883 2195/1/1883 2194/1/1883
f 2197/1/1884 2199/1/1884 2198/1/1884
f 2201/1/1885 2203/1/1885 2202/1/1885
f 2205/1/1886 2207/1/1886 2206/1/1886
f 2209/1/1887 2211/1/1887 2210/1/1887
f 2213/1/1888 1989/1/1888 2214/1/1888
f 2216/1/149 2016/1/149 2018/1/149
f 2220/1/103 2218/1/103 2217/1/103
f 2221/1/103 2223/1/103 2222/1/103
f 2225/1/103 2227/1/103 2226/1/103
f 2229/1/103 2231/1/103 2230/1/103
f 2233/1/149 2235/1/149 2234/1/149
f 2237/1/149 2239/1/149 2238/1/149
f 2241/1/103 1992/1/103 2242/1/103
f 2244/1/1889 1985/1/1889 1984/1/1889
f 2248/1/1890 2246/1/1890 2245/1/1890
f 2252/1/1891 2250/1/1891 2249/1/1891
f 2256/1/1892 2254/1/1892 2253/1/1892
f 2260/1/1893 2258/1/1893 2257/1/1893
f 2261/1/1894 2263/1/1894 2262/1/1894
f 2265/1/1895 2267/1/1895 2266/1/1895
f 2269/1/1896 1996/1/1896 2270/1/1896
f 2272/1/157 1988/1/157 1987/1/157
f 2276/1/105 2274/1/105 2273/1/105
f 2280/1/105 2278/1/105 2277/1/105
f 2284/1/157 2282/1/157 2281/1/157
f 2288/1/157 2286/1/157 2285/1/157
f 2292/1/157 2290/1/157 2289/1/157
f 2293/1/105 2295/1/105 2294/1/105
f 2297/1/105 1999/1/105 2298/1/105
f 2300/1/1897 1991/1/1897 1990/1/1897
f 2304/1/1898 2302/1/1898 2301/1/1898
f 2308/1/1899 2306/1/1899 2305/1/1899
f 2312/1/1900 2310/1/1900 2309/1/1900
f 2316/1/1901 2314/1/1901 2313/1/1901
f 2320/1/1902 2318/1/1902 2317/1/1902
f 2321/1/1903 2323/1/1903 2322/1/1903
f 2325/1/1904 2002/1/1904 2326/1/1904
f 2328/1/149 1994/1/149 1993/1/149
f 2332/1/103 2330/1/103 2329/1/103
f 2336/1/103 2334/1/103 2333/1/103
f 2340/1/149 2338/1/149 2337/1/149
f 2344/1/103 2342/1/103 2341/1/103
f 2348/1/103 2346/1/103 2345/1/103
f 2349/1/103 2351/1/103 2350/1/103
f 2353/1/103 2005/1/103 2354/1/103
f 2356/1/1905 1976/1/1905 1975/1/1905
f 2360/1/1906 2358/1/1906 2357/1/1906
f 2361/1/1907 2363/1/1907 2362/1/1907
f 2365/1/1908 2367/1/1908 2366/1/1908
f 2369/1/1909 2371/1/1909 2370/1/1909
f 2373/1/1910 2375/1/1910 2374/1/1910
f 2377/1/1911 2379/1/1911 2378/1/1911
f 2381/1/1912 2008/1/1912 2382/1/1912
f 2384/1/1913 1979/1/1913 1978/1/1913
f 2388/1/1914 2386/1/1914 2385/1/1914
f 2389/1/1915 2391/1/1915 2390/1/1915
f 2393/1/393 2395/1/393 2394/1/393
f 2397/1/394 2399/1/394 2398/1/394
f 2401/1/395 2403/1/395 2402/1/395
f 2405/1/1916 2407/1/1916 2406/1/1916
f 2409/1/397 2011/1/397 2410/1/397
f 2412/1/1917 1982/1/1917 1981/1/1917
f 2416/1/1918 2414/1/1918 2413/1/1918
f 2417/1/1919 2419/1/1919 2418/1/1919
f 2421/1/1920 2423/1/1920 2422/1/1920
f 2425/1/1921 2427/1/1921 2426/1/1921
f 2429/1/1922 2431/1/1922 2430/1/1922
f 2433/1/1923 2435/1/1923 2434/1/1923
f 2437/1/1924 2014/1/1924 2438/1/1924
f 2440/1/1925 1973/1/1925 1972/1/1925
f 2444/1/1926 2442/1/1926 2441/1/1926
f 2445/1/1927 2447/1/1927 2446/1/1927
f 2449/1/377 2451/1/377 2450/1/377
f 2453/1/378 2455/1/378 2454/1/378
f 2457/1/379 2459/1/379 2458/1/379
f 2461/1/1928 2463/1/1928 2462/1/1928
f 2465/1/381 2017/1/381 2466/1/381
f 2395/1/539 1900/1/539 1899/1/539
f 2402/1/541 1903/1/541 2399/1/541
f 2215/1/542 1720/1/542 1719/1/542
f 1724/1/2 2219/1/2 2222/1/2
f 2039/1/1929 1550/1/1929 1551/1/1929
f 1502/1/1930 2043/1/1930 2046/1/1930
f 1908/1/544 2403/1/544 2406/1/544
f 1728/1/542 2223/1/542 2226/1/542
f 1973/1/1931 1478/1/1931 1971/1/1931
f 1912/1/546 2407/1/546 2410/1/546
f 1732/1/2 2227/1/2 2230/1/2
f 1999/1/547 1527/1/547 1525/1/547
f 1498/1/1932 2047/1/1932 2050/1/1932
f 1487/1/1933 2011/1/1933 2010/1/1933
f 1736/1/542 2231/1/542 2234/1/542
f 1556/1/1934 2051/1/1934 2054/1/1934
f 1980/1/1935 1479/1/1935 1480/1/1935
f 1916/1/1936 2411/1/1936 2414/1/1936
f 1740/1/2 2235/1/2 2238/1/2
f 1560/1/1937 2055/1/1937 2058/1/1937
f 1920/1/1938 2415/1/1938 2418/1/1938
f 1744/1/2 2239/1/2 2242/1/2
f 1564/1/552 2059/1/552 2062/1/552
f 1924/1/1939 2419/1/1939 2422/1/1939
f 1532/1/2 1992/1/2 1994/1/2
f 1568/1/1940 2063/1/1940 2066/1/1940
f 1928/1/1941 2423/1/1941 2426/1/1941
f 1983/1/48 1510/1/48 1511/1/48
f 1748/1/1942 2243/1/1942 2246/1/1942
f 1572/1/555 2067/1/555 2070/1/555
f 1932/1/1943 2427/1/1943 2430/1/1943
f 1752/1/1944 2247/1/1944 2250/1/1944
f 1576/1/1945 2071/1/1945 2074/1/1945
f 1936/1/1946 2431/1/1946 2434/1/1946
f 1756/1/1947 2251/1/1947 2254/1/1947
f 1509/1/1948 1974/1/1948 1976/1/1948
f 1940/1/1949 2435/1/1949 2438/1/1949
f 1760/1/1950 2255/1/1950 2258/1/1950
f 2002/1/1951 1524/1/1951 1522/1/1951
f 1580/1/1952 2075/1/1952 2078/1/1952
f 1484/1/1953 2014/1/1953 2013/1/1953
f 1764/1/1954 2259/1/1954 2262/1/1954
f 1584/1/1955 2079/1/1955 2082/1/1955
f 1944/1/584 2439/1/584 2442/1/584
f 1768/1/1956 2263/1/1956 2266/1/1956
f 1588/1/1957 2083/1/1957 2086/1/1957
f 1948/1/587 2443/1/587 2446/1/587
f 1772/1/1958 2267/1/1958 2270/1/1958
f 1592/1/1959 2087/1/1959 2090/1/1959
f 1952/1/590 2447/1/590 2450/1/590
f 1995/1/1960 1528/1/1960 1996/1/1960
f 1596/1/1961 2091/1/1961 2094/1/1961
f 1956/1/494 2451/1/494 2454/1/494
f 1986/1/45 1518/1/45 1519/1/45
f 1776/1/45 2271/1/45 2274/1/45
f 1600/1/1962 2095/1/1962 2098/1/1962
f 1960/1/495 2455/1/495 2458/1/495
f 1780/1/45 2275/1/45 2278/1/45
f 1604/1/1963 2099/1/1963 2102/1/1963
f 1964/1/1964 2459/1/1964 2462/1/1964
f 2282/1/45 1783/1/45 2279/1/45
f 1506/1/1965 1977/1/1965 1979/1/1965
f 1968/1/500 2463/1/500 2466/1/500
f 2286/1/507 1787/1/507 2283/1/507
f 2005/1/501 1521/1/501 1491/1/501
f 1608/1/502 2103/1/502 2106/1/502
f 1544/1/503 2017/1/503 2016/1/503
f 1792/1/45 2287/1/45 2290/1/45
f 1612/1/504 2107/1/504 2110/1/504
f 1796/1/507 2291/1/507 2294/1/507
f 1616/1/508 2111/1/508 2114/1/508
f 1800/1/45 2295/1/45 2298/1/45
f 1620/1/510 2115/1/510 2118/1/510
f 1624/1/512 2119/1/512 2122/1/512
f 1989/1/514 1515/1/514 1516/1/514
f 1804/1/1966 2299/1/1966 2302/1/1966
f 1628/1/516 2123/1/516 2126/1/516
f 1808/1/1967 2303/1/1967 2306/1/1967
f 1632/1/1968 2127/1/1968 2130/1/1968
f 1812/1/1969 2307/1/1969 2310/1/1969
f 1816/1/1970 2311/1/1970 2314/1/1970
f 2008/1/1971 1490/1/1971 1488/1/1971
f 1636/1/1972 2131/1/1972 2134/1/1972
f 1820/1/1973 2315/1/1973 2318/1/1973
f 1640/1/1974 2135/1/1974 2138/1/1974
f 1824/1/1975 2319/1/1975 2322/1/1975
f 1644/1/1976 2139/1/1976 2142/1/1976
f 1828/1/1977 2323/1/1977 2326/1/1977
f 1648/1/1978 2143/1/1978 2146/1/1978
f 1652/1/1979 2147/1/1979 2150/1/1979
f 1832/1/542 2327/1/542 2330/1/542
f 1656/1/1980 2151/1/1980 2154/1/1980
f 1836/1/2 2331/1/2 2334/1/2
f 1660/1/1981 2155/1/1981 2158/1/1981
f 1840/1/2 2335/1/2 2338/1/2
f 1844/1/2 2339/1/2 2342/1/2
f 1664/1/45 2159/1/45 2162/1/45
f 1848/1/2 2343/1/2 2346/1/2
f 1668/1/45 2163/1/45 2166/1/45
f 1852/1/2 2347/1/2 2350/1/2
f 1672/1/507 2167/1/507 2170/1/507
f 1856/1/542 2351/1/542 2354/1/542
f 1676/1/507 2171/1/507 2174/1/507
f 1680/1/45 2175/1/45 2178/1/45
f 1860/1/1982 2355/1/1982 2358/1/1982
f 1684/1/45 2179/1/45 2182/1/45
f 1864/1/1983 2359/1/1983 2362/1/1983
f 1688/1/45 2183/1/45 2186/1/45
f 1868/1/1984 2363/1/1984 2366/1/1984
f 1872/1/1985 2367/1/1985 2370/1/1985
f 1692/1/1986 2187/1/1986 2190/1/1986
f 1876/1/1987 2371/1/1987 2374/1/1987
f 1696/1/1604 2191/1/1604 2194/1/1604
f 1880/1/1988 2375/1/1988 2378/1/1988
f 1700/1/1989 2195/1/1989 2198/1/1989
f 1884/1/1990 2379/1/1990 2382/1/1990
f 1704/1/1991 2199/1/1991 2202/1/1991
f 1540/1/1992 2019/1/1992 2022/1/1992
f 1708/1/1993 2203/1/1993 2206/1/1993
f 1536/1/1994 2023/1/1994 2026/1/1994
f 2386/1/530 1887/1/530 2383/1/530
f 1712/1/1995 2207/1/1995 2210/1/1995
f 1546/1/1996 2027/1/1996 2030/1/1996
f 1892/1/533 2387/1/533 2390/1/533
f 1716/1/1997 2211/1/1997 2214/1/1997
f 1547/1/1998 2031/1/1998 2034/1/1998
f 1896/1/536 2391/1/536 2394/1/536
f 1493/1/1999 2035/1/1999 2038/1/1999
f 1502/1/2000 1971/1/2000 1478/1/2000
f 535/1/1 809/1/1 298/1/1
f 814/1/2 813/1/2 302/1/2
f 297/1/3 806/1/3 805/1/3
f 802/1/4 801/1/4 290/1/4
f 566/1/5 565/1/5 54/1/5
f 570/1/6 569/1/6 58/1/6
f 574/1/7 573/1/7 62/1/7
f 782/1/8 524/1/8 14/1/8
f 702/1/2 701/1/2 190/1/2
f 185/1/2001 694/1/2001 693/1/2001
f 181/1/2002 690/1/2002 689/1/2002
f 790/1/11 789/1/11 278/1/11
f 794/1/12 793/1/12 282/1/12
f 798/1/13 797/1/13 286/1/13
f 39/1/2003 547/1/2003 921/1/2003
f 926/1/1590 925/1/1590 414/1/1590
f 409/1/2004 918/1/2004 917/1/2004
f 405/1/2005 914/1/2005 913/1/2005
f 169/1/2006 678/1/2006 677/1/2006
f 173/1/2007 682/1/2007 681/1/2007
f 177/1/2008 686/1/2008 685/1/2008
f 385/1/2009 894/1/2009 515/1/2009
f 618/1/22 617/1/22 106/1/22
f 101/1/1607 610/1/1607 609/1/1607
f 606/1/24 605/1/24 94/1/24
f 393/1/2010 902/1/2010 901/1/2010
f 397/1/2011 906/1/2011 905/1/2011
f 401/1/2012 910/1/2012 909/1/2012
f 538/1/2 837/1/2 326/1/2
f 842/1/28 841/1/28 330/1/28
f 834/1/2 833/1/2 322/1/2
f 830/1/2 829/1/2 318/1/2
f 594/1/29 593/1/29 82/1/29
f 598/1/30 597/1/30 86/1/30
f 602/1/31 601/1/31 90/1/31
f 810/1/2 527/1/2 17/1/2
f 730/1/32 729/1/32 218/1/32
f 722/1/2 721/1/2 210/1/2
f 718/1/2 717/1/2 206/1/2
f 309/1/2 818/1/2 817/1/2
f 822/1/2 821/1/2 310/1/2
f 826/1/2 825/1/2 314/1/2
f 42/1/1613 550/1/1613 949/1/1613
f 445/1/34 954/1/34 953/1/34
f 437/1/35 946/1/35 945/1/35
f 942/1/36 941/1/36 430/1/36
f 706/1/2 705/1/2 194/1/2
f 710/1/2 709/1/2 198/1/2
f 714/1/2 713/1/2 202/1/2
f 922/1/37 518/1/37 8/1/37
f 137/1/2013 646/1/2013 645/1/2013
f 638/1/39 637/1/39 126/1/39
f 634/1/40 633/1/40 122/1/40
f 421/1/41 930/1/41 929/1/41
f 425/1/42 934/1/42 933/1/42
f 938/1/43 937/1/43 426/1/43
f 541/1/44 865/1/44 354/1/44
f 870/1/45 869/1/45 358/1/45
f 862/1/46 861/1/46 350/1/46
f 349/1/47 858/1/47 857/1/47
f 622/1/48 621/1/48 110/1/48
f 626/1/49 625/1/49 114/1/49
f 630/1/50 629/1/50 118/1/50
f 838/1/51 530/1/51 20/1/51
f 249/1/45 758/1/45 757/1/45
f 750/1/52 749/1/52 238/1/52
f 746/1/53 745/1/53 234/1/53
f 846/1/54 845/1/54 334/1/54
f 850/1/55 849/1/55 338/1/55
f 854/1/56 853/1/56 342/1/56
f 553/1/57 977/1/57 466/1/57
f 982/1/58 981/1/58 470/1/58
f 465/1/59 974/1/59 973/1/59
f 970/1/60 969/1/60 458/1/60
f 734/1/61 733/1/61 222/1/61
f 738/1/62 737/1/62 226/1/62
f 742/1/63 741/1/63 230/1/63
f 441/1/2014 950/1/2014 521/1/2014
f 165/1/2015 674/1/2015 673/1/2015
f 157/1/66 666/1/66 665/1/66
f 662/1/67 661/1/67 150/1/67
f 958/1/68 957/1/68 446/1/68
f 962/1/69 961/1/69 450/1/69
f 966/1/70 965/1/70 454/1/70
f 36/1/45 544/1/45 893/1/45
f 389/1/2016 898/1/2016 897/1/2016
f 381/1/45 890/1/45 889/1/45
f 886/1/45 885/1/45 374/1/45
f 141/1/72 650/1/72 649/1/72
f 145/1/73 654/1/73 653/1/73
f 658/1/74 657/1/74 146/1/74
f 357/1/45 866/1/45 533/1/45
f 786/1/75 785/1/75 274/1/75
f 778/1/45 777/1/45 266/1/45
f 265/1/45 774/1/45 773/1/45
f 365/1/45 874/1/45 873/1/45
f 878/1/45 877/1/45 366/1/45
f 882/1/45 881/1/45 370/1/45
f 48/1/76 556/1/76 1005/1/76
f 493/1/77 1002/1/77 1001/1/77
f 489/1/78 998/1/78 997/1/78
f 253/1/45 762/1/45 761/1/45
f 257/1/45 766/1/45 765/1/45
f 261/1/45 770/1/45 769/1/45
f 469/1/79 978/1/79 512/1/79
f 81/1/80 590/1/80 589/1/80
f 582/1/81 581/1/81 70/1/81
f 578/1/82 577/1/82 66/1/82
f 477/1/1562 986/1/1562 985/1/1562
f 481/1/84 990/1/84 989/1/84
f 485/1/85 994/1/85 993/1/85
f 726/1/86 552/1/86 43/1/86
f 13/1/2017 522/1/2017 697/1/2017
f 525/1/2 725/1/2 214/1/2
f 754/1/45 555/1/45 46/1/45
f 4/1/2018 513/1/2018 613/1/2018
f 77/1/89 586/1/89 537/1/89
f 528/1/90 753/1/90 242/1/90
f 562/1/91 561/1/91 50/1/91
f 614/1/92 540/1/92 31/1/92
f 22/1/45 531/1/45 781/1/45
f 133/1/93 642/1/93 543/1/93
f 49/1/94 558/1/94 534/1/94
f 161/1/2019 670/1/2019 546/1/2019
f 516/1/96 641/1/96 130/1/96
f 698/1/2 549/1/2 40/1/2
f 519/1/97 669/1/97 158/1/97
f 49/1/2020 52/1/2020 51/1/2020
f 53/1/2021 56/1/2021 55/1/2021
f 57/1/2022 60/1/2022 59/1/2022
f 61/1/2023 64/1/2023 63/1/2023
f 65/1/2024 68/1/2024 67/1/2024
f 69/1/2025 72/1/2025 71/1/2025
f 76/1/2026 75/1/2026 74/1/2026
f 77/1/2027 80/1/2027 79/1/2027
f 81/1/2028 84/1/2028 83/1/2028
f 85/1/2029 88/1/2029 87/1/2029
f 89/1/2030 92/1/2030 91/1/2030
f 93/1/2031 96/1/2031 95/1/2031
f 97/1/2032 100/1/2032 99/1/2032
f 104/1/2033 103/1/2033 102/1/2033
f 105/1/2034 108/1/2034 107/1/2034
f 109/1/2035 112/1/2035 111/1/2035
f 113/1/2036 116/1/2036 115/1/2036
f 117/1/2037 120/1/2037 119/1/2037
f 121/1/2038 124/1/2038 123/1/2038
f 125/1/2039 128/1/2039 127/1/2039
f 132/1/2040 131/1/2040 130/1/2040
f 133/1/2041 136/1/2041 135/1/2041
f 137/1/2042 140/1/2042 139/1/2042
f 141/1/2043 144/1/2043 143/1/2043
f 145/1/2044 148/1/2044 147/1/2044
f 149/1/2045 152/1/2045 151/1/2045
f 153/1/2046 156/1/2046 155/1/2046
f 160/1/2047 159/1/2047 158/1/2047
f 161/1/142 164/1/142 163/1/142
f 165/1/2048 168/1/2048 167/1/2048
f 172/1/144 171/1/144 170/1/144
f 176/1/145 175/1/145 174/1/145
f 180/1/146 179/1/146 178/1/146
f 184/1/2049 183/1/2049 182/1/2049
f 188/1/2050 187/1/2050 186/1/2050
f 189/1/103 192/1/103 191/1/103
f 193/1/149 196/1/149 195/1/149
f 200/1/103 199/1/103 198/1/103
f 204/1/103 203/1/103 202/1/103
f 208/1/149 207/1/149 206/1/149
f 212/1/149 211/1/149 210/1/149
f 216/1/103 215/1/103 214/1/103
f 217/1/2051 220/1/2051 219/1/2051
f 224/1/151 223/1/151 222/1/151
f 228/1/2052 227/1/2052 226/1/2052
f 232/1/2053 231/1/2053 230/1/2053
f 236/1/2054 235/1/2054 234/1/2054
f 240/1/2055 239/1/2055 238/1/2055
f 244/1/2056 243/1/2056 242/1/2056
f 245/1/105 248/1/105 247/1/105
f 249/1/105 252/1/105 251/1/105
f 256/1/105 255/1/105 254/1/105
f 260/1/105 259/1/105 258/1/105
f 264/1/105 263/1/105 262/1/105
f 268/1/105 267/1/105 266/1/105
f 272/1/105 271/1/105 270/1/105
f 273/1/2057 276/1/2057 275/1/2057
f 277/1/2058 280/1/2058 279/1/2058
f 281/1/2059 284/1/2059 283/1/2059
f 285/1/161 288/1/161 287/1/161
f 289/1/162 292/1/162 291/1/162
f 296/1/2060 295/1/2060 294/1/2060
f 300/1/2061 299/1/2061 298/1/2061
f 301/1/103 304/1/103 303/1/103
f 305/1/149 308/1/149 307/1/149
f 309/1/103 312/1/103 311/1/103
f 313/1/103 316/1/103 315/1/103
f 317/1/103 320/1/103 319/1/103
f 324/1/149 323/1/149 322/1/149
f 328/1/103 327/1/103 326/1/103
f 329/1/2062 332/1/2062 331/1/2062
f 333/1/2063 336/1/2063 335/1/2063
f 337/1/2064 340/1/2064 339/1/2064
f 341/1/2065 344/1/2065 343/1/2065
f 345/1/2066 348/1/2066 347/1/2066
f 349/1/170 352/1/170 351/1/170
f 356/1/2067 355/1/2067 354/1/2067
f 357/1/105 360/1/105 359/1/105
f 361/1/105 364/1/105 363/1/105
f 365/1/157 368/1/157 367/1/157
f 369/1/105 372/1/105 371/1/105
f 373/1/105 376/1/105 375/1/105
f 380/1/105 379/1/105 378/1/105
f 384/1/105 383/1/105 382/1/105
f 385/1/2068 388/1/2068 387/1/2068
f 392/1/2069 391/1/2069 390/1/2069
f 396/1/2070 395/1/2070 394/1/2070
f 400/1/2071 399/1/2071 398/1/2071
f 404/1/2072 403/1/2072 402/1/2072
f 408/1/2073 407/1/2073 406/1/2073
f 412/1/2074 411/1/2074 410/1/2074
f 413/1/2075 416/1/2075 415/1/2075
f 420/1/2076 419/1/2076 418/1/2076
f 424/1/2077 423/1/2077 422/1/2077
f 428/1/2078 427/1/2078 426/1/2078
f 432/1/2079 431/1/2079 430/1/2079
f 436/1/2080 435/1/2080 434/1/2080
f 440/1/2081 439/1/2081 438/1/2081
f 441/1/2082 444/1/2082 443/1/2082
f 448/1/2083 447/1/2083 446/1/2083
f 452/1/2084 451/1/2084 450/1/2084
f 456/1/2085 455/1/2085 454/1/2085
f 460/1/2086 459/1/2086 458/1/2086
f 464/1/2087 463/1/2087 462/1/2087
f 468/1/2088 467/1/2088 466/1/2088
f 469/1/2089 472/1/2089 471/1/2089
f 476/1/2090 475/1/2090 474/1/2090
f 480/1/2091 479/1/2091 478/1/2091
f 484/1/2092 483/1/2092 482/1/2092
f 488/1/2093 487/1/2093 486/1/2093
f 492/1/2094 491/1/2094 490/1/2094
f 496/1/2095 495/1/2095 494/1/2095
f 558/1/2096 561/1/2096 560/1/2096
f 562/1/2097 565/1/2097 564/1/2097
f 566/1/2098 569/1/2098 568/1/2098
f 570/1/2099 573/1/2099 572/1/2099
f 574/1/2100 577/1/2100 576/1/2100
f 578/1/2101 581/1/2101 580/1/2101
f 585/1/2102 584/1/2102 583/1/2102
f 586/1/2103 589/1/2103 588/1/2103
f 590/1/2104 593/1/2104 592/1/2104
f 594/1/2105 597/1/2105 596/1/2105
f 598/1/2106 601/1/2106 600/1/2106
f 602/1/2107 605/1/2107 604/1/2107
f 606/1/2108 609/1/2108 608/1/2108
f 613/1/2109 612/1/2109 611/1/2109
f 614/1/2110 617/1/2110 616/1/2110
f 618/1/2111 621/1/2111 620/1/2111
f 622/1/2112 625/1/2112 624/1/2112
f 626/1/2113 629/1/2113 628/1/2113
f 630/1/2114 633/1/2114 632/1/2114
f 634/1/2115 637/1/2115 636/1/2115
f 641/1/2116 640/1/2116 639/1/2116
f 642/1/2117 645/1/2117 644/1/2117
f 646/1/2118 649/1/2118 648/1/2118
f 650/1/2119 653/1/2119 652/1/2119
f 654/1/2120 657/1/2120 656/1/2120
f 658/1/2121 661/1/2121 660/1/2121
f 662/1/2122 665/1/2122 664/1/2122
f 669/1/2123 668/1/2123 667/1/2123
f 670/1/244 673/1/244 672/1/244
f 674/1/245 677/1/245 676/1/245
f 681/1/2124 680/1/2124 679/1/2124
f 685/1/247 684/1/247 683/1/247
f 689/1/2125 688/1/2125 687/1/2125
f 693/1/2126 692/1/2126 691/1/2126
f 697/1/2127 696/1/2127 695/1/2127
f 698/1/205 701/1/205 700/1/205
f 702/1/205 705/1/205 704/1/205
f 709/1/251 708/1/251 707/1/251
f 713/1/205 712/1/205 711/1/205
f 717/1/251 716/1/251 715/1/251
f 721/1/251 720/1/251 719/1/251
f 725/1/205 724/1/205 723/1/205
f 726/1/2128 729/1/2128 728/1/2128
f 733/1/253 732/1/253 731/1/253
f 737/1/2129 736/1/2129 735/1/2129
f 741/1/2130 740/1/2130 739/1/2130
f 745/1/2131 744/1/2131 743/1/2131
f 749/1/2132 748/1/2132 747/1/2132
f 753/1/2133 752/1/2133 751/1/2133
f 754/1/207 757/1/207 756/1/207
f 758/1/259 761/1/259 760/1/259
f 765/1/207 764/1/207 763/1/207
f 769/1/207 768/1/207 767/1/207
f 773/1/207 772/1/207 771/1/207
f 777/1/207 776/1/207 775/1/207
f 781/1/207 780/1/207 779/1/207
f 782/1/2134 785/1/2134 784/1/2134
f 786/1/2135 789/1/2135 788/1/2135
f 790/1/2136 793/1/2136 792/1/2136
f 794/1/263 797/1/263 796/1/263
f 798/1/264 801/1/264 800/1/264
f 805/1/2137 804/1/2137 803/1/2137
f 809/1/2138 808/1/2138 807/1/2138
f 810/1/251 813/1/251 812/1/251
f 814/1/205 817/1/205 816/1/205
f 818/1/205 821/1/205 820/1/205
f 822/1/251 825/1/251 824/1/251
f 826/1/205 829/1/205 828/1/205
f 833/1/251 832/1/251 831/1/251
f 837/1/251 836/1/251 835/1/251
f 838/1/2139 841/1/2139 840/1/2139
f 842/1/2140 845/1/2140 844/1/2140
f 846/1/2141 849/1/2141 848/1/2141
f 850/1/2142 853/1/2142 852/1/2142
f 854/1/2143 857/1/2143 856/1/2143
f 858/1/272 861/1/272 860/1/272
f 865/1/2144 864/1/2144 863/1/2144
f 866/1/207 869/1/207 868/1/207
f 870/1/259 873/1/259 872/1/259
f 874/1/207 877/1/207 876/1/207
f 878/1/207 881/1/207 880/1/207
f 882/1/259 885/1/259 884/1/259
f 889/1/207 888/1/207 887/1/207
f 893/1/207 892/1/207 891/1/207
f 894/1/2145 897/1/2145 896/1/2145
f 901/1/2146 900/1/2146 899/1/2146
f 905/1/2147 904/1/2147 903/1/2147
f 909/1/2148 908/1/2148 907/1/2148
f 913/1/2149 912/1/2149 911/1/2149
f 917/1/2150 916/1/2150 915/1/2150
f 921/1/2151 920/1/2151 919/1/2151
f 922/1/2152 925/1/2152 924/1/2152
f 929/1/2153 928/1/2153 927/1/2153
f 933/1/2154 932/1/2154 931/1/2154
f 937/1/2155 936/1/2155 935/1/2155
f 941/1/2156 940/1/2156 939/1/2156
f 945/1/2157 944/1/2157 943/1/2157
f 949/1/2158 948/1/2158 947/1/2158
f 950/1/2159 953/1/2159 952/1/2159
f 957/1/2160 956/1/2160 955/1/2160
f 961/1/2161 960/1/2161 959/1/2161
f 965/1/2162 964/1/2162 963/1/2162
f 969/1/2163 968/1/2163 967/1/2163
f 973/1/2164 972/1/2164 971/1/2164
f 977/1/2165 976/1/2165 975/1/2165
f 978/1/2166 981/1/2166 980/1/2166
f 985/1/2167 984/1/2167 983/1/2167
f 989/1/2168 988/1/2168 987/1/2168
f 993/1/2169 992/1/2169 991/1/2169
f 997/1/2170 996/1/2170 995/1/2170
f 1001/1/2171 1000/1/2171 999/1/2171
f 1005/1/2172 1004/1/2172 1003/1/2172
f 25/1/2173 26/1/2173 52/1/2173
f 50/1/2174 51/1/2174 56/1/2174
f 54/1/2175 55/1/2175 60/1/2175
f 58/1/2176 59/1/2176 64/1/2176
f 62/1/2177 63/1/2177 68/1/2177
f 66/1/2178 67/1/2178 72/1/2178
f 71/1/2179 76/1/2179 73/1/2179
f 75/1/309 3/1/309 1/1/309
f 28/1/310 29/1/310 80/1/310
f 78/1/1870 79/1/1870 84/1/1870
f 82/1/312 83/1/312 88/1/312
f 86/1/313 87/1/313 92/1/313
f 90/1/314 91/1/314 96/1/314
f 94/1/315 95/1/315 100/1/315
f 99/1/2180 104/1/2180 101/1/2180
f 103/1/2181 6/1/2181 4/1/2181
f 31/1/2182 32/1/2182 108/1/2182
f 106/1/2183 107/1/2183 112/1/2183
f 110/1/2184 111/1/2184 116/1/2184
f 114/1/2185 115/1/2185 120/1/2185
f 118/1/2186 119/1/2186 124/1/2186
f 122/1/2187 123/1/2187 128/1/2187
f 127/1/2188 132/1/2188 129/1/2188
f 131/1/2189 9/1/2189 7/1/2189
f 34/1/326 35/1/326 136/1/326
f 134/1/2190 135/1/2190 140/1/2190
f 138/1/328 139/1/328 144/1/328
f 142/1/329 143/1/329 148/1/329
f 146/1/330 147/1/330 152/1/330
f 150/1/331 151/1/331 156/1/331
f 155/1/332 160/1/332 157/1/332
f 159/1/2191 12/1/2191 10/1/2191
f 37/1/2192 38/1/2192 164/1/2192
f 162/1/2193 163/1/2193 168/1/2193
f 167/1/336 172/1/336 169/1/336
f 171/1/2194 176/1/2194 173/1/2194
f 175/1/2195 180/1/2195 177/1/2195
f 179/1/2196 184/1/2196 181/1/2196
f 183/1/2197 188/1/2197 185/1/2197
f 187/1/2198 15/1/2198 13/1/2198
f 40/1/103 41/1/103 192/1/103
f 190/1/103 191/1/103 196/1/103
f 195/1/103 200/1/103 197/1/103
f 199/1/149 204/1/149 201/1/149
f 203/1/103 208/1/103 205/1/103
f 207/1/103 212/1/103 209/1/103
f 211/1/149 216/1/149 213/1/149
f 215/1/103 18/1/103 16/1/103
f 43/1/2199 44/1/2199 220/1/2199
f 218/1/2200 219/1/2200 224/1/2200
f 223/1/2201 228/1/2201 225/1/2201
f 227/1/2202 232/1/2202 229/1/2202
f 231/1/2203 236/1/2203 233/1/2203
f 235/1/2204 240/1/2204 237/1/2204
f 239/1/2205 244/1/2205 241/1/2205
f 243/1/2206 21/1/2206 19/1/2206
f 46/1/105 47/1/105 248/1/105
f 246/1/105 247/1/105 252/1/105
f 251/1/105 256/1/105 253/1/105
f 255/1/157 260/1/157 257/1/157
f 259/1/105 264/1/105 261/1/105
f 263/1/157 268/1/157 265/1/157
f 267/1/105 272/1/105 269/1/105
f 271/1/105 24/1/105 22/1/105
f 14/1/2207 15/1/2207 276/1/2207
f 274/1/2208 275/1/2208 280/1/2208
f 278/1/2209 279/1/2209 284/1/2209
f 282/1/2210 283/1/2210 288/1/2210
f 286/1/2211 287/1/2211 292/1/2211
f 291/1/2212 296/1/2212 293/1/2212
f 295/1/2213 300/1/2213 297/1/2213
f 299/1/2214 26/1/2214 27/1/2214
f 17/1/103 18/1/103 304/1/103
f 302/1/149 303/1/149 308/1/149
f 306/1/103 307/1/103 312/1/103
f 310/1/103 311/1/103 316/1/103
f 314/1/103 315/1/103 320/1/103
f 318/1/103 319/1/103 324/1/103
f 323/1/149 328/1/149 325/1/149
f 327/1/103 29/1/103 30/1/103
f 20/1/2215 21/1/2215 332/1/2215
f 330/1/2216 331/1/2216 336/1/2216
f 334/1/2217 335/1/2217 340/1/2217
f 338/1/2218 339/1/2218 344/1/2218
f 342/1/2219 343/1/2219 348/1/2219
f 346/1/2220 347/1/2220 352/1/2220
f 351/1/2221 356/1/2221 353/1/2221
f 355/1/2222 32/1/2222 33/1/2222
f 23/1/105 24/1/105 360/1/105
f 358/1/105 359/1/105 364/1/105
f 362/1/157 363/1/157 368/1/157
f 366/1/105 367/1/105 372/1/105
f 370/1/105 371/1/105 376/1/105
f 374/1/105 375/1/105 380/1/105
f 379/1/105 384/1/105 381/1/105
f 383/1/105 35/1/105 36/1/105
f 5/1/2223 6/1/2223 388/1/2223
f 386/1/2224 387/1/2224 392/1/2224
f 391/1/2225 396/1/2225 393/1/2225
f 395/1/2226 400/1/2226 397/1/2226
f 399/1/2227 404/1/2227 401/1/2227
f 403/1/2228 408/1/2228 405/1/2228
f 407/1/2229 412/1/2229 409/1/2229
f 411/1/373 38/1/373 39/1/373
f 8/1/2230 9/1/2230 416/1/2230
f 414/1/1926 415/1/1926 420/1/1926
f 419/1/1927 424/1/1927 421/1/1927
f 423/1/377 428/1/377 425/1/377
f 427/1/378 432/1/378 429/1/378
f 431/1/379 436/1/379 433/1/379
f 435/1/1928 440/1/1928 437/1/1928
f 439/1/381 41/1/381 42/1/381
f 11/1/2231 12/1/2231 444/1/2231
f 442/1/2232 443/1/2232 448/1/2232
f 447/1/2233 452/1/2233 449/1/2233
f 451/1/2234 456/1/2234 453/1/2234
f 455/1/2235 460/1/2235 457/1/2235
f 459/1/2236 464/1/2236 461/1/2236
f 463/1/2237 468/1/2237 465/1/2237
f 467/1/2238 44/1/2238 45/1/2238
f 2/1/2239 3/1/2239 472/1/2239
f 470/1/1914 471/1/1914 476/1/1914
f 475/1/392 480/1/392 477/1/392
f 479/1/393 484/1/393 481/1/393
f 483/1/394 488/1/394 485/1/394
f 487/1/395 492/1/395 489/1/395
f 491/1/396 496/1/396 493/1/396
f 495/1/397 47/1/397 48/1/397
f 534/1/2240 558/1/2240 559/1/2240
f 561/1/2241 562/1/2241 563/1/2241
f 565/1/2242 566/1/2242 567/1/2242
f 569/1/2243 570/1/2243 571/1/2243
f 573/1/2244 574/1/2244 575/1/2244
f 577/1/2245 578/1/2245 579/1/2245
f 580/1/2246 581/1/2246 582/1/2246
f 584/1/405 585/1/405 510/1/405
f 537/1/406 586/1/406 587/1/406
f 589/1/2247 590/1/2247 591/1/2247
f 593/1/408 594/1/408 595/1/408
f 597/1/409 598/1/409 599/1/409
f 601/1/410 602/1/410 603/1/410
f 605/1/411 606/1/411 607/1/411
f 608/1/2248 609/1/2248 610/1/2248
f 612/1/2249 613/1/2249 513/1/2249
f 540/1/2250 614/1/2250 615/1/2250
f 617/1/2251 618/1/2251 619/1/2251
f 621/1/2252 622/1/2252 623/1/2252
f 625/1/2253 626/1/2253 627/1/2253
f 629/1/2254 630/1/2254 631/1/2254
f 633/1/2255 634/1/2255 635/1/2255
f 636/1/2256 637/1/2256 638/1/2256
f 640/1/2257 641/1/2257 516/1/2257
f 543/1/422 642/1/422 643/1/422
f 645/1/423 646/1/423 647/1/423
f 649/1/424 650/1/424 651/1/424
f 653/1/425 654/1/425 655/1/425
f 657/1/426 658/1/426 659/1/426
f 661/1/427 662/1/427 663/1/427
f 664/1/428 665/1/428 666/1/428
f 668/1/2258 669/1/2258 519/1/2258
f 546/1/2259 670/1/2259 671/1/2259
f 673/1/2260 674/1/2260 675/1/2260
f 676/1/2261 677/1/2261 678/1/2261
f 680/1/2262 681/1/2262 682/1/2262
f 684/1/2263 685/1/2263 686/1/2263
f 688/1/2264 689/1/2264 690/1/2264
f 692/1/2265 693/1/2265 694/1/2265
f 696/1/2266 697/1/2266 522/1/2266
f 549/1/205 698/1/205 699/1/205
f 701/1/251 702/1/251 703/1/251
f 704/1/205 705/1/205 706/1/205
f 708/1/251 709/1/251 710/1/251
f 712/1/205 713/1/205 714/1/205
f 716/1/205 717/1/205 718/1/205
f 720/1/251 721/1/251 722/1/251
f 724/1/251 725/1/251 525/1/251
f 552/1/2267 726/1/2267 727/1/2267
f 729/1/2268 730/1/2268 731/1/2268
f 732/1/2269 733/1/2269 734/1/2269
f 736/1/2270 737/1/2270 738/1/2270
f 740/1/2271 741/1/2271 742/1/2271
f 744/1/2272 745/1/2272 746/1/2272
f 748/1/2273 749/1/2273 750/1/2273
f 752/1/2274 753/1/2274 528/1/2274
f 555/1/259 754/1/259 755/1/259
f 757/1/207 758/1/207 759/1/207
f 760/1/259 761/1/259 762/1/259
f 764/1/207 765/1/207 766/1/207
f 768/1/207 769/1/207 770/1/207
f 772/1/207 773/1/207 774/1/207
f 776/1/207 777/1/207 778/1/207
f 780/1/207 781/1/207 531/1/207
f 524/1/2275 782/1/2275 783/1/2275
f 785/1/2276 786/1/2276 787/1/2276
f 789/1/2277 790/1/2277 791/1/2277
f 793/1/2278 794/1/2278 795/1/2278
f 797/1/2279 798/1/2279 799/1/2279
f 800/1/2280 801/1/2280 802/1/2280
f 804/1/2281 805/1/2281 806/1/2281
f 808/1/2282 809/1/2282 535/1/2282
f 527/1/205 810/1/205 811/1/205
f 813/1/251 814/1/251 815/1/251
f 817/1/205 818/1/205 819/1/205
f 821/1/205 822/1/205 823/1/205
f 825/1/205 826/1/205 827/1/205
f 829/1/205 830/1/205 831/1/205
f 832/1/251 833/1/251 834/1/251
f 836/1/251 837/1/251 538/1/251
f 530/1/2283 838/1/2283 839/1/2283
f 841/1/2284 842/1/2284 843/1/2284
f 845/1/2285 846/1/2285 847/1/2285
f 849/1/2286 850/1/2286 851/1/2286
f 853/1/2287 854/1/2287 855/1/2287
f 857/1/2288 858/1/2288 859/1/2288
f 860/1/2289 861/1/2289 862/1/2289
f 864/1/2290 865/1/2290 541/1/2290
f 533/1/207 866/1/207 867/1/207
f 869/1/207 870/1/207 871/1/207
f 873/1/259 874/1/259 875/1/259
f 877/1/207 878/1/207 879/1/207
f 881/1/207 882/1/207 883/1/207
f 885/1/207 886/1/207 887/1/207
f 888/1/207 889/1/207 890/1/207
f 892/1/207 893/1/207 544/1/207
f 515/1/2291 894/1/2291 895/1/2291
f 897/1/2292 898/1/2292 899/1/2292
f 900/1/2293 901/1/2293 902/1/2293
f 904/1/2294 905/1/2294 906/1/2294
f 908/1/2295 909/1/2295 910/1/2295
f 912/1/2296 913/1/2296 914/1/2296
f 916/1/468 917/1/468 918/1/468
f 920/1/2297 921/1/2297 547/1/2297
f 518/1/2298 922/1/2298 923/1/2298
f 925/1/2299 926/1/2299 927/1/2299
f 928/1/2300 929/1/2300 930/1/2300
f 932/1/473 933/1/473 934/1/473
f 936/1/474 937/1/474 938/1/474
f 940/1/475 941/1/475 942/1/475
f 944/1/476 945/1/476 946/1/476
f 948/1/477 949/1/477 550/1/477
f 521/1/2301 950/1/2301 951/1/2301
f 953/1/2302 954/1/2302 955/1/2302
f 956/1/2303 957/1/2303 958/1/2303
f 960/1/2304 961/1/2304 962/1/2304
f 964/1/2305 965/1/2305 966/1/2305
f 968/1/2306 969/1/2306 970/1/2306
f 972/1/2307 973/1/2307 974/1/2307
f 976/1/2308 977/1/2308 553/1/2308
f 512/1/2309 978/1/2309 979/1/2309
f 981/1/487 982/1/487 983/1/487
f 984/1/488 985/1/488 986/1/488
f 988/1/489 989/1/489 990/1/489
f 992/1/490 993/1/490 994/1/490
f 996/1/491 997/1/491 998/1/491
f 1000/1/492 1001/1/492 1002/1/492
f 1004/1/493 1005/1/493 556/1/493
f 426/1/494 937/1/494 934/1/494
f 938/1/495 429/1/495 430/1/495
f 246/1/507 757/1/507 754/1/507
f 758/1/45 249/1/45 250/1/45
f 69/1/496 70/1/496 581/1/496
f 582/1/497 73/1/497 74/1/497
f 945/1/1964 942/1/1964 433/1/1964
f 762/1/45 253/1/45 254/1/45
f 510/1/2310 1/1/2310 2/1/2310
f 949/1/500 946/1/500 437/1/500
f 766/1/507 257/1/507 258/1/507
f 28/1/2311 537/1/2311 538/1/2311
f 586/1/502 77/1/502 78/1/502
f 550/1/503 42/1/503 40/1/503
f 770/1/45 261/1/45 262/1/45
f 590/1/504 81/1/504 82/1/504
f 11/1/505 521/1/505 519/1/505
f 950/1/506 441/1/506 442/1/506
f 777/1/45 774/1/45 265/1/45
f 594/1/508 85/1/508 86/1/508
f 954/1/509 445/1/509 446/1/509
f 781/1/45 778/1/45 269/1/45
f 598/1/510 89/1/510 90/1/510
f 958/1/511 449/1/511 450/1/511
f 533/1/507 531/1/507 22/1/507
f 602/1/512 93/1/512 94/1/512
f 962/1/2312 453/1/2312 454/1/2312
f 14/1/514 524/1/514 522/1/514
f 782/1/515 273/1/515 274/1/515
f 606/1/516 97/1/516 98/1/516
f 966/1/2313 457/1/2313 458/1/2313
f 786/1/518 277/1/518 278/1/518
f 610/1/2314 101/1/2314 102/1/2314
f 970/1/520 461/1/520 462/1/520
f 790/1/521 281/1/521 282/1/521
f 513/1/2315 4/1/2315 5/1/2315
f 974/1/523 465/1/523 466/1/523
f 794/1/524 285/1/524 286/1/524
f 31/1/525 540/1/525 541/1/525
f 614/1/526 105/1/526 106/1/526
f 553/1/527 45/1/527 43/1/527
f 798/1/528 289/1/528 290/1/528
f 618/1/529 109/1/529 110/1/529
f 978/1/530 469/1/530 470/1/530
f 802/1/531 293/1/531 294/1/531
f 622/1/532 113/1/532 114/1/532
f 982/1/533 473/1/533 474/1/533
f 806/1/534 297/1/534 298/1/534
f 626/1/535 117/1/535 118/1/535
f 986/1/536 477/1/536 478/1/536
f 535/1/537 27/1/537 25/1/537
f 630/1/538 121/1/538 122/1/538
f 990/1/539 481/1/539 482/1/539
f 17/1/542 527/1/542 525/1/542
f 810/1/2 301/1/2 302/1/2
f 634/1/540 125/1/540 126/1/540
f 994/1/541 485/1/541 486/1/541
f 814/1/542 305/1/542 306/1/542
f 638/1/543 129/1/543 130/1/543
f 998/1/544 489/1/544 490/1/544
f 821/1/2 818/1/2 309/1/2
f 516/1/545 7/1/545 8/1/545
f 1002/1/546 493/1/546 494/1/546
f 822/1/2 313/1/2 314/1/2
f 34/1/547 543/1/547 544/1/547
f 642/1/548 133/1/548 134/1/548
f 556/1/1933 48/1/1933 46/1/1933
f 826/1/2 317/1/2 318/1/2
f 646/1/550 137/1/550 138/1/550
f 830/1/2 321/1/2 322/1/2
f 650/1/551 141/1/551 142/1/551
f 834/1/2 325/1/2 326/1/2
f 654/1/552 145/1/552 146/1/552
f 658/1/1940 149/1/1940 150/1/1940
f 20/1/48 530/1/48 528/1/48
f 838/1/554 329/1/554 330/1/554
f 662/1/555 153/1/555 154/1/555
f 842/1/556 333/1/556 334/1/556
f 666/1/557 157/1/557 158/1/557
f 846/1/558 337/1/558 338/1/558
f 850/1/559 341/1/559 342/1/559
f 37/1/2316 546/1/2316 547/1/2316
f 670/1/2317 161/1/2317 162/1/2317
f 854/1/562 345/1/562 346/1/562
f 674/1/2318 165/1/2318 166/1/2318
f 858/1/564 349/1/564 350/1/564
f 678/1/2006 169/1/2006 170/1/2006
f 862/1/566 353/1/566 354/1/566
f 682/1/2319 173/1/2319 174/1/2319
f 686/1/2320 177/1/2320 178/1/2320
f 869/1/45 866/1/45 357/1/45
f 690/1/2321 181/1/2321 182/1/2321
f 870/1/45 361/1/45 362/1/45
f 694/1/2322 185/1/2322 186/1/2322
f 874/1/45 365/1/45 366/1/45
f 878/1/45 369/1/45 370/1/45
f 698/1/2 189/1/2 190/1/2
f 882/1/45 373/1/45 374/1/45
f 702/1/542 193/1/542 194/1/542
f 886/1/45 377/1/45 378/1/45
f 706/1/2 197/1/2 198/1/2
f 890/1/45 381/1/45 382/1/45
f 710/1/2 201/1/2 202/1/2
f 714/1/2 205/1/2 206/1/2
f 894/1/2323 385/1/2323 386/1/2323
f 718/1/2 209/1/2 210/1/2
f 898/1/2324 389/1/2324 390/1/2324
f 722/1/542 213/1/542 214/1/542
f 902/1/2325 393/1/2325 394/1/2325
f 906/1/2326 397/1/2326 398/1/2326
f 726/1/575 217/1/575 218/1/575
f 910/1/2327 401/1/2327 402/1/2327
f 730/1/49 221/1/49 222/1/49
f 914/1/2328 405/1/2328 406/1/2328
f 734/1/578 225/1/578 226/1/578
f 918/1/2329 409/1/2329 410/1/2329
f 738/1/580 229/1/580 230/1/580
f 558/1/581 49/1/581 50/1/581
f 742/1/582 233/1/582 234/1/582
f 562/1/583 53/1/583 54/1/583
f 922/1/584 413/1/584 414/1/584
f 746/1/585 237/1/585 238/1/585
f 566/1/586 57/1/586 58/1/586
f 926/1/587 417/1/587 418/1/587
f 750/1/588 241/1/588 242/1/588
f 570/1/589 61/1/589 62/1/589
f 930/1/590 421/1/590 422/1/590
f 574/1/591 65/1/591 66/1/591
f 510/1/592 585/1/592 74/1/592
f 1278/1/593 2076/1/593 2003/1/593
f 1213/1/594 1930/1/594 1929/1/594
f 1248/1/595 2015/1/595 2437/1/595
f 500/1/596 1486/1/596 1666/1/596
f 1411/1/597 2341/1/597 2340/1/597
f 1235/1/598 1975/1/598 2073/1/598
f 1109/1/599 1722/1/599 1721/1/599
f 1458/1/600 2436/1/600 2433/1/600
f 1078/1/601 1661/1/601 1520/1/601
f 1306/1/602 1307/1/602 2133/1/602
f 1276/1/603 2072/1/603 2069/1/603
f 1211/1/604 1926/1/604 1925/1/604
f 1455/1/2330 1456/1/2330 2432/1/2330
f 1076/1/606 1657/1/606 1662/1/606
f 1409/1/597 2337/1/597 2336/1/597
f 1274/1/607 2068/1/607 2065/1/607
f 1107/1/608 1718/1/608 1717/1/608
f 1453/1/609 1454/1/609 2428/1/609
f 1074/1/610 1653/1/610 1658/1/610
f 1305/1/611 2129/1/611 2128/1/611
f 1272/1/612 2064/1/612 2061/1/612
f 1209/1/613 1922/1/613 1921/1/613
f 1451/1/614 1452/1/614 2424/1/614
f 1072/1/615 1649/1/615 1654/1/615
f 1407/1/597 2333/1/597 2332/1/597
f 1270/1/616 2060/1/616 2057/1/616
f 1105/1/617 1714/1/617 1713/1/617
f 1449/1/618 1450/1/618 2420/1/618
f 1070/1/619 1645/1/619 1650/1/619
f 1303/1/620 2125/1/620 2124/1/620
f 1268/1/621 2056/1/621 2053/1/621
f 1207/1/2331 1918/1/2331 1917/1/2331
f 1447/1/623 1448/1/623 2416/1/623
f 1068/1/624 1641/1/624 1646/1/624
f 1405/1/597 2329/1/597 2328/1/597
f 1266/1/625 2052/1/625 2049/1/625
f 1103/1/626 1710/1/626 1709/1/626
f 1237/1/627 1446/1/627 2412/1/627
f 1066/1/628 1637/1/628 1642/1/628
f 1301/1/629 2121/1/629 2120/1/629
f 1264/1/630 2048/1/630 2000/1/630
f 1205/1/631 1914/1/631 1913/1/631
f 1445/1/632 1247/1/632 2012/1/632
f 501/1/633 1489/1/633 1638/1/633
f 1403/1/634 2325/1/634 2324/1/634
f 1234/1/635 1972/1/635 2045/1/635
f 1101/1/636 1706/1/636 1705/1/636
f 1443/1/637 1444/1/637 2408/1/637
f 1008/1/638 1064/1/638 1633/1/638
f 1299/1/639 2117/1/639 2116/1/639
f 1262/1/640 2044/1/640 2041/1/640
f 1203/1/641 1910/1/641 1909/1/641
f 1441/1/642 1442/1/642 2404/1/642
f 1065/1/643 1062/1/643 1629/1/643
f 1401/1/644 2321/1/644 2320/1/644
f 1260/1/645 2040/1/645 2037/1/645
f 1099/1/646 1702/1/646 1701/1/646
f 1439/1/647 1440/1/647 2400/1/647
f 1063/1/648 1060/1/648 1625/1/648
f 1297/1/649 2113/1/649 2112/1/649
f 1258/1/650 2036/1/650 2033/1/650
f 1201/1/651 1906/1/651 1905/1/651
f 1437/1/652 1438/1/652 2396/1/652
f 1061/1/653 1058/1/653 1621/1/653
f 1399/1/654 2317/1/654 2316/1/654
f 1256/1/655 2032/1/655 2029/1/655
f 1097/1/656 1698/1/656 1697/1/656
f 1435/1/657 1436/1/657 2392/1/657
f 1059/1/658 1056/1/658 1617/1/658
f 1295/1/659 2109/1/659 2108/1/659
f 1254/1/660 2028/1/660 2025/1/660
f 1199/1/661 1902/1/661 1901/1/661
f 1433/1/662 1434/1/662 2388/1/662
f 1057/1/663 1054/1/663 1613/1/663
f 1397/1/664 2313/1/664 2312/1/664
f 1252/1/665 2024/1/665 2021/1/665
f 1095/1/666 1694/1/666 1693/1/666
f 1236/1/667 1432/1/667 2384/1/667
f 1055/1/668 1052/1/668 1609/1/668
f 1293/1/669 2105/1/669 2104/1/669
f 1242/1/670 1250/1/670 2020/1/670
f 1197/1/671 1898/1/671 1897/1/671
f 1431/1/672 1246/1/672 2009/1/672
f 1053/1/673 502/1/673 1492/1/673
f 1232/1/674 1969/1/674 1543/1/674
f 1395/1/675 2309/1/675 2308/1/675
f 1093/1/596 1690/1/596 1689/1/596
f 1429/1/676 1430/1/676 2380/1/676
f 498/1/677 1050/1/677 1605/1/677
f 1230/1/678 1965/1/678 1970/1/678
f 1291/1/679 2101/1/679 2100/1/679
f 1195/1/680 1894/1/680 1893/1/680
f 1427/1/681 1428/1/681 2376/1/681
f 1051/1/682 1048/1/682 1601/1/682
f 1228/1/683 1961/1/683 1966/1/683
f 1393/1/684 2305/1/684 2304/1/684
f 1091/1/596 1686/1/596 1685/1/596
f 1425/1/685 1426/1/685 2372/1/685
f 1049/1/686 1046/1/686 1597/1/686
f 1226/1/687 1957/1/687 1962/1/687
f 1289/1/688 2097/1/688 2096/1/688
f 1056/1/689 1057/1/689 1618/1/689
f 1193/1/690 1890/1/690 1889/1/690
f 1423/1/691 1424/1/691 2368/1/691
f 1047/1/692 1044/1/692 1593/1/692
f 1224/1/693 1953/1/693 1958/1/693
f 1391/1/694 2301/1/694 2300/1/694
f 1089/1/596 1682/1/596 1681/1/596
f 1421/1/695 1422/1/695 2364/1/695
f 1045/1/696 1042/1/696 1589/1/696
f 1222/1/697 1949/1/697 1954/1/697
f 1287/1/698 2093/1/698 2092/1/698
f 1191/1/699 1886/1/699 1885/1/699
f 1419/1/700 1420/1/700 2360/1/700
f 1043/1/701 1040/1/701 1585/1/701
f 1220/1/702 1945/1/702 1950/1/702
f 1389/1/703 2297/1/703 2296/1/703
f 1087/1/596 1678/1/596 1677/1/596
f 1058/1/704 1059/1/704 1622/1/704
f 1235/1/705 1418/1/705 2356/1/705
f 1041/1/706 1038/1/706 1581/1/706
f 1048/1/707 1049/1/707 1602/1/707
f 497/1/708 1476/1/708 1946/1/708
f 1060/1/709 1061/1/709 1626/1/709
f 1285/1/710 2089/1/710 2088/1/710
f 509/1/711 508/1/711 1504/1/711
f 1189/1/712 1882/1/712 1881/1/712
f 1245/1/597 2006/1/597 2353/1/597
f 1039/1/713 1012/1/713 1523/1/713
f 499/1/714 1218/1/714 1941/1/714
f 1387/1/703 2293/1/703 2292/1/703
f 1026/1/715 1027/1/715 1558/1/715
f 1085/1/596 1674/1/596 1673/1/596
f 1416/1/597 2352/1/597 2349/1/597
f 1006/1/716 1036/1/716 1577/1/716
f 1219/1/717 1216/1/717 1937/1/717
f 1283/1/718 2085/1/718 2084/1/718
f 1187/1/719 1878/1/719 1877/1/719
f 1414/1/597 2348/1/597 2345/1/597
f 1037/1/720 1034/1/720 1573/1/720
f 507/1/721 506/1/721 1500/1/721
f 1214/1/722 1933/1/722 1938/1/722
f 1385/1/703 2289/1/703 2288/1/703
f 1083/1/596 1670/1/596 1669/1/596
f 1050/1/723 1051/1/723 1606/1/723
f 1412/1/597 2344/1/597 2341/1/597
f 1035/1/724 1032/1/724 1569/1/724
f 1212/1/725 1929/1/725 1934/1/725
f 1281/1/726 2081/1/726 2080/1/726
f 1185/1/727 1874/1/727 1873/1/727
f 1410/1/597 2340/1/597 2337/1/597
f 1033/1/728 1030/1/728 1565/1/728
f 1210/1/729 1925/1/729 1930/1/729
f 1383/1/703 2285/1/703 2284/1/703
f 1081/1/596 1666/1/596 1665/1/596
f 1408/1/597 2336/1/597 2333/1/597
f 1031/1/730 1028/1/730 1561/1/730
f 1208/1/731 1921/1/731 1926/1/731
f 1279/1/732 2077/1/732 2076/1/732
f 1183/1/733 1870/1/733 1869/1/733
f 1406/1/597 2332/1/597 2329/1/597
f 1029/1/734 1026/1/734 1557/1/734
f 1206/1/735 1917/1/735 1922/1/735
f 1381/1/703 2281/1/703 2280/1/703
f 1079/1/601 1662/1/601 1661/1/601
f 1404/1/597 2328/1/597 1993/1/597
f 1027/1/736 505/1/736 1497/1/736
f 1008/1/737 1512/1/737 1918/1/737
f 1277/1/738 2073/1/738 2072/1/738
f 1181/1/739 1866/1/739 1865/1/739
f 1244/1/634 2003/1/634 2325/1/634
f 1025/1/740 1013/1/740 1526/1/740
f 1062/1/741 1063/1/741 1630/1/741
f 1204/1/742 1913/1/742 1486/1/742
f 1379/1/703 2277/1/703 2276/1/703
f 1077/1/743 1658/1/743 1657/1/743
f 1402/1/744 2324/1/744 2321/1/744
f 497/1/745 507/1/745 1501/1/745
f 1202/1/746 1909/1/746 1914/1/746
f 1275/1/747 2069/1/747 2068/1/747
f 1179/1/748 1862/1/748 1861/1/748
f 1400/1/749 2320/1/749 2317/1/749
f 506/1/750 509/1/750 1505/1/750
f 1028/1/751 1029/1/751 1562/1/751
f 1200/1/752 1905/1/752 1910/1/752
f 1377/1/703 2273/1/703 2272/1/703
f 505/1/753 1025/1/753 1554/1/753
f 1075/1/754 1654/1/754 1653/1/754
f 1398/1/755 2316/1/755 2313/1/755
f 508/1/756 1024/1/756 1553/1/756
f 1198/1/757 1901/1/757 1906/1/757
f 1273/1/758 2065/1/758 2064/1/758
f 1176/1/599 1177/1/599 1858/1/599
f 1396/1/759 2312/1/759 2309/1/759
f 1023/1/760 504/1/760 1496/1/760
f 1196/1/761 1897/1/761 1902/1/761
f 1374/1/762 1375/1/762 2269/1/762
f 1073/1/763 1650/1/763 1649/1/763
f 1394/1/764 2308/1/764 2305/1/764
f 503/1/765 1021/1/765 1545/1/765
f 1194/1/766 1893/1/766 1898/1/766
f 1271/1/767 2061/1/767 2060/1/767
f 1174/1/599 1175/1/599 1854/1/599
f 1392/1/768 2304/1/768 2301/1/768
f 1022/1/769 1017/1/769 1535/1/769
f 1192/1/770 1889/1/770 1894/1/770
f 1373/1/771 2265/1/771 2264/1/771
f 1071/1/772 1646/1/772 1645/1/772
f 1390/1/773 2300/1/773 1990/1/773
f 1016/1/2332 1019/1/2332 1539/1/2332
f 498/1/775 1481/1/775 1890/1/775
f 1269/1/776 2057/1/776 2056/1/776
f 1172/1/599 1173/1/599 1850/1/599
f 1243/1/703 2000/1/703 2297/1/703
f 1014/1/777 1529/1/777 1538/1/777
f 1190/1/624 1885/1/624 1489/1/624
f 1371/1/778 2261/1/778 2260/1/778
f 1069/1/779 1642/1/779 1641/1/779
f 1388/1/703 2296/1/703 2293/1/703
f 1188/1/780 1881/1/780 1886/1/780
f 1267/1/781 2053/1/781 2052/1/781
f 1472/1/782 1473/1/782 2465/1/782
f 1170/1/599 1171/1/599 1846/1/599
f 1386/1/703 2292/1/703 2289/1/703
f 1186/1/783 1877/1/783 1882/1/783
f 1369/1/784 2257/1/784 2256/1/784
f 1067/1/633 1638/1/633 1637/1/633
f 1384/1/703 2288/1/703 2285/1/703
f 1184/1/785 1873/1/785 1878/1/785
f 1265/1/786 2049/1/786 2048/1/786
f 1470/1/787 1471/1/787 2461/1/787
f 1168/1/599 1169/1/599 1842/1/599
f 1382/1/703 2284/1/703 2281/1/703
f 1182/1/788 1869/1/788 1874/1/788
f 1367/1/789 2253/1/789 2252/1/789
f 1064/1/790 1065/1/790 1634/1/790
f 1380/1/703 2280/1/703 2277/1/703
f 1180/1/791 1865/1/791 1870/1/791
f 1263/1/792 2045/1/792 2044/1/792
f 1468/1/793 1469/1/793 2457/1/793
f 1166/1/599 1167/1/599 1838/1/599
f 1378/1/703 2276/1/703 2273/1/703
f 1178/1/794 1861/1/794 1866/1/794
f 1365/1/795 2249/1/795 2248/1/795
f 1376/1/703 2272/1/703 1987/1/703
f 1006/1/796 1508/1/796 1862/1/796
f 1261/1/797 2041/1/797 2040/1/797
f 1466/1/798 1467/1/798 2453/1/798
f 1164/1/599 1165/1/599 1834/1/599
f 1375/1/799 1242/1/799 1997/1/799
f 502/1/599 1176/1/599 1857/1/599
f 1363/1/800 2245/1/800 2244/1/800
f 1374/1/801 2268/1/801 2265/1/801
f 1177/1/599 1174/1/599 1853/1/599
f 1259/1/802 2037/1/802 2036/1/802
f 1464/1/803 1465/1/803 2449/1/803
f 1162/1/804 1163/1/804 1830/1/804
f 1372/1/805 2264/1/805 2261/1/805
f 1175/1/599 1172/1/599 1849/1/599
f 1360/1/597 1361/1/597 2241/1/597
f 1370/1/806 2260/1/806 2257/1/806
f 1173/1/599 1170/1/599 1845/1/599
f 1257/1/807 2033/1/807 2032/1/807
f 1462/1/808 1463/1/808 2445/1/808
f 1160/1/809 1161/1/809 1826/1/809
f 1368/1/810 2256/1/810 2253/1/810
f 1171/1/599 1168/1/599 1841/1/599
f 1358/1/597 1359/1/597 2237/1/597
f 1366/1/811 2252/1/811 2249/1/811
f 1169/1/599 1166/1/599 1837/1/599
f 1255/1/812 2029/1/812 2028/1/812
f 1460/1/813 1461/1/813 2441/1/813
f 1158/1/814 1159/1/814 1822/1/814
f 1364/1/815 2248/1/815 2245/1/815
f 1167/1/599 1164/1/599 1833/1/599
f 1356/1/597 1357/1/597 2233/1/597
f 1362/1/816 2244/1/816 1984/1/816
f 1165/1/599 1015/1/599 1531/1/599
f 1253/1/817 2025/1/817 2024/1/817
f 1459/1/818 2437/1/818 2436/1/818
f 1156/1/819 1157/1/819 1818/1/819
f 1361/1/597 1241/1/597 1993/1/597
f 1012/1/804 1162/1/804 1829/1/804
f 1354/1/597 1355/1/597 2229/1/597
f 1359/1/597 1360/1/597 2240/1/597
f 1163/1/804 1160/1/804 1825/1/804
f 1251/1/820 2021/1/820 2020/1/820
f 1456/1/821 1457/1/821 2433/1/821
f 1154/1/822 1155/1/822 1814/1/822
f 1357/1/597 1358/1/597 2236/1/597
f 1161/1/713 1158/1/713 1821/1/713
f 1352/1/597 1353/1/597 2225/1/597
f 1355/1/597 1356/1/597 2232/1/597
f 1159/1/823 1156/1/823 1817/1/823
f 1454/1/2333 1455/1/2333 2429/1/2333
f 1152/1/825 1153/1/825 1810/1/825
f 1353/1/597 1354/1/597 2228/1/597
f 1052/1/826 1053/1/826 1610/1/826
f 1157/1/827 1154/1/827 1813/1/827
f 1350/1/597 1351/1/597 2221/1/597
f 1351/1/597 1352/1/597 2224/1/597
f 1155/1/828 1152/1/828 1809/1/828
f 1054/1/829 1055/1/829 1614/1/829
f 1452/1/2334 1453/1/2334 2425/1/2334
f 1150/1/831 1151/1/831 1806/1/831
f 1349/1/597 1350/1/597 2220/1/597
f 1153/1/832 1150/1/832 1805/1/832
f 1348/1/597 1349/1/597 2217/1/597
f 1046/1/833 1047/1/833 1598/1/833
f 1249/1/597 1348/1/597 2216/1/597
f 1151/1/834 1009/1/834 1514/1/834
f 1030/1/835 1031/1/835 1566/1/835
f 1450/1/836 1451/1/836 2421/1/836
f 1148/1/596 1149/1/596 1802/1/596
f 1347/1/837 1240/1/837 1990/1/837
f 1013/1/596 1148/1/596 1801/1/596
f 1346/1/838 1347/1/838 2213/1/838
f 1345/1/839 1346/1/839 2212/1/839
f 1032/1/840 1033/1/840 1570/1/840
f 1149/1/596 1146/1/596 1797/1/596
f 1448/1/841 1449/1/841 2417/1/841
f 1146/1/596 1147/1/596 1798/1/596
f 1343/1/842 1344/1/842 2208/1/842
f 1147/1/596 1144/1/596 1793/1/596
f 1344/1/843 1345/1/843 2209/1/843
f 1341/1/844 1342/1/844 2204/1/844
f 1145/1/596 1142/1/596 1789/1/596
f 1446/1/845 1447/1/845 2413/1/845
f 1144/1/596 1145/1/596 1794/1/596
f 1339/1/846 1340/1/846 2200/1/846
f 1143/1/596 1140/1/596 1785/1/596
f 1342/1/847 1343/1/847 2205/1/847
f 1337/1/848 1338/1/848 2196/1/848
f 1141/1/596 1138/1/596 1781/1/596
f 1444/1/849 1445/1/849 2409/1/849
f 1142/1/596 1143/1/596 1790/1/596
f 1335/1/850 1336/1/850 2192/1/850
f 1139/1/596 1136/1/596 1777/1/596
f 1340/1/851 1341/1/851 2201/1/851
f 1248/1/852 1334/1/852 2188/1/852
f 1137/1/596 1010/1/596 1517/1/596
f 1442/1/853 1443/1/853 2405/1/853
f 1140/1/596 1141/1/596 1786/1/596
f 1333/1/703 1239/1/703 1987/1/703
f 1134/1/854 1773/1/854 1529/1/854
f 1338/1/855 1339/1/855 2197/1/855
f 1331/1/703 1332/1/703 2184/1/703
f 1017/1/856 1016/1/856 1534/1/856
f 1135/1/857 1132/1/857 1769/1/857
f 1440/1/858 1441/1/858 2401/1/858
f 1044/1/859 1045/1/859 1594/1/859
f 1138/1/596 1139/1/596 1782/1/596
f 1329/1/703 1330/1/703 2180/1/703
f 504/1/860 503/1/860 1495/1/860
f 1133/1/861 1130/1/861 1765/1/861
f 1336/1/862 1337/1/862 2193/1/862
f 1327/1/703 1328/1/703 2176/1/703
f 1024/1/863 1023/1/863 1552/1/863
f 1042/1/864 1043/1/864 1590/1/864
f 1131/1/865 1128/1/865 1761/1/865
f 1438/1/866 1439/1/866 2397/1/866
f 1136/1/596 1137/1/596 1778/1/596
f 1325/1/703 1326/1/703 2172/1/703
f 1129/1/867 1126/1/867 1757/1/867
f 1334/1/868 1335/1/868 2189/1/868
f 1323/1/703 1324/1/703 2168/1/703
f 1127/1/869 1124/1/869 1753/1/869
f 1436/1/870 1437/1/870 2393/1/870
f 1135/1/871 1774/1/871 1773/1/871
f 1321/1/703 1322/1/703 2164/1/703
f 1034/1/872 1035/1/872 1574/1/872
f 1125/1/873 1122/1/873 1749/1/873
f 1332/1/703 1333/1/703 2185/1/703
f 1247/1/703 1320/1/703 2160/1/703
f 1036/1/2335 1037/1/2335 1578/1/2335
f 1123/1/875 1011/1/875 1520/1/875
f 1434/1/876 1435/1/876 2389/1/876
f 1132/1/877 1133/1/877 1770/1/877
f 1319/1/878 1238/1/878 1984/1/878
f 1120/1/599 1745/1/599 1531/1/599
f 1330/1/703 1331/1/703 2181/1/703
f 1317/1/879 1318/1/879 2156/1/879
f 1118/1/599 1741/1/599 1746/1/599
f 1432/1/880 1433/1/880 2385/1/880
f 1315/1/881 1316/1/881 2152/1/881
f 1130/1/882 1131/1/882 1766/1/882
f 1116/1/599 1737/1/599 1742/1/599
f 1328/1/703 1329/1/703 2177/1/703
f 1313/1/883 1314/1/883 2148/1/883
f 1019/1/884 1018/1/884 1538/1/884
f 1233/1/885 1970/1/885 1969/1/885
f 1114/1/599 1733/1/599 1738/1/599
f 1430/1/883 1431/1/883 2381/1/883
f 1311/1/886 1312/1/886 2144/1/886
f 1128/1/887 1129/1/887 1762/1/887
f 1112/1/599 1729/1/599 1734/1/599
f 1326/1/703 1327/1/703 2173/1/703
f 1309/1/886 1310/1/886 2140/1/886
f 1231/1/888 1966/1/888 1965/1/888
f 1110/1/599 1725/1/599 1730/1/599
f 1428/1/889 1429/1/889 2377/1/889
f 1307/1/886 1308/1/886 2136/1/886
f 1126/1/890 1127/1/890 1758/1/890
f 1108/1/599 1721/1/599 1726/1/599
f 1324/1/703 1325/1/703 2169/1/703
f 1246/1/602 1306/1/602 2132/1/602
f 1229/1/891 1962/1/891 1961/1/891
f 1020/1/599 1543/1/599 1722/1/599
f 1426/1/892 1427/1/892 2373/1/892
f 1237/1/893 1981/1/893 2129/1/893
f 1124/1/894 1125/1/894 1754/1/894
f 1106/1/895 1717/1/895 1514/1/895
f 1322/1/703 1323/1/703 2165/1/703
f 1304/1/896 2128/1/896 2125/1/896
f 1227/1/897 1958/1/897 1957/1/897
f 1104/1/898 1713/1/898 1718/1/898
f 1424/1/899 1425/1/899 2369/1/899
f 1302/1/900 2124/1/900 2121/1/900
f 1122/1/901 1123/1/901 1750/1/901
f 1102/1/902 1709/1/902 1714/1/902
f 1320/1/703 1321/1/703 2161/1/703
f 1300/1/903 2120/1/903 2117/1/903
f 1225/1/904 1954/1/904 1953/1/904
f 1100/1/905 1705/1/905 1710/1/905
f 1422/1/906 1423/1/906 2365/1/906
f 1121/1/599 1746/1/599 1745/1/599
f 1038/1/907 1039/1/907 1582/1/907
f 1298/1/908 2116/1/908 2113/1/908
f 1098/1/909 1701/1/909 1706/1/909
f 1318/1/910 1319/1/910 2157/1/910
f 1040/1/911 1041/1/911 1586/1/911
f 1296/1/912 2112/1/912 2109/1/912
f 1223/1/913 1950/1/913 1949/1/913
f 1096/1/914 1697/1/914 1702/1/914
f 1021/1/2336 1022/1/2336 1549/1/2336
f 1420/1/916 1421/1/916 2361/1/916
f 1119/1/599 1742/1/599 1741/1/599
f 1294/1/2337 2108/1/2337 2105/1/2337
f 1094/1/918 1693/1/918 1698/1/918
f 1316/1/919 1317/1/919 2153/1/919
f 1292/1/920 2104/1/920 2006/1/920
f 1221/1/921 1946/1/921 1945/1/921
f 1473/1/922 1249/1/922 2018/1/922
f 499/1/923 1483/1/923 1694/1/923
f 1418/1/924 1419/1/924 2357/1/924
f 1236/1/925 1978/1/925 2101/1/925
f 1117/1/599 1738/1/599 1737/1/599
f 1471/1/926 1472/1/926 2464/1/926
f 1092/1/596 1689/1/596 1517/1/596
f 1314/1/927 1315/1/927 2149/1/927
f 1290/1/928 2100/1/928 2097/1/928
f 1218/1/929 1219/1/929 1942/1/929
f 1469/1/930 1470/1/930 2460/1/930
f 1090/1/596 1685/1/596 1690/1/596
f 1417/1/597 2353/1/597 2352/1/597
f 1288/1/931 2096/1/931 2093/1/931
f 1115/1/599 1734/1/599 1733/1/599
f 1467/1/932 1468/1/932 2456/1/932
f 1088/1/596 1681/1/596 1686/1/596
f 1312/1/933 1313/1/933 2145/1/933
f 1286/1/934 2092/1/934 2089/1/934
f 1217/1/935 1938/1/935 1937/1/935
f 1465/1/936 1466/1/936 2452/1/936
f 1086/1/596 1677/1/596 1682/1/596
f 1415/1/597 2349/1/597 2348/1/597
f 1284/1/937 2088/1/937 2085/1/937
f 1113/1/599 1730/1/599 1729/1/599
f 1463/1/938 1464/1/938 2448/1/938
f 1084/1/596 1673/1/596 1678/1/596
f 1310/1/886 1311/1/886 2141/1/886
f 1282/1/939 2084/1/939 2081/1/939
f 1215/1/940 1934/1/940 1933/1/940
f 1461/1/941 1462/1/941 2444/1/941
f 1082/1/596 1669/1/596 1674/1/596
f 1413/1/597 2345/1/597 2344/1/597
f 1280/1/942 2080/1/942 2077/1/942
f 1111/1/599 1726/1/599 1725/1/599
f 1234/1/943 1460/1/943 2440/1/943
f 1080/1/596 1665/1/596 1670/1/596
f 1308/1/886 1309/1/886 2137/1/886
f 588/1/945 1265/1/1101 1264/1/1100
f 687/1/945 1314/1/2338 1313/1/2339
f 192/1/945 1081/1/977 1080/1/976
f 323/1/945 1146/1/977 1149/1/976
f 796/1/945 1369/1/1275 1368/1/1274
f 691/1/945 1316/1/2340 1315/1/2341
f 400/1/948 1185/1/2342 1184/1/2343
f 327/1/945 1148/1/977 1013/1/976
f 1004/1/948 1473/1/1283 1472/1/1282
f 592/1/945 1267/1/1117 1266/1/1116
f 695/1/945 1318/1/1045 1317/1/1044
f 196/1/945 1083/1/977 1082/1/976
f 21/1/945 1009/1/1235 1151/1/1234
f 800/1/945 1371/1/1293 1370/1/1292
f 523/1/945 1238/1/2344 1319/1/2345
f 404/1/948 1187/1/2346 1186/1/2347
f 331/1/945 1150/1/1243 1153/1/1242
f 596/1/945 1269/1/1135 1268/1/1134
f 699/1/945 1320/1/951 1247/1/950
f 200/1/945 1085/1/977 1084/1/976
f 335/1/945 1152/1/1255 1155/1/1254
f 804/1/948 1373/1/1305 1372/1/1304
f 703/1/945 1322/1/951 1321/1/950
f 408/1/948 1189/1/2348 1188/1/2349
f 339/1/945 1154/1/1263 1157/1/1262
f 600/1/945 1271/1/1155 1270/1/1154
f 707/1/945 1324/1/951 1323/1/950
f 204/1/945 1087/1/977 1086/1/976
f 343/1/945 1156/1/1273 1159/1/1272
f 808/1/948 1375/1/1315 1374/1/1314
f 711/1/945 1326/1/951 1325/1/950
f 412/1/948 1191/1/2350 1190/1/2351
f 347/1/945 1158/1/1281 1161/1/1280
f 604/1/945 1273/1/1175 1272/1/1174
f 715/1/945 1328/1/951 1327/1/950
f 351/1/945 1160/1/1291 1163/1/1290
f 208/1/945 1089/1/977 1088/1/976
f 812/1/945 1377/1/951 1376/1/950
f 719/1/945 1330/1/951 1329/1/950
f 416/1/948 1193/1/1181 1192/1/1180
f 355/1/945 1162/1/1299 1012/1/1298
f 608/1/945 1275/1/1189 1274/1/1188
f 723/1/945 1332/1/951 1331/1/950
f 24/1/945 1015/1/951 1165/1/950
f 212/1/945 1091/1/977 1090/1/976
f 816/1/945 1379/1/951 1378/1/950
f 526/1/945 1239/1/951 1333/1/950
f 420/1/948 1195/1/1195 1194/1/1368
f 359/1/945 1164/1/951 1167/1/950
f 612/1/945 1277/1/2352 1276/1/2353
f 727/1/948 1334/1/1403 1248/1/1402
f 363/1/945 1166/1/951 1169/1/950
f 216/1/945 1093/1/977 1092/1/976
f 820/1/945 1381/1/951 1380/1/950
f 731/1/948 1336/1/1411 1335/1/1410
f 424/1/948 1197/1/1209 1196/1/1208
f 367/1/945 1168/1/951 1171/1/950
f 616/1/948 1279/1/1347 1278/1/1346
f 735/1/945 1338/1/1413 1337/1/1412
f 220/1/945 1095/1/1382 1094/1/1381
f 371/1/945 1170/1/951 1173/1/950
f 824/1/945 1383/1/951 1382/1/950
f 739/1/945 1340/1/1421 1339/1/1420
f 428/1/948 1199/1/1225 1198/1/1224
f 375/1/945 1172/1/951 1175/1/950
f 620/1/948 1281/1/1359 1280/1/1358
f 743/1/945 1342/1/1425 1341/1/1424
f 224/1/948 1097/1/1392 1096/1/1391
f 379/1/945 1174/1/951 1177/1/950
f 828/1/945 1385/1/951 1384/1/950
f 747/1/945 1344/1/1433 1343/1/1432
f 432/1/948 1201/1/1245 1200/1/1397
f 383/1/945 1176/1/951 502/1/950
f 624/1/945 1283/1/1087 1282/1/1086
f 751/1/945 1346/1/1439 1345/1/1438
f 228/1/948 1099/1/1405 1098/1/1404
f 6/1/948 1006/1/2354 1179/1/2355
f 832/1/945 1387/1/951 1386/1/950
f 529/1/948 1240/1/963 1347/1/962
f 436/1/948 1203/1/1265 1202/1/1264
f 387/1/948 1178/1/2356 1181/1/2357
f 628/1/945 1285/1/1372 1284/1/1371
f 755/1/945 1348/1/977 1249/1/976
f 232/1/948 1101/1/1415 1100/1/1414
f 391/1/948 1180/1/2358 1183/1/2359
f 836/1/945 1389/1/951 1388/1/950
f 759/1/945 1350/1/977 1349/1/976
f 440/1/948 1205/1/1283 1204/1/1282
f 395/1/948 1182/1/2360 1185/1/2361
f 632/1/945 1287/1/1380 1286/1/1379
f 763/1/945 1352/1/977 1351/1/976
f 236/1/948 1103/1/1427 1102/1/1426
f 399/1/948 1184/1/2362 1187/1/2363
f 840/1/948 1391/1/1386 1390/1/1385
f 767/1/945 1354/1/977 1353/1/976
f 444/1/945 1207/1/1435 1206/1/1434
f 403/1/948 1186/1/2364 1189/1/2365
f 636/1/945 1289/1/1390 1288/1/1389
f 771/1/945 1356/1/977 1355/1/976
f 240/1/948 1105/1/1441 1104/1/1440
f 407/1/948 1188/1/2366 1191/1/2367
f 844/1/948 1393/1/1396 1392/1/1395
f 775/1/945 1358/1/977 1357/1/976
f 448/1/945 1209/1/1447 1208/1/1446
f 411/1/945 1190/1/1233 501/1/2368
f 26/1/945 1014/1/1370 1018/1/1369
f 640/1/945 1291/1/1401 1290/1/1400
f 779/1/945 1360/1/977 1359/1/976
f 244/1/948 1107/1/1037 1106/1/1036
f 9/1/948 498/1/1374 1193/1/1373
f 51/1/948 1019/1/2369 1016/1/2370
f 848/1/948 1395/1/1409 1394/1/1408
f 532/1/945 1241/1/977 1361/1/976
f 452/1/948 1211/1/1459 1210/1/1458
f 415/1/948 1192/1/1227 1195/1/1226
f 55/1/948 1017/1/1378 1022/1/1377
f 644/1/945 1293/1/946 1292/1/944
f 783/1/945 1362/1/2371 1238/1/2372
f 248/1/945 1109/1/951 1108/1/950
f 419/1/948 1194/1/1239 1197/1/1238
f 59/1/948 1021/1/1384 503/1/1383
f 852/1/948 1397/1/1419 1396/1/1418
f 787/1/945 1364/1/1235 1363/1/1234
f 456/1/948 1213/1/1468 1212/1/1467
f 423/1/948 1196/1/1247 1199/1/1246
f 63/1/945 504/1/1388 1023/1/1387
f 648/1/945 1295/1/961 1294/1/960
f 791/1/945 1366/1/1500 1365/1/1499
f 252/1/945 1111/1/951 1110/1/950
f 427/1/948 1198/1/1259 1201/1/1258
f 67/1/945 1024/1/1394 508/1/1393
f 856/1/948 1399/1/1431 1398/1/1430
f 795/1/945 1368/1/1502 1367/1/1501
f 460/1/948 1215/1/1474 1214/1/1473
f 431/1/948 1200/1/1267 1203/1/1266
f 71/1/945 509/1/1399 506/1/1398
f 652/1/948 1297/1/975 1296/1/974
f 799/1/945 1370/1/1507 1369/1/1506
f 256/1/945 1113/1/951 1112/1/950
f 435/1/948 1202/1/1277 1205/1/1276
f 75/1/945 507/1/1407 497/1/1406
f 860/1/948 1401/1/1445 1400/1/1444
f 803/1/948 1372/1/1509 1371/1/1508
f 464/1/948 1217/1/2373 1216/1/2374
f 439/1/948 1204/1/1285 500/1/1284
f 52/1/948 1018/1/2375 1019/1/2376
f 29/1/945 1013/1/1287 1025/1/1286
f 656/1/948 1299/1/987 1298/1/1451
f 807/1/948 1374/1/1516 1373/1/1515
f 260/1/945 1115/1/951 1114/1/950
f 12/1/945 1008/1/1417 1207/1/1416
f 79/1/945 505/1/1295 1027/1/1294
f 864/1/948 1403/1/1457 1402/1/1456
f 536/1/948 1242/1/1518 1375/1/1517
f 468/1/945 1219/1/1494 1218/1/1493
f 443/1/945 1206/1/1423 1209/1/1422
f 56/1/948 1016/1/1496 1017/1/1495
f 83/1/948 1026/1/1301 1029/1/1300
f 660/1/948 1301/1/997 1300/1/996
f 811/1/945 1376/1/951 1239/1/950
f 264/1/945 1117/1/951 1116/1/950
f 447/1/945 1208/1/1429 1211/1/1428
f 87/1/948 1028/1/1307 1031/1/1306
f 868/1/945 1405/1/977 1404/1/976
f 815/1/945 1378/1/951 1377/1/950
f 472/1/945 1221/1/1001 1220/1/1000
f 451/1/948 1210/1/1437 1213/1/1436
f 60/1/948 1022/1/1504 1021/1/1503
f 91/1/948 1030/1/1311 1033/1/1310
f 664/1/948 1303/1/1005 1302/1/1004
f 819/1/945 1380/1/951 1379/1/950
f 268/1/945 1119/1/951 1118/1/950
f 455/1/948 1212/1/1443 1215/1/1442
f 95/1/948 1032/1/1317 1035/1/1316
f 872/1/945 1407/1/977 1406/1/976
f 823/1/945 1382/1/951 1381/1/950
f 476/1/945 1223/1/1510 1222/1/1006
f 459/1/948 1214/1/2377 1217/1/2378
f 64/1/948 503/1/1512 504/1/1511
f 99/1/948 1034/1/2379 1037/1/2380
f 668/1/948 1305/1/1478 1304/1/1477
f 827/1/945 1384/1/951 1383/1/950
f 272/1/945 1121/1/951 1120/1/950
f 463/1/945 1216/1/1453 1219/1/1452
f 103/1/948 1036/1/2381 1006/1/2382
f 876/1/945 1409/1/977 1408/1/976
f 831/1/945 1386/1/951 1385/1/950
f 480/1/945 1225/1/1015 1224/1/1014
f 467/1/945 1218/1/1461 499/1/1460
f 68/1/945 1023/1/1520 1024/1/1519
f 32/1/945 1012/1/1463 1039/1/1462
f 672/1/948 1307/1/1498 1306/1/1497
f 835/1/945 1388/1/951 1387/1/950
f 276/1/948 1123/1/1526 1122/1/1525
f 3/1/945 497/1/1465 1221/1/1464
f 107/1/945 1038/1/1093 1041/1/1466
f 880/1/945 1411/1/977 1410/1/976
f 539/1/945 1243/1/951 1389/1/950
f 484/1/945 1227/1/1025 1226/1/1024
f 471/1/945 1220/1/1097 1223/1/1096
f 72/1/945 508/1/1532 509/1/1531
f 111/1/945 1040/1/1470 1043/1/1469
f 676/1/948 1309/1/2383 1308/1/1080
f 839/1/948 1390/1/965 1240/1/964
f 280/1/948 1125/1/1538 1124/1/1537
f 475/1/945 1222/1/1105 1225/1/1104
f 115/1/948 1042/1/1472 1045/1/1471
f 884/1/945 1413/1/977 1412/1/976
f 843/1/948 1392/1/973 1391/1/972
f 488/1/945 1229/1/1543 1228/1/1034
f 479/1/945 1224/1/1113 1227/1/1112
f 76/1/945 506/1/1545 507/1/1544
f 119/1/948 1044/1/1476 1047/1/1475
f 680/1/948 1311/1/2384 1310/1/2385
f 847/1/948 1394/1/979 1393/1/978
f 284/1/948 1127/1/1551 1126/1/1550
f 483/1/945 1226/1/1121 1229/1/1120
f 123/1/948 1046/1/1480 1049/1/1479
f 888/1/945 1415/1/977 1414/1/976
f 851/1/948 1396/1/985 1395/1/984
f 492/1/945 1231/1/1047 1230/1/1046
f 487/1/945 1228/1/1131 1231/1/1130
f 80/1/945 1025/1/946 505/1/944
f 127/1/948 1048/1/1486 1051/1/1485
f 684/1/945 1313/1/2386 1312/1/2387
f 855/1/948 1398/1/989 1397/1/988
f 288/1/948 1129/1/953 1128/1/952
f 491/1/945 1230/1/1139 1233/1/1138
f 131/1/948 1050/1/1492 498/1/1491
f 892/1/945 1417/1/977 1416/1/976
f 859/1/948 1400/1/995 1399/1/994
f 496/1/945 1233/1/959 1232/1/958
f 495/1/945 1232/1/1149 1020/1/1148
f 84/1/945 1027/1/961 1026/1/960
f 35/1/945 502/1/1153 1053/1/1152
f 688/1/945 1315/1/2388 1314/1/2389
f 863/1/948 1402/1/999 1401/1/998
f 292/1/948 1131/1/967 1130/1/966
f 135/1/945 1052/1/1161 1055/1/1160
f 896/1/945 1419/1/2390 1418/1/2391
f 542/1/948 1244/1/1003 1403/1/1002
f 88/1/948 1029/1/975 1028/1/974
f 139/1/945 1054/1/1173 1057/1/1172
f 692/1/945 1317/1/2392 1316/1/2393
f 867/1/945 1404/1/977 1241/1/976
f 296/1/945 1133/1/981 1132/1/980
f 143/1/945 1056/1/1179 1059/1/1178
f 900/1/945 1421/1/2394 1420/1/2395
f 871/1/945 1406/1/977 1405/1/976
f 92/1/948 1031/1/987 1030/1/986
f 147/1/945 1058/1/1187 1061/1/1186
f 696/1/945 1319/1/2396 1318/1/2397
f 875/1/945 1408/1/977 1407/1/976
f 300/1/945 1135/1/991 1134/1/990
f 151/1/945 1060/1/1193 1063/1/1192
f 904/1/945 1423/1/2398 1422/1/2399
f 879/1/945 1410/1/977 1409/1/976
f 96/1/948 1033/1/997 1032/1/996
f 155/1/945 1062/1/1522 1065/1/1521
f 700/1/945 1321/1/951 1320/1/950
f 883/1/945 1412/1/977 1411/1/976
f 304/1/945 1137/1/977 1136/1/976
f 159/1/945 1064/1/1528 1008/1/1527
f 908/1/945 1425/1/2400 1424/1/2401
f 887/1/945 1414/1/977 1413/1/976
f 100/1/948 1035/1/1005 1034/1/2402
f 38/1/945 501/1/2403 1067/1/2404
f 704/1/945 1323/1/951 1322/1/950
f 891/1/945 1416/1/977 1415/1/976
f 308/1/945 1139/1/977 1138/1/976
f 163/1/945 1066/1/2405 1069/1/2406
f 912/1/945 1427/1/2407 1426/1/2408
f 545/1/945 1245/1/977 1417/1/976
f 167/1/945 1068/1/2409 1071/1/2410
f 104/1/948 1037/1/2411 1036/1/2412
f 708/1/945 1325/1/951 1324/1/950
f 895/1/945 1418/1/2413 1235/1/2414
f 312/1/945 1141/1/977 1140/1/976
f 171/1/948 1070/1/2415 1073/1/2416
f 916/1/945 1429/1/2417 1428/1/2418
f 899/1/945 1420/1/2419 1419/1/2420
f 175/1/948 1072/1/2421 1075/1/2422
f 108/1/945 1039/1/1017 1038/1/1016
f 712/1/945 1327/1/951 1326/1/950
f 903/1/945 1422/1/2423 1421/1/2424
f 316/1/945 1143/1/977 1142/1/976
f 179/1/948 1074/1/2425 1077/1/2426
f 920/1/945 1431/1/2427 1430/1/2428
f 907/1/945 1424/1/2429 1423/1/2430
f 183/1/948 1076/1/2431 1079/1/2432
f 112/1/945 1041/1/1027 1040/1/1026
f 716/1/945 1329/1/951 1328/1/950
f 911/1/945 1426/1/2433 1425/1/2434
f 320/1/945 1145/1/977 1144/1/976
f 187/1/948 1078/1/2435 1011/1/2436
f 924/1/945 1433/1/1001 1432/1/1000
f 915/1/945 1428/1/2437 1427/1/2438
f 116/1/948 1043/1/1037 1042/1/1036
f 41/1/945 500/1/977 1081/1/976
f 720/1/945 1331/1/951 1330/1/950
f 919/1/945 1430/1/1219 1429/1/2439
f 324/1/945 1147/1/977 1146/1/976
f 191/1/945 1080/1/977 1083/1/976
f 928/1/945 1435/1/1007 1434/1/1006
f 548/1/945 1246/1/2386 1431/1/2387
f 559/1/948 1250/1/1083 1242/1/1082
f 120/1/948 1045/1/1051 1044/1/1050
f 195/1/945 1082/1/977 1085/1/976
f 724/1/945 1333/1/951 1332/1/950
f 923/1/945 1432/1/1089 1236/1/1088
f 563/1/945 1252/1/2440 1251/1/2441
f 328/1/945 1149/1/977 1148/1/976
f 199/1/945 1084/1/977 1087/1/976
f 932/1/945 1437/1/1015 1436/1/1014
f 927/1/945 1434/1/1097 1433/1/1096
f 567/1/945 1254/1/1099 1253/1/1098
f 124/1/948 1047/1/1059 1046/1/1058
f 203/1/945 1086/1/977 1089/1/976
f 728/1/948 1335/1/1021 1334/1/1020
f 931/1/945 1436/1/1105 1435/1/1104
f 571/1/945 1256/1/1107 1255/1/1106
f 332/1/945 1151/1/1065 1150/1/1064
f 207/1/945 1088/1/977 1091/1/976
f 936/1/945 1439/1/1025 1438/1/1024
f 935/1/945 1438/1/1113 1437/1/1112
f 575/1/948 1258/1/1115 1257/1/1114
f 128/1/948 1049/1/1071 1048/1/1070
f 211/1/945 1090/1/977 1093/1/976
f 732/1/945 1337/1/1031 1336/1/1030
f 939/1/945 1440/1/1121 1439/1/1120
f 579/1/948 1260/1/1123 1259/1/1122
f 336/1/945 1153/1/1077 1152/1/1076
f 215/1/945 1092/1/977 1010/1/976
f 940/1/945 1441/1/1035 1440/1/1034
f 943/1/945 1442/1/1131 1441/1/1130
f 583/1/948 1262/1/1133 1261/1/1132
f 132/1/948 1051/1/1085 1050/1/1084
f 44/1/945 499/1/1011 1095/1/1010
f 736/1/945 1339/1/1041 1338/1/1040
f 947/1/945 1444/1/1139 1443/1/1138
f 511/1/948 1234/1/1141 1263/1/1140
f 340/1/945 1155/1/1093 1154/1/1092
f 219/1/945 1094/1/1013 1097/1/1012
f 944/1/945 1443/1/1047 1442/1/1046
f 551/1/945 1247/1/1149 1445/1/1148
f 587/1/945 1264/1/1153 1243/1/1152
f 136/1/945 1053/1/1101 1052/1/1100
f 223/1/948 1096/1/1019 1099/1/1018
f 740/1/945 1341/1/1053 1340/1/1052
f 951/1/948 1446/1/1159 1237/1/1158
f 591/1/945 1266/1/1161 1265/1/1160
f 344/1/945 1157/1/1109 1156/1/1108
f 227/1/948 1098/1/1023 1101/1/1022
f 948/1/945 1445/1/959 1444/1/958
f 955/1/948 1448/1/1169 1447/1/1168
f 595/1/945 1268/1/1173 1267/1/1172
f 140/1/945 1055/1/1117 1054/1/1116
f 231/1/948 1100/1/1029 1103/1/1028
f 744/1/945 1343/1/1061 1342/1/1060
f 959/1/948 1450/1/1177 1449/1/1176
f 599/1/945 1270/1/1179 1269/1/1178
f 348/1/945 1159/1/1125 1158/1/1124
f 235/1/948 1102/1/1033 1105/1/1032
f 952/1/948 1447/1/1067 1446/1/1066
f 963/1/945 1452/1/1183 1451/1/1182
f 603/1/945 1272/1/1187 1271/1/1186
f 144/1/945 1057/1/1135 1056/1/1134
f 239/1/948 1104/1/1039 1107/1/1038
f 748/1/945 1345/1/1073 1344/1/1072
f 967/1/945 1454/1/1191 1453/1/1190
f 607/1/945 1274/1/1193 1273/1/1192
f 352/1/945 1161/1/1143 1160/1/1142
f 243/1/945 1106/1/1045 1009/1/1044
f 956/1/948 1449/1/1079 1448/1/1078
f 971/1/945 1456/1/2442 1455/1/2443
f 611/1/945 1276/1/2444 1275/1/2445
f 148/1/945 1059/1/1155 1058/1/1154
f 47/1/945 1020/1/951 1109/1/950
f 752/1/945 1347/1/1087 1346/1/1086
f 975/1/948 1458/1/1205 1457/1/1204
f 514/1/945 1235/1/2446 1277/1/2447
f 356/1/945 1163/1/1163 1162/1/1162
f 247/1/945 1108/1/951 1111/1/950
f 960/1/945 1451/1/1095 1450/1/1094
f 554/1/948 1248/1/1211 1459/1/1210
f 615/1/948 1278/1/1215 1244/1/1214
f 152/1/945 1061/1/1175 1060/1/1174
f 251/1/945 1110/1/951 1113/1/950
f 756/1/945 1349/1/977 1348/1/976
f 979/1/948 1460/1/1221 1234/1/1220
f 619/1/948 1280/1/1223 1279/1/1222
f 360/1/945 1165/1/951 1164/1/950
f 255/1/945 1112/1/951 1115/1/950
f 964/1/945 1453/1/1111 1452/1/1110
f 983/1/948 1462/1/1227 1461/1/1226
f 623/1/948 1282/1/1231 1281/1/1230
f 156/1/945 1063/1/1189 1062/1/1188
f 259/1/945 1114/1/951 1117/1/950
f 760/1/945 1351/1/977 1350/1/976
f 987/1/948 1464/1/1239 1463/1/1238
f 627/1/945 1284/1/1241 1283/1/1240
f 364/1/945 1167/1/951 1166/1/950
f 263/1/945 1116/1/951 1119/1/950
f 968/1/945 1455/1/1129 1454/1/1128
f 991/1/948 1466/1/1247 1465/1/1246
f 631/1/945 1286/1/1251 1285/1/1250
f 160/1/945 1065/1/1203 1064/1/1202
f 267/1/945 1118/1/951 1121/1/950
f 764/1/945 1353/1/977 1352/1/976
f 995/1/948 1468/1/1259 1467/1/1258
f 635/1/945 1288/1/1261 1287/1/1260
f 368/1/945 1169/1/951 1168/1/950
f 271/1/945 1120/1/951 1015/1/950
f 972/1/945 1457/1/2448 1456/1/2449
f 999/1/948 1470/1/1267 1469/1/1266
f 560/1/945 1251/1/2450 1250/1/2451
f 639/1/945 1290/1/1269 1289/1/1268
f 164/1/945 1067/1/2452 1066/1/2453
f 15/1/948 1011/1/2454 1123/1/1102
f 768/1/945 1355/1/977 1354/1/976
f 1003/1/948 1472/1/1277 1471/1/1276
f 517/1/945 1236/1/1279 1291/1/1278
f 372/1/945 1171/1/951 1170/1/950
f 275/1/948 1122/1/965 1125/1/964
f 976/1/948 1459/1/1167 1458/1/1166
f 557/1/948 1249/1/1285 1473/1/1284
f 564/1/945 1253/1/1171 1252/1/1170
f 643/1/945 1292/1/1287 1245/1/1286
f 168/1/945 1069/1/1217 1068/1/1216
f 279/1/948 1124/1/1119 1127/1/1118
f 772/1/945 1357/1/977 1356/1/976
f 647/1/945 1294/1/1295 1293/1/1294
f 376/1/945 1173/1/951 1172/1/950
f 283/1/948 1126/1/1127 1129/1/1126
f 980/1/948 1461/1/1181 1460/1/1180
f 568/1/945 1255/1/1185 1254/1/1184
f 651/1/948 1296/1/1301 1295/1/1300
f 172/1/945 1071/1/1087 1070/1/2455
f 287/1/948 1128/1/1137 1131/1/1136
f 776/1/945 1359/1/977 1358/1/976
f 655/1/948 1298/1/1307 1297/1/1306
f 380/1/945 1175/1/951 1174/1/950
f 291/1/945 1130/1/1145 1133/1/1144
f 984/1/948 1463/1/1195 1462/1/1194
f 572/1/945 1257/1/1199 1256/1/1198
f 659/1/948 1300/1/1311 1299/1/1310
f 176/1/948 1073/1/2456 1072/1/2457
f 295/1/945 1132/1/1157 1135/1/1156
f 780/1/945 1361/1/977 1360/1/976
f 663/1/948 1302/1/1317 1301/1/1316
f 384/1/945 1177/1/951 1176/1/950
f 299/1/945 1134/1/1165 1014/1/1164
f 988/1/948 1465/1/1209 1464/1/1208
f 576/1/948 1259/1/1213 1258/1/1212
f 667/1/948 1304/1/1321 1303/1/1320
f 180/1/948 1075/1/2458 1074/1/2459
f 18/1/945 1010/1/977 1137/1/976
f 784/1/945 1363/1/1219 1362/1/1218
f 520/1/948 1237/1/1323 1305/1/1322
f 388/1/948 1179/1/2460 1178/1/2461
f 303/1/945 1136/1/977 1139/1/976
f 992/1/948 1467/1/1225 1466/1/1224
f 580/1/948 1261/1/1229 1260/1/1228
f 671/1/948 1306/1/2462 1246/1/2463
f 184/1/948 1077/1/2464 1076/1/2465
f 307/1/945 1138/1/977 1141/1/976
f 788/1/945 1365/1/1237 1364/1/1236
f 675/1/948 1308/1/2466 1307/1/2467
f 392/1/948 1181/1/2468 1180/1/2469
f 311/1/945 1140/1/977 1143/1/976
f 996/1/948 1469/1/1245 1468/1/1244
f 584/1/948 1263/1/1249 1262/1/1248
f 679/1/948 1310/1/2383 1309/1/2470
f 188/1/948 1079/1/2471 1078/1/2472
f 315/1/945 1142/1/977 1145/1/976
f 792/1/945 1367/1/1257 1366/1/1256
f 683/1/948 1312/1/2473 1311/1/2474
f 396/1/948 1183/1/2475 1182/1/2476
f 319/1/945 1144/1/977 1147/1/976
f 1000/1/948 1471/1/1265 1470/1/1264
f 1883/1/2477 1880/1/2477 2378/1/2477
f 1875/1/2478 1872/1/2478 2370/1/2478
f 1871/1/2479 1868/1/2479 2366/1/2479
f 1611/1/80 1608/1/80 2106/1/80
f 1506/1/1559 1979/1/1559 2383/1/1559
f 1832/1/2 2330/1/2 2331/1/2
f 1820/1/1560 2318/1/1560 2319/1/1560
f 1796/1/45 2294/1/45 2295/1/45
f 1708/1/1561 2206/1/1561 2207/1/1561
f 1892/1/1562 2390/1/1562 2391/1/1562
f 1536/1/1563 2026/1/1563 2027/1/1563
f 1752/1/1564 2250/1/1564 2251/1/1564
f 1879/1/2480 1876/1/2480 2374/1/2480
f 1788/1/45 2286/1/45 2287/1/45
f 1696/1/1566 2194/1/1566 2195/1/1566
f 1664/1/45 2162/1/45 2163/1/45
f 1700/1/1567 2198/1/1567 2199/1/1567
f 1940/1/1568 2438/1/1568 2014/1/1568
f 1783/1/45 1780/1/45 2278/1/45
f 1684/1/45 2182/1/45 2183/1/45
f 1592/1/1569 2090/1/1569 2091/1/1569
f 1528/1/1570 1772/1/1570 2270/1/1570
f 1764/1/1571 2262/1/1571 2263/1/1571
f 1919/1/1572 1916/1/1572 2414/1/1572
f 1518/1/45 1988/1/45 2271/1/45
f 1712/1/1573 2210/1/1573 2211/1/1573
f 1479/1/1574 1982/1/1574 2411/1/1574
f 1932/1/1575 2430/1/1575 2431/1/1575
f 1547/1/1576 2034/1/1576 2035/1/1576
f 1651/1/2481 1648/1/2481 2146/1/2481
f 1488/1/2482 1884/1/2482 2382/1/2482
f 1556/1/72 2054/1/72 2055/1/72
f 1867/1/2483 1864/1/2483 2362/1/2483
f 1580/1/1580 2078/1/1580 2079/1/1580
f 1900/1/85 2398/1/85 2399/1/85
f 1676/1/45 2174/1/45 2175/1/45
f 1904/1/78 2402/1/78 2403/1/78
f 1812/1/1581 2310/1/1581 2311/1/1581
f 1908/1/77 2406/1/77 2407/1/77
f 1680/1/45 2178/1/45 2179/1/45
f 1704/1/1582 2202/1/1582 2203/1/1582
f 1768/1/2484 2266/1/2484 2267/1/2484
f 1776/1/45 2274/1/45 2275/1/45
f 1655/1/2485 1652/1/2485 2150/1/2485
f 1659/1/2486 1656/1/2486 2154/1/2486
f 1485/1/2487 1912/1/2487 2410/1/2487
f 1692/1/1586 2190/1/1586 2191/1/1586
f 1784/1/45 2282/1/45 2283/1/45
f 1564/1/74 2062/1/74 2063/1/74
f 1723/1/2 1720/1/2 2218/1/2
f 1639/1/2488 1636/1/2488 2134/1/2488
f 1515/1/1588 1991/1/1588 2299/1/1588
f 1939/1/1589 1936/1/1589 2434/1/1589
f 1944/1/1590 2442/1/1590 2443/1/1590
f 1647/1/2489 1644/1/2489 2142/1/2489
f 1792/1/45 2290/1/45 2291/1/45
f 1804/1/1592 2302/1/1592 2303/1/1592
f 1899/1/84 1896/1/84 2394/1/84
f 1599/1/1593 1596/1/1593 2094/1/1593
f 1510/1/1594 1985/1/1594 2243/1/1594
f 1546/1/1595 2030/1/1595 2031/1/1595
f 1760/1/1596 2258/1/1596 2259/1/1596
f 1756/1/1597 2254/1/1597 2255/1/1597
f 1859/1/2490 1509/1/2490 1976/1/2490
f 1643/1/2491 1640/1/2491 2138/1/2491
f 1888/1/1600 2386/1/1600 2387/1/1600
f 1560/1/73 2058/1/73 2059/1/73
f 1568/1/67 2066/1/67 2067/1/67
f 1800/1/45 2298/1/45 1999/1/45
f 1575/1/2492 1572/1/2492 2070/1/2492
f 1828/1/1601 2326/1/1601 2002/1/1601
f 1672/1/45 2170/1/45 2171/1/45
f 1600/1/1602 2098/1/1602 2099/1/1602
f 1668/1/45 2166/1/45 2167/1/45
f 1824/1/1603 2322/1/1603 2323/1/1603
f 1588/1/1604 2086/1/1604 2087/1/1604
f 1584/1/514 2082/1/514 2083/1/514
f 1816/1/1605 2314/1/1605 2315/1/1605
f 1808/1/1606 2306/1/1606 2307/1/1606
f 1628/1/1607 2126/1/1607 2127/1/1607
f 1624/1/24 2122/1/24 2123/1/24
f 1920/1/1608 2418/1/1608 2419/1/1608
f 1924/1/1609 2422/1/1609 2423/1/1609
f 1928/1/1610 2426/1/1610 2427/1/1610
f 1856/1/2 2354/1/2 2005/1/2
f 1863/1/2493 1860/1/2493 2358/1/2493
f 1852/1/2 2350/1/2 2351/1/2
f 1848/1/2 2346/1/2 2347/1/2
f 1615/1/29 1612/1/29 2110/1/29
f 1619/1/30 1616/1/30 2114/1/30
f 1623/1/31 1620/1/31 2118/1/31
f 1532/1/2 1994/1/2 2327/1/2
f 1748/1/1612 2246/1/1612 2247/1/1612
f 1740/1/2 2238/1/2 2239/1/2
f 1736/1/2 2234/1/2 2235/1/2
f 1836/1/2 2334/1/2 2335/1/2
f 1843/1/2 1840/1/2 2338/1/2
f 1844/1/2 2342/1/2 2343/1/2
f 1542/1/33 1968/1/33 2466/1/33
f 1964/1/35 2462/1/35 2463/1/35
f 1960/1/36 2458/1/36 2459/1/36
f 1727/1/2 1724/1/2 2222/1/2
f 1731/1/2 1728/1/2 2226/1/2
f 1735/1/2 1732/1/2 2230/1/2
f 1943/1/1614 1477/1/1614 1973/1/1614
f 1555/1/2013 1498/1/2013 2050/1/2013
f 1503/1/1615 1550/1/1615 2042/1/1615
f 1493/1/1616 2038/1/1616 2039/1/1616
f 1951/1/41 1948/1/41 2446/1/41
f 1955/1/42 1952/1/42 2450/1/42
f 1959/1/43 1956/1/43 2454/1/43
f 1691/1/1617 1484/1/1617 2013/1/1617
f 1511/1/2494 1660/1/2494 2158/1/2494
f 1688/1/45 2186/1/45 1986/1/45
f 1719/1/2 1544/1/2 2016/1/2
f 1475/1/2495 1576/1/2495 2074/1/2495
f 1527/1/93 1998/1/93 2047/1/93
f 1716/1/1620 2214/1/1620 1989/1/1620
f 1540/1/1621 2022/1/1621 2023/1/1621
f 1524/1/1622 2001/1/1622 2075/1/1622
f 1744/1/2 2242/1/2 1992/1/2
f 1607/1/89 1521/1/89 2004/1/89
f 1530/1/1623 1995/1/1623 2019/1/1623
f 1635/1/2496 1490/1/2496 2007/1/2496
f 1604/1/1625 2102/1/1625 1977/1/1625
f 1487/1/45 2010/1/45 2159/1/45
f 1480/1/1626 1632/1/1626 2130/1/1626
f 1541/1/2497 1540/1/2497 1539/1/2497
f 1537/1/2498 1536/1/2498 1535/1/2498
f 1533/1/2499 1546/1/2499 1545/1/2499
f 1548/1/2500 1547/1/2500 1496/1/2500
f 1494/1/2501 1493/1/2501 1553/1/2501
f 1551/1/2502 1550/1/2502 1505/1/2502
f 1502/1/2503 1501/1/2503 1500/1/2503
f 1499/1/2117 1498/1/2117 1497/1/2117
f 1555/1/2504 1556/1/2504 1557/1/2504
f 1559/1/2505 1560/1/2505 1561/1/2505
f 1563/1/2120 1564/1/2120 1565/1/2120
f 1567/1/2121 1568/1/2121 1569/1/2121
f 1571/1/2506 1572/1/2506 1573/1/2506
f 1576/1/2507 1577/1/2507 1578/1/2507
f 1579/1/2508 1580/1/2508 1581/1/2508
f 1583/1/2509 1584/1/2509 1585/1/2509
f 1587/1/2510 1588/1/2510 1589/1/2510
f 1591/1/2511 1592/1/2511 1593/1/2511
f 1595/1/2512 1596/1/2512 1597/1/2512
f 1599/1/2513 1600/1/2513 1601/1/2513
f 1604/1/2514 1605/1/2514 1606/1/2514
f 1607/1/2103 1608/1/2103 1609/1/2103
f 1611/1/2104 1612/1/2104 1613/1/2104
f 1615/1/2515 1616/1/2515 1617/1/2515
f 1619/1/2106 1620/1/2106 1621/1/2106
f 1623/1/2107 1624/1/2107 1625/1/2107
f 1627/1/2108 1628/1/2108 1629/1/2108
f 1632/1/2516 1633/1/2516 1634/1/2516
f 1635/1/1655 1636/1/1655 1637/1/1655
f 1639/1/2517 1640/1/2517 1641/1/2517
f 1644/1/2518 1645/1/2518 1646/1/2518
f 1648/1/2519 1649/1/2519 1650/1/2519
f 1652/1/2520 1653/1/2520 1654/1/2520
f 1656/1/2521 1657/1/2521 1658/1/2521
f 1660/1/2522 1661/1/2522 1662/1/2522
f 1663/1/207 1664/1/207 1665/1/207
f 1667/1/207 1668/1/207 1669/1/207
f 1672/1/207 1673/1/207 1674/1/207
f 1676/1/259 1677/1/259 1678/1/259
f 1680/1/259 1681/1/259 1682/1/259
f 1684/1/259 1685/1/259 1686/1/259
f 1688/1/207 1689/1/207 1690/1/207
f 1691/1/2523 1692/1/2523 1693/1/2523
f 1696/1/1663 1697/1/1663 1698/1/1663
f 1700/1/1664 1701/1/1664 1702/1/1664
f 1704/1/2524 1705/1/2524 1706/1/2524
f 1708/1/2525 1709/1/2525 1710/1/2525
f 1712/1/2526 1713/1/2526 1714/1/2526
f 1716/1/2527 1717/1/2527 1718/1/2527
f 1719/1/205 1720/1/205 1721/1/205
f 1723/1/205 1724/1/205 1725/1/205
f 1728/1/205 1729/1/205 1730/1/205
f 1732/1/205 1733/1/205 1734/1/205
f 1736/1/251 1737/1/251 1738/1/251
f 1740/1/251 1741/1/251 1742/1/251
f 1744/1/205 1745/1/205 1746/1/205
f 1747/1/2528 1748/1/2528 1749/1/2528
f 1751/1/2529 1752/1/2529 1753/1/2529
f 1755/1/2530 1756/1/2530 1757/1/2530
f 1759/1/1672 1760/1/1672 1761/1/1672
f 1763/1/1673 1764/1/1673 1765/1/1673
f 1768/1/2531 1769/1/2531 1770/1/2531
f 1772/1/2532 1773/1/2532 1774/1/2532
f 1775/1/207 1776/1/207 1777/1/207
f 1779/1/207 1780/1/207 1781/1/207
f 1783/1/259 1784/1/259 1785/1/259
f 1787/1/259 1788/1/259 1789/1/259
f 1791/1/259 1792/1/259 1793/1/259
f 1796/1/207 1797/1/207 1798/1/207
f 1800/1/207 1801/1/207 1802/1/207
f 1803/1/2533 1804/1/2533 1805/1/2533
f 1807/1/2534 1808/1/2534 1809/1/2534
f 1811/1/2535 1812/1/2535 1813/1/2535
f 1815/1/2536 1816/1/2536 1817/1/2536
f 1819/1/2537 1820/1/2537 1821/1/2537
f 1823/1/1681 1824/1/1681 1825/1/1681
f 1828/1/2538 1829/1/2538 1830/1/2538
f 1831/1/251 1832/1/251 1833/1/251
f 1835/1/205 1836/1/205 1837/1/205
f 1839/1/251 1840/1/251 1841/1/251
f 1843/1/205 1844/1/205 1845/1/205
f 1847/1/205 1848/1/205 1849/1/205
f 1852/1/205 1853/1/205 1854/1/205
f 1856/1/205 1857/1/205 1858/1/205
f 1859/1/2539 1860/1/2539 1861/1/2539
f 1864/1/2540 1865/1/2540 1866/1/2540
f 1868/1/2541 1869/1/2541 1870/1/2541
f 1872/1/2542 1873/1/2542 1874/1/2542
f 1876/1/2543 1877/1/2543 1878/1/2543
f 1880/1/2544 1881/1/2544 1882/1/2544
f 1884/1/2545 1885/1/2545 1886/1/2545
f 1887/1/2166 1888/1/2166 1889/1/2166
f 1892/1/2167 1893/1/2167 1894/1/2167
f 1896/1/2168 1897/1/2168 1898/1/2168
f 1900/1/2169 1901/1/2169 1902/1/2169
f 1904/1/2170 1905/1/2170 1906/1/2170
f 1908/1/2171 1909/1/2171 1910/1/2171
f 1912/1/2172 1913/1/2172 1914/1/2172
f 1915/1/2546 1916/1/2546 1917/1/2546
f 1920/1/2547 1921/1/2547 1922/1/2547
f 1924/1/2548 1925/1/2548 1926/1/2548
f 1928/1/2549 1929/1/2549 1930/1/2549
f 1932/1/2550 1933/1/2550 1934/1/2550
f 1936/1/2551 1937/1/2551 1938/1/2551
f 1940/1/2552 1941/1/2552 1942/1/2552
f 1943/1/2152 1944/1/2152 1945/1/2152
f 1948/1/2153 1949/1/2153 1950/1/2153
f 1952/1/2154 1953/1/2154 1954/1/2154
f 1956/1/2155 1957/1/2155 1958/1/2155
f 1960/1/2156 1961/1/2156 1962/1/2156
f 1964/1/2157 1965/1/2157 1966/1/2157
f 1968/1/2158 1969/1/2158 1970/1/2158
f 2019/1/2553 2020/1/2553 2021/1/2553
f 2023/1/2554 2024/1/2554 2025/1/2554
f 2027/1/2555 2028/1/2555 2029/1/2555
f 2031/1/2556 2032/1/2556 2033/1/2556
f 2035/1/2557 2036/1/2557 2037/1/2557
f 2039/1/2558 2040/1/2558 2041/1/2558
f 2044/1/2559 2045/1/2559 2046/1/2559
f 2047/1/2041 2048/1/2041 2049/1/2041
f 2051/1/2560 2052/1/2560 2053/1/2560
f 2055/1/2043 2056/1/2043 2057/1/2043
f 2059/1/2044 2060/1/2044 2061/1/2044
f 2063/1/2045 2064/1/2045 2065/1/2045
f 2067/1/2046 2068/1/2046 2069/1/2046
f 2072/1/2561 2073/1/2561 2074/1/2561
f 2075/1/2562 2076/1/2562 2077/1/2562
f 2079/1/2563 2080/1/2563 2081/1/2563
f 2083/1/2564 2084/1/2564 2085/1/2564
f 2087/1/2565 2088/1/2565 2089/1/2565
f 2091/1/2566 2092/1/2566 2093/1/2566
f 2095/1/2567 2096/1/2567 2097/1/2567
f 2100/1/2568 2101/1/2568 2102/1/2568
f 2103/1/2027 2104/1/2027 2105/1/2027
f 2107/1/2028 2108/1/2028 2109/1/2028
f 2111/1/2029 2112/1/2029 2113/1/2029
f 2115/1/2030 2116/1/2030 2117/1/2030
f 2119/1/2031 2120/1/2031 2121/1/2031
f 2123/1/2032 2124/1/2032 2125/1/2032
f 2128/1/2569 2129/1/2569 2130/1/2569
f 2131/1/1732 2132/1/1732 2133/1/1732
f 2135/1/2570 2136/1/2570 2137/1/2570
f 2140/1/2571 2141/1/2571 2142/1/2571
f 2144/1/2572 2145/1/2572 2146/1/2572
f 2148/1/2573 2149/1/2573 2150/1/2573
f 2152/1/2574 2153/1/2574 2154/1/2574
f 2156/1/2575 2157/1/2575 2158/1/2575
f 2159/1/105 2160/1/105 2161/1/105
f 2163/1/105 2164/1/105 2165/1/105
f 2168/1/105 2169/1/105 2170/1/105
f 2172/1/157 2173/1/157 2174/1/157
f 2176/1/157 2177/1/157 2178/1/157
f 2180/1/157 2181/1/157 2182/1/157
f 2184/1/105 2185/1/105 2186/1/105
f 2187/1/2576 2188/1/2576 2189/1/2576
f 2192/1/1740 2193/1/1740 2194/1/1740
f 2196/1/2577 2197/1/2577 2198/1/2577
f 2200/1/2578 2201/1/2578 2202/1/2578
f 2204/1/2579 2205/1/2579 2206/1/2579
f 2208/1/2580 2209/1/2580 2210/1/2580
f 2212/1/2581 2213/1/2581 2214/1/2581
f 2215/1/149 2216/1/149 2217/1/149
f 2219/1/103 2220/1/103 2221/1/103
f 2224/1/103 2225/1/103 2226/1/103
f 2228/1/103 2229/1/103 2230/1/103
f 2232/1/149 2233/1/149 2234/1/149
f 2236/1/149 2237/1/149 2238/1/149
f 2240/1/103 2241/1/103 2242/1/103
f 2243/1/2582 2244/1/2582 2245/1/2582
f 2247/1/2583 2248/1/2583 2249/1/2583
f 2251/1/2584 2252/1/2584 2253/1/2584
f 2255/1/1749 2256/1/1749 2257/1/1749
f 2259/1/1750 2260/1/1750 2261/1/1750
f 2264/1/2585 2265/1/2585 2266/1/2585
f 2268/1/2586 2269/1/2586 2270/1/2586
f 2271/1/105 2272/1/105 2273/1/105
f 2275/1/105 2276/1/105 2277/1/105
f 2279/1/157 2280/1/157 2281/1/157
f 2283/1/105 2284/1/105 2285/1/105
f 2287/1/157 2288/1/157 2289/1/157
f 2292/1/105 2293/1/105 2294/1/105
f 2296/1/105 2297/1/105 2298/1/105
f 2299/1/2587 2300/1/2587 2301/1/2587
f 2303/1/2588 2304/1/2588 2305/1/2588
f 2307/1/2589 2308/1/2589 2309/1/2589
f 2311/1/2590 2312/1/2590 2313/1/2590
f 2315/1/2591 2316/1/2591 2317/1/2591
f 2319/1/1758 2320/1/1758 2321/1/1758
f 2324/1/2592 2325/1/2592 2326/1/2592
f 2327/1/149 2328/1/149 2329/1/149
f 2331/1/103 2332/1/103 2333/1/103
f 2335/1/149 2336/1/149 2337/1/149
f 2339/1/149 2340/1/149 2341/1/149
f 2343/1/103 2344/1/103 2345/1/103
f 2348/1/103 2349/1/103 2350/1/103
f 2352/1/103 2353/1/103 2354/1/103
f 2355/1/2593 2356/1/2593 2357/1/2593
f 2360/1/2594 2361/1/2594 2362/1/2594
f 2364/1/2595 2365/1/2595 2366/1/2595
f 2368/1/2596 2369/1/2596 2370/1/2596
f 2372/1/2597 2373/1/2597 2374/1/2597
f 2376/1/2598 2377/1/2598 2378/1/2598
f 2380/1/2599 2381/1/2599 2382/1/2599
f 2383/1/2089 2384/1/2089 2385/1/2089
f 2388/1/2090 2389/1/2090 2390/1/2090
f 2392/1/2091 2393/1/2091 2394/1/2091
f 2396/1/2092 2397/1/2092 2398/1/2092
f 2400/1/2093 2401/1/2093 2402/1/2093
f 2404/1/2600 2405/1/2600 2406/1/2600
f 2408/1/2095 2409/1/2095 2410/1/2095
f 2411/1/2601 2412/1/2601 2413/1/2601
f 2416/1/2602 2417/1/2602 2418/1/2602
f 2420/1/2603 2421/1/2603 2422/1/2603
f 2424/1/2604 2425/1/2604 2426/1/2604
f 2428/1/2605 2429/1/2605 2430/1/2605
f 2432/1/2606 2433/1/2606 2434/1/2606
f 2436/1/2607 2437/1/2607 2438/1/2607
f 2439/1/2075 2440/1/2075 2441/1/2075
f 2444/1/2076 2445/1/2076 2446/1/2076
f 2448/1/2077 2449/1/2077 2450/1/2077
f 2452/1/2078 2453/1/2078 2454/1/2078
f 2456/1/2079 2457/1/2079 2458/1/2079
f 2460/1/2080 2461/1/2080 2462/1/2080
f 2464/1/2081 2465/1/2081 2466/1/2081
f 1530/1/2608 1541/1/2608 1538/1/2608
f 1540/1/2609 1537/1/2609 1534/1/2609
f 1536/1/2610 1533/1/2610 1549/1/2610
f 1546/1/2611 1548/1/2611 1495/1/2611
f 1547/1/2612 1494/1/2612 1552/1/2612
f 1493/1/2613 1551/1/2613 1504/1/2613
f 1503/1/2614 1500/1/2614 1505/1/2614
f 1478/1/1783 1476/1/1783 1501/1/1783
f 1527/1/422 1499/1/422 1554/1/422
f 1498/1/1784 1555/1/1784 1558/1/1784
f 1556/1/424 1559/1/424 1562/1/424
f 1560/1/1785 1563/1/1785 1566/1/1785
f 1564/1/426 1567/1/426 1570/1/426
f 1568/1/427 1571/1/427 1574/1/427
f 1575/1/2615 1578/1/2615 1573/1/2615
f 1475/1/2616 1508/1/2616 1577/1/2616
f 1524/1/2617 1579/1/2617 1582/1/2617
f 1580/1/2618 1583/1/2618 1586/1/2618
f 1584/1/2619 1587/1/2619 1590/1/2619
f 1588/1/2620 1591/1/2620 1594/1/2620
f 1592/1/2621 1595/1/2621 1598/1/2621
f 1596/1/2622 1599/1/2622 1602/1/2622
f 1603/1/2623 1606/1/2623 1601/1/2623
f 1507/1/2624 1481/1/2624 1605/1/2624
f 1521/1/406 1607/1/406 1610/1/406
f 1608/1/2247 1611/1/2247 1614/1/2247
f 1612/1/408 1615/1/408 1618/1/408
f 1616/1/409 1619/1/409 1622/1/409
f 1620/1/410 1623/1/410 1626/1/410
f 1624/1/411 1627/1/411 1630/1/411
f 1631/1/1796 1634/1/1796 1629/1/1796
f 1480/1/2625 1512/1/2625 1633/1/2625
f 1490/1/2626 1635/1/2626 1638/1/2626
f 1636/1/2627 1639/1/2627 1642/1/2627
f 1643/1/2628 1646/1/2628 1641/1/2628
f 1647/1/2629 1650/1/2629 1645/1/2629
f 1651/1/2630 1654/1/2630 1649/1/2630
f 1655/1/2631 1658/1/2631 1653/1/2631
f 1659/1/2632 1662/1/2632 1657/1/2632
f 1511/1/2633 1520/1/2633 1661/1/2633
f 1487/1/207 1663/1/207 1666/1/207
f 1664/1/207 1667/1/207 1670/1/207
f 1671/1/207 1674/1/207 1669/1/207
f 1675/1/207 1678/1/207 1673/1/207
f 1679/1/207 1682/1/207 1677/1/207
f 1683/1/207 1686/1/207 1681/1/207
f 1687/1/207 1690/1/207 1685/1/207
f 1519/1/207 1517/1/207 1689/1/207
f 1484/1/2634 1691/1/2634 1694/1/2634
f 1692/1/2635 1695/1/2635 1698/1/2635
f 1699/1/2636 1702/1/2636 1697/1/2636
f 1703/1/2637 1706/1/2637 1701/1/2637
f 1707/1/2638 1710/1/2638 1705/1/2638
f 1711/1/2639 1714/1/2639 1709/1/2639
f 1715/1/2640 1718/1/2640 1713/1/2640
f 1516/1/2641 1514/1/2641 1717/1/2641
f 1544/1/251 1719/1/251 1722/1/251
f 1720/1/205 1723/1/205 1726/1/205
f 1727/1/205 1730/1/205 1725/1/205
f 1731/1/205 1734/1/205 1729/1/205
f 1735/1/251 1738/1/251 1733/1/251
f 1739/1/205 1742/1/205 1737/1/205
f 1743/1/205 1746/1/205 1741/1/205
f 1513/1/205 1531/1/205 1745/1/205
f 1510/1/2642 1747/1/2642 1750/1/2642
f 1748/1/2643 1751/1/2643 1754/1/2643
f 1752/1/2644 1755/1/2644 1758/1/2644
f 1756/1/2645 1759/1/2645 1762/1/2645
f 1760/1/2646 1763/1/2646 1766/1/2646
f 1767/1/2647 1770/1/2647 1765/1/2647
f 1771/1/2648 1774/1/2648 1769/1/2648
f 1528/1/2649 1529/1/2649 1773/1/2649
f 1518/1/207 1775/1/207 1778/1/207
f 1776/1/207 1779/1/207 1782/1/207
f 1780/1/259 1783/1/259 1786/1/259
f 1784/1/207 1787/1/207 1790/1/207
f 1788/1/259 1791/1/259 1794/1/259
f 1792/1/259 1795/1/259 1798/1/259
f 1799/1/259 1802/1/259 1797/1/259
f 1525/1/207 1526/1/207 1801/1/207
f 1515/1/2650 1803/1/2650 1806/1/2650
f 1804/1/2651 1807/1/2651 1810/1/2651
f 1808/1/2652 1811/1/2652 1814/1/2652
f 1812/1/2653 1815/1/2653 1818/1/2653
f 1816/1/2654 1819/1/2654 1822/1/2654
f 1820/1/2655 1823/1/2655 1826/1/2655
f 1827/1/2656 1830/1/2656 1825/1/2656
f 1522/1/2657 1523/1/2657 1829/1/2657
f 1532/1/251 1831/1/251 1834/1/251
f 1832/1/205 1835/1/205 1838/1/205
f 1836/1/251 1839/1/251 1842/1/251
f 1840/1/251 1843/1/251 1846/1/251
f 1844/1/205 1847/1/205 1850/1/205
f 1848/1/205 1851/1/205 1854/1/205
f 1855/1/205 1858/1/205 1853/1/205
f 1491/1/205 1492/1/205 1857/1/205
f 1509/1/2658 1859/1/2658 1862/1/2658
f 1860/1/2659 1863/1/2659 1866/1/2659
f 1867/1/2660 1870/1/2660 1865/1/2660
f 1871/1/2661 1874/1/2661 1869/1/2661
f 1875/1/2662 1878/1/2662 1873/1/2662
f 1879/1/2663 1882/1/2663 1877/1/2663
f 1883/1/2664 1886/1/2664 1881/1/2664
f 1488/1/2665 1489/1/2665 1885/1/2665
f 1506/1/2666 1887/1/2666 1890/1/2666
f 1888/1/487 1891/1/487 1894/1/487
f 1895/1/488 1898/1/488 1893/1/488
f 1899/1/489 1902/1/489 1897/1/489
f 1903/1/490 1906/1/490 1901/1/490
f 1907/1/491 1910/1/491 1905/1/491
f 1911/1/492 1914/1/492 1909/1/492
f 1485/1/493 1486/1/493 1913/1/493
f 1479/1/2667 1915/1/2667 1918/1/2667
f 1916/1/2668 1919/1/2668 1922/1/2668
f 1923/1/2669 1926/1/2669 1921/1/2669
f 1927/1/2670 1930/1/2670 1925/1/2670
f 1931/1/2671 1934/1/2671 1929/1/2671
f 1935/1/2672 1938/1/2672 1933/1/2672
f 1939/1/2673 1942/1/2673 1937/1/2673
f 1482/1/2674 1483/1/2674 1941/1/2674
f 1477/1/2675 1943/1/2675 1946/1/2675
f 1944/1/2299 1947/1/2299 1950/1/2299
f 1951/1/2300 1954/1/2300 1949/1/2300
f 1955/1/473 1958/1/473 1953/1/473
f 1959/1/474 1962/1/474 1957/1/474
f 1963/1/475 1966/1/475 1961/1/475
f 1967/1/476 1970/1/476 1965/1/476
f 1542/1/477 1543/1/477 1969/1/477
f 2020/1/2676 2019/1/2676 1995/1/2676
f 2024/1/2677 2023/1/2677 2022/1/2677
f 2028/1/2678 2027/1/2678 2026/1/2678
f 2032/1/2679 2031/1/2679 2030/1/2679
f 2036/1/2680 2035/1/2680 2034/1/2680
f 2040/1/2681 2039/1/2681 2038/1/2681
f 2041/1/2682 2044/1/2682 2043/1/2682
f 2045/1/1858 1972/1/1858 1971/1/1858
f 2048/1/326 2047/1/326 1998/1/326
f 2052/1/327 2051/1/327 2050/1/327
f 2056/1/328 2055/1/328 2054/1/328
f 2060/1/1859 2059/1/1859 2058/1/1859
f 2064/1/330 2063/1/330 2062/1/330
f 2068/1/331 2067/1/331 2066/1/331
f 2069/1/1860 2072/1/1860 2071/1/1860
f 2073/1/2683 1975/1/2683 1974/1/2683
f 2076/1/2684 2075/1/2684 2001/1/2684
f 2080/1/2685 2079/1/2685 2078/1/2685
f 2084/1/2686 2083/1/2686 2082/1/2686
f 2088/1/2687 2087/1/2687 2086/1/2687
f 2092/1/2688 2091/1/2688 2090/1/2688
f 2096/1/2689 2095/1/2689 2094/1/2689
f 2097/1/2690 2100/1/2690 2099/1/2690
f 2101/1/2691 1978/1/2691 1977/1/2691
f 2104/1/310 2103/1/310 2004/1/310
f 2108/1/1870 2107/1/1870 2106/1/1870
f 2112/1/312 2111/1/312 2110/1/312
f 2116/1/313 2115/1/313 2114/1/313
f 2120/1/314 2119/1/314 2118/1/314
f 2124/1/315 2123/1/315 2122/1/315
f 2125/1/1871 2128/1/1871 2127/1/1871
f 2129/1/2692 1981/1/2692 1980/1/2692
f 2132/1/2693 2131/1/2693 2007/1/2693
f 2136/1/2694 2135/1/2694 2134/1/2694
f 2137/1/2695 2140/1/2695 2139/1/2695
f 2141/1/2696 2144/1/2696 2143/1/2696
f 2145/1/2697 2148/1/2697 2147/1/2697
f 2149/1/2698 2152/1/2698 2151/1/2698
f 2153/1/2699 2156/1/2699 2155/1/2699
f 2157/1/2700 1984/1/2700 1983/1/2700
f 2160/1/105 2159/1/105 2010/1/105
f 2164/1/105 2163/1/105 2162/1/105
f 2165/1/105 2168/1/105 2167/1/105
f 2169/1/105 2172/1/105 2171/1/105
f 2173/1/105 2176/1/105 2175/1/105
f 2177/1/105 2180/1/105 2179/1/105
f 2181/1/157 2184/1/157 2183/1/157
f 2185/1/105 1987/1/105 1986/1/105
f 2188/1/2701 2187/1/2701 2013/1/2701
f 2192/1/2702 2191/1/2702 2190/1/2702
f 2193/1/2703 2196/1/2703 2195/1/2703
f 2197/1/2704 2200/1/2704 2199/1/2704
f 2201/1/2705 2204/1/2705 2203/1/2705
f 2205/1/2706 2208/1/2706 2207/1/2706
f 2209/1/2707 2212/1/2707 2211/1/2707
f 2213/1/2708 1990/1/2708 1989/1/2708
f 2216/1/149 2215/1/149 2016/1/149
f 2220/1/103 2219/1/103 2218/1/103
f 2221/1/103 2224/1/103 2223/1/103
f 2225/1/103 2228/1/103 2227/1/103
f 2229/1/149 2232/1/149 2231/1/149
f 2233/1/103 2236/1/103 2235/1/103
f 2237/1/103 2240/1/103 2239/1/103
f 2241/1/103 1993/1/103 1992/1/103
f 2244/1/2709 2243/1/2709 1985/1/2709
f 2248/1/2710 2247/1/2710 2246/1/2710
f 2252/1/2711 2251/1/2711 2250/1/2711
f 2256/1/2712 2255/1/2712 2254/1/2712
f 2260/1/2713 2259/1/2713 2258/1/2713
f 2261/1/2714 2264/1/2714 2263/1/2714
f 2265/1/2715 2268/1/2715 2267/1/2715
f 2269/1/2716 1997/1/2716 1996/1/2716
f 2272/1/105 2271/1/105 1988/1/105
f 2276/1/105 2275/1/105 2274/1/105
f 2280/1/157 2279/1/157 2278/1/157
f 2284/1/105 2283/1/105 2282/1/105
f 2288/1/157 2287/1/157 2286/1/157
f 2292/1/157 2291/1/157 2290/1/157
f 2293/1/157 2296/1/157 2295/1/157
f 2297/1/105 2000/1/105 1999/1/105
f 2300/1/2717 2299/1/2717 1991/1/2717
f 2304/1/2718 2303/1/2718 2302/1/2718
f 2308/1/2719 2307/1/2719 2306/1/2719
f 2312/1/2720 2311/1/2720 2310/1/2720
f 2316/1/2721 2315/1/2721 2314/1/2721
f 2320/1/2722 2319/1/2722 2318/1/2722
f 2321/1/2723 2324/1/2723 2323/1/2723
f 2325/1/2724 2003/1/2724 2002/1/2724
f 2328/1/149 2327/1/149 1994/1/149
f 2332/1/103 2331/1/103 2330/1/103
f 2336/1/149 2335/1/149 2334/1/149
f 2340/1/149 2339/1/149 2338/1/149
f 2344/1/103 2343/1/103 2342/1/103
f 2348/1/103 2347/1/103 2346/1/103
f 2349/1/103 2352/1/103 2351/1/103
f 2353/1/103 2006/1/103 2005/1/103
f 2356/1/2725 2355/1/2725 1976/1/2725
f 2360/1/2726 2359/1/2726 2358/1/2726
f 2361/1/2727 2364/1/2727 2363/1/2727
f 2365/1/2728 2368/1/2728 2367/1/2728
f 2369/1/2729 2372/1/2729 2371/1/2729
f 2373/1/2730 2376/1/2730 2375/1/2730
f 2377/1/1911 2380/1/1911 2379/1/1911
f 2381/1/2731 2009/1/2731 2008/1/2731
f 2384/1/2732 2383/1/2732 1979/1/2732
f 2388/1/1914 2387/1/1914 2386/1/1914
f 2389/1/1915 2392/1/1915 2391/1/1915
f 2393/1/393 2396/1/393 2395/1/393
f 2397/1/394 2400/1/394 2399/1/394
f 2401/1/395 2404/1/395 2403/1/395
f 2405/1/396 2408/1/396 2407/1/396
f 2409/1/397 2012/1/397 2011/1/397
f 2412/1/1917 2411/1/1917 1982/1/1917
f 2416/1/2733 2415/1/2733 2414/1/2733
f 2417/1/2734 2420/1/2734 2419/1/2734
f 2421/1/2735 2424/1/2735 2423/1/2735
f 2425/1/2736 2428/1/2736 2427/1/2736
f 2429/1/2737 2432/1/2737 2431/1/2737
f 2433/1/2738 2436/1/2738 2435/1/2738
f 2437/1/2739 2015/1/2739 2014/1/2739
f 2440/1/2740 2439/1/2740 1973/1/2740
f 2444/1/375 2443/1/375 2442/1/375
f 2445/1/376 2448/1/376 2447/1/376
f 2449/1/377 2452/1/377 2451/1/377
f 2453/1/378 2456/1/378 2455/1/378
f 2457/1/379 2460/1/379 2459/1/379
f 2461/1/380 2464/1/380 2463/1/380
f 2465/1/381 2018/1/381 2017/1/381
f 2395/1/539 2398/1/539 1900/1/539
f 2402/1/541 1904/1/541 1903/1/541
f 2215/1/542 2218/1/542 1720/1/542
f 1724/1/2 1723/1/2 2219/1/2
f 2039/1/1929 2042/1/1929 1550/1/1929
f 1502/1/1930 1503/1/1930 2043/1/1930
f 1908/1/544 1907/1/544 2403/1/544
f 1728/1/2 1727/1/2 2223/1/2
f 1973/1/1931 1477/1/1931 1478/1/1931
f 1912/1/546 1911/1/546 2407/1/546
f 1732/1/2 1731/1/2 2227/1/2
f 1999/1/547 1998/1/547 1527/1/547
f 1498/1/1932 1499/1/1932 2047/1/1932
f 1487/1/1933 1485/1/1933 2011/1/1933
f 1736/1/2 1735/1/2 2231/1/2
f 1556/1/1934 1555/1/1934 2051/1/1934
f 1980/1/2741 1982/1/2741 1479/1/2741
f 1916/1/1936 1915/1/1936 2411/1/1936
f 1740/1/2 1739/1/2 2235/1/2
f 1560/1/551 1559/1/551 2055/1/551
f 1920/1/1938 1919/1/1938 2415/1/1938
f 1744/1/2 1743/1/2 2239/1/2
f 1564/1/552 1563/1/552 2059/1/552
f 1924/1/1939 1923/1/1939 2419/1/1939
f 1532/1/2 1513/1/2 1992/1/2
f 1568/1/1940 1567/1/1940 2063/1/1940
f 1928/1/1941 1927/1/1941 2423/1/1941
f 1983/1/48 1985/1/48 1510/1/48
f 1748/1/1942 1747/1/1942 2243/1/1942
f 1572/1/555 1571/1/555 2067/1/555
f 1932/1/1943 1931/1/1943 2427/1/1943
f 1752/1/1944 1751/1/1944 2247/1/1944
f 1576/1/2742 1575/1/2742 2071/1/2742
f 1936/1/1946 1935/1/1946 2431/1/1946
f 1756/1/1947 1755/1/1947 2251/1/1947
f 1509/1/2743 1475/1/2743 1974/1/2743
f 1940/1/1949 1939/1/1949 2435/1/1949
f 1760/1/1950 1759/1/1950 2255/1/1950
f 2002/1/1951 2001/1/1951 1524/1/1951
f 1580/1/1952 1579/1/1952 2075/1/1952
f 1484/1/1953 1482/1/1953 2014/1/1953
f 1764/1/1954 1763/1/1954 2259/1/1954
f 1584/1/1955 1583/1/1955 2079/1/1955
f 1944/1/584 1943/1/584 2439/1/584
f 1768/1/1956 1767/1/1956 2263/1/1956
f 1588/1/1957 1587/1/1957 2083/1/1957
f 1948/1/587 1947/1/587 2443/1/587
f 1772/1/1958 1771/1/1958 2267/1/1958
f 1592/1/1959 1591/1/1959 2087/1/1959
f 1952/1/590 1951/1/590 2447/1/590
f 1995/1/1960 1530/1/1960 1528/1/1960
f 1596/1/1961 1595/1/1961 2091/1/1961
f 1956/1/494 1955/1/494 2451/1/494
f 1986/1/45 1988/1/45 1518/1/45
f 1776/1/45 1775/1/45 2271/1/45
f 1600/1/1962 1599/1/1962 2095/1/1962
f 1960/1/495 1959/1/495 2455/1/495
f 1780/1/45 1779/1/45 2275/1/45
f 1604/1/1963 1603/1/1963 2099/1/1963
f 1964/1/1964 1963/1/1964 2459/1/1964
f 2282/1/45 1784/1/45 1783/1/45
f 1506/1/1965 1507/1/1965 1977/1/1965
f 1968/1/500 1967/1/500 2463/1/500
f 2286/1/45 1788/1/45 1787/1/45
f 2005/1/501 2004/1/501 1521/1/501
f 1608/1/502 1607/1/502 2103/1/502
f 1544/1/503 1542/1/503 2017/1/503
f 1792/1/507 1791/1/507 2287/1/507
f 1612/1/504 1611/1/504 2107/1/504
f 1796/1/507 1795/1/507 2291/1/507
f 1616/1/508 1615/1/508 2111/1/508
f 1800/1/507 1799/1/507 2295/1/507
f 1620/1/510 1619/1/510 2115/1/510
f 1624/1/512 1623/1/512 2119/1/512
f 1989/1/514 1991/1/514 1515/1/514
f 1804/1/1966 1803/1/1966 2299/1/1966
f 1628/1/516 1627/1/516 2123/1/516
f 1808/1/1967 1807/1/1967 2303/1/1967
f 1632/1/1968 1631/1/1968 2127/1/1968
f 1812/1/1969 1811/1/1969 2307/1/1969
f 1816/1/1970 1815/1/1970 2311/1/1970
f 2008/1/2744 2007/1/2744 1490/1/2744
f 1636/1/2745 1635/1/2745 2131/1/2745
f 1820/1/1973 1819/1/1973 2315/1/1973
f 1640/1/2746 1639/1/2746 2135/1/2746
f 1824/1/1975 1823/1/1975 2319/1/1975
f 1644/1/1599 1643/1/1599 2139/1/1599
f 1828/1/1977 1827/1/1977 2323/1/1977
f 1648/1/2747 1647/1/2747 2143/1/2747
f 1652/1/2748 1651/1/2748 2147/1/2748
f 1832/1/542 1831/1/542 2327/1/542
f 1656/1/2749 1655/1/2749 2151/1/2749
f 1836/1/2 1835/1/2 2331/1/2
f 1660/1/2750 1659/1/2750 2155/1/2750
f 1840/1/542 1839/1/542 2335/1/542
f 1844/1/542 1843/1/542 2339/1/542
f 1664/1/45 1663/1/45 2159/1/45
f 1848/1/542 1847/1/542 2343/1/542
f 1668/1/507 1667/1/507 2163/1/507
f 1852/1/542 1851/1/542 2347/1/542
f 1672/1/45 1671/1/45 2167/1/45
f 1856/1/2 1855/1/2 2351/1/2
f 1676/1/45 1675/1/45 2171/1/45
f 1680/1/45 1679/1/45 2175/1/45
f 1860/1/2751 1859/1/2751 2355/1/2751
f 1684/1/45 1683/1/45 2179/1/45
f 1864/1/2752 1863/1/2752 2359/1/2752
f 1688/1/45 1687/1/45 2183/1/45
f 1868/1/2753 1867/1/2753 2363/1/2753
f 1872/1/2754 1871/1/2754 2367/1/2754
f 1692/1/1986 1691/1/1986 2187/1/1986
f 1876/1/2755 1875/1/2755 2371/1/2755
f 1696/1/1604 1695/1/1604 2191/1/1604
f 1880/1/2756 1879/1/2756 2375/1/2756
f 1700/1/1989 1699/1/1989 2195/1/1989
f 1884/1/2757 1883/1/2757 2379/1/2757
f 1704/1/1991 1703/1/1991 2199/1/1991
f 1540/1/1992 1541/1/1992 2019/1/1992
f 1708/1/1993 1707/1/1993 2203/1/1993
f 1536/1/1994 1537/1/1994 2023/1/1994
f 2386/1/530 1888/1/530 1887/1/530
f 1712/1/1995 1711/1/1995 2207/1/1995
f 1546/1/1996 1533/1/1996 2027/1/1996
f 1892/1/533 1891/1/533 2387/1/533
f 1716/1/1997 1715/1/1997 2211/1/1997
f 1547/1/1998 1548/1/1998 2031/1/1998
f 1896/1/536 1895/1/536 2391/1/536
f 1493/1/1999 1494/1/1999 2035/1/1999
f 1502/1/2000 2046/1/2000 1971/1/2000
l 1474 2467
l 1007 1474
