# Blender 4.2.3 LTS
# www.blender.org
mtllib ferriswheel.mtl
o Ferries_Wheel_Zylinder
v 0.221325 0.553688 -0.039429
v 0.204747 0.553688 -0.038911
v 0.221268 0.553512 -0.037533
v 0.204707 0.553321 -0.037558
v 0.221218 0.552623 -0.035848
v 0.204669 0.552589 -0.036300
v 0.221189 0.551532 -0.034885
v 0.204633 0.551109 -0.035100
v 0.221171 0.550275 -0.034261
v 0.204617 0.549283 -0.034558
v 0.221165 0.548380 -0.034064
v 0.204623 0.547388 -0.034755
v 0.221176 0.546972 -0.034435
v 0.221197 0.545755 -0.035133
v 0.204650 0.545713 -0.035662
v 0.221240 0.544538 -0.036599
v 0.204694 0.544513 -0.037140
v 0.221295 0.543975 -0.038418
v 0.204734 0.544065 -0.038469
v 0.204777 0.543975 -0.039922
v 0.221338 0.544065 -0.039871
v 0.221378 0.544513 -0.041200
v 0.204831 0.544538 -0.041742
v 0.221422 0.545713 -0.042679
v 0.204875 0.545755 -0.043207
v 0.221449 0.547388 -0.043585
v 0.204896 0.546972 -0.043905
v 0.204907 0.548380 -0.044277
v 0.221455 0.549283 -0.043783
v 0.204901 0.550275 -0.044079
v 0.221439 0.551109 -0.043240
v 0.204883 0.551532 -0.043456
v 0.221403 0.552589 -0.042040
v 0.204854 0.552623 -0.042492
v 0.221365 0.553321 -0.040782
v 0.204804 0.553512 -0.040808
v 0.221310 0.551386 -0.038923
v 0.221295 0.551337 -0.038425
v 0.204747 0.551337 -0.038919
v 0.204762 0.551386 -0.039417
v 0.221281 0.551191 -0.037946
v 0.204733 0.551191 -0.038440
v 0.221267 0.550955 -0.037505
v 0.204720 0.550955 -0.037999
v 0.221256 0.550638 -0.037118
v 0.204708 0.550638 -0.037612
v 0.221246 0.550251 -0.036801
v 0.204699 0.550251 -0.037294
v 0.221239 0.549809 -0.036565
v 0.204692 0.549809 -0.037059
v 0.221235 0.549330 -0.036420
v 0.204687 0.549330 -0.036913
v 0.221234 0.548832 -0.036371
v 0.204686 0.548832 -0.036864
v 0.221235 0.548333 -0.036420
v 0.204687 0.548333 -0.036913
v 0.221239 0.547854 -0.036565
v 0.204692 0.547854 -0.037059
v 0.221246 0.547413 -0.036801
v 0.204699 0.547413 -0.037294
v 0.221256 0.547026 -0.037118
v 0.204708 0.547026 -0.037612
v 0.221267 0.546708 -0.037505
v 0.204720 0.546708 -0.037999
v 0.221281 0.546472 -0.037946
v 0.204733 0.546472 -0.038440
v 0.221295 0.546327 -0.038425
v 0.204747 0.546327 -0.038919
v 0.221310 0.546278 -0.038923
v 0.204762 0.546278 -0.039417
v 0.221325 0.546327 -0.039421
v 0.204777 0.546327 -0.039915
v 0.221339 0.546472 -0.039900
v 0.204791 0.546472 -0.040394
v 0.221352 0.546708 -0.040342
v 0.204804 0.546708 -0.040835
v 0.221364 0.547026 -0.040728
v 0.204816 0.547026 -0.041222
v 0.221373 0.547413 -0.041046
v 0.204825 0.547413 -0.041540
v 0.221380 0.547854 -0.041282
v 0.204832 0.547854 -0.041776
v 0.221384 0.548333 -0.041427
v 0.204837 0.548333 -0.041921
v 0.221386 0.548832 -0.041476
v 0.204838 0.548832 -0.041970
v 0.221384 0.549330 -0.041427
v 0.204837 0.549330 -0.041921
v 0.221380 0.549809 -0.041282
v 0.204832 0.549809 -0.041776
v 0.221373 0.550251 -0.041046
v 0.204825 0.550251 -0.041540
v 0.221364 0.550638 -0.040728
v 0.204816 0.550638 -0.041222
v 0.221352 0.550955 -0.040342
v 0.204804 0.550955 -0.040835
v 0.221339 0.551191 -0.039900
v 0.204791 0.551191 -0.040394
v 0.221325 0.551337 -0.039421
v 0.204777 0.551337 -0.039915
v 0.221310 0.551386 -0.038923
v 0.221295 0.551337 -0.038425
v 0.204747 0.551337 -0.038919
v 0.204762 0.551386 -0.039417
v 0.221281 0.551191 -0.037946
v 0.204733 0.551191 -0.038440
v 0.221267 0.550955 -0.037505
v 0.204720 0.550955 -0.037999
v 0.221256 0.550638 -0.037118
v 0.204708 0.550638 -0.037612
v 0.221246 0.550251 -0.036801
v 0.204699 0.550251 -0.037294
v 0.221239 0.549809 -0.036565
v 0.204692 0.549809 -0.037059
v 0.221235 0.549330 -0.036420
v 0.204687 0.549330 -0.036913
v 0.221234 0.548832 -0.036371
v 0.204686 0.548832 -0.036864
v 0.221235 0.548333 -0.036420
v 0.204687 0.548333 -0.036913
v 0.221239 0.547854 -0.036565
v 0.204692 0.547854 -0.037059
v 0.221246 0.547413 -0.036801
v 0.204699 0.547413 -0.037294
v 0.221256 0.547026 -0.037118
v 0.204708 0.547026 -0.037612
v 0.221267 0.546708 -0.037505
v 0.204720 0.546708 -0.037999
v 0.221281 0.546472 -0.037946
v 0.204733 0.546472 -0.038440
v 0.221295 0.546327 -0.038425
v 0.204747 0.546327 -0.038919
v 0.221310 0.546278 -0.038923
v 0.204762 0.546278 -0.039417
v 0.221325 0.546327 -0.039421
v 0.204777 0.546327 -0.039915
v 0.221339 0.546472 -0.039900
v 0.204791 0.546472 -0.040394
v 0.221352 0.546708 -0.040342
v 0.204804 0.546708 -0.040835
v 0.221364 0.547026 -0.040728
v 0.204816 0.547026 -0.041222
v 0.221373 0.547413 -0.041046
v 0.204825 0.547413 -0.041540
v 0.221380 0.547854 -0.041282
v 0.204832 0.547854 -0.041776
v 0.221384 0.548333 -0.041427
v 0.204837 0.548333 -0.041921
v 0.221386 0.548832 -0.041476
v 0.204838 0.548832 -0.041970
v 0.221384 0.549330 -0.041427
v 0.204837 0.549330 -0.041921
v 0.221380 0.549809 -0.041282
v 0.204832 0.549809 -0.041776
v 0.221373 0.550251 -0.041046
v 0.204825 0.550251 -0.041540
v 0.221364 0.550638 -0.040728
v 0.204816 0.550638 -0.041222
v 0.221352 0.550955 -0.040342
v 0.204804 0.550955 -0.040835
v 0.221339 0.551191 -0.039900
v 0.204791 0.551191 -0.040394
v 0.221325 0.551337 -0.039421
v 0.204777 0.551337 -0.039915
v 0.224000 0.555557 -0.039625
v 0.223921 0.555344 -0.036993
v 0.202033 0.555291 -0.037414
v 0.202112 0.555597 -0.040043
v 0.223865 0.554437 -0.035100
v 0.201964 0.554002 -0.035101
v 0.223822 0.553218 -0.033689
v 0.201915 0.551926 -0.033458
v 0.223784 0.550911 -0.032403
v 0.201894 0.549378 -0.032734
v 0.223775 0.548286 -0.032098
v 0.201898 0.547513 -0.032871
v 0.223791 0.546252 -0.032618
v 0.201918 0.545528 -0.033570
v 0.223818 0.544629 -0.033538
v 0.201970 0.543510 -0.035285
v 0.223878 0.542917 -0.035549
v 0.202040 0.542303 -0.037641
v 0.223937 0.542220 -0.037529
v 0.223993 0.542083 -0.039389
v 0.202119 0.542090 -0.040280
v 0.224053 0.542603 -0.041422
v 0.202194 0.542903 -0.042799
v 0.224102 0.543523 -0.043045
v 0.202254 0.544618 -0.044816
v 0.224143 0.545086 -0.044447
v 0.224168 0.546753 -0.045284
v 0.202282 0.546245 -0.045738
v 0.202297 0.548285 -0.046259
v 0.224177 0.548832 -0.045582
v 0.224171 0.550683 -0.045353
v 0.202288 0.550915 -0.045953
v 0.224135 0.553034 -0.044150
v 0.202263 0.552586 -0.045113
v 0.202221 0.554153 -0.043708
v 0.224075 0.554746 -0.042138
v 0.202172 0.555075 -0.042082
v 0.202068 0.551244 -0.038568
v 0.202032 0.550321 -0.037385
v 0.202019 0.549128 -0.036950
v 0.202023 0.547902 -0.037086
v 0.202046 0.546878 -0.037836
v 0.202072 0.546391 -0.038709
v 0.202101 0.546275 -0.039703
v 0.202130 0.546549 -0.040665
v 0.202154 0.547170 -0.041450
v 0.202168 0.548044 -0.041937
v 0.202172 0.549038 -0.042052
v 0.202163 0.550001 -0.041779
v 0.202145 0.550786 -0.041158
v 0.202112 0.551354 -0.040063
v 0.201228 0.555360 -0.037666
v 0.201307 0.555574 -0.040304
v 0.201158 0.554153 -0.035309
v 0.201116 0.552586 -0.033904
v 0.201091 0.550915 -0.033064
v 0.201082 0.548285 -0.032759
v 0.201103 0.545738 -0.033482
v 0.201152 0.543661 -0.035126
v 0.201206 0.542588 -0.036936
v 0.201260 0.542090 -0.038737
v 0.201339 0.542303 -0.041376
v 0.201409 0.543510 -0.043732
v 0.201451 0.545077 -0.045138
v 0.201476 0.546748 -0.045978
v 0.201485 0.549378 -0.046283
v 0.201464 0.551926 -0.045559
v 0.201415 0.554002 -0.043916
v 0.201361 0.555075 -0.042106
v 0.223959 0.551354 -0.038277
v 0.223927 0.550786 -0.037183
v 0.223908 0.550001 -0.036562
v 0.223900 0.549038 -0.036288
v 0.223904 0.548044 -0.036404
v 0.223918 0.547170 -0.036891
v 0.223941 0.546549 -0.037675
v 0.223970 0.546275 -0.038637
v 0.224000 0.546391 -0.039631
v 0.224026 0.546878 -0.040505
v 0.224044 0.547662 -0.041126
v 0.224053 0.548625 -0.041399
v 0.224049 0.549619 -0.041284
v 0.224035 0.550493 -0.040797
v 0.224004 0.551244 -0.039773
v 0.224994 0.555557 -0.038031
v 0.224919 0.554746 -0.035518
v 0.224859 0.553034 -0.033507
v 0.224832 0.551411 -0.032587
v 0.224816 0.549377 -0.032067
v 0.224826 0.546753 -0.032372
v 0.224864 0.544445 -0.033657
v 0.224926 0.542805 -0.035728
v 0.224979 0.542220 -0.037498
v 0.225041 0.542106 -0.039594
v 0.225095 0.542603 -0.041391
v 0.225149 0.543674 -0.043197
v 0.225197 0.545745 -0.044836
v 0.225219 0.548286 -0.045558
v 0.225210 0.550910 -0.045253
v 0.225172 0.553218 -0.043968
v 0.225129 0.554437 -0.042556
v 0.225073 0.555344 -0.040663
v 0.217293 0.552638 0.009719
v 0.216846 0.552606 0.009320
v 0.205872 0.553024 0.009347
v 0.216847 0.552992 0.009288
v 0.206342 0.552606 0.009006
v 0.206343 0.552992 0.008974
v 0.205871 0.552638 0.009379
v 0.217294 0.553024 0.009687
v 0.217655 0.551625 -0.002413
v 0.217656 0.552011 -0.002446
v 0.206234 0.552011 -0.002786
v 0.206234 0.551625 -0.002754
v 0.206692 0.551625 -0.002740
v 0.217197 0.552011 -0.002459
v 0.206693 0.552011 -0.002773
v 0.217196 0.551625 -0.002427
v 0.206234 0.551625 -0.002754
v 0.217208 0.551593 -0.002813
v 0.206234 0.552011 -0.002786
v 0.217209 0.551979 -0.002845
v 0.206704 0.551593 -0.003126
v 0.206705 0.551979 -0.003158
v 0.217655 0.551625 -0.002413
v 0.217656 0.552011 -0.002446
v 0.218017 0.550612 -0.014546
v 0.218018 0.550998 -0.014578
v 0.206596 0.550998 -0.014919
v 0.206596 0.550612 -0.014887
v 0.207054 0.550612 -0.014873
v 0.217559 0.550998 -0.014592
v 0.207055 0.550998 -0.014905
v 0.217558 0.550612 -0.014560
v 0.218017 0.550612 -0.014546
v 0.217570 0.550580 -0.014946
v 0.206596 0.550998 -0.014919
v 0.217571 0.550966 -0.014978
v 0.207066 0.550580 -0.015259
v 0.207067 0.550966 -0.015291
v 0.206596 0.550612 -0.014887
v 0.218018 0.550998 -0.014578
v 0.218379 0.549599 -0.026679
v 0.218380 0.549985 -0.026711
v 0.206958 0.549985 -0.027052
v 0.206958 0.549599 -0.027020
v 0.207416 0.549599 -0.027006
v 0.217921 0.549985 -0.026725
v 0.207417 0.549985 -0.027038
v 0.217920 0.549599 -0.026693
v 0.206958 0.549599 -0.027020
v 0.217932 0.549567 -0.027078
v 0.206958 0.549985 -0.027052
v 0.207429 0.549953 -0.027424
v 0.207428 0.549567 -0.027392
v 0.217933 0.549953 -0.027111
v 0.218379 0.549599 -0.026679
v 0.218380 0.549985 -0.026711
v 0.218741 0.548586 -0.038812
v 0.218742 0.548972 -0.038844
v 0.207321 0.548972 -0.039185
v 0.207320 0.548586 -0.039153
v 0.207778 0.548586 -0.039139
v 0.218283 0.548972 -0.038858
v 0.207779 0.548972 -0.039171
v 0.218282 0.548586 -0.038825
v 0.214908 0.488328 -0.039318
v 0.216802 0.489244 -0.039262
v 0.214322 0.488328 -0.038015
v 0.215621 0.489244 -0.036636
v 0.212986 0.488328 -0.037508
v 0.212930 0.489244 -0.035614
v 0.211683 0.488328 -0.038094
v 0.210304 0.489244 -0.036795
v 0.211176 0.488328 -0.039429
v 0.209282 0.489244 -0.039486
v 0.211762 0.488328 -0.040732
v 0.210463 0.489244 -0.042112
v 0.213098 0.488328 -0.041239
v 0.213154 0.489244 -0.043133
v 0.214400 0.488328 -0.040654
v 0.215780 0.489244 -0.041953
v 0.214322 0.489244 -0.038015
v 0.214908 0.489244 -0.039318
v 0.212986 0.489244 -0.037508
v 0.211683 0.489244 -0.038094
v 0.211176 0.489244 -0.039429
v 0.211762 0.489244 -0.040732
v 0.213098 0.489244 -0.041239
v 0.214400 0.489244 -0.040654
v 0.216327 0.492838 -0.035886
v 0.217880 0.493385 -0.039257
v 0.212898 0.493391 -0.034547
v 0.209555 0.492838 -0.036089
v 0.208216 0.493382 -0.039518
v 0.209703 0.493385 -0.042877
v 0.213158 0.493391 -0.044213
v 0.216546 0.493385 -0.042713
v 0.215944 0.493409 -0.036293
v 0.217272 0.493409 -0.039248
v 0.212916 0.493409 -0.035144
v 0.209961 0.493409 -0.036472
v 0.208812 0.493409 -0.039500
v 0.210140 0.493409 -0.042454
v 0.213168 0.493409 -0.043604
v 0.216122 0.493409 -0.042276
v 0.216327 0.493409 -0.035886
v 0.209555 0.493409 -0.036089
v 0.215944 0.493409 -0.036293
v 0.217272 0.493409 -0.039248
v 0.212916 0.493409 -0.035144
v 0.209961 0.493409 -0.036472
v 0.208812 0.493409 -0.039500
v 0.210140 0.493409 -0.042454
v 0.213168 0.493409 -0.043604
v 0.216122 0.493409 -0.042276
v 0.215627 0.493409 -0.036629
v 0.216811 0.493409 -0.039261
v 0.212929 0.493409 -0.035605
v 0.210297 0.493409 -0.036788
v 0.209273 0.493409 -0.039486
v 0.210457 0.493409 -0.042118
v 0.213154 0.493409 -0.043143
v 0.215786 0.493409 -0.041959
v 0.215627 0.490090 -0.036629
v 0.216811 0.490090 -0.039261
v 0.212929 0.490090 -0.035605
v 0.210297 0.490090 -0.036788
v 0.209273 0.490090 -0.039486
v 0.210456 0.490090 -0.042118
v 0.213154 0.490090 -0.043143
v 0.215786 0.490090 -0.041959
v 0.210456 0.491652 -0.042118
v 0.210456 0.491193 -0.042118
v 0.213154 0.491193 -0.043143
v 0.213154 0.491652 -0.043143
v 0.210297 0.491652 -0.036788
v 0.210297 0.491193 -0.036788
v 0.209273 0.491193 -0.039486
v 0.209273 0.491652 -0.039486
v 0.215627 0.491652 -0.036629
v 0.215627 0.491193 -0.036629
v 0.212929 0.491193 -0.035605
v 0.212929 0.491652 -0.035605
v 0.215786 0.491193 -0.041959
v 0.215786 0.491652 -0.041959
v 0.216811 0.491652 -0.039261
v 0.216811 0.491193 -0.039261
v 0.210923 0.491652 -0.041623
v 0.210923 0.491193 -0.041623
v 0.213134 0.491193 -0.042463
v 0.213134 0.491652 -0.042463
v 0.210792 0.491652 -0.037255
v 0.210792 0.491193 -0.037255
v 0.209953 0.491193 -0.039466
v 0.209953 0.491652 -0.039466
v 0.215161 0.491652 -0.037125
v 0.215161 0.491193 -0.037125
v 0.212950 0.491193 -0.036285
v 0.212950 0.491652 -0.036285
v 0.215291 0.491193 -0.041493
v 0.215291 0.491652 -0.041493
v 0.216131 0.491652 -0.039282
v 0.216131 0.491193 -0.039282
v 0.213276 0.499929 -0.039367
v 0.213135 0.499929 -0.039146
v 0.212871 0.499929 -0.039213
v 0.212815 0.499929 -0.039468
v 0.213137 0.499929 -0.039601
v 0.213276 0.489124 -0.039367
v 0.213202 0.489124 -0.039203
v 0.213035 0.489124 -0.039140
v 0.212871 0.489124 -0.039213
v 0.212808 0.489124 -0.039381
v 0.212881 0.489124 -0.039544
v 0.213049 0.489124 -0.039608
v 0.213212 0.489124 -0.039534
v 0.213276 0.489124 -0.039367
v 0.213202 0.489124 -0.039203
v 0.213035 0.489124 -0.039140
v 0.212871 0.489124 -0.039213
v 0.212808 0.489124 -0.039381
v 0.212881 0.489124 -0.039544
v 0.213049 0.489124 -0.039608
v 0.213212 0.489124 -0.039534
v 0.217935 0.499448 -0.039154
v 0.216604 0.499448 -0.042658
v 0.213186 0.499448 -0.044195
v 0.209682 0.499448 -0.042864
v 0.208145 0.499448 -0.039446
v 0.209475 0.499448 -0.035942
v 0.212894 0.499448 -0.034405
v 0.216398 0.499448 -0.035736
v 0.215940 0.499928 -0.042032
v 0.217023 0.499928 -0.039181
v 0.213159 0.499928 -0.043283
v 0.210307 0.499928 -0.042200
v 0.209057 0.499928 -0.039419
v 0.210139 0.499928 -0.036568
v 0.212921 0.499928 -0.035317
v 0.215772 0.499928 -0.036400
v 0.217935 0.499163 -0.039154
v 0.216604 0.499163 -0.042658
v 0.213186 0.499163 -0.044195
v 0.209682 0.499163 -0.042864
v 0.208145 0.499163 -0.039446
v 0.209475 0.499163 -0.035942
v 0.212894 0.499163 -0.034405
v 0.216398 0.499163 -0.035736
v 0.218759 0.499937 -0.039424
v 0.218301 0.500324 -0.039438
v 0.218748 0.499937 -0.039037
v 0.218289 0.500324 -0.039050
v 0.207797 0.500324 -0.039751
v 0.207785 0.500324 -0.039364
v 0.207338 0.499937 -0.039765
v 0.207326 0.499937 -0.039377
v 0.218759 0.512117 -0.039424
v 0.218748 0.512117 -0.039037
v 0.207326 0.512117 -0.039377
v 0.207338 0.512117 -0.039765
v 0.207797 0.512117 -0.039751
v 0.218289 0.512117 -0.039050
v 0.207785 0.512117 -0.039364
v 0.218301 0.512117 -0.039438
v 0.207338 0.512117 -0.039765
v 0.218301 0.512505 -0.039438
v 0.218748 0.512117 -0.039037
v 0.218289 0.512505 -0.039050
v 0.207797 0.512505 -0.039751
v 0.207785 0.512505 -0.039364
v 0.218759 0.512117 -0.039424
v 0.207326 0.512117 -0.039377
v 0.218759 0.524298 -0.039424
v 0.218748 0.524298 -0.039037
v 0.207326 0.524298 -0.039377
v 0.207338 0.524298 -0.039765
v 0.207797 0.524298 -0.039751
v 0.218289 0.524298 -0.039050
v 0.207785 0.524298 -0.039364
v 0.218301 0.524298 -0.039438
v 0.218759 0.524298 -0.039424
v 0.218301 0.524685 -0.039438
v 0.207326 0.524298 -0.039377
v 0.218289 0.524685 -0.039050
v 0.207797 0.524685 -0.039751
v 0.207785 0.524685 -0.039364
v 0.207338 0.524298 -0.039765
v 0.218748 0.524298 -0.039037
v 0.218759 0.536478 -0.039424
v 0.218748 0.536478 -0.039037
v 0.207326 0.536478 -0.039377
v 0.207338 0.536478 -0.039765
v 0.207797 0.536478 -0.039751
v 0.218289 0.536478 -0.039050
v 0.207785 0.536478 -0.039364
v 0.218301 0.536478 -0.039438
v 0.218759 0.536478 -0.039424
v 0.218301 0.536865 -0.039438
v 0.207326 0.536478 -0.039377
v 0.218289 0.536865 -0.039050
v 0.207797 0.536865 -0.039751
v 0.207785 0.536865 -0.039364
v 0.207338 0.536478 -0.039765
v 0.218748 0.536478 -0.039037
v 0.218759 0.548658 -0.039424
v 0.218748 0.548658 -0.039037
v 0.207326 0.548658 -0.039377
v 0.207338 0.548658 -0.039765
v 0.207797 0.548658 -0.039751
v 0.218289 0.548658 -0.039050
v 0.207785 0.548658 -0.039364
v 0.218301 0.548658 -0.039438
v 0.208065 0.598729 -0.039549
v 0.208310 0.598047 -0.047771
v 0.208549 0.596021 -0.055768
v 0.208774 0.592706 -0.063323
v 0.208980 0.588192 -0.070229
v 0.209161 0.582602 -0.076299
v 0.209312 0.576089 -0.081366
v 0.209429 0.568830 -0.085292
v 0.209509 0.561024 -0.087971
v 0.209550 0.552883 -0.089329
v 0.209550 0.544630 -0.089329
v 0.209509 0.536489 -0.087971
v 0.209429 0.528683 -0.085292
v 0.209312 0.521424 -0.081366
v 0.209161 0.514911 -0.076299
v 0.208980 0.509321 -0.070229
v 0.208774 0.504807 -0.063323
v 0.208549 0.501492 -0.055768
v 0.208310 0.499466 -0.047771
v 0.208065 0.498784 -0.039549
v 0.207819 0.499466 -0.031328
v 0.207581 0.501492 -0.023330
v 0.207355 0.504807 -0.015776
v 0.207149 0.509321 -0.008869
v 0.206968 0.514911 -0.002800
v 0.206817 0.521424 0.002267
v 0.206700 0.528683 0.006194
v 0.206620 0.536489 0.008872
v 0.206579 0.544630 0.010230
v 0.206579 0.552883 0.010230
v 0.206620 0.561024 0.008872
v 0.206700 0.568830 0.006194
v 0.206817 0.576089 0.002267
v 0.206968 0.582602 -0.002800
v 0.207149 0.588192 -0.008869
v 0.207355 0.592706 -0.015776
v 0.207581 0.596021 -0.023330
v 0.207819 0.598047 -0.031328
v 0.208302 0.596468 -0.047507
v 0.208065 0.597127 -0.039549
v 0.208533 0.594507 -0.055248
v 0.208751 0.591298 -0.062561
v 0.208951 0.586928 -0.069246
v 0.209126 0.581517 -0.075121
v 0.209272 0.575213 -0.080026
v 0.209386 0.568187 -0.083826
v 0.209463 0.560631 -0.086419
v 0.209502 0.552751 -0.087734
v 0.209502 0.544762 -0.087734
v 0.209463 0.536882 -0.086419
v 0.209386 0.529326 -0.083826
v 0.209272 0.522300 -0.080026
v 0.209126 0.515996 -0.075121
v 0.208951 0.510585 -0.069246
v 0.208751 0.506215 -0.062561
v 0.208533 0.503006 -0.055248
v 0.208302 0.501045 -0.047507
v 0.208065 0.500386 -0.039549
v 0.207827 0.501045 -0.031591
v 0.207596 0.503006 -0.023850
v 0.207378 0.506215 -0.016538
v 0.207179 0.510585 -0.009852
v 0.207003 0.515996 -0.003977
v 0.206857 0.522300 0.000927
v 0.206743 0.529326 0.004728
v 0.206666 0.536882 0.007321
v 0.206627 0.544762 0.008635
v 0.206627 0.552751 0.008635
v 0.206666 0.560631 0.007321
v 0.206743 0.568187 0.004728
v 0.206857 0.575213 0.000927
v 0.207003 0.581517 -0.003977
v 0.207179 0.586928 -0.009852
v 0.207378 0.591298 -0.016538
v 0.207596 0.594507 -0.023850
v 0.207827 0.596468 -0.031591
v 0.207206 0.596468 -0.047540
v 0.206968 0.597127 -0.039582
v 0.207437 0.594507 -0.055281
v 0.207655 0.591298 -0.062594
v 0.207854 0.586928 -0.069279
v 0.208030 0.581517 -0.075154
v 0.208176 0.575213 -0.080058
v 0.208289 0.568187 -0.083859
v 0.208367 0.560631 -0.086452
v 0.208406 0.552751 -0.087766
v 0.208406 0.544762 -0.087766
v 0.208367 0.536882 -0.086452
v 0.208289 0.529326 -0.083859
v 0.208176 0.522300 -0.080058
v 0.208030 0.515996 -0.075154
v 0.207854 0.510585 -0.069279
v 0.207655 0.506215 -0.062594
v 0.207437 0.503006 -0.055281
v 0.207206 0.501045 -0.047540
v 0.206968 0.500386 -0.039582
v 0.206731 0.501045 -0.031624
v 0.206500 0.503006 -0.023883
v 0.206282 0.506215 -0.016570
v 0.206082 0.510585 -0.009885
v 0.205907 0.515996 -0.004010
v 0.205760 0.522300 0.000895
v 0.205647 0.529326 0.004695
v 0.205570 0.536882 0.007288
v 0.205530 0.544762 0.008602
v 0.205530 0.552751 0.008602
v 0.205570 0.560631 0.007288
v 0.205647 0.568187 0.004695
v 0.205760 0.575213 0.000895
v 0.205907 0.581517 -0.004010
v 0.206082 0.586928 -0.009885
v 0.206282 0.591298 -0.016570
v 0.206500 0.594507 -0.023883
v 0.206731 0.596468 -0.031624
v 0.207213 0.598047 -0.047803
v 0.206968 0.598729 -0.039582
v 0.207452 0.596021 -0.055801
v 0.207678 0.592706 -0.063356
v 0.207884 0.588192 -0.070262
v 0.208065 0.582602 -0.076331
v 0.208216 0.576089 -0.081399
v 0.208333 0.568830 -0.085325
v 0.208413 0.561024 -0.088004
v 0.208453 0.552883 -0.089361
v 0.208453 0.544630 -0.089361
v 0.208413 0.536489 -0.088004
v 0.208333 0.528683 -0.085325
v 0.208216 0.521424 -0.081399
v 0.208065 0.514911 -0.076331
v 0.207884 0.509321 -0.070262
v 0.207678 0.504807 -0.063356
v 0.207452 0.501492 -0.055801
v 0.207213 0.499466 -0.047803
v 0.206968 0.498784 -0.039582
v 0.206723 0.499466 -0.031360
v 0.206484 0.501492 -0.023363
v 0.206259 0.504807 -0.015808
v 0.206053 0.509321 -0.008902
v 0.205872 0.514911 -0.002832
v 0.205720 0.521424 0.002235
v 0.205603 0.528683 0.006161
v 0.205523 0.536489 0.008840
v 0.205483 0.544630 0.010198
v 0.205483 0.552883 0.010198
v 0.205523 0.561024 0.008840
v 0.205603 0.568830 0.006161
v 0.205720 0.576089 0.002235
v 0.205872 0.582602 -0.002832
v 0.206053 0.588192 -0.008902
v 0.206259 0.592706 -0.015808
v 0.206484 0.596021 -0.023363
v 0.206723 0.598047 -0.031360
v 0.207003 0.581517 -0.003977
v 0.206857 0.575213 0.000927
v 0.206968 0.582602 -0.002800
v 0.206817 0.576089 0.002267
v 0.207206 0.596468 -0.047540
v 0.206968 0.597127 -0.039582
v 0.207437 0.594507 -0.055281
v 0.207655 0.591298 -0.062594
v 0.207854 0.586928 -0.069279
v 0.208030 0.581517 -0.075154
v 0.208176 0.575213 -0.080058
v 0.208289 0.568187 -0.083859
v 0.208367 0.560631 -0.086452
v 0.208406 0.552751 -0.087766
v 0.208406 0.544762 -0.087766
v 0.208367 0.536882 -0.086452
v 0.208289 0.529326 -0.083859
v 0.208176 0.522300 -0.080058
v 0.208030 0.515996 -0.075154
v 0.207854 0.510585 -0.069279
v 0.207655 0.506215 -0.062594
v 0.207437 0.503006 -0.055281
v 0.207206 0.501045 -0.047540
v 0.206968 0.500386 -0.039582
v 0.206731 0.501045 -0.031624
v 0.206500 0.503006 -0.023883
v 0.206282 0.506215 -0.016570
v 0.206082 0.510585 -0.009885
v 0.205907 0.515996 -0.004010
v 0.205760 0.522300 0.000895
v 0.205647 0.529326 0.004695
v 0.205570 0.536882 0.007288
v 0.205530 0.544762 0.008602
v 0.205530 0.552751 0.008602
v 0.205570 0.560631 0.007288
v 0.205647 0.568187 0.004695
v 0.205760 0.575213 0.000895
v 0.205907 0.581517 -0.004010
v 0.206082 0.586928 -0.009885
v 0.206282 0.591298 -0.016570
v 0.206500 0.594507 -0.023883
v 0.206731 0.596468 -0.031624
v 0.207213 0.598047 -0.047803
v 0.206968 0.598729 -0.039582
v 0.207452 0.596021 -0.055801
v 0.207678 0.592706 -0.063356
v 0.207884 0.588192 -0.070262
v 0.208065 0.582602 -0.076331
v 0.208216 0.576089 -0.081399
v 0.208333 0.568830 -0.085325
v 0.208413 0.561024 -0.088004
v 0.208453 0.552883 -0.089361
v 0.208453 0.544630 -0.089361
v 0.208413 0.536489 -0.088004
v 0.208333 0.528683 -0.085325
v 0.208216 0.521424 -0.081399
v 0.208065 0.514911 -0.076331
v 0.207884 0.509321 -0.070262
v 0.207678 0.504807 -0.063356
v 0.207452 0.501492 -0.055801
v 0.207213 0.499466 -0.047803
v 0.206968 0.498784 -0.039582
v 0.206723 0.499466 -0.031360
v 0.206484 0.501492 -0.023363
v 0.206259 0.504807 -0.015808
v 0.206053 0.509321 -0.008902
v 0.205872 0.514911 -0.002832
v 0.205720 0.521424 0.002235
v 0.205603 0.528683 0.006161
v 0.205523 0.536489 0.008840
v 0.205483 0.544630 0.010198
v 0.205483 0.552883 0.010198
v 0.205523 0.561024 0.008840
v 0.205603 0.568830 0.006161
v 0.205720 0.576089 0.002235
v 0.205872 0.582602 -0.002832
v 0.206053 0.588192 -0.008902
v 0.206259 0.592706 -0.015808
v 0.206484 0.596021 -0.023363
v 0.206723 0.598047 -0.031360
v 0.207577 0.500631 -0.047774
v 0.218998 0.500631 -0.047433
v 0.218987 0.500567 -0.047051
v 0.207565 0.500567 -0.047392
v 0.208034 0.501013 -0.047697
v 0.208022 0.500950 -0.047315
v 0.208024 0.500567 -0.047378
v 0.208036 0.500631 -0.047760
v 0.218526 0.500950 -0.047001
v 0.218538 0.501013 -0.047383
v 0.218540 0.500631 -0.047447
v 0.218528 0.500567 -0.047065
v 0.218938 0.512646 -0.045434
v 0.218927 0.512583 -0.045052
v 0.207506 0.512583 -0.045393
v 0.207976 0.512646 -0.045761
v 0.218468 0.512583 -0.045066
v 0.207965 0.512583 -0.045379
v 0.218480 0.512646 -0.045448
v 0.207517 0.512646 -0.045775
v 0.207517 0.512646 -0.045775
v 0.218478 0.513028 -0.045384
v 0.207506 0.512583 -0.045393
v 0.218467 0.512965 -0.045003
v 0.207974 0.513028 -0.045698
v 0.207963 0.512965 -0.045316
v 0.218938 0.512646 -0.045434
v 0.218927 0.512583 -0.045052
v 0.218879 0.524661 -0.043435
v 0.218867 0.524598 -0.043053
v 0.207457 0.524661 -0.043776
v 0.207916 0.524661 -0.043762
v 0.218409 0.524598 -0.043067
v 0.207905 0.524598 -0.043380
v 0.218420 0.524661 -0.043449
v 0.207446 0.524598 -0.043394
v 0.207457 0.524661 -0.043776
v 0.218418 0.525044 -0.043385
v 0.207446 0.524598 -0.043394
v 0.218407 0.524980 -0.043003
v 0.207914 0.525044 -0.043699
v 0.207903 0.524980 -0.043317
v 0.218879 0.524661 -0.043435
v 0.218867 0.524598 -0.043053
v 0.218819 0.536676 -0.041436
v 0.218808 0.536613 -0.041054
v 0.207386 0.536613 -0.041395
v 0.207398 0.536676 -0.041777
v 0.207857 0.536676 -0.041764
v 0.218349 0.536613 -0.041068
v 0.207845 0.536613 -0.041382
v 0.218361 0.536676 -0.041450
v 0.207398 0.536676 -0.041777
v 0.218359 0.537059 -0.041387
v 0.207386 0.536613 -0.041395
v 0.218347 0.536995 -0.041004
v 0.207855 0.537059 -0.041700
v 0.207843 0.536995 -0.041318
v 0.218819 0.536677 -0.041436
v 0.218808 0.536613 -0.041054
v 0.218760 0.548692 -0.039437
v 0.218748 0.548628 -0.039055
v 0.207327 0.548628 -0.039396
v 0.207338 0.548692 -0.039778
v 0.207797 0.548692 -0.039764
v 0.218290 0.548628 -0.039069
v 0.207786 0.548628 -0.039383
v 0.218301 0.548692 -0.039451
v 0.207809 0.502632 -0.055561
v 0.218768 0.502998 -0.055108
v 0.207798 0.502506 -0.055194
v 0.218757 0.502873 -0.054742
v 0.208264 0.502998 -0.055422
v 0.219230 0.502632 -0.055220
v 0.219219 0.502506 -0.054854
v 0.208253 0.502873 -0.055055
v 0.219113 0.514155 -0.051276
v 0.219102 0.514030 -0.050910
v 0.207681 0.514030 -0.051251
v 0.207691 0.514155 -0.051617
v 0.208150 0.514155 -0.051603
v 0.218643 0.514030 -0.050924
v 0.208139 0.514030 -0.051237
v 0.218654 0.514155 -0.051290
v 0.207691 0.514155 -0.051617
v 0.218650 0.514522 -0.051165
v 0.207681 0.514030 -0.051251
v 0.218639 0.514396 -0.050798
v 0.208146 0.514522 -0.051478
v 0.208136 0.514396 -0.051112
v 0.219113 0.514155 -0.051276
v 0.219102 0.514030 -0.050910
v 0.218995 0.525679 -0.047333
v 0.218984 0.525554 -0.046966
v 0.207563 0.525554 -0.047307
v 0.207574 0.525679 -0.047673
v 0.208033 0.525679 -0.047660
v 0.218526 0.525554 -0.046980
v 0.208022 0.525554 -0.047293
v 0.218536 0.525679 -0.047346
v 0.207574 0.525679 -0.047673
v 0.218533 0.526046 -0.047221
v 0.207563 0.525554 -0.047307
v 0.218522 0.525920 -0.046855
v 0.208029 0.526046 -0.047534
v 0.208018 0.525920 -0.047168
v 0.218995 0.525679 -0.047333
v 0.218984 0.525554 -0.046966
v 0.218877 0.537203 -0.043389
v 0.218866 0.537077 -0.043023
v 0.207445 0.537077 -0.043363
v 0.207456 0.537203 -0.043730
v 0.207915 0.537203 -0.043716
v 0.218408 0.537077 -0.043036
v 0.207904 0.537077 -0.043350
v 0.218419 0.537203 -0.043403
v 0.207456 0.537203 -0.043730
v 0.218415 0.537569 -0.043277
v 0.207445 0.537077 -0.043363
v 0.218404 0.537444 -0.042911
v 0.207911 0.537569 -0.043591
v 0.207900 0.537444 -0.043224
v 0.218877 0.537203 -0.043389
v 0.218866 0.537077 -0.043023
v 0.218760 0.548726 -0.039445
v 0.218749 0.548601 -0.039079
v 0.207328 0.548601 -0.039420
v 0.207338 0.548726 -0.039786
v 0.207797 0.548726 -0.039772
v 0.218290 0.548601 -0.039093
v 0.207786 0.548601 -0.039406
v 0.218301 0.548726 -0.039459
v 0.208030 0.505904 -0.062951
v 0.219451 0.505904 -0.062610
v 0.219441 0.505720 -0.062270
v 0.208019 0.505720 -0.062610
v 0.208483 0.506245 -0.062753
v 0.208473 0.506061 -0.062412
v 0.208478 0.505720 -0.062597
v 0.208488 0.505904 -0.062937
v 0.218977 0.506061 -0.062099
v 0.218987 0.506245 -0.062440
v 0.218992 0.505904 -0.062624
v 0.218982 0.505720 -0.062283
v 0.219278 0.516619 -0.056819
v 0.219268 0.516435 -0.056479
v 0.207847 0.516435 -0.056819
v 0.207857 0.516619 -0.057160
v 0.208316 0.516619 -0.057147
v 0.218809 0.516435 -0.056492
v 0.208305 0.516435 -0.056806
v 0.218820 0.516619 -0.056833
v 0.207857 0.516619 -0.057160
v 0.218814 0.516960 -0.056649
v 0.207847 0.516435 -0.056819
v 0.218804 0.516775 -0.056308
v 0.208310 0.516960 -0.056962
v 0.208300 0.516775 -0.056622
v 0.219278 0.516619 -0.056819
v 0.219268 0.516435 -0.056479
v 0.219105 0.527333 -0.051029
v 0.219095 0.527149 -0.050688
v 0.207674 0.527149 -0.051029
v 0.207684 0.527333 -0.051370
v 0.208143 0.527333 -0.051356
v 0.218637 0.527149 -0.050702
v 0.208133 0.527149 -0.051015
v 0.218647 0.527333 -0.051042
v 0.207684 0.527333 -0.051370
v 0.218641 0.527674 -0.050858
v 0.207674 0.527149 -0.051029
v 0.218631 0.527490 -0.050518
v 0.208137 0.527674 -0.051172
v 0.208127 0.527490 -0.050831
v 0.219105 0.527333 -0.051029
v 0.219095 0.527149 -0.050688
v 0.218933 0.538048 -0.045238
v 0.218922 0.537864 -0.044897
v 0.207501 0.537864 -0.045238
v 0.207511 0.538048 -0.045579
v 0.207970 0.538048 -0.045565
v 0.218464 0.537864 -0.044911
v 0.207960 0.537864 -0.045224
v 0.218474 0.538048 -0.045252
v 0.207511 0.538048 -0.045579
v 0.218469 0.538389 -0.045068
v 0.207501 0.537864 -0.045238
v 0.218458 0.538204 -0.044727
v 0.207965 0.538389 -0.045381
v 0.207954 0.538204 -0.045040
v 0.218933 0.538048 -0.045238
v 0.218922 0.537864 -0.044897
v 0.218750 0.548578 -0.039107
v 0.207328 0.548578 -0.039447
v 0.207797 0.548762 -0.039774
v 0.218760 0.548762 -0.039447
v 0.207339 0.548762 -0.039788
v 0.218291 0.548578 -0.039120
v 0.207787 0.548578 -0.039434
v 0.218301 0.548762 -0.039461
v 0.208231 0.510353 -0.069700
v 0.219187 0.510658 -0.069135
v 0.208222 0.510115 -0.069394
v 0.219177 0.510420 -0.068829
v 0.208683 0.510658 -0.069448
v 0.208674 0.510420 -0.069143
v 0.219652 0.510353 -0.069359
v 0.219643 0.510115 -0.069053
v 0.219429 0.519964 -0.061880
v 0.219420 0.519726 -0.061574
v 0.207999 0.519726 -0.061915
v 0.208008 0.519964 -0.062221
v 0.208467 0.519964 -0.062207
v 0.218961 0.519726 -0.061588
v 0.208457 0.519726 -0.061902
v 0.218971 0.519964 -0.061894
v 0.208008 0.519964 -0.062221
v 0.218963 0.520270 -0.061656
v 0.207999 0.519726 -0.061915
v 0.218954 0.520032 -0.061350
v 0.208460 0.520270 -0.061969
v 0.208450 0.520032 -0.061664
v 0.219429 0.519964 -0.061880
v 0.219420 0.519726 -0.061574
v 0.219206 0.529575 -0.054401
v 0.219197 0.529337 -0.054096
v 0.207776 0.529337 -0.054436
v 0.207785 0.529575 -0.054742
v 0.208243 0.529575 -0.054728
v 0.218738 0.529337 -0.054109
v 0.208234 0.529337 -0.054423
v 0.218747 0.529575 -0.054415
v 0.207785 0.529575 -0.054742
v 0.218740 0.529881 -0.054177
v 0.207776 0.529337 -0.054436
v 0.218731 0.529643 -0.053871
v 0.208236 0.529881 -0.054490
v 0.208227 0.529643 -0.054185
v 0.219206 0.529575 -0.054401
v 0.219197 0.529337 -0.054096
v 0.218983 0.539187 -0.046922
v 0.218974 0.538949 -0.046617
v 0.207552 0.538949 -0.046957
v 0.207562 0.539187 -0.047263
v 0.208020 0.539187 -0.047249
v 0.218515 0.538949 -0.046630
v 0.208011 0.538949 -0.046944
v 0.218524 0.539187 -0.046936
v 0.207562 0.539187 -0.047263
v 0.218517 0.539492 -0.046698
v 0.207552 0.538949 -0.046957
v 0.218508 0.539254 -0.046392
v 0.208013 0.539492 -0.047011
v 0.208004 0.539254 -0.046706
v 0.218983 0.539187 -0.046922
v 0.218974 0.538949 -0.046617
v 0.218760 0.548798 -0.039443
v 0.218751 0.548560 -0.039138
v 0.207329 0.548560 -0.039479
v 0.207338 0.548798 -0.039784
v 0.207797 0.548798 -0.039770
v 0.218292 0.548560 -0.039151
v 0.207788 0.548560 -0.039465
v 0.218301 0.548798 -0.039457
v 0.208407 0.515823 -0.075593
v 0.219828 0.515823 -0.075253
v 0.219820 0.515538 -0.074990
v 0.208399 0.515538 -0.075331
v 0.208857 0.516085 -0.075295
v 0.208849 0.515800 -0.075033
v 0.208858 0.515538 -0.075317
v 0.208866 0.515823 -0.075580
v 0.219353 0.515800 -0.074719
v 0.219361 0.516085 -0.074982
v 0.219370 0.515823 -0.075266
v 0.219362 0.515538 -0.075004
v 0.219561 0.524075 -0.066298
v 0.219553 0.523790 -0.066036
v 0.208132 0.523790 -0.066376
v 0.208140 0.524075 -0.066639
v 0.208598 0.524075 -0.066625
v 0.219095 0.523790 -0.066049
v 0.208591 0.523790 -0.066363
v 0.219102 0.524075 -0.066312
v 0.208140 0.524075 -0.066639
v 0.219094 0.524338 -0.066027
v 0.208132 0.523790 -0.066376
v 0.219086 0.524053 -0.065764
v 0.208590 0.524338 -0.066340
v 0.208582 0.524053 -0.066078
v 0.219561 0.524075 -0.066298
v 0.219553 0.523790 -0.066036
v 0.219294 0.532328 -0.057343
v 0.219286 0.532043 -0.057081
v 0.207865 0.532043 -0.057421
v 0.207872 0.532328 -0.057684
v 0.208331 0.532328 -0.057670
v 0.218827 0.532043 -0.057094
v 0.208323 0.532043 -0.057408
v 0.218835 0.532328 -0.057357
v 0.207872 0.532328 -0.057684
v 0.218827 0.532590 -0.057072
v 0.207865 0.532043 -0.057421
v 0.218819 0.532305 -0.056810
v 0.208323 0.532590 -0.057385
v 0.208315 0.532305 -0.057123
v 0.219294 0.532328 -0.057343
v 0.219286 0.532043 -0.057081
v 0.219027 0.540580 -0.048388
v 0.219019 0.540295 -0.048126
v 0.207597 0.540295 -0.048467
v 0.207605 0.540580 -0.048729
v 0.208064 0.540580 -0.048715
v 0.218560 0.540295 -0.048140
v 0.208056 0.540295 -0.048453
v 0.218568 0.540580 -0.048402
v 0.207605 0.540580 -0.048729
v 0.218560 0.540843 -0.048117
v 0.207597 0.540295 -0.048467
v 0.218552 0.540558 -0.047855
v 0.208056 0.540843 -0.048431
v 0.208048 0.540558 -0.048168
v 0.219027 0.540580 -0.048388
v 0.219019 0.540295 -0.048126
v 0.218759 0.548833 -0.039434
v 0.218752 0.548548 -0.039171
v 0.207330 0.548548 -0.039512
v 0.207338 0.548833 -0.039774
v 0.207797 0.548833 -0.039761
v 0.218293 0.548548 -0.039185
v 0.207789 0.548548 -0.039498
v 0.218301 0.548833 -0.039447
v 0.208554 0.522222 -0.080533
v 0.219507 0.522434 -0.079881
v 0.208548 0.521898 -0.080321
v 0.219501 0.522110 -0.079670
v 0.209003 0.522434 -0.080195
v 0.208997 0.522110 -0.079983
v 0.219976 0.522222 -0.080192
v 0.219969 0.521898 -0.079980
v 0.219671 0.528883 -0.069998
v 0.219665 0.528559 -0.069787
v 0.208244 0.528559 -0.070128
v 0.208250 0.528883 -0.070339
v 0.208709 0.528883 -0.070326
v 0.219206 0.528559 -0.069800
v 0.208703 0.528559 -0.070114
v 0.219213 0.528883 -0.070012
v 0.208250 0.528883 -0.070339
v 0.219203 0.529095 -0.069688
v 0.208244 0.528559 -0.070128
v 0.219197 0.528771 -0.069476
v 0.208699 0.529095 -0.070001
v 0.208693 0.528771 -0.069790
v 0.219671 0.528883 -0.069998
v 0.219665 0.528559 -0.069787
v 0.219367 0.535544 -0.059805
v 0.219361 0.535219 -0.059593
v 0.207940 0.535219 -0.059934
v 0.207946 0.535544 -0.060146
v 0.208405 0.535544 -0.060132
v 0.218902 0.535219 -0.059607
v 0.208398 0.535219 -0.059920
v 0.218909 0.535544 -0.059819
v 0.207946 0.535544 -0.060146
v 0.218899 0.535756 -0.059495
v 0.207940 0.535219 -0.059934
v 0.218893 0.535431 -0.059283
v 0.208395 0.535756 -0.059808
v 0.208389 0.535431 -0.059596
v 0.219367 0.535544 -0.059805
v 0.219361 0.535219 -0.059593
v 0.219063 0.542204 -0.049612
v 0.219057 0.541880 -0.049400
v 0.207635 0.541880 -0.049741
v 0.207642 0.542204 -0.049952
v 0.208101 0.542204 -0.049939
v 0.218598 0.541880 -0.049414
v 0.208094 0.541880 -0.049727
v 0.218605 0.542204 -0.049625
v 0.207642 0.542204 -0.049952
v 0.218595 0.542416 -0.049301
v 0.207635 0.541880 -0.049741
v 0.218589 0.542092 -0.049089
v 0.208091 0.542416 -0.049614
v 0.208085 0.542092 -0.049403
v 0.219063 0.542204 -0.049612
v 0.219057 0.541880 -0.049400
v 0.218759 0.548865 -0.039418
v 0.218753 0.548541 -0.039207
v 0.207331 0.548541 -0.039547
v 0.207338 0.548865 -0.039759
v 0.207796 0.548865 -0.039745
v 0.218294 0.548541 -0.039220
v 0.207790 0.548541 -0.039534
v 0.218300 0.548865 -0.039432
v 0.208668 0.529350 -0.084348
v 0.220089 0.529350 -0.084007
v 0.220085 0.528995 -0.083852
v 0.208663 0.528995 -0.084193
v 0.209116 0.529505 -0.083980
v 0.209112 0.529151 -0.083824
v 0.209122 0.528995 -0.084179
v 0.209127 0.529350 -0.084335
v 0.219616 0.529151 -0.083511
v 0.219620 0.529505 -0.083666
v 0.219631 0.529350 -0.084021
v 0.219626 0.528995 -0.083866
v 0.219757 0.534236 -0.072855
v 0.219752 0.533881 -0.072700
v 0.208331 0.533881 -0.073041
v 0.208335 0.534236 -0.073196
v 0.208794 0.534236 -0.073182
v 0.219293 0.533881 -0.072713
v 0.208789 0.533881 -0.073027
v 0.219298 0.534236 -0.072869
v 0.208335 0.534236 -0.073196
v 0.219287 0.534392 -0.072514
v 0.208331 0.533881 -0.073041
v 0.219283 0.534037 -0.072359
v 0.208783 0.534392 -0.072827
v 0.208779 0.534037 -0.072672
v 0.219757 0.534236 -0.072855
v 0.219752 0.533881 -0.072700
v 0.219424 0.539122 -0.061703
v 0.219419 0.538767 -0.061547
v 0.207998 0.538767 -0.061888
v 0.208003 0.539122 -0.062043
v 0.208461 0.539122 -0.062030
v 0.218961 0.538767 -0.061561
v 0.208457 0.538767 -0.061874
v 0.218965 0.539122 -0.061716
v 0.208003 0.539122 -0.062043
v 0.218955 0.539278 -0.061362
v 0.207998 0.538767 -0.061888
v 0.218950 0.538923 -0.061206
v 0.208451 0.539278 -0.061675
v 0.208446 0.538923 -0.061520
v 0.219424 0.539122 -0.061703
v 0.219419 0.538767 -0.061547
v 0.219091 0.544008 -0.050550
v 0.219086 0.543654 -0.050395
v 0.207665 0.543654 -0.050736
v 0.207670 0.544008 -0.050891
v 0.208129 0.544008 -0.050877
v 0.218628 0.543654 -0.050409
v 0.208124 0.543654 -0.050722
v 0.218633 0.544008 -0.050564
v 0.207670 0.544008 -0.050891
v 0.218622 0.544164 -0.050209
v 0.207665 0.543654 -0.050736
v 0.218617 0.543809 -0.050054
v 0.208118 0.544164 -0.050523
v 0.208113 0.543809 -0.050367
v 0.219091 0.544008 -0.050550
v 0.219086 0.543654 -0.050395
v 0.218758 0.548894 -0.039398
v 0.218754 0.548540 -0.039242
v 0.207332 0.548540 -0.039583
v 0.207337 0.548894 -0.039739
v 0.207796 0.548894 -0.039725
v 0.218295 0.548540 -0.039256
v 0.207791 0.548540 -0.039569
v 0.218300 0.548894 -0.039411
v 0.208745 0.536969 -0.086926
v 0.219696 0.537063 -0.086223
v 0.208742 0.536593 -0.086830
v 0.219694 0.536688 -0.086128
v 0.209193 0.537063 -0.086536
v 0.209190 0.536688 -0.086441
v 0.220166 0.536969 -0.086585
v 0.220163 0.536593 -0.086490
v 0.219814 0.539956 -0.074782
v 0.219811 0.539581 -0.074687
v 0.208390 0.539581 -0.075028
v 0.208393 0.539956 -0.075122
v 0.208852 0.539956 -0.075109
v 0.219353 0.539581 -0.074700
v 0.208849 0.539581 -0.075014
v 0.219356 0.539956 -0.074795
v 0.208393 0.539956 -0.075122
v 0.219344 0.540052 -0.074420
v 0.208390 0.539581 -0.075028
v 0.219341 0.539676 -0.074325
v 0.208840 0.540052 -0.074733
v 0.208838 0.539676 -0.074638
v 0.219814 0.539956 -0.074782
v 0.219811 0.539581 -0.074687
v 0.219462 0.542944 -0.062979
v 0.219459 0.542569 -0.062884
v 0.208038 0.542569 -0.063225
v 0.208041 0.542944 -0.063320
v 0.208499 0.542944 -0.063306
v 0.219001 0.542569 -0.062897
v 0.208497 0.542569 -0.063211
v 0.219003 0.542944 -0.062992
v 0.208041 0.542944 -0.063320
v 0.218992 0.543039 -0.062617
v 0.208038 0.542569 -0.063225
v 0.218989 0.542664 -0.062522
v 0.208488 0.543039 -0.062930
v 0.208485 0.542664 -0.062836
v 0.219462 0.542944 -0.062979
v 0.219459 0.542569 -0.062884
v 0.219110 0.545932 -0.051176
v 0.219107 0.545557 -0.051081
v 0.207686 0.545557 -0.051422
v 0.207688 0.545932 -0.051517
v 0.208147 0.545932 -0.051503
v 0.218648 0.545557 -0.051095
v 0.208144 0.545557 -0.051408
v 0.218651 0.545932 -0.051189
v 0.207688 0.545932 -0.051517
v 0.218640 0.546027 -0.050814
v 0.207686 0.545557 -0.051422
v 0.218637 0.545652 -0.050719
v 0.208136 0.546027 -0.051128
v 0.208133 0.545652 -0.051032
v 0.219110 0.545932 -0.051176
v 0.219107 0.545557 -0.051081
v 0.218758 0.548920 -0.039373
v 0.218755 0.548545 -0.039278
v 0.207333 0.548545 -0.039619
v 0.207336 0.548920 -0.039714
v 0.207795 0.548920 -0.039700
v 0.218296 0.548545 -0.039292
v 0.207792 0.548545 -0.039605
v 0.218299 0.548920 -0.039387
v 0.208784 0.544949 -0.088221
v 0.220205 0.544949 -0.087880
v 0.220204 0.544563 -0.087848
v 0.208783 0.544563 -0.088189
v 0.209231 0.544981 -0.087821
v 0.209230 0.544595 -0.087789
v 0.209241 0.544563 -0.088175
v 0.209242 0.544949 -0.088207
v 0.219734 0.544595 -0.087476
v 0.219735 0.544981 -0.087508
v 0.219746 0.544949 -0.087894
v 0.219745 0.544563 -0.087862
v 0.219843 0.545947 -0.075746
v 0.219842 0.545561 -0.075714
v 0.208421 0.545561 -0.076055
v 0.208422 0.545947 -0.076087
v 0.208880 0.545947 -0.076073
v 0.219383 0.545561 -0.075728
v 0.208879 0.545561 -0.076041
v 0.219384 0.545947 -0.075760
v 0.208422 0.545947 -0.076087
v 0.219373 0.545979 -0.075374
v 0.208421 0.545561 -0.076055
v 0.219372 0.545593 -0.075342
v 0.208869 0.545979 -0.075687
v 0.208868 0.545593 -0.075655
v 0.219843 0.545947 -0.075746
v 0.219842 0.545561 -0.075714
v 0.219481 0.546945 -0.063612
v 0.219480 0.546559 -0.063580
v 0.208059 0.546559 -0.063921
v 0.208060 0.546945 -0.063953
v 0.208518 0.546945 -0.063939
v 0.219021 0.546559 -0.063594
v 0.208517 0.546559 -0.063907
v 0.219022 0.546945 -0.063626
v 0.208060 0.546945 -0.063953
v 0.219011 0.546977 -0.063240
v 0.208059 0.546559 -0.063921
v 0.219010 0.546591 -0.063208
v 0.208507 0.546977 -0.063553
v 0.208506 0.546591 -0.063521
v 0.219481 0.546945 -0.063612
v 0.219480 0.546559 -0.063580
v 0.219119 0.547943 -0.051478
v 0.219118 0.547557 -0.051446
v 0.207697 0.547557 -0.051787
v 0.207697 0.547943 -0.051819
v 0.208156 0.547943 -0.051805
v 0.218659 0.547557 -0.051460
v 0.208155 0.547557 -0.051773
v 0.218660 0.547943 -0.051492
v 0.207697 0.547943 -0.051819
v 0.218649 0.547975 -0.051106
v 0.207697 0.547557 -0.051787
v 0.218648 0.547589 -0.051074
v 0.208145 0.547975 -0.051419
v 0.208144 0.547589 -0.051387
v 0.219119 0.547943 -0.051478
v 0.219118 0.547557 -0.051446
v 0.218757 0.548941 -0.039344
v 0.218756 0.548555 -0.039312
v 0.207334 0.548555 -0.039653
v 0.207335 0.548942 -0.039685
v 0.207794 0.548942 -0.039671
v 0.218297 0.548555 -0.039326
v 0.207793 0.548555 -0.039639
v 0.218298 0.548941 -0.039358
v 0.208782 0.553035 -0.088182
v 0.219734 0.553002 -0.087469
v 0.208783 0.552649 -0.088214
v 0.219735 0.552616 -0.087501
v 0.209230 0.553002 -0.087782
v 0.209231 0.552616 -0.087814
v 0.220204 0.553035 -0.087841
v 0.220205 0.552649 -0.087873
v 0.219842 0.552015 -0.075709
v 0.219843 0.551629 -0.075741
v 0.208421 0.551629 -0.076082
v 0.208420 0.552015 -0.076049
v 0.208879 0.552015 -0.076036
v 0.219384 0.551629 -0.075755
v 0.208880 0.551629 -0.076068
v 0.219383 0.552015 -0.075722
v 0.208420 0.552016 -0.076049
v 0.219372 0.551983 -0.075336
v 0.208421 0.551629 -0.076082
v 0.219373 0.551597 -0.075369
v 0.208868 0.551983 -0.075650
v 0.208869 0.551597 -0.075682
v 0.219842 0.552016 -0.075709
v 0.219843 0.551629 -0.075741
v 0.219480 0.550996 -0.063576
v 0.219481 0.550610 -0.063609
v 0.208059 0.550610 -0.063950
v 0.208058 0.550996 -0.063917
v 0.208517 0.550996 -0.063903
v 0.219022 0.550610 -0.063622
v 0.208518 0.550610 -0.063936
v 0.219021 0.550996 -0.063590
v 0.219480 0.550996 -0.063576
v 0.219010 0.550964 -0.063204
v 0.208059 0.550610 -0.063950
v 0.219011 0.550578 -0.063237
v 0.208058 0.550996 -0.063917
v 0.208506 0.550964 -0.063518
v 0.208507 0.550578 -0.063550
v 0.219481 0.550610 -0.063609
v 0.219118 0.549977 -0.051444
v 0.219119 0.549591 -0.051476
v 0.207697 0.549591 -0.051817
v 0.207696 0.549977 -0.051785
v 0.208155 0.549977 -0.051771
v 0.218660 0.549591 -0.051490
v 0.208156 0.549591 -0.051804
v 0.218659 0.549977 -0.051458
v 0.207696 0.549977 -0.051785
v 0.218648 0.549945 -0.051072
v 0.207697 0.549591 -0.051817
v 0.218649 0.549559 -0.051104
v 0.208144 0.549945 -0.051385
v 0.208145 0.549559 -0.051418
v 0.219118 0.549977 -0.051444
v 0.219119 0.549591 -0.051476
v 0.218756 0.548958 -0.039312
v 0.218757 0.548572 -0.039344
v 0.207335 0.548572 -0.039685
v 0.207334 0.548958 -0.039653
v 0.207793 0.548958 -0.039639
v 0.218298 0.548572 -0.039358
v 0.207794 0.548572 -0.039671
v 0.218297 0.548958 -0.039326
v 0.208738 0.560844 -0.086694
v 0.220159 0.560844 -0.086353
v 0.220162 0.560468 -0.086447
v 0.208741 0.560468 -0.086788
v 0.209186 0.560751 -0.086305
v 0.209188 0.560375 -0.086398
v 0.209200 0.560468 -0.086774
v 0.209197 0.560844 -0.086680
v 0.219692 0.560375 -0.086085
v 0.219690 0.560751 -0.085991
v 0.219701 0.560844 -0.086367
v 0.219704 0.560468 -0.086461
v 0.219807 0.557898 -0.074540
v 0.219810 0.557522 -0.074634
v 0.208388 0.557522 -0.074974
v 0.208386 0.557898 -0.074881
v 0.208844 0.557898 -0.074867
v 0.219351 0.557522 -0.074647
v 0.208847 0.557522 -0.074961
v 0.219348 0.557898 -0.074554
v 0.208386 0.557898 -0.074881
v 0.219337 0.557804 -0.074178
v 0.208388 0.557522 -0.074974
v 0.219340 0.557428 -0.074271
v 0.208833 0.557804 -0.074491
v 0.208836 0.557428 -0.074585
v 0.219807 0.557898 -0.074540
v 0.219810 0.557522 -0.074634
v 0.219454 0.554951 -0.062727
v 0.219457 0.554575 -0.062820
v 0.208036 0.554575 -0.063161
v 0.208033 0.554951 -0.063067
v 0.208492 0.554951 -0.063054
v 0.218999 0.554575 -0.062834
v 0.208495 0.554575 -0.063147
v 0.218996 0.554951 -0.062740
v 0.208033 0.554951 -0.063067
v 0.218985 0.554857 -0.062365
v 0.208036 0.554575 -0.063161
v 0.218987 0.554481 -0.062458
v 0.208481 0.554857 -0.062678
v 0.208483 0.554481 -0.062772
v 0.219454 0.554951 -0.062727
v 0.219457 0.554575 -0.062820
v 0.219102 0.552004 -0.050913
v 0.219105 0.551628 -0.051007
v 0.207683 0.551628 -0.051348
v 0.207681 0.552004 -0.051254
v 0.208139 0.552004 -0.051240
v 0.218646 0.551628 -0.051021
v 0.208142 0.551628 -0.051334
v 0.218643 0.552004 -0.050927
v 0.207681 0.552004 -0.051254
v 0.218632 0.551911 -0.050551
v 0.207683 0.551628 -0.051348
v 0.218635 0.551535 -0.050645
v 0.208128 0.551911 -0.050865
v 0.208131 0.551535 -0.050958
v 0.219102 0.552004 -0.050913
v 0.219105 0.551628 -0.051007
v 0.218749 0.549058 -0.039100
v 0.218752 0.548682 -0.039194
v 0.207331 0.548682 -0.039534
v 0.207328 0.549058 -0.039441
v 0.207787 0.549058 -0.039427
v 0.218294 0.548682 -0.039207
v 0.207790 0.548682 -0.039521
v 0.218291 0.549058 -0.039114
v 0.208660 0.568490 -0.084066
v 0.219612 0.568336 -0.083384
v 0.208664 0.568135 -0.084220
v 0.219616 0.567981 -0.083538
v 0.209108 0.568336 -0.083697
v 0.209112 0.567981 -0.083851
v 0.220081 0.568490 -0.083725
v 0.220086 0.568135 -0.083879
v 0.219748 0.563633 -0.072560
v 0.219752 0.563278 -0.072714
v 0.208331 0.563278 -0.073055
v 0.208327 0.563633 -0.072901
v 0.208785 0.563633 -0.072887
v 0.219294 0.563278 -0.072728
v 0.208790 0.563278 -0.073041
v 0.219289 0.563633 -0.072574
v 0.208327 0.563633 -0.072901
v 0.219279 0.563479 -0.072218
v 0.208331 0.563278 -0.073055
v 0.219283 0.563124 -0.072373
v 0.208775 0.563479 -0.072532
v 0.208779 0.563124 -0.072686
v 0.219748 0.563633 -0.072560
v 0.219752 0.563278 -0.072714
v 0.219415 0.558776 -0.061395
v 0.219419 0.558421 -0.061549
v 0.207998 0.558421 -0.061890
v 0.207993 0.558776 -0.061735
v 0.208452 0.558776 -0.061722
v 0.218961 0.558421 -0.061563
v 0.208457 0.558421 -0.061876
v 0.218956 0.558776 -0.061408
v 0.207993 0.558776 -0.061735
v 0.218945 0.558622 -0.061053
v 0.207998 0.558421 -0.061890
v 0.218950 0.558267 -0.061208
v 0.208442 0.558622 -0.061367
v 0.208446 0.558267 -0.061521
v 0.219415 0.558776 -0.061395
v 0.219419 0.558421 -0.061549
v 0.219082 0.553920 -0.050229
v 0.219086 0.553564 -0.050384
v 0.207665 0.553564 -0.050725
v 0.207660 0.553920 -0.050570
v 0.208119 0.553920 -0.050557
v 0.218628 0.553564 -0.050398
v 0.208124 0.553564 -0.050711
v 0.218623 0.553920 -0.050243
v 0.207660 0.553920 -0.050570
v 0.218612 0.553765 -0.049888
v 0.207665 0.553564 -0.050725
v 0.218617 0.553410 -0.050043
v 0.208108 0.553765 -0.050201
v 0.208113 0.553410 -0.050356
v 0.219082 0.553920 -0.050230
v 0.219086 0.553564 -0.050384
v 0.218748 0.549063 -0.039064
v 0.218753 0.548707 -0.039219
v 0.207332 0.548707 -0.039560
v 0.207327 0.549063 -0.039405
v 0.207786 0.549063 -0.039391
v 0.218294 0.548707 -0.039232
v 0.207790 0.548707 -0.039546
v 0.218290 0.549063 -0.039078
v 0.208542 0.575523 -0.080138
v 0.219964 0.575523 -0.079797
v 0.219970 0.575198 -0.080008
v 0.208549 0.575198 -0.080349
v 0.208992 0.575312 -0.079799
v 0.208998 0.574987 -0.080010
v 0.209008 0.575198 -0.080335
v 0.209001 0.575523 -0.080124
v 0.219502 0.574987 -0.079697
v 0.219495 0.575312 -0.079486
v 0.219505 0.575523 -0.079811
v 0.219511 0.575198 -0.080022
v 0.219659 0.568889 -0.069586
v 0.219665 0.568564 -0.069797
v 0.208244 0.568564 -0.070138
v 0.208238 0.568889 -0.069927
v 0.208697 0.568889 -0.069913
v 0.219207 0.568564 -0.069811
v 0.208703 0.568564 -0.070124
v 0.219201 0.568889 -0.069600
v 0.208238 0.568889 -0.069927
v 0.219191 0.568678 -0.069275
v 0.208244 0.568564 -0.070138
v 0.219197 0.568353 -0.069486
v 0.208687 0.568678 -0.069589
v 0.208693 0.568353 -0.069800
v 0.219659 0.568889 -0.069586
v 0.219665 0.568564 -0.069797
v 0.219354 0.562255 -0.059376
v 0.219361 0.561930 -0.059586
v 0.207939 0.561930 -0.059927
v 0.207933 0.562255 -0.059716
v 0.208392 0.562255 -0.059703
v 0.218902 0.561930 -0.059600
v 0.208398 0.561930 -0.059914
v 0.218896 0.562255 -0.059389
v 0.207933 0.562255 -0.059716
v 0.218886 0.562044 -0.059064
v 0.207939 0.561930 -0.059927
v 0.218892 0.561719 -0.059275
v 0.208382 0.562044 -0.059378
v 0.208388 0.561719 -0.059589
v 0.219354 0.562255 -0.059376
v 0.219361 0.561930 -0.059586
v 0.219050 0.555621 -0.049165
v 0.219056 0.555296 -0.049376
v 0.207635 0.555296 -0.049716
v 0.207628 0.555621 -0.049506
v 0.208087 0.555621 -0.049492
v 0.218597 0.555296 -0.049389
v 0.208094 0.555296 -0.049703
v 0.218591 0.555621 -0.049178
v 0.207628 0.555621 -0.049506
v 0.218581 0.555410 -0.048854
v 0.207635 0.555296 -0.049716
v 0.218588 0.555085 -0.049065
v 0.208078 0.555410 -0.049167
v 0.208084 0.555085 -0.049378
v 0.219050 0.555621 -0.049165
v 0.219056 0.555296 -0.049376
v 0.218745 0.548987 -0.038954
v 0.218751 0.548662 -0.039165
v 0.207330 0.548662 -0.039506
v 0.207324 0.548987 -0.039295
v 0.207783 0.548987 -0.039281
v 0.218293 0.548662 -0.039179
v 0.207789 0.548662 -0.039492
v 0.218286 0.548987 -0.038968
v 0.208396 0.581834 -0.075223
v 0.219350 0.581572 -0.074610
v 0.208404 0.581548 -0.075484
v 0.219358 0.581286 -0.074871
v 0.208846 0.581572 -0.074923
v 0.208854 0.581286 -0.075184
v 0.219817 0.581834 -0.074882
v 0.219825 0.581548 -0.075143
v 0.219549 0.573620 -0.065891
v 0.219557 0.573334 -0.066152
v 0.208135 0.573334 -0.066493
v 0.208128 0.573620 -0.066232
v 0.208586 0.573620 -0.066218
v 0.219098 0.573334 -0.066166
v 0.208594 0.573334 -0.066479
v 0.219090 0.573620 -0.065905
v 0.208128 0.573620 -0.066232
v 0.219082 0.573359 -0.065619
v 0.208135 0.573334 -0.066493
v 0.219089 0.573073 -0.065880
v 0.208578 0.573359 -0.065932
v 0.208586 0.573073 -0.066193
v 0.219549 0.573620 -0.065891
v 0.219557 0.573334 -0.066152
v 0.219281 0.565407 -0.056900
v 0.219288 0.565121 -0.057161
v 0.207867 0.565121 -0.057502
v 0.207859 0.565407 -0.057241
v 0.208318 0.565407 -0.057227
v 0.218830 0.565121 -0.057175
v 0.208326 0.565121 -0.057489
v 0.218822 0.565407 -0.056914
v 0.207859 0.565407 -0.057241
v 0.218813 0.565146 -0.056628
v 0.207867 0.565121 -0.057502
v 0.218821 0.564860 -0.056889
v 0.208310 0.565146 -0.056942
v 0.208317 0.564860 -0.057203
v 0.219281 0.565407 -0.056900
v 0.219288 0.565121 -0.057161
v 0.219012 0.557194 -0.047910
v 0.219020 0.556908 -0.048171
v 0.207599 0.556908 -0.048512
v 0.207591 0.557194 -0.048250
v 0.208050 0.557194 -0.048237
v 0.218562 0.556908 -0.048184
v 0.208058 0.556908 -0.048498
v 0.218554 0.557194 -0.047923
v 0.207591 0.557194 -0.048250
v 0.218545 0.556933 -0.047637
v 0.207599 0.556908 -0.048512
v 0.218553 0.556647 -0.047898
v 0.208041 0.556933 -0.047951
v 0.208049 0.556647 -0.048212
v 0.219012 0.557194 -0.047910
v 0.219020 0.556908 -0.048171
v 0.218744 0.548981 -0.038919
v 0.218752 0.548695 -0.039180
v 0.207331 0.548695 -0.039521
v 0.207323 0.548981 -0.039260
v 0.207782 0.548981 -0.039246
v 0.218293 0.548695 -0.039194
v 0.207789 0.548695 -0.039507
v 0.218285 0.548981 -0.038933
v 0.208220 0.587256 -0.069343
v 0.219642 0.587256 -0.069002
v 0.219651 0.587017 -0.069306
v 0.208229 0.587017 -0.069647
v 0.208672 0.586952 -0.069090
v 0.208681 0.586712 -0.069394
v 0.208688 0.587017 -0.069633
v 0.208679 0.587256 -0.069329
v 0.219185 0.586712 -0.069081
v 0.219176 0.586952 -0.068776
v 0.219183 0.587256 -0.069016
v 0.219192 0.587017 -0.069320
v 0.219417 0.577684 -0.061473
v 0.219426 0.577445 -0.061777
v 0.208005 0.577445 -0.062118
v 0.207996 0.577684 -0.061814
v 0.208454 0.577684 -0.061800
v 0.218967 0.577445 -0.061791
v 0.208464 0.577445 -0.062104
v 0.218958 0.577684 -0.061487
v 0.207996 0.577684 -0.061814
v 0.218951 0.577380 -0.061247
v 0.208005 0.577445 -0.062118
v 0.218960 0.577140 -0.061551
v 0.208447 0.577380 -0.061561
v 0.208456 0.577140 -0.061865
v 0.219417 0.577684 -0.061473
v 0.219426 0.577445 -0.061777
v 0.219192 0.568112 -0.053944
v 0.219201 0.567873 -0.054248
v 0.207780 0.567873 -0.054589
v 0.207771 0.568112 -0.054285
v 0.208230 0.568112 -0.054271
v 0.218743 0.567873 -0.054262
v 0.208239 0.567873 -0.054575
v 0.218734 0.568112 -0.053958
v 0.207771 0.568112 -0.054285
v 0.218727 0.567808 -0.053718
v 0.207780 0.567873 -0.054589
v 0.218736 0.567568 -0.054022
v 0.208223 0.567808 -0.054031
v 0.208232 0.567568 -0.054336
v 0.219192 0.568112 -0.053944
v 0.219201 0.567873 -0.054248
v 0.218968 0.558540 -0.046415
v 0.218977 0.558301 -0.046719
v 0.207555 0.558301 -0.047060
v 0.207546 0.558540 -0.046755
v 0.208005 0.558540 -0.046742
v 0.218518 0.558301 -0.046733
v 0.208014 0.558301 -0.047046
v 0.218509 0.558540 -0.046428
v 0.207546 0.558540 -0.046755
v 0.218502 0.558236 -0.046189
v 0.207555 0.558301 -0.047060
v 0.218511 0.557996 -0.046493
v 0.207998 0.558236 -0.046502
v 0.208007 0.557996 -0.046807
v 0.218968 0.558540 -0.046415
v 0.218977 0.558301 -0.046719
v 0.218743 0.548968 -0.038886
v 0.218752 0.548729 -0.039190
v 0.207331 0.548729 -0.039531
v 0.207322 0.548968 -0.039226
v 0.207781 0.548968 -0.039213
v 0.218294 0.548729 -0.039204
v 0.207790 0.548729 -0.039517
v 0.218284 0.548968 -0.038899
v 0.208019 0.591686 -0.062582
v 0.218976 0.591347 -0.062069
v 0.208029 0.591500 -0.062922
v 0.218986 0.591160 -0.062409
v 0.208472 0.591347 -0.062382
v 0.208482 0.591160 -0.062722
v 0.219440 0.591686 -0.062241
v 0.219450 0.591500 -0.062581
v 0.219265 0.581002 -0.056395
v 0.219276 0.580816 -0.056734
v 0.207854 0.580816 -0.057075
v 0.207844 0.581002 -0.056735
v 0.208303 0.581002 -0.056722
v 0.218817 0.580816 -0.056748
v 0.208313 0.580816 -0.057061
v 0.218807 0.581002 -0.056408
v 0.207844 0.581002 -0.056735
v 0.218801 0.580663 -0.056222
v 0.207854 0.580816 -0.057075
v 0.218811 0.580476 -0.056562
v 0.208297 0.580663 -0.056536
v 0.208308 0.580476 -0.056875
v 0.219265 0.581002 -0.056395
v 0.219276 0.580816 -0.056734
v 0.219091 0.570318 -0.050548
v 0.219101 0.570132 -0.050887
v 0.207680 0.570132 -0.051228
v 0.207670 0.570318 -0.050889
v 0.208128 0.570318 -0.050875
v 0.218643 0.570132 -0.050901
v 0.208139 0.570132 -0.051215
v 0.218632 0.570318 -0.050561
v 0.207670 0.570318 -0.050889
v 0.218627 0.569979 -0.050376
v 0.207680 0.570132 -0.051228
v 0.218637 0.569792 -0.050715
v 0.208123 0.569979 -0.050689
v 0.208133 0.569792 -0.051029
v 0.219091 0.570318 -0.050548
v 0.219101 0.570132 -0.050887
v 0.218917 0.559634 -0.044701
v 0.218927 0.559448 -0.045041
v 0.207505 0.559448 -0.045382
v 0.207495 0.559634 -0.045042
v 0.207954 0.559634 -0.045028
v 0.218468 0.559448 -0.045054
v 0.207964 0.559448 -0.045368
v 0.218458 0.559634 -0.044715
v 0.207495 0.559634 -0.045042
v 0.218452 0.559295 -0.044529
v 0.207505 0.559448 -0.045382
v 0.218463 0.559108 -0.044869
v 0.207948 0.559295 -0.044842
v 0.207959 0.559108 -0.045182
v 0.218917 0.559634 -0.044701
v 0.218927 0.559448 -0.045041
v 0.218742 0.548950 -0.038854
v 0.218752 0.548764 -0.039194
v 0.207331 0.548764 -0.039535
v 0.207321 0.548950 -0.039195
v 0.207780 0.548950 -0.039181
v 0.218294 0.548764 -0.039208
v 0.207790 0.548764 -0.039521
v 0.218284 0.548950 -0.038868
v 0.207799 0.594912 -0.055212
v 0.219220 0.594912 -0.054871
v 0.219231 0.594783 -0.055237
v 0.207810 0.594783 -0.055578
v 0.208254 0.594546 -0.055070
v 0.208265 0.594418 -0.055436
v 0.208268 0.594783 -0.055564
v 0.208257 0.594911 -0.055198
v 0.218769 0.594418 -0.055122
v 0.218758 0.594546 -0.054757
v 0.218761 0.594911 -0.054885
v 0.218772 0.594783 -0.055250
v 0.219100 0.583415 -0.050847
v 0.219111 0.583288 -0.051213
v 0.207690 0.583288 -0.051553
v 0.208137 0.583415 -0.051174
v 0.218652 0.583288 -0.051226
v 0.208148 0.583288 -0.051540
v 0.218641 0.583415 -0.050861
v 0.207679 0.583415 -0.051188
v 0.207679 0.583416 -0.051188
v 0.218638 0.583050 -0.050733
v 0.207690 0.583288 -0.051553
v 0.218648 0.582922 -0.051098
v 0.208134 0.583050 -0.051046
v 0.208145 0.582922 -0.051412
v 0.219100 0.583416 -0.050847
v 0.219111 0.583288 -0.051213
v 0.218980 0.571920 -0.046823
v 0.218991 0.571792 -0.047189
v 0.207569 0.571792 -0.047529
v 0.207559 0.571920 -0.047164
v 0.208017 0.571920 -0.047150
v 0.218532 0.571792 -0.047202
v 0.208028 0.571792 -0.047516
v 0.218521 0.571920 -0.046837
v 0.207559 0.571920 -0.047164
v 0.218517 0.571554 -0.046709
v 0.207569 0.571792 -0.047529
v 0.218528 0.571426 -0.047074
v 0.208014 0.571554 -0.047022
v 0.208024 0.571426 -0.047388
v 0.218980 0.571920 -0.046823
v 0.218991 0.571792 -0.047189
v 0.218860 0.560424 -0.042799
v 0.218871 0.560296 -0.043165
v 0.207449 0.560296 -0.043506
v 0.207439 0.560424 -0.043140
v 0.207897 0.560424 -0.043126
v 0.218412 0.560296 -0.043178
v 0.218401 0.560424 -0.042813
v 0.207908 0.560296 -0.043492
v 0.207439 0.560424 -0.043140
v 0.218397 0.560058 -0.042685
v 0.207449 0.560296 -0.043506
v 0.218408 0.559930 -0.043050
v 0.207893 0.560058 -0.042998
v 0.207904 0.559930 -0.043364
v 0.218860 0.560424 -0.042799
v 0.218871 0.560296 -0.043165
v 0.218740 0.548928 -0.038775
v 0.218751 0.548800 -0.039141
v 0.207329 0.548800 -0.039481
v 0.207318 0.548928 -0.039116
v 0.207777 0.548928 -0.039102
v 0.218292 0.548800 -0.039154
v 0.207788 0.548800 -0.039468
v 0.218281 0.548928 -0.038789
v 0.207566 0.596906 -0.047415
v 0.218527 0.596524 -0.047022
v 0.207577 0.596840 -0.047797
v 0.218538 0.596458 -0.047403
v 0.208023 0.596524 -0.047335
v 0.208034 0.596458 -0.047717
v 0.218987 0.596906 -0.047074
v 0.218999 0.596840 -0.047456
v 0.218925 0.584905 -0.044993
v 0.218937 0.584839 -0.045375
v 0.207515 0.584839 -0.045716
v 0.207504 0.584905 -0.045334
v 0.207963 0.584905 -0.045321
v 0.218478 0.584839 -0.045389
v 0.207974 0.584839 -0.045702
v 0.218467 0.584905 -0.045007
v 0.207504 0.584905 -0.045334
v 0.218465 0.584523 -0.044941
v 0.207515 0.584839 -0.045716
v 0.218476 0.584457 -0.045322
v 0.207961 0.584523 -0.045254
v 0.207972 0.584457 -0.045636
v 0.218925 0.584905 -0.044993
v 0.218937 0.584839 -0.045375
v 0.218863 0.572903 -0.042913
v 0.218875 0.572837 -0.043294
v 0.207453 0.572837 -0.043635
v 0.207442 0.572904 -0.043254
v 0.207901 0.572903 -0.043240
v 0.218416 0.572837 -0.043308
v 0.207912 0.572837 -0.043621
v 0.218405 0.572904 -0.042926
v 0.207442 0.572903 -0.043254
v 0.218403 0.572522 -0.042860
v 0.207453 0.572837 -0.043635
v 0.218414 0.572456 -0.043242
v 0.207899 0.572522 -0.043174
v 0.207910 0.572456 -0.043555
v 0.218863 0.572903 -0.042913
v 0.218875 0.572837 -0.043294
v 0.218801 0.560902 -0.040832
v 0.218812 0.560836 -0.041214
v 0.207391 0.560836 -0.041554
v 0.207380 0.560902 -0.041173
v 0.207839 0.560902 -0.041159
v 0.218354 0.560836 -0.041227
v 0.207850 0.560836 -0.041541
v 0.218343 0.560902 -0.040846
v 0.207380 0.560902 -0.041173
v 0.218341 0.560521 -0.040780
v 0.207391 0.560836 -0.041554
v 0.218352 0.560454 -0.041161
v 0.207837 0.560521 -0.041093
v 0.207848 0.560454 -0.041475
v 0.218801 0.560902 -0.040832
v 0.218812 0.560836 -0.041214
v 0.218739 0.548901 -0.038751
v 0.218750 0.548835 -0.039133
v 0.207329 0.548835 -0.039474
v 0.207318 0.548901 -0.039092
v 0.207777 0.548901 -0.039078
v 0.218292 0.548835 -0.039147
v 0.207788 0.548835 -0.039460
v 0.218280 0.548901 -0.038765
v 0.207326 0.597591 -0.039371
v 0.218747 0.597591 -0.039030
v 0.218759 0.597589 -0.039417
v 0.207338 0.597589 -0.039758
v 0.207785 0.597204 -0.039355
v 0.207796 0.597201 -0.039742
v 0.207796 0.597589 -0.039744
v 0.207785 0.597591 -0.039357
v 0.218300 0.597201 -0.039428
v 0.218289 0.597204 -0.039041
v 0.218289 0.597591 -0.039044
v 0.218300 0.597589 -0.039431
v 0.218745 0.585411 -0.038956
v 0.218757 0.585409 -0.039343
v 0.207335 0.585409 -0.039684
v 0.207324 0.585411 -0.039296
v 0.207783 0.585411 -0.039283
v 0.218298 0.585409 -0.039357
v 0.207794 0.585409 -0.039670
v 0.218287 0.585411 -0.038969
v 0.207324 0.585411 -0.039296
v 0.218286 0.585024 -0.038967
v 0.207335 0.585409 -0.039684
v 0.218298 0.585021 -0.039354
v 0.207783 0.585024 -0.039280
v 0.207794 0.585021 -0.039668
v 0.218745 0.585411 -0.038956
v 0.218757 0.585409 -0.039343
v 0.218743 0.573231 -0.038881
v 0.218754 0.573229 -0.039269
v 0.207333 0.573229 -0.039609
v 0.207322 0.573231 -0.039222
v 0.207780 0.573231 -0.039208
v 0.218296 0.573229 -0.039282
v 0.207792 0.573229 -0.039596
v 0.218284 0.573231 -0.038895
v 0.207322 0.573231 -0.039222
v 0.218284 0.572844 -0.038893
v 0.207333 0.573229 -0.039609
v 0.218296 0.572841 -0.039280
v 0.207780 0.572844 -0.039206
v 0.207792 0.572841 -0.039593
v 0.218743 0.573231 -0.038881
v 0.218754 0.573229 -0.039269
v 0.218741 0.561051 -0.038807
v 0.218752 0.561048 -0.039194
v 0.207331 0.561048 -0.039535
v 0.207319 0.561051 -0.039148
v 0.207778 0.561051 -0.039134
v 0.218294 0.561048 -0.039208
v 0.207790 0.561048 -0.039521
v 0.218282 0.561051 -0.038821
v 0.207319 0.561051 -0.039148
v 0.218282 0.560663 -0.038818
v 0.207331 0.561048 -0.039535
v 0.218294 0.560661 -0.039205
v 0.207778 0.560663 -0.039131
v 0.207790 0.560661 -0.039519
v 0.218741 0.561051 -0.038807
v 0.218752 0.561048 -0.039194
v 0.218738 0.548871 -0.038732
v 0.218750 0.548868 -0.039120
v 0.207329 0.548868 -0.039460
v 0.207317 0.548871 -0.039073
v 0.207776 0.548871 -0.039059
v 0.218291 0.548868 -0.039133
v 0.207787 0.548868 -0.039447
v 0.218280 0.548871 -0.038746
v 0.207087 0.596946 -0.031357
v 0.218051 0.596563 -0.031091
v 0.207098 0.597007 -0.031740
v 0.218063 0.596625 -0.031474
v 0.207548 0.596563 -0.031405
v 0.207559 0.596625 -0.031787
v 0.218508 0.596946 -0.031016
v 0.218520 0.597007 -0.031399
v 0.218566 0.584919 -0.032942
v 0.218577 0.584980 -0.033324
v 0.207156 0.584980 -0.033665
v 0.207144 0.584919 -0.033283
v 0.207603 0.584919 -0.033269
v 0.218119 0.584980 -0.033338
v 0.207615 0.584980 -0.033651
v 0.218107 0.584919 -0.032956
v 0.207144 0.584919 -0.033283
v 0.218109 0.584536 -0.033017
v 0.207156 0.584980 -0.033665
v 0.218120 0.584597 -0.033399
v 0.207605 0.584536 -0.033330
v 0.207616 0.584597 -0.033713
v 0.218566 0.584919 -0.032942
v 0.218577 0.584980 -0.033324
v 0.218623 0.572892 -0.034868
v 0.218635 0.572953 -0.035250
v 0.207213 0.572953 -0.035591
v 0.207202 0.572892 -0.035208
v 0.207661 0.572892 -0.035195
v 0.218176 0.572953 -0.035264
v 0.207672 0.572953 -0.035577
v 0.218165 0.572892 -0.034881
v 0.207202 0.572892 -0.035208
v 0.218166 0.572509 -0.034943
v 0.207213 0.572953 -0.035591
v 0.218178 0.572570 -0.035325
v 0.207662 0.572509 -0.035256
v 0.207674 0.572570 -0.035638
v 0.218623 0.572892 -0.034868
v 0.218635 0.572953 -0.035250
v 0.218681 0.560865 -0.036793
v 0.218692 0.560926 -0.037176
v 0.207271 0.560926 -0.037516
v 0.207259 0.560865 -0.037134
v 0.207718 0.560865 -0.037120
v 0.218233 0.560926 -0.037189
v 0.207729 0.560926 -0.037503
v 0.218222 0.560865 -0.036807
v 0.207259 0.560865 -0.037134
v 0.218224 0.560482 -0.036868
v 0.207271 0.560926 -0.037516
v 0.218235 0.560543 -0.037251
v 0.207720 0.560482 -0.037181
v 0.207731 0.560543 -0.037564
v 0.218681 0.560865 -0.036793
v 0.218692 0.560926 -0.037176
v 0.218738 0.548838 -0.038719
v 0.218749 0.548899 -0.039101
v 0.207328 0.548899 -0.039442
v 0.207317 0.548838 -0.039060
v 0.207776 0.548838 -0.039046
v 0.218291 0.548899 -0.039115
v 0.207787 0.548899 -0.039428
v 0.218279 0.548838 -0.038732
v 0.206853 0.594979 -0.023518
v 0.218274 0.594979 -0.023177
v 0.218285 0.595103 -0.023544
v 0.206864 0.595103 -0.023885
v 0.207316 0.594612 -0.023628
v 0.207326 0.594736 -0.023995
v 0.207323 0.595103 -0.023871
v 0.207312 0.594979 -0.023505
v 0.217830 0.594736 -0.023682
v 0.217819 0.594612 -0.023315
v 0.217816 0.594979 -0.023191
v 0.217827 0.595103 -0.023558
v 0.218390 0.583435 -0.027061
v 0.218401 0.583559 -0.027428
v 0.206980 0.583559 -0.027768
v 0.206969 0.583435 -0.027402
v 0.217943 0.583559 -0.027441
v 0.207439 0.583559 -0.027755
v 0.217932 0.583435 -0.027074
v 0.207428 0.583435 -0.027388
v 0.206969 0.583435 -0.027402
v 0.217935 0.583068 -0.027198
v 0.206980 0.583559 -0.027768
v 0.217946 0.583191 -0.027565
v 0.207431 0.583068 -0.027511
v 0.207442 0.583191 -0.027878
v 0.218390 0.583435 -0.027061
v 0.218401 0.583559 -0.027428
v 0.218506 0.571891 -0.030944
v 0.218517 0.572015 -0.031311
v 0.207096 0.572015 -0.031652
v 0.207085 0.571891 -0.031285
v 0.207544 0.571891 -0.031271
v 0.207555 0.572015 -0.031638
v 0.218048 0.571891 -0.030958
v 0.218058 0.572015 -0.031325
v 0.207085 0.571891 -0.031285
v 0.218051 0.571524 -0.031081
v 0.207096 0.572015 -0.031652
v 0.218062 0.571647 -0.031448
v 0.207547 0.571524 -0.031395
v 0.207558 0.571647 -0.031762
v 0.218506 0.571891 -0.030944
v 0.218517 0.572015 -0.031311
v 0.218622 0.560347 -0.034827
v 0.218633 0.560470 -0.035194
v 0.207212 0.560470 -0.035535
v 0.207201 0.560347 -0.035168
v 0.207659 0.560347 -0.035155
v 0.218174 0.560470 -0.035208
v 0.207670 0.560470 -0.035522
v 0.218163 0.560347 -0.034841
v 0.207201 0.560347 -0.035168
v 0.218167 0.559980 -0.034965
v 0.207212 0.560470 -0.035535
v 0.218178 0.560103 -0.035332
v 0.207663 0.559980 -0.035278
v 0.207674 0.560103 -0.035645
v 0.218622 0.560347 -0.034827
v 0.218633 0.560470 -0.035194
v 0.218738 0.548803 -0.038711
v 0.218749 0.548926 -0.039078
v 0.207327 0.548926 -0.039419
v 0.207317 0.548803 -0.039052
v 0.207775 0.548803 -0.039038
v 0.218290 0.548926 -0.039091
v 0.207786 0.548926 -0.039405
v 0.218279 0.548803 -0.038724
v 0.206632 0.591745 -0.016111
v 0.217600 0.591403 -0.015966
v 0.206642 0.591928 -0.016453
v 0.217610 0.591586 -0.016308
v 0.207096 0.591403 -0.016280
v 0.207106 0.591586 -0.016621
v 0.218053 0.591745 -0.015770
v 0.218064 0.591928 -0.016112
v 0.218224 0.581001 -0.021505
v 0.218235 0.581183 -0.021847
v 0.206813 0.581183 -0.022187
v 0.206803 0.581001 -0.021846
v 0.207262 0.581001 -0.021832
v 0.217776 0.581183 -0.021860
v 0.207272 0.581183 -0.022174
v 0.217766 0.581001 -0.021519
v 0.206803 0.581001 -0.021846
v 0.217771 0.580659 -0.021701
v 0.206813 0.581183 -0.022187
v 0.217781 0.580841 -0.022042
v 0.207267 0.580659 -0.022014
v 0.207278 0.580841 -0.022356
v 0.218224 0.581001 -0.021505
v 0.218235 0.581183 -0.021847
v 0.218396 0.570256 -0.027239
v 0.218406 0.570438 -0.027581
v 0.206984 0.570438 -0.027922
v 0.206974 0.570256 -0.027580
v 0.207433 0.570256 -0.027566
v 0.217947 0.570438 -0.027595
v 0.207443 0.570438 -0.027908
v 0.217937 0.570256 -0.027253
v 0.206974 0.570256 -0.027580
v 0.217942 0.569914 -0.027435
v 0.206984 0.570438 -0.027922
v 0.217953 0.570097 -0.027777
v 0.207438 0.569914 -0.027749
v 0.207449 0.570097 -0.028091
v 0.218396 0.570256 -0.027239
v 0.218406 0.570438 -0.027581
v 0.218567 0.559511 -0.032974
v 0.218577 0.559694 -0.033316
v 0.207156 0.559694 -0.033656
v 0.207145 0.559511 -0.033315
v 0.207604 0.559511 -0.033301
v 0.218118 0.559694 -0.033329
v 0.207614 0.559694 -0.033643
v 0.218108 0.559511 -0.032988
v 0.207145 0.559511 -0.033315
v 0.218114 0.559170 -0.033170
v 0.207156 0.559694 -0.033656
v 0.218124 0.559352 -0.033512
v 0.207610 0.559170 -0.033484
v 0.207620 0.559352 -0.033825
v 0.218567 0.559511 -0.032974
v 0.218577 0.559694 -0.033316
v 0.218738 0.548767 -0.038709
v 0.218748 0.548949 -0.039050
v 0.207327 0.548949 -0.039391
v 0.207316 0.548767 -0.039049
v 0.207775 0.548767 -0.039036
v 0.218289 0.548949 -0.039064
v 0.207785 0.548949 -0.039377
v 0.218279 0.548767 -0.038722
v 0.206430 0.587332 -0.009339
v 0.217851 0.587332 -0.008998
v 0.217860 0.587569 -0.009305
v 0.206439 0.587569 -0.009646
v 0.206896 0.587026 -0.009562
v 0.206905 0.587262 -0.009868
v 0.206898 0.587569 -0.009632
v 0.206889 0.587332 -0.009325
v 0.217409 0.587262 -0.009555
v 0.217400 0.587026 -0.009248
v 0.217393 0.587332 -0.009012
v 0.217402 0.587569 -0.009319
v 0.218073 0.577682 -0.016427
v 0.218082 0.577918 -0.016734
v 0.206661 0.577918 -0.017074
v 0.206652 0.577682 -0.016768
v 0.207110 0.577682 -0.016754
v 0.217624 0.577918 -0.016747
v 0.207120 0.577918 -0.017061
v 0.217614 0.577682 -0.016441
v 0.206652 0.577682 -0.016768
v 0.217621 0.577375 -0.016677
v 0.206661 0.577918 -0.017074
v 0.217631 0.577611 -0.016983
v 0.207117 0.577375 -0.016990
v 0.207127 0.577611 -0.017297
v 0.218073 0.577682 -0.016427
v 0.218082 0.577918 -0.016734
v 0.218295 0.568032 -0.023855
v 0.218304 0.568268 -0.024162
v 0.206882 0.568268 -0.024503
v 0.206873 0.568032 -0.024196
v 0.207332 0.568032 -0.024182
v 0.217845 0.568268 -0.024176
v 0.207341 0.568268 -0.024489
v 0.217836 0.568032 -0.023869
v 0.206873 0.568032 -0.024196
v 0.217843 0.567725 -0.024105
v 0.206882 0.568268 -0.024503
v 0.217852 0.567961 -0.024412
v 0.207339 0.567725 -0.024419
v 0.207348 0.567961 -0.024725
v 0.218295 0.568032 -0.023855
v 0.218304 0.568268 -0.024162
v 0.218516 0.558381 -0.031284
v 0.218525 0.558618 -0.031591
v 0.207104 0.558618 -0.031931
v 0.207095 0.558381 -0.031625
v 0.207554 0.558381 -0.031611
v 0.218067 0.558618 -0.031604
v 0.207563 0.558618 -0.031918
v 0.218058 0.558381 -0.031297
v 0.207095 0.558381 -0.031625
v 0.218065 0.558074 -0.031534
v 0.207104 0.558618 -0.031931
v 0.218074 0.558311 -0.031841
v 0.207561 0.558074 -0.031847
v 0.207570 0.558311 -0.032154
v 0.218516 0.558381 -0.031284
v 0.218525 0.558618 -0.031591
v 0.218738 0.548731 -0.038712
v 0.218747 0.548967 -0.039019
v 0.207326 0.548967 -0.039360
v 0.207317 0.548731 -0.039053
v 0.207775 0.548731 -0.039039
v 0.218288 0.548967 -0.039033
v 0.207785 0.548967 -0.039346
v 0.218279 0.548731 -0.038726
v 0.206252 0.581837 -0.003365
v 0.217223 0.581573 -0.003322
v 0.206260 0.582121 -0.003628
v 0.217231 0.581857 -0.003585
v 0.206719 0.581573 -0.003635
v 0.206727 0.581857 -0.003898
v 0.217673 0.581837 -0.003024
v 0.217681 0.582121 -0.003287
v 0.217939 0.573552 -0.011948
v 0.217947 0.573836 -0.012212
v 0.206526 0.573836 -0.012553
v 0.206518 0.573552 -0.012289
v 0.206977 0.573552 -0.012276
v 0.217489 0.573836 -0.012226
v 0.206985 0.573836 -0.012539
v 0.217481 0.573552 -0.011962
v 0.206518 0.573552 -0.012289
v 0.217489 0.573288 -0.012246
v 0.206526 0.573836 -0.012553
v 0.217497 0.573572 -0.012509
v 0.206985 0.573288 -0.012559
v 0.206993 0.573572 -0.012823
v 0.217939 0.573552 -0.011948
v 0.217947 0.573836 -0.012212
v 0.218206 0.565266 -0.020873
v 0.218213 0.565550 -0.021136
v 0.206792 0.565551 -0.021477
v 0.206784 0.565266 -0.021214
v 0.207243 0.565266 -0.021200
v 0.217755 0.565551 -0.021150
v 0.207251 0.565550 -0.021463
v 0.217747 0.565266 -0.020887
v 0.206784 0.565266 -0.021214
v 0.217755 0.565003 -0.021170
v 0.206792 0.565551 -0.021477
v 0.217763 0.565287 -0.021434
v 0.207252 0.565003 -0.021484
v 0.207259 0.565287 -0.021747
v 0.218206 0.565266 -0.020873
v 0.218213 0.565550 -0.021136
v 0.218472 0.556981 -0.029797
v 0.218480 0.557265 -0.030061
v 0.207058 0.557265 -0.030402
v 0.207051 0.556981 -0.030138
v 0.207509 0.556981 -0.030124
v 0.218021 0.557265 -0.030074
v 0.207517 0.557265 -0.030388
v 0.218013 0.556981 -0.029811
v 0.207051 0.556981 -0.030138
v 0.218022 0.556718 -0.030095
v 0.207058 0.557265 -0.030402
v 0.218030 0.557002 -0.030358
v 0.207518 0.556718 -0.030408
v 0.207526 0.557002 -0.030672
v 0.218472 0.556981 -0.029797
v 0.218480 0.557265 -0.030061
v 0.218738 0.548696 -0.038722
v 0.218746 0.548980 -0.038985
v 0.207325 0.548980 -0.039326
v 0.207317 0.548696 -0.039063
v 0.207776 0.548696 -0.039049
v 0.218287 0.548980 -0.038999
v 0.207783 0.548980 -0.039312
v 0.218280 0.548696 -0.038736
v 0.206104 0.575455 0.001598
v 0.217525 0.575455 0.001938
v 0.217531 0.575779 0.001726
v 0.206110 0.575779 0.001385
v 0.206572 0.575242 0.001288
v 0.206578 0.575566 0.001075
v 0.206569 0.575779 0.001398
v 0.206562 0.575455 0.001611
v 0.217082 0.575566 0.001388
v 0.217076 0.575242 0.001601
v 0.217066 0.575455 0.001925
v 0.217073 0.575779 0.001712
v 0.217828 0.568757 -0.008230
v 0.217835 0.569081 -0.008443
v 0.206413 0.569081 -0.008784
v 0.206407 0.568757 -0.008571
v 0.206866 0.568757 -0.008557
v 0.217376 0.569081 -0.008457
v 0.206872 0.569081 -0.008770
v 0.217370 0.568757 -0.008244
v 0.206407 0.568757 -0.008571
v 0.217379 0.568544 -0.008568
v 0.206413 0.569081 -0.008784
v 0.217386 0.568868 -0.008780
v 0.206875 0.568544 -0.008881
v 0.206882 0.568868 -0.009094
v 0.217828 0.568757 -0.008230
v 0.217835 0.569081 -0.008443
v 0.218132 0.562059 -0.018399
v 0.218138 0.562383 -0.018612
v 0.206717 0.562383 -0.018953
v 0.206710 0.562059 -0.018740
v 0.207169 0.562059 -0.018726
v 0.217680 0.562383 -0.018626
v 0.207176 0.562383 -0.018939
v 0.217673 0.562059 -0.018413
v 0.206710 0.562059 -0.018740
v 0.217683 0.561846 -0.018736
v 0.206717 0.562383 -0.018953
v 0.217689 0.562170 -0.018949
v 0.207179 0.561846 -0.019050
v 0.207185 0.562170 -0.019263
v 0.218132 0.562059 -0.018399
v 0.218138 0.562383 -0.018612
v 0.218435 0.555362 -0.028568
v 0.218442 0.555685 -0.028781
v 0.207020 0.555685 -0.029122
v 0.207014 0.555362 -0.028909
v 0.207473 0.555362 -0.028895
v 0.217983 0.555685 -0.028795
v 0.207479 0.555685 -0.029108
v 0.217977 0.555362 -0.028582
v 0.207014 0.555362 -0.028909
v 0.217986 0.555148 -0.028905
v 0.207020 0.555685 -0.029122
v 0.217993 0.555472 -0.029118
v 0.207482 0.555148 -0.029219
v 0.207489 0.555472 -0.029432
v 0.218435 0.555362 -0.028568
v 0.218442 0.555685 -0.028781
v 0.218739 0.548663 -0.038737
v 0.218745 0.548987 -0.038950
v 0.207324 0.548987 -0.039291
v 0.207317 0.548663 -0.039078
v 0.207776 0.548663 -0.039064
v 0.218286 0.548987 -0.038964
v 0.207782 0.548987 -0.039277
v 0.218280 0.548663 -0.038751
v 0.205989 0.568329 0.005445
v 0.216962 0.568173 0.005418
v 0.205994 0.568684 0.005289
v 0.216967 0.568527 0.005261
v 0.206458 0.568173 0.005105
v 0.206463 0.568527 0.004948
v 0.217410 0.568329 0.005786
v 0.217415 0.568684 0.005629
v 0.217742 0.563406 -0.005350
v 0.217747 0.563760 -0.005507
v 0.206326 0.563760 -0.005847
v 0.206321 0.563406 -0.005691
v 0.206780 0.563406 -0.005677
v 0.217289 0.563760 -0.005520
v 0.206785 0.563760 -0.005834
v 0.217284 0.563406 -0.005364
v 0.206321 0.563406 -0.005691
v 0.217294 0.563249 -0.005718
v 0.206326 0.563760 -0.005847
v 0.217299 0.563603 -0.005874
v 0.206790 0.563249 -0.006031
v 0.206795 0.563603 -0.006188
v 0.217742 0.563406 -0.005350
v 0.217747 0.563760 -0.005507
v 0.218075 0.558482 -0.016486
v 0.218079 0.558836 -0.016642
v 0.206658 0.558836 -0.016983
v 0.206653 0.558482 -0.016827
v 0.207112 0.558482 -0.016813
v 0.217621 0.558836 -0.016656
v 0.207117 0.558836 -0.016970
v 0.217616 0.558482 -0.016500
v 0.206653 0.558482 -0.016827
v 0.217627 0.558325 -0.016854
v 0.206658 0.558836 -0.016983
v 0.217631 0.558679 -0.017010
v 0.207123 0.558325 -0.017167
v 0.207127 0.558679 -0.017324
v 0.218075 0.558482 -0.016486
v 0.218079 0.558836 -0.016642
v 0.218407 0.553558 -0.027622
v 0.218412 0.553912 -0.027778
v 0.206990 0.553912 -0.028119
v 0.206986 0.553558 -0.027963
v 0.207444 0.553558 -0.027949
v 0.217953 0.553912 -0.027792
v 0.207449 0.553912 -0.028105
v 0.217948 0.553558 -0.027635
v 0.206986 0.553558 -0.027963
v 0.217959 0.553401 -0.027990
v 0.206990 0.553912 -0.028119
v 0.217964 0.553756 -0.028146
v 0.207455 0.553401 -0.028303
v 0.207460 0.553756 -0.028460
v 0.218407 0.553558 -0.027622
v 0.218412 0.553912 -0.027778
v 0.218739 0.548634 -0.038757
v 0.218744 0.548988 -0.038914
v 0.207323 0.548988 -0.039255
v 0.207318 0.548634 -0.039098
v 0.207777 0.548634 -0.039085
v 0.218285 0.548988 -0.038928
v 0.207781 0.548988 -0.039241
v 0.218281 0.548634 -0.038771
v 0.205872 0.544527 0.009347
v 0.217294 0.544527 0.009688
v 0.217293 0.544913 0.009720
v 0.205871 0.544913 0.009379
v 0.206343 0.544559 0.008975
v 0.206342 0.544945 0.009007
v 0.206330 0.544913 0.009393
v 0.206331 0.544527 0.009361
v 0.216846 0.544945 0.009321
v 0.216847 0.544559 0.009288
v 0.216835 0.544527 0.009674
v 0.216834 0.544913 0.009706
v 0.217656 0.545538 -0.002445
v 0.217655 0.545924 -0.002413
v 0.206233 0.545924 -0.002754
v 0.206234 0.545538 -0.002786
v 0.206693 0.545538 -0.002772
v 0.217196 0.545924 -0.002426
v 0.206692 0.545924 -0.002740
v 0.217197 0.545538 -0.002459
v 0.206234 0.545538 -0.002786
v 0.217209 0.545570 -0.002845
v 0.206233 0.545924 -0.002754
v 0.217208 0.545956 -0.002812
v 0.206705 0.545570 -0.003158
v 0.206704 0.545956 -0.003126
v 0.217656 0.545538 -0.002445
v 0.217655 0.545924 -0.002413
v 0.218018 0.546549 -0.014578
v 0.218017 0.546935 -0.014546
v 0.206596 0.546935 -0.014887
v 0.206596 0.546549 -0.014919
v 0.207055 0.546549 -0.014905
v 0.217558 0.546935 -0.014559
v 0.207054 0.546935 -0.014873
v 0.217559 0.546549 -0.014592
v 0.206596 0.546549 -0.014919
v 0.217571 0.546581 -0.014978
v 0.206596 0.546935 -0.014887
v 0.217570 0.546967 -0.014945
v 0.207067 0.546581 -0.015291
v 0.207066 0.546967 -0.015259
v 0.218018 0.546549 -0.014578
v 0.218017 0.546935 -0.014546
v 0.218380 0.547559 -0.026711
v 0.218379 0.547945 -0.026679
v 0.206958 0.547945 -0.027020
v 0.206958 0.547559 -0.027052
v 0.207417 0.547559 -0.027038
v 0.217920 0.547945 -0.026693
v 0.207416 0.547945 -0.027006
v 0.217921 0.547559 -0.026725
v 0.206958 0.547559 -0.027052
v 0.217933 0.547591 -0.027110
v 0.206958 0.547945 -0.027020
v 0.217932 0.547978 -0.027078
v 0.207429 0.547591 -0.027424
v 0.207428 0.547978 -0.027392
v 0.218380 0.547559 -0.026711
v 0.218379 0.547945 -0.026679
v 0.218742 0.548570 -0.038844
v 0.218741 0.548956 -0.038812
v 0.207320 0.548956 -0.039153
v 0.207321 0.548570 -0.039185
v 0.207779 0.548570 -0.039171
v 0.218282 0.548956 -0.038825
v 0.207778 0.548956 -0.039139
v 0.218283 0.548570 -0.038858
v 0.205914 0.536517 0.007970
v 0.216887 0.536613 0.007922
v 0.205911 0.536892 0.008065
v 0.216885 0.536988 0.008017
v 0.206383 0.536613 0.007608
v 0.206381 0.536988 0.007704
v 0.217335 0.536517 0.008310
v 0.217332 0.536892 0.008406
v 0.217687 0.539528 -0.003487
v 0.217684 0.539903 -0.003391
v 0.206263 0.539903 -0.003732
v 0.206266 0.539528 -0.003828
v 0.206724 0.539528 -0.003814
v 0.217225 0.539903 -0.003405
v 0.206721 0.539903 -0.003718
v 0.217228 0.539528 -0.003500
v 0.206266 0.539528 -0.003828
v 0.217239 0.539623 -0.003876
v 0.206263 0.539903 -0.003732
v 0.217237 0.539999 -0.003780
v 0.206735 0.539623 -0.004189
v 0.206733 0.539999 -0.004093
v 0.217687 0.539528 -0.003487
v 0.217684 0.539903 -0.003391
v 0.218039 0.542538 -0.015284
v 0.218036 0.542913 -0.015188
v 0.206615 0.542913 -0.015529
v 0.206618 0.542538 -0.015625
v 0.207076 0.542538 -0.015611
v 0.217577 0.542913 -0.015202
v 0.207073 0.542913 -0.015515
v 0.217580 0.542538 -0.015298
v 0.206618 0.542538 -0.015625
v 0.217591 0.542634 -0.015673
v 0.206615 0.542913 -0.015529
v 0.217589 0.543009 -0.015577
v 0.207088 0.542634 -0.015986
v 0.207085 0.543009 -0.015890
v 0.218039 0.542538 -0.015284
v 0.218036 0.542913 -0.015188
v 0.218391 0.545549 -0.027081
v 0.218388 0.545924 -0.026985
v 0.206967 0.545924 -0.027326
v 0.206970 0.545549 -0.027422
v 0.207428 0.545549 -0.027408
v 0.217929 0.545924 -0.026999
v 0.207425 0.545924 -0.027312
v 0.217932 0.545549 -0.027095
v 0.206970 0.545549 -0.027422
v 0.217943 0.545645 -0.027470
v 0.206967 0.545924 -0.027326
v 0.217941 0.546020 -0.027374
v 0.207439 0.545645 -0.027783
v 0.207437 0.546020 -0.027688
v 0.218391 0.545549 -0.027081
v 0.218388 0.545924 -0.026985
v 0.218743 0.548559 -0.038878
v 0.218740 0.548935 -0.038783
v 0.207319 0.548935 -0.039124
v 0.207322 0.548559 -0.039219
v 0.207780 0.548559 -0.039205
v 0.218281 0.548935 -0.038796
v 0.207777 0.548935 -0.039110
v 0.218284 0.548559 -0.038892
v 0.205993 0.528885 0.005300
v 0.217414 0.528885 0.005641
v 0.217410 0.529240 0.005797
v 0.205989 0.529240 0.005456
v 0.206463 0.529042 0.004960
v 0.206458 0.529396 0.005116
v 0.206447 0.529240 0.005470
v 0.206452 0.528885 0.005314
v 0.216962 0.529396 0.005429
v 0.216966 0.529042 0.005273
v 0.216956 0.528885 0.005627
v 0.216951 0.529240 0.005784
v 0.217747 0.533803 -0.005498
v 0.217742 0.534157 -0.005341
v 0.206321 0.534157 -0.005682
v 0.206326 0.533803 -0.005839
v 0.206784 0.533803 -0.005825
v 0.217284 0.534157 -0.005355
v 0.206780 0.534157 -0.005669
v 0.217288 0.533803 -0.005511
v 0.206326 0.533803 -0.005839
v 0.217299 0.533959 -0.005866
v 0.206321 0.534157 -0.005682
v 0.217294 0.534313 -0.005709
v 0.206795 0.533959 -0.006179
v 0.206790 0.534313 -0.006023
v 0.217747 0.533803 -0.005498
v 0.217742 0.534157 -0.005341
v 0.218079 0.538720 -0.016637
v 0.218075 0.539074 -0.016480
v 0.206653 0.539074 -0.016821
v 0.206658 0.538720 -0.016977
v 0.207117 0.538720 -0.016964
v 0.217616 0.539074 -0.016494
v 0.207112 0.539074 -0.016807
v 0.217621 0.538720 -0.016650
v 0.206658 0.538720 -0.016977
v 0.217631 0.538876 -0.017005
v 0.206653 0.539074 -0.016821
v 0.217627 0.539231 -0.016848
v 0.207127 0.538876 -0.017318
v 0.207123 0.539231 -0.017162
v 0.218079 0.538720 -0.016637
v 0.218075 0.539074 -0.016480
v 0.218412 0.543637 -0.027775
v 0.218407 0.543992 -0.027619
v 0.206986 0.543992 -0.027960
v 0.206990 0.543637 -0.028116
v 0.207449 0.543637 -0.028102
v 0.217948 0.543992 -0.027633
v 0.207444 0.543992 -0.027946
v 0.217953 0.543637 -0.027789
v 0.206990 0.543637 -0.028116
v 0.217964 0.543794 -0.028143
v 0.206986 0.543992 -0.027960
v 0.217959 0.544148 -0.027987
v 0.207460 0.543794 -0.028457
v 0.207455 0.544148 -0.028300
v 0.218412 0.543637 -0.027775
v 0.218407 0.543992 -0.027619
v 0.218744 0.548555 -0.038914
v 0.218739 0.548909 -0.038758
v 0.207318 0.548909 -0.039098
v 0.207323 0.548555 -0.039255
v 0.207781 0.548555 -0.039241
v 0.218281 0.548909 -0.038771
v 0.207777 0.548909 -0.039085
v 0.218285 0.548555 -0.038928
v 0.206110 0.521771 0.001389
v 0.217082 0.521984 0.001393
v 0.206104 0.522094 0.001602
v 0.217076 0.522307 0.001606
v 0.206578 0.521984 0.001080
v 0.206572 0.522307 0.001293
v 0.217531 0.521771 0.001730
v 0.217525 0.522094 0.001943
v 0.217835 0.528467 -0.008440
v 0.217828 0.528791 -0.008227
v 0.206407 0.528791 -0.008568
v 0.206413 0.528467 -0.008781
v 0.206872 0.528467 -0.008767
v 0.217370 0.528791 -0.008241
v 0.206866 0.528791 -0.008554
v 0.217376 0.528467 -0.008453
v 0.206413 0.528467 -0.008781
v 0.217386 0.528680 -0.008777
v 0.206407 0.528791 -0.008568
v 0.217379 0.529004 -0.008564
v 0.206882 0.528680 -0.009090
v 0.206875 0.529004 -0.008878
v 0.217835 0.528467 -0.008440
v 0.217828 0.528791 -0.008227
v 0.218138 0.535163 -0.018610
v 0.218132 0.535487 -0.018397
v 0.206710 0.535487 -0.018738
v 0.206717 0.535163 -0.018951
v 0.207176 0.535163 -0.018937
v 0.217673 0.535487 -0.018411
v 0.207169 0.535487 -0.018724
v 0.217679 0.535163 -0.018624
v 0.206717 0.535163 -0.018951
v 0.217689 0.535376 -0.018947
v 0.206710 0.535487 -0.018738
v 0.217683 0.535700 -0.018734
v 0.207185 0.535376 -0.019260
v 0.207179 0.535700 -0.019048
v 0.218138 0.535163 -0.018610
v 0.218132 0.535487 -0.018397
v 0.218442 0.541859 -0.028780
v 0.218435 0.542183 -0.028567
v 0.207014 0.542183 -0.028908
v 0.207020 0.541859 -0.029121
v 0.207479 0.541859 -0.029107
v 0.217977 0.542183 -0.028581
v 0.207473 0.542183 -0.028894
v 0.217983 0.541859 -0.028794
v 0.207020 0.541859 -0.029121
v 0.217993 0.542072 -0.029117
v 0.207014 0.542183 -0.028908
v 0.217986 0.542396 -0.028904
v 0.207489 0.542072 -0.029431
v 0.207482 0.542396 -0.029218
v 0.218442 0.541859 -0.028780
v 0.218435 0.542183 -0.028567
v 0.218745 0.548556 -0.038950
v 0.218739 0.548879 -0.038737
v 0.207317 0.548879 -0.039078
v 0.207324 0.548556 -0.039291
v 0.207782 0.548556 -0.039277
v 0.218280 0.548879 -0.038751
v 0.207776 0.548879 -0.039064
v 0.218286 0.548556 -0.038964
v 0.206260 0.515415 -0.003634
v 0.217681 0.515415 -0.003293
v 0.217673 0.515699 -0.003030
v 0.206252 0.515699 -0.003371
v 0.206727 0.515679 -0.003904
v 0.206719 0.515963 -0.003641
v 0.206711 0.515699 -0.003357
v 0.206719 0.515415 -0.003620
v 0.217223 0.515963 -0.003327
v 0.217231 0.515679 -0.003591
v 0.217222 0.515415 -0.003307
v 0.217215 0.515699 -0.003043
v 0.217947 0.523702 -0.012216
v 0.217939 0.523986 -0.011953
v 0.206518 0.523986 -0.012294
v 0.206526 0.523702 -0.012557
v 0.206985 0.523702 -0.012543
v 0.217481 0.523986 -0.011967
v 0.206977 0.523986 -0.012280
v 0.217489 0.523702 -0.012230
v 0.206526 0.523702 -0.012557
v 0.217497 0.523966 -0.012514
v 0.206518 0.523986 -0.012294
v 0.217489 0.524250 -0.012250
v 0.206993 0.523966 -0.012827
v 0.206985 0.524250 -0.012564
v 0.217947 0.523702 -0.012216
v 0.217939 0.523986 -0.011953
v 0.218214 0.531989 -0.021139
v 0.218206 0.532273 -0.020876
v 0.206784 0.532273 -0.021217
v 0.206792 0.531989 -0.021480
v 0.207251 0.531989 -0.021466
v 0.217747 0.532273 -0.020890
v 0.207243 0.532273 -0.021203
v 0.217755 0.531989 -0.021153
v 0.206792 0.531989 -0.021480
v 0.217763 0.532253 -0.021437
v 0.206784 0.532273 -0.021217
v 0.217756 0.532537 -0.021173
v 0.207259 0.532253 -0.021750
v 0.207252 0.532537 -0.021487
v 0.218214 0.531989 -0.021139
v 0.218206 0.532273 -0.020876
v 0.218480 0.540276 -0.030062
v 0.218472 0.540560 -0.029799
v 0.207051 0.540560 -0.030140
v 0.207058 0.540276 -0.030403
v 0.207517 0.540276 -0.030389
v 0.218013 0.540560 -0.029813
v 0.207509 0.540560 -0.030126
v 0.218021 0.540276 -0.030076
v 0.207058 0.540276 -0.030403
v 0.218030 0.540539 -0.030360
v 0.207051 0.540560 -0.030140
v 0.218022 0.540823 -0.030096
v 0.207526 0.540539 -0.030673
v 0.207518 0.540823 -0.030410
v 0.218480 0.540276 -0.030062
v 0.218472 0.540560 -0.029799
v 0.218746 0.548563 -0.038985
v 0.218738 0.548846 -0.038722
v 0.207317 0.548847 -0.039063
v 0.207325 0.548563 -0.039326
v 0.207783 0.548563 -0.039313
v 0.218280 0.548847 -0.038736
v 0.207776 0.548846 -0.039049
v 0.218287 0.548563 -0.038999
v 0.206439 0.509979 -0.009639
v 0.217409 0.510286 -0.009548
v 0.206430 0.510216 -0.009332
v 0.217400 0.510522 -0.009242
v 0.206905 0.510286 -0.009862
v 0.206896 0.510522 -0.009555
v 0.217860 0.509979 -0.009298
v 0.217851 0.510216 -0.008992
v 0.218082 0.519628 -0.016729
v 0.218073 0.519865 -0.016422
v 0.206651 0.519865 -0.016763
v 0.206661 0.519628 -0.017069
v 0.207119 0.519628 -0.017056
v 0.217614 0.519865 -0.016436
v 0.207110 0.519865 -0.016749
v 0.217623 0.519628 -0.016742
v 0.206661 0.519628 -0.017069
v 0.217630 0.519935 -0.016979
v 0.206651 0.519865 -0.016763
v 0.217621 0.520171 -0.016672
v 0.207126 0.519935 -0.017292
v 0.207117 0.520171 -0.016985
v 0.218082 0.519628 -0.016729
v 0.218073 0.519865 -0.016422
v 0.218304 0.529277 -0.024159
v 0.218294 0.529514 -0.023852
v 0.206873 0.529514 -0.024193
v 0.206882 0.529277 -0.024500
v 0.207341 0.529277 -0.024486
v 0.217836 0.529514 -0.023866
v 0.207332 0.529514 -0.024179
v 0.217845 0.529277 -0.024172
v 0.206882 0.529277 -0.024500
v 0.217852 0.529584 -0.024409
v 0.206873 0.529514 -0.024193
v 0.217843 0.529821 -0.024102
v 0.207348 0.529584 -0.024722
v 0.207339 0.529821 -0.024415
v 0.218304 0.529277 -0.024159
v 0.218294 0.529514 -0.023852
v 0.218525 0.538926 -0.031589
v 0.218516 0.539163 -0.031282
v 0.207095 0.539163 -0.031623
v 0.207104 0.538926 -0.031930
v 0.207563 0.538926 -0.031916
v 0.218058 0.539163 -0.031296
v 0.207554 0.539163 -0.031609
v 0.218067 0.538926 -0.031603
v 0.207104 0.538926 -0.031930
v 0.218074 0.539233 -0.031839
v 0.207095 0.539163 -0.031623
v 0.218065 0.539470 -0.031532
v 0.207570 0.539233 -0.032152
v 0.207561 0.539470 -0.031846
v 0.218525 0.538926 -0.031589
v 0.218516 0.539163 -0.031282
v 0.218747 0.548575 -0.039019
v 0.218738 0.548812 -0.038712
v 0.207317 0.548812 -0.039053
v 0.207326 0.548575 -0.039360
v 0.207785 0.548575 -0.039346
v 0.218279 0.548812 -0.038726
v 0.207775 0.548812 -0.039039
v 0.218288 0.548575 -0.039033
v 0.206642 0.505619 -0.016445
v 0.218063 0.505619 -0.016104
v 0.218053 0.505801 -0.015763
v 0.206632 0.505801 -0.016104
v 0.207106 0.505961 -0.016614
v 0.207096 0.506143 -0.016272
v 0.207091 0.505801 -0.016090
v 0.207101 0.505619 -0.016431
v 0.217600 0.506143 -0.015959
v 0.217610 0.505961 -0.016300
v 0.217605 0.505619 -0.016118
v 0.217595 0.505801 -0.015777
v 0.218234 0.516363 -0.021841
v 0.218224 0.516545 -0.021499
v 0.206803 0.516545 -0.021840
v 0.206813 0.516363 -0.022182
v 0.207272 0.516363 -0.022168
v 0.217766 0.516545 -0.021513
v 0.207262 0.516545 -0.021826
v 0.217776 0.516363 -0.021854
v 0.206813 0.516363 -0.022182
v 0.217781 0.516704 -0.022037
v 0.206803 0.516545 -0.021840
v 0.217771 0.516887 -0.021695
v 0.207277 0.516704 -0.022350
v 0.207267 0.516887 -0.022009
v 0.218234 0.516363 -0.021841
v 0.218224 0.516545 -0.021499
v 0.218406 0.527106 -0.027577
v 0.218395 0.527289 -0.027236
v 0.206974 0.527289 -0.027577
v 0.206984 0.527106 -0.027918
v 0.207443 0.527106 -0.027904
v 0.217937 0.527289 -0.027249
v 0.207433 0.527289 -0.027563
v 0.217947 0.527106 -0.027591
v 0.206984 0.527106 -0.027918
v 0.217952 0.527448 -0.027773
v 0.206974 0.527289 -0.027577
v 0.217942 0.527631 -0.027432
v 0.207449 0.527448 -0.028087
v 0.207438 0.527631 -0.027745
v 0.218406 0.527106 -0.027577
v 0.218395 0.527289 -0.027236
v 0.218577 0.537850 -0.033314
v 0.218567 0.538032 -0.032972
v 0.207145 0.538032 -0.033313
v 0.207155 0.537850 -0.033654
v 0.207614 0.537850 -0.033641
v 0.218108 0.538032 -0.032986
v 0.207604 0.538032 -0.033299
v 0.218118 0.537850 -0.033327
v 0.207155 0.537850 -0.033655
v 0.218124 0.538192 -0.033510
v 0.207145 0.538032 -0.033313
v 0.218113 0.538374 -0.033168
v 0.207620 0.538192 -0.033823
v 0.207610 0.538374 -0.033482
v 0.218577 0.537850 -0.033314
v 0.218567 0.538032 -0.032972
v 0.218748 0.548594 -0.039050
v 0.218738 0.548776 -0.038709
v 0.207316 0.548776 -0.039049
v 0.207327 0.548594 -0.039391
v 0.207785 0.548594 -0.039377
v 0.218279 0.548776 -0.038722
v 0.207775 0.548776 -0.039036
v 0.218289 0.548594 -0.039064
v 0.206864 0.502443 -0.023877
v 0.217830 0.502810 -0.023674
v 0.206853 0.502566 -0.023510
v 0.217819 0.502933 -0.023307
v 0.207326 0.502810 -0.023987
v 0.207315 0.502933 -0.023620
v 0.218285 0.502443 -0.023536
v 0.218274 0.502566 -0.023169
v 0.218401 0.513986 -0.027422
v 0.218390 0.514110 -0.027055
v 0.206969 0.514110 -0.027395
v 0.206980 0.513986 -0.027763
v 0.207438 0.513986 -0.027749
v 0.217931 0.514110 -0.027068
v 0.207428 0.514110 -0.027382
v 0.217942 0.513986 -0.027435
v 0.206980 0.513986 -0.027763
v 0.217946 0.514353 -0.027559
v 0.206969 0.514110 -0.027395
v 0.217935 0.514477 -0.027192
v 0.207442 0.514353 -0.027872
v 0.207431 0.514477 -0.027506
v 0.218401 0.513986 -0.027422
v 0.218390 0.514110 -0.027055
v 0.218517 0.525530 -0.031307
v 0.218506 0.525653 -0.030940
v 0.207085 0.525653 -0.031281
v 0.207096 0.525530 -0.031648
v 0.207554 0.525530 -0.031634
v 0.218047 0.525653 -0.030954
v 0.207543 0.525653 -0.031267
v 0.218058 0.525530 -0.031321
v 0.207096 0.525530 -0.031648
v 0.218062 0.525897 -0.031444
v 0.207085 0.525653 -0.031281
v 0.218051 0.526020 -0.031077
v 0.207558 0.525897 -0.031758
v 0.207547 0.526020 -0.031391
v 0.218517 0.525530 -0.031307
v 0.218506 0.525653 -0.030940
v 0.218633 0.537073 -0.035193
v 0.218622 0.537197 -0.034825
v 0.207201 0.537197 -0.035166
v 0.207212 0.537073 -0.035533
v 0.207670 0.537073 -0.035520
v 0.218163 0.537197 -0.034839
v 0.207659 0.537197 -0.035153
v 0.218174 0.537073 -0.035206
v 0.207212 0.537073 -0.035533
v 0.218178 0.537440 -0.035330
v 0.207201 0.537197 -0.035166
v 0.218167 0.537564 -0.034963
v 0.207674 0.537440 -0.035643
v 0.207663 0.537564 -0.035276
v 0.218633 0.537073 -0.035192
v 0.218622 0.537197 -0.034825
v 0.218749 0.548616 -0.039078
v 0.218738 0.548740 -0.038711
v 0.207317 0.548740 -0.039052
v 0.207327 0.548617 -0.039419
v 0.207786 0.548617 -0.039405
v 0.218279 0.548740 -0.038724
v 0.207775 0.548740 -0.039038
v 0.218290 0.548617 -0.039091
v 0.207098 0.500512 -0.031731
v 0.218519 0.500512 -0.031391
v 0.218508 0.500573 -0.031008
v 0.207087 0.500573 -0.031349
v 0.207559 0.500894 -0.031779
v 0.207547 0.500956 -0.031397
v 0.207545 0.500573 -0.031335
v 0.207557 0.500512 -0.031718
v 0.218051 0.500956 -0.031083
v 0.218063 0.500894 -0.031466
v 0.218061 0.500512 -0.031404
v 0.218049 0.500573 -0.031022
v 0.218577 0.512539 -0.033318
v 0.218566 0.512600 -0.032936
v 0.207144 0.512600 -0.033277
v 0.207156 0.512539 -0.033659
v 0.207614 0.512539 -0.033645
v 0.218107 0.512600 -0.032949
v 0.207603 0.512600 -0.033263
v 0.218118 0.512539 -0.033332
v 0.207156 0.512539 -0.033659
v 0.218120 0.512921 -0.033393
v 0.207144 0.512600 -0.033277
v 0.218109 0.512983 -0.033011
v 0.207616 0.512921 -0.033707
v 0.207605 0.512983 -0.033324
v 0.218577 0.512539 -0.033318
v 0.218566 0.512600 -0.032936
v 0.218634 0.524565 -0.035246
v 0.218623 0.524627 -0.034864
v 0.207202 0.524627 -0.035204
v 0.207213 0.524565 -0.035587
v 0.207672 0.524565 -0.035573
v 0.218164 0.524627 -0.034877
v 0.207661 0.524627 -0.035191
v 0.218176 0.524565 -0.035260
v 0.207213 0.524565 -0.035587
v 0.218178 0.524948 -0.035321
v 0.207202 0.524627 -0.035204
v 0.218166 0.525009 -0.034939
v 0.207674 0.524948 -0.035634
v 0.207662 0.525009 -0.035252
v 0.218634 0.524565 -0.035246
v 0.218623 0.524627 -0.034864
v 0.218692 0.536592 -0.037173
v 0.218681 0.536654 -0.036791
v 0.207259 0.536653 -0.037132
v 0.207271 0.536592 -0.037514
v 0.207729 0.536592 -0.037501
v 0.218222 0.536654 -0.036805
v 0.207718 0.536654 -0.037118
v 0.218233 0.536592 -0.037187
v 0.207271 0.536592 -0.037514
v 0.218235 0.536975 -0.037249
v 0.207259 0.536654 -0.037132
v 0.218224 0.537036 -0.036866
v 0.207731 0.536975 -0.037562
v 0.207720 0.537036 -0.037180
v 0.218692 0.536592 -0.037173
v 0.218681 0.536654 -0.036791
v 0.218749 0.548619 -0.039101
v 0.218738 0.548680 -0.038719
v 0.207317 0.548680 -0.039060
v 0.207328 0.548619 -0.039442
v 0.207787 0.548619 -0.039428
v 0.218279 0.548680 -0.038732
v 0.207776 0.548680 -0.039046
v 0.218291 0.548619 -0.039115
v 0.219043 0.598729 -0.039222
v 0.219288 0.598047 -0.047443
v 0.219527 0.596021 -0.055440
v 0.219752 0.592706 -0.062995
v 0.219958 0.588192 -0.069902
v 0.220140 0.582602 -0.075971
v 0.220291 0.576089 -0.081038
v 0.220408 0.568830 -0.084965
v 0.220488 0.561024 -0.087643
v 0.220528 0.552883 -0.089001
v 0.220528 0.544630 -0.089001
v 0.220488 0.536489 -0.087643
v 0.220408 0.528683 -0.084965
v 0.220291 0.521424 -0.081038
v 0.220140 0.514911 -0.075971
v 0.219958 0.509321 -0.069902
v 0.219752 0.504807 -0.062995
v 0.219527 0.501492 -0.055440
v 0.219288 0.499466 -0.047443
v 0.219043 0.498784 -0.039222
v 0.218798 0.499466 -0.031000
v 0.218559 0.501492 -0.023003
v 0.218334 0.504807 -0.015448
v 0.218128 0.509321 -0.008542
v 0.217947 0.514911 -0.002472
v 0.217795 0.521424 0.002595
v 0.217678 0.528683 0.006521
v 0.217598 0.536489 0.009200
v 0.217558 0.544630 0.010558
v 0.217558 0.552883 0.010558
v 0.217598 0.561024 0.009200
v 0.217678 0.568830 0.006521
v 0.217795 0.576089 0.002595
v 0.217947 0.582602 -0.002472
v 0.218128 0.588192 -0.008542
v 0.218334 0.592706 -0.015448
v 0.218559 0.596021 -0.023003
v 0.218798 0.598047 -0.031000
v 0.219280 0.596468 -0.047180
v 0.219043 0.597127 -0.039222
v 0.219511 0.594507 -0.054921
v 0.219730 0.591298 -0.062234
v 0.219929 0.586928 -0.068918
v 0.220104 0.581517 -0.074793
v 0.220251 0.575213 -0.079698
v 0.220364 0.568187 -0.083499
v 0.220442 0.560631 -0.086092
v 0.220481 0.552751 -0.087406
v 0.220481 0.544762 -0.087406
v 0.220442 0.536882 -0.086092
v 0.220364 0.529326 -0.083499
v 0.220251 0.522300 -0.079698
v 0.220104 0.515996 -0.074793
v 0.219929 0.510585 -0.068918
v 0.219730 0.506215 -0.062234
v 0.219511 0.503006 -0.054921
v 0.219280 0.501045 -0.047180
v 0.219043 0.500386 -0.039222
v 0.218806 0.501045 -0.031264
v 0.218575 0.503006 -0.023523
v 0.218356 0.506215 -0.016210
v 0.218157 0.510585 -0.009525
v 0.217982 0.515996 -0.003650
v 0.217835 0.522300 0.001255
v 0.217722 0.529326 0.005055
v 0.217645 0.536882 0.007648
v 0.217605 0.544762 0.008963
v 0.217605 0.552751 0.008963
v 0.217645 0.560631 0.007648
v 0.217722 0.568187 0.005055
v 0.217835 0.575213 0.001255
v 0.217982 0.581517 -0.003650
v 0.218157 0.586928 -0.009525
v 0.218356 0.591298 -0.016210
v 0.218575 0.594507 -0.023523
v 0.218806 0.596468 -0.031264
v 0.218184 0.596468 -0.047212
v 0.217947 0.597127 -0.039254
v 0.218415 0.594507 -0.054953
v 0.218633 0.591298 -0.062266
v 0.218833 0.586928 -0.068951
v 0.219008 0.581517 -0.074826
v 0.219154 0.575213 -0.079731
v 0.219268 0.568187 -0.083531
v 0.219345 0.560631 -0.086124
v 0.219385 0.552751 -0.087439
v 0.219385 0.544762 -0.087439
v 0.219345 0.536882 -0.086124
v 0.219268 0.529326 -0.083531
v 0.219155 0.522300 -0.079731
v 0.219008 0.515996 -0.074826
v 0.218833 0.510585 -0.068951
v 0.218633 0.506215 -0.062266
v 0.218415 0.503006 -0.054953
v 0.218184 0.501045 -0.047212
v 0.217947 0.500386 -0.039254
v 0.217709 0.501045 -0.031296
v 0.217478 0.503006 -0.023555
v 0.217260 0.506215 -0.016243
v 0.217061 0.510585 -0.009558
v 0.216885 0.515996 -0.003683
v 0.216739 0.522300 0.001222
v 0.216626 0.529326 0.005023
v 0.216548 0.536882 0.007616
v 0.216509 0.544762 0.008930
v 0.216509 0.552751 0.008930
v 0.216548 0.560631 0.007616
v 0.216626 0.568187 0.005023
v 0.216739 0.575213 0.001222
v 0.216885 0.581517 -0.003683
v 0.217061 0.586928 -0.009558
v 0.217260 0.591298 -0.016243
v 0.217478 0.594507 -0.023555
v 0.217709 0.596468 -0.031296
v 0.218192 0.598047 -0.047476
v 0.217947 0.598729 -0.039254
v 0.218431 0.596021 -0.055473
v 0.218656 0.592706 -0.063028
v 0.218862 0.588192 -0.069934
v 0.219043 0.582602 -0.076004
v 0.219194 0.576089 -0.081071
v 0.219312 0.568830 -0.084997
v 0.219391 0.561024 -0.087676
v 0.219432 0.552883 -0.089034
v 0.219432 0.544630 -0.089034
v 0.219392 0.536489 -0.087676
v 0.219312 0.528683 -0.084997
v 0.219195 0.521424 -0.081071
v 0.219043 0.514911 -0.076004
v 0.218862 0.509321 -0.069934
v 0.218656 0.504807 -0.063028
v 0.218431 0.501492 -0.055473
v 0.218192 0.499466 -0.047476
v 0.217947 0.498784 -0.039254
v 0.217702 0.499466 -0.031033
v 0.217463 0.501492 -0.023036
v 0.217237 0.504807 -0.015481
v 0.217031 0.509321 -0.008574
v 0.216850 0.514911 -0.002505
v 0.216699 0.521424 0.002562
v 0.216582 0.528683 0.006489
v 0.216502 0.536489 0.009167
v 0.216462 0.544630 0.010525
v 0.216462 0.552883 0.010525
v 0.216502 0.561024 0.009167
v 0.216582 0.568830 0.006489
v 0.216699 0.576089 0.002562
v 0.216850 0.582602 -0.002505
v 0.217031 0.588192 -0.008574
v 0.217237 0.592706 -0.015481
v 0.217463 0.596021 -0.023036
v 0.217701 0.598047 -0.031033
v 0.219280 0.596468 -0.047180
v 0.219043 0.597127 -0.039222
v 0.219511 0.594507 -0.054921
v 0.219730 0.591298 -0.062234
v 0.219929 0.586928 -0.068918
v 0.220104 0.581517 -0.074793
v 0.220251 0.575213 -0.079698
v 0.220364 0.568187 -0.083499
v 0.220442 0.560631 -0.086092
v 0.220481 0.552751 -0.087406
v 0.220481 0.544762 -0.087406
v 0.220442 0.536882 -0.086092
v 0.220364 0.529326 -0.083499
v 0.220251 0.522300 -0.079698
v 0.220104 0.515996 -0.074793
v 0.219929 0.510585 -0.068918
v 0.219730 0.506215 -0.062234
v 0.219511 0.503006 -0.054921
v 0.219280 0.501045 -0.047180
v 0.219043 0.500386 -0.039222
v 0.218806 0.501045 -0.031264
v 0.218575 0.503006 -0.023523
v 0.218356 0.506215 -0.016210
v 0.218157 0.510585 -0.009525
v 0.217982 0.515996 -0.003650
v 0.217835 0.522300 0.001255
v 0.217722 0.529326 0.005055
v 0.217645 0.536882 0.007648
v 0.217605 0.544762 0.008963
v 0.217605 0.552751 0.008963
v 0.217645 0.560631 0.007648
v 0.217722 0.568187 0.005055
v 0.217835 0.575213 0.001255
v 0.217982 0.581517 -0.003650
v 0.218157 0.586928 -0.009525
v 0.218356 0.591298 -0.016210
v 0.218575 0.594507 -0.023523
v 0.218806 0.596468 -0.031264
v 0.219288 0.598047 -0.047443
v 0.219043 0.598729 -0.039222
v 0.219527 0.596021 -0.055440
v 0.219752 0.592706 -0.062995
v 0.219958 0.588192 -0.069902
v 0.220140 0.582602 -0.075971
v 0.220291 0.576089 -0.081038
v 0.220408 0.568830 -0.084965
v 0.220488 0.561024 -0.087643
v 0.220528 0.552883 -0.089001
v 0.220528 0.544630 -0.089001
v 0.220488 0.536489 -0.087643
v 0.220408 0.528683 -0.084965
v 0.220291 0.521424 -0.081038
v 0.220140 0.514911 -0.075971
v 0.219958 0.509321 -0.069902
v 0.219752 0.504807 -0.062995
v 0.219527 0.501492 -0.055440
v 0.219288 0.499466 -0.047443
v 0.219043 0.498784 -0.039222
v 0.218798 0.499466 -0.031000
v 0.218559 0.501492 -0.023003
v 0.218334 0.504807 -0.015448
v 0.218128 0.509321 -0.008542
v 0.217947 0.514911 -0.002472
v 0.217795 0.521424 0.002595
v 0.217678 0.528683 0.006521
v 0.217598 0.536489 0.009200
v 0.217558 0.544630 0.010558
v 0.217558 0.552883 0.010558
v 0.217598 0.561024 0.009200
v 0.217678 0.568830 0.006521
v 0.217795 0.576089 0.002595
v 0.217947 0.582602 -0.002472
v 0.218128 0.588192 -0.008542
v 0.218334 0.592706 -0.015448
v 0.218559 0.596021 -0.023003
v 0.218798 0.598047 -0.031000
v 0.215383 0.490914 -0.055256
v 0.217277 0.491829 -0.055199
v 0.214797 0.490914 -0.053953
v 0.216097 0.491829 -0.052573
v 0.213462 0.490914 -0.053446
v 0.213405 0.491829 -0.051552
v 0.212159 0.490914 -0.054032
v 0.210780 0.491829 -0.052732
v 0.211652 0.490914 -0.055367
v 0.209758 0.491829 -0.055423
v 0.212238 0.490914 -0.056670
v 0.210938 0.491829 -0.058049
v 0.213573 0.490914 -0.057177
v 0.213630 0.491829 -0.059071
v 0.214876 0.490914 -0.056591
v 0.216255 0.491829 -0.057891
v 0.214797 0.491829 -0.053953
v 0.215383 0.491829 -0.055256
v 0.213462 0.491829 -0.053446
v 0.212159 0.491829 -0.054032
v 0.211652 0.491829 -0.055367
v 0.212238 0.491829 -0.056670
v 0.213573 0.491829 -0.057177
v 0.214876 0.491829 -0.056591
v 0.216843 0.495966 -0.051781
v 0.218355 0.495960 -0.055194
v 0.213373 0.495981 -0.050485
v 0.210030 0.495424 -0.052026
v 0.208692 0.495967 -0.055455
v 0.210179 0.495971 -0.058815
v 0.213660 0.495424 -0.060100
v 0.217032 0.495976 -0.058622
v 0.216419 0.495995 -0.052231
v 0.217748 0.495995 -0.055185
v 0.213391 0.495995 -0.051081
v 0.210437 0.495995 -0.052409
v 0.209287 0.495995 -0.055438
v 0.210615 0.495995 -0.058392
v 0.213644 0.495995 -0.059542
v 0.216598 0.495995 -0.058213
v 0.210030 0.495995 -0.052026
v 0.213660 0.495995 -0.060100
v 0.216419 0.495995 -0.052231
v 0.217748 0.495995 -0.055185
v 0.213391 0.495995 -0.051081
v 0.210437 0.495995 -0.052409
v 0.209287 0.495995 -0.055438
v 0.210615 0.495995 -0.058392
v 0.213644 0.495995 -0.059542
v 0.216598 0.495995 -0.058213
v 0.216103 0.495995 -0.052567
v 0.217286 0.495995 -0.055199
v 0.213405 0.495995 -0.051543
v 0.210773 0.495995 -0.052726
v 0.209749 0.495995 -0.055424
v 0.210932 0.495995 -0.058056
v 0.213630 0.495995 -0.059080
v 0.216262 0.495995 -0.057897
v 0.216103 0.492676 -0.052567
v 0.217286 0.492676 -0.055199
v 0.213405 0.492676 -0.051543
v 0.210773 0.492676 -0.052726
v 0.209749 0.492676 -0.055424
v 0.210932 0.492676 -0.058056
v 0.213630 0.492676 -0.059080
v 0.216262 0.492676 -0.057897
v 0.210932 0.494237 -0.058056
v 0.210932 0.493779 -0.058056
v 0.213630 0.493779 -0.059080
v 0.213630 0.494237 -0.059080
v 0.210773 0.494237 -0.052726
v 0.210773 0.493779 -0.052726
v 0.209749 0.493779 -0.055424
v 0.209749 0.494237 -0.055424
v 0.216103 0.494237 -0.052567
v 0.216103 0.493779 -0.052567
v 0.213405 0.493779 -0.051543
v 0.213405 0.494237 -0.051543
v 0.216262 0.493779 -0.057897
v 0.216262 0.494237 -0.057897
v 0.217286 0.494237 -0.055199
v 0.217286 0.493779 -0.055199
v 0.211398 0.494237 -0.057561
v 0.211398 0.493779 -0.057561
v 0.213610 0.493779 -0.058400
v 0.213610 0.494237 -0.058400
v 0.211268 0.494237 -0.053192
v 0.211268 0.493779 -0.053192
v 0.210429 0.493779 -0.055403
v 0.210429 0.494237 -0.055403
v 0.215636 0.494237 -0.053062
v 0.215636 0.493779 -0.053062
v 0.213425 0.493779 -0.052222
v 0.213425 0.494237 -0.052222
v 0.215767 0.493779 -0.057430
v 0.215767 0.494237 -0.057430
v 0.216606 0.494237 -0.055219
v 0.216606 0.493779 -0.055219
v 0.213751 0.502089 -0.055304
v 0.213611 0.502089 -0.055084
v 0.213347 0.502089 -0.055151
v 0.213290 0.502089 -0.055406
v 0.213612 0.502089 -0.055538
v 0.213751 0.491284 -0.055304
v 0.213678 0.491284 -0.055141
v 0.213510 0.491284 -0.055077
v 0.213347 0.491284 -0.055151
v 0.213283 0.491284 -0.055318
v 0.213357 0.491284 -0.055482
v 0.213524 0.491284 -0.055545
v 0.213688 0.491284 -0.055472
v 0.213751 0.491284 -0.055304
v 0.213678 0.491284 -0.055141
v 0.213510 0.491284 -0.055077
v 0.213347 0.491284 -0.055151
v 0.213283 0.491284 -0.055318
v 0.213357 0.491284 -0.055482
v 0.213524 0.491284 -0.055545
v 0.213688 0.491284 -0.055472
v 0.218410 0.502034 -0.055092
v 0.217080 0.502034 -0.058596
v 0.213661 0.502034 -0.060133
v 0.210157 0.502034 -0.058802
v 0.208620 0.502034 -0.055384
v 0.209951 0.502034 -0.051880
v 0.213369 0.502034 -0.050343
v 0.216873 0.502034 -0.051673
v 0.216416 0.502513 -0.057970
v 0.217498 0.502513 -0.055119
v 0.213634 0.502513 -0.059221
v 0.210783 0.502513 -0.058138
v 0.209532 0.502513 -0.055357
v 0.210615 0.502513 -0.052505
v 0.213396 0.502513 -0.051255
v 0.216247 0.502513 -0.052337
v 0.218410 0.501749 -0.055092
v 0.217080 0.501749 -0.058596
v 0.213661 0.501749 -0.060133
v 0.210157 0.501749 -0.058802
v 0.208620 0.501749 -0.055384
v 0.209951 0.501749 -0.051880
v 0.213369 0.501749 -0.050343
v 0.216873 0.501749 -0.051673
v 0.215806 0.498509 -0.069422
v 0.217700 0.499425 -0.069365
v 0.215220 0.498509 -0.068119
v 0.216519 0.499425 -0.066740
v 0.213884 0.498509 -0.067612
v 0.213828 0.499425 -0.065718
v 0.212582 0.498509 -0.068198
v 0.211202 0.499425 -0.066898
v 0.212075 0.498509 -0.069533
v 0.210180 0.499425 -0.069590
v 0.212660 0.498509 -0.070836
v 0.211361 0.499425 -0.072215
v 0.213996 0.498509 -0.071343
v 0.214052 0.499425 -0.073237
v 0.215299 0.498509 -0.070757
v 0.216678 0.499425 -0.072057
v 0.215220 0.499425 -0.068119
v 0.215806 0.499425 -0.069422
v 0.213884 0.499425 -0.067612
v 0.212582 0.499425 -0.068198
v 0.212075 0.499425 -0.069533
v 0.212660 0.499425 -0.070836
v 0.213996 0.499425 -0.071343
v 0.215299 0.499425 -0.070757
v 0.217279 0.503566 -0.065974
v 0.218778 0.503555 -0.069360
v 0.213824 0.503572 -0.064639
v 0.210409 0.503561 -0.066151
v 0.209103 0.503566 -0.069649
v 0.210630 0.503563 -0.072992
v 0.214083 0.503019 -0.074266
v 0.217455 0.503572 -0.072788
v 0.216842 0.503590 -0.066397
v 0.218170 0.503590 -0.069351
v 0.213814 0.503590 -0.065247
v 0.210860 0.503590 -0.066575
v 0.209710 0.503590 -0.069604
v 0.211038 0.503590 -0.072558
v 0.214066 0.503590 -0.073708
v 0.217021 0.503590 -0.072379
v 0.214083 0.503590 -0.074266
v 0.216842 0.503590 -0.066397
v 0.218170 0.503590 -0.069351
v 0.213814 0.503590 -0.065247
v 0.210860 0.503590 -0.066575
v 0.209710 0.503590 -0.069604
v 0.211038 0.503590 -0.072558
v 0.214066 0.503590 -0.073708
v 0.217021 0.503590 -0.072379
v 0.216526 0.503590 -0.066733
v 0.217709 0.503590 -0.069365
v 0.213828 0.503590 -0.065709
v 0.211196 0.503590 -0.066892
v 0.210171 0.503590 -0.069590
v 0.211355 0.503590 -0.072222
v 0.214053 0.503590 -0.073246
v 0.216685 0.503590 -0.072063
v 0.216526 0.500272 -0.066733
v 0.217709 0.500272 -0.069365
v 0.213828 0.500272 -0.065709
v 0.211196 0.500272 -0.066892
v 0.210171 0.500272 -0.069590
v 0.211355 0.500272 -0.072222
v 0.214053 0.500272 -0.073246
v 0.216685 0.500272 -0.072063
v 0.211355 0.501833 -0.072222
v 0.211355 0.501374 -0.072222
v 0.214053 0.501374 -0.073246
v 0.214053 0.501833 -0.073246
v 0.211196 0.501833 -0.066892
v 0.211196 0.501374 -0.066892
v 0.210171 0.501374 -0.069590
v 0.210171 0.501833 -0.069590
v 0.216526 0.501833 -0.066733
v 0.216526 0.501374 -0.066733
v 0.213828 0.501374 -0.065709
v 0.213828 0.501833 -0.065709
v 0.216685 0.501374 -0.072063
v 0.216685 0.501833 -0.072063
v 0.217709 0.501833 -0.069365
v 0.217709 0.501374 -0.069365
v 0.211821 0.501833 -0.071727
v 0.211821 0.501374 -0.071727
v 0.214032 0.501374 -0.072566
v 0.214032 0.501833 -0.072566
v 0.211691 0.501833 -0.067358
v 0.211691 0.501374 -0.067358
v 0.210851 0.501374 -0.069570
v 0.210851 0.501833 -0.069570
v 0.216059 0.501833 -0.067228
v 0.216059 0.501374 -0.067228
v 0.213848 0.501374 -0.066389
v 0.213848 0.501833 -0.066389
v 0.216189 0.501374 -0.071596
v 0.216189 0.501833 -0.071596
v 0.217029 0.501833 -0.069385
v 0.217029 0.501374 -0.069385
v 0.214174 0.509975 -0.069470
v 0.214034 0.509975 -0.069250
v 0.213770 0.509975 -0.069317
v 0.213713 0.509975 -0.069572
v 0.214035 0.509975 -0.069705
v 0.214174 0.499169 -0.069470
v 0.214101 0.499169 -0.069307
v 0.213933 0.499169 -0.069243
v 0.213770 0.499169 -0.069317
v 0.213706 0.499169 -0.069484
v 0.213780 0.499169 -0.069648
v 0.213947 0.499169 -0.069711
v 0.214110 0.499169 -0.069638
v 0.214174 0.499169 -0.069470
v 0.214101 0.499169 -0.069307
v 0.213933 0.499169 -0.069243
v 0.213770 0.499169 -0.069317
v 0.213706 0.499169 -0.069484
v 0.213780 0.499169 -0.069648
v 0.213947 0.499169 -0.069711
v 0.214110 0.499169 -0.069638
v 0.218833 0.509629 -0.069258
v 0.217502 0.509629 -0.072762
v 0.214084 0.509629 -0.074299
v 0.210580 0.509629 -0.072968
v 0.209043 0.509629 -0.069550
v 0.210374 0.509629 -0.066046
v 0.213792 0.509629 -0.064509
v 0.217296 0.509629 -0.065839
v 0.216838 0.510109 -0.072136
v 0.217921 0.510109 -0.069285
v 0.214057 0.510109 -0.073387
v 0.211206 0.510109 -0.072304
v 0.209955 0.510109 -0.069523
v 0.211038 0.510109 -0.066671
v 0.213819 0.510109 -0.065421
v 0.216670 0.510109 -0.066503
v 0.218833 0.509344 -0.069258
v 0.217502 0.509344 -0.072762
v 0.214084 0.509344 -0.074299
v 0.210580 0.509344 -0.072968
v 0.209043 0.509344 -0.069550
v 0.210374 0.509344 -0.066046
v 0.213792 0.509344 -0.064509
v 0.217296 0.509344 -0.065839
v 0.216123 0.510575 -0.080066
v 0.218017 0.511491 -0.080010
v 0.215537 0.510575 -0.078763
v 0.216837 0.511491 -0.077384
v 0.214202 0.510575 -0.078256
v 0.214146 0.511491 -0.076362
v 0.212899 0.510575 -0.078842
v 0.211520 0.511491 -0.077543
v 0.212392 0.510575 -0.080178
v 0.210498 0.511491 -0.080234
v 0.212978 0.510575 -0.081480
v 0.211678 0.511491 -0.082860
v 0.214313 0.510575 -0.081987
v 0.214370 0.511491 -0.083882
v 0.215616 0.510575 -0.081402
v 0.216996 0.511491 -0.082701
v 0.215537 0.511491 -0.078763
v 0.216123 0.511491 -0.080066
v 0.214202 0.511491 -0.078256
v 0.212899 0.511491 -0.078842
v 0.212392 0.511491 -0.080178
v 0.212978 0.511491 -0.081480
v 0.214313 0.511491 -0.081987
v 0.215616 0.511491 -0.081402
v 0.217543 0.515086 -0.076635
v 0.219085 0.515642 -0.079978
v 0.214086 0.515633 -0.075285
v 0.210743 0.515638 -0.076811
v 0.209420 0.515621 -0.080239
v 0.210919 0.515633 -0.083626
v 0.214374 0.515633 -0.084960
v 0.217788 0.515627 -0.083448
v 0.217160 0.515656 -0.077041
v 0.218488 0.515656 -0.079996
v 0.214131 0.515656 -0.075892
v 0.211177 0.515656 -0.077220
v 0.210028 0.515656 -0.080248
v 0.211356 0.515656 -0.083202
v 0.214384 0.515656 -0.084352
v 0.217338 0.515656 -0.083024
v 0.217543 0.515656 -0.076635
v 0.217160 0.515656 -0.077041
v 0.218488 0.515656 -0.079996
v 0.214131 0.515656 -0.075892
v 0.211177 0.515656 -0.077220
v 0.210028 0.515656 -0.080248
v 0.211356 0.515656 -0.083202
v 0.214384 0.515656 -0.084352
v 0.217338 0.515656 -0.083024
v 0.216843 0.515656 -0.077377
v 0.218027 0.515656 -0.080009
v 0.214145 0.515656 -0.076353
v 0.211513 0.515656 -0.077536
v 0.210489 0.515656 -0.080234
v 0.211672 0.515656 -0.082866
v 0.214370 0.515656 -0.083891
v 0.217002 0.515656 -0.082707
v 0.216843 0.512338 -0.077377
v 0.218027 0.512338 -0.080009
v 0.214145 0.512338 -0.076353
v 0.211513 0.512338 -0.077536
v 0.210489 0.512338 -0.080234
v 0.211672 0.512338 -0.082866
v 0.214370 0.512338 -0.083891
v 0.217002 0.512338 -0.082707
v 0.211672 0.513899 -0.082866
v 0.211672 0.513441 -0.082866
v 0.214370 0.513441 -0.083891
v 0.214370 0.513899 -0.083891
v 0.211513 0.513899 -0.077536
v 0.211513 0.513441 -0.077536
v 0.210489 0.513441 -0.080234
v 0.210489 0.513899 -0.080234
v 0.216843 0.513899 -0.077377
v 0.216843 0.513441 -0.077377
v 0.214145 0.513441 -0.076353
v 0.214145 0.513899 -0.076353
v 0.217002 0.513441 -0.082707
v 0.217002 0.513899 -0.082707
v 0.218027 0.513899 -0.080009
v 0.218027 0.513441 -0.080009
v 0.212139 0.513899 -0.082371
v 0.212139 0.513441 -0.082371
v 0.214350 0.513441 -0.083211
v 0.214350 0.513899 -0.083211
v 0.212008 0.513899 -0.078003
v 0.212008 0.513441 -0.078003
v 0.211169 0.513441 -0.080214
v 0.211169 0.513899 -0.080214
v 0.216377 0.513899 -0.077873
v 0.216377 0.513441 -0.077873
v 0.214166 0.513441 -0.077033
v 0.214166 0.513899 -0.077033
v 0.216507 0.513441 -0.082241
v 0.216507 0.513899 -0.082241
v 0.217347 0.513899 -0.080030
v 0.217347 0.513441 -0.080030
v 0.214485 0.521994 -0.080215
v 0.214351 0.521994 -0.079894
v 0.214025 0.521994 -0.080034
v 0.214171 0.521994 -0.080350
v 0.214492 0.511189 -0.080115
v 0.214418 0.511189 -0.079951
v 0.214251 0.511189 -0.079888
v 0.214087 0.511189 -0.079961
v 0.214024 0.511189 -0.080129
v 0.214097 0.511189 -0.080292
v 0.214265 0.511189 -0.080356
v 0.214428 0.511189 -0.080282
v 0.214492 0.511189 -0.080115
v 0.214418 0.511189 -0.079951
v 0.214251 0.511189 -0.079888
v 0.214087 0.511189 -0.079961
v 0.214024 0.511189 -0.080129
v 0.214097 0.511189 -0.080292
v 0.214265 0.511189 -0.080356
v 0.214428 0.511189 -0.080282
v 0.219150 0.521696 -0.079902
v 0.217820 0.521696 -0.083406
v 0.214402 0.521696 -0.084943
v 0.210898 0.521696 -0.083613
v 0.209361 0.521696 -0.080194
v 0.210691 0.521696 -0.076690
v 0.214109 0.521696 -0.075153
v 0.217613 0.521696 -0.076484
v 0.217156 0.522175 -0.082781
v 0.218238 0.522175 -0.079929
v 0.214374 0.522175 -0.084031
v 0.211523 0.522175 -0.082949
v 0.210273 0.522175 -0.080167
v 0.211355 0.522175 -0.077316
v 0.214137 0.522175 -0.076065
v 0.216988 0.522175 -0.077148
v 0.219150 0.521410 -0.079902
v 0.217820 0.521410 -0.083406
v 0.214402 0.521410 -0.084943
v 0.210898 0.521410 -0.083613
v 0.209361 0.521410 -0.080194
v 0.210691 0.521410 -0.076690
v 0.214109 0.521410 -0.075153
v 0.217613 0.521410 -0.076484
v 0.216356 0.524900 -0.086262
v 0.218251 0.525815 -0.086205
v 0.215771 0.524900 -0.084959
v 0.217070 0.525815 -0.083580
v 0.214435 0.524900 -0.084452
v 0.214379 0.525815 -0.082558
v 0.213132 0.524900 -0.085038
v 0.211753 0.525815 -0.083738
v 0.212625 0.524900 -0.086373
v 0.210731 0.525815 -0.086430
v 0.213211 0.524900 -0.087676
v 0.211912 0.525815 -0.089056
v 0.214547 0.524900 -0.088183
v 0.214603 0.525815 -0.090077
v 0.215849 0.524900 -0.087597
v 0.217229 0.525815 -0.088897
v 0.215771 0.525815 -0.084959
v 0.216356 0.525815 -0.086262
v 0.214435 0.525815 -0.084452
v 0.213132 0.525815 -0.085038
v 0.212625 0.525815 -0.086373
v 0.213211 0.525815 -0.087676
v 0.214547 0.525815 -0.088183
v 0.215849 0.525815 -0.087597
v 0.217789 0.529957 -0.082776
v 0.219328 0.529963 -0.086145
v 0.214319 0.529957 -0.081481
v 0.210976 0.529962 -0.083007
v 0.209644 0.529938 -0.086462
v 0.211180 0.529962 -0.089832
v 0.214608 0.529957 -0.091156
v 0.218022 0.529952 -0.089644
v 0.217393 0.529981 -0.083237
v 0.218721 0.529981 -0.086191
v 0.214365 0.529981 -0.082087
v 0.211410 0.529981 -0.083416
v 0.210261 0.529981 -0.086444
v 0.211589 0.529981 -0.089398
v 0.214617 0.529981 -0.090548
v 0.217571 0.529981 -0.089220
v 0.217393 0.529981 -0.083237
v 0.218721 0.529981 -0.086191
v 0.214365 0.529981 -0.082087
v 0.211410 0.529981 -0.083416
v 0.210261 0.529981 -0.086444
v 0.211589 0.529981 -0.089398
v 0.214617 0.529981 -0.090548
v 0.217571 0.529981 -0.089220
v 0.217076 0.529981 -0.083573
v 0.218260 0.529981 -0.086205
v 0.214378 0.529981 -0.082549
v 0.211746 0.529981 -0.083732
v 0.210722 0.529981 -0.086430
v 0.211905 0.529981 -0.089062
v 0.214603 0.529981 -0.090086
v 0.217235 0.529981 -0.088903
v 0.217076 0.526662 -0.083573
v 0.218260 0.526662 -0.086205
v 0.214378 0.526662 -0.082549
v 0.211746 0.526662 -0.083732
v 0.210722 0.526662 -0.086430
v 0.211905 0.526662 -0.089062
v 0.214603 0.526662 -0.090086
v 0.217235 0.526662 -0.088903
v 0.211905 0.528224 -0.089062
v 0.211905 0.527765 -0.089062
v 0.214603 0.527765 -0.090086
v 0.214603 0.528224 -0.090086
v 0.211746 0.528224 -0.083732
v 0.211746 0.527765 -0.083732
v 0.210722 0.527765 -0.086430
v 0.210722 0.528224 -0.086430
v 0.217076 0.528224 -0.083573
v 0.217076 0.527765 -0.083573
v 0.214378 0.527765 -0.082549
v 0.214378 0.528224 -0.082549
v 0.217235 0.527765 -0.088903
v 0.217235 0.528224 -0.088903
v 0.218260 0.528224 -0.086205
v 0.218260 0.527765 -0.086205
v 0.212372 0.528224 -0.088567
v 0.212372 0.527765 -0.088567
v 0.214583 0.527765 -0.089406
v 0.214583 0.528224 -0.089406
v 0.212242 0.528224 -0.084199
v 0.212242 0.527765 -0.084199
v 0.211402 0.527765 -0.086410
v 0.211402 0.528224 -0.086410
v 0.216610 0.528224 -0.084068
v 0.216610 0.527765 -0.084068
v 0.214399 0.527765 -0.083229
v 0.214399 0.528224 -0.083229
v 0.216740 0.527765 -0.088437
v 0.216740 0.528224 -0.088437
v 0.217580 0.528224 -0.086225
v 0.217580 0.527765 -0.086225
v 0.214713 0.536320 -0.086218
v 0.214484 0.536320 -0.086084
v 0.214263 0.536320 -0.086231
v 0.214403 0.536320 -0.086550
v 0.214661 0.536320 -0.086478
v 0.214725 0.525515 -0.086311
v 0.214651 0.525515 -0.086147
v 0.214484 0.525515 -0.086083
v 0.214320 0.525515 -0.086157
v 0.214257 0.525515 -0.086325
v 0.214330 0.525515 -0.086488
v 0.214498 0.525515 -0.086552
v 0.214661 0.525515 -0.086478
v 0.214725 0.525515 -0.086311
v 0.214651 0.525515 -0.086147
v 0.214484 0.525515 -0.086083
v 0.214320 0.525515 -0.086157
v 0.214257 0.525515 -0.086325
v 0.214330 0.525515 -0.086488
v 0.214498 0.525515 -0.086552
v 0.214661 0.525515 -0.086478
v 0.219383 0.536020 -0.086098
v 0.218053 0.536020 -0.089602
v 0.214635 0.536020 -0.091139
v 0.211131 0.536020 -0.089808
v 0.209594 0.536020 -0.086390
v 0.210924 0.536020 -0.082886
v 0.214343 0.536020 -0.081349
v 0.217847 0.536020 -0.082680
v 0.217389 0.536500 -0.088976
v 0.218472 0.536500 -0.086125
v 0.214608 0.536500 -0.090227
v 0.211756 0.536500 -0.089144
v 0.210506 0.536500 -0.086363
v 0.211588 0.536500 -0.083512
v 0.214370 0.536500 -0.082261
v 0.217221 0.536500 -0.083344
v 0.219383 0.535735 -0.086098
v 0.218053 0.535735 -0.089602
v 0.214635 0.535735 -0.091139
v 0.211131 0.535735 -0.089808
v 0.209594 0.535735 -0.086390
v 0.210924 0.535735 -0.082886
v 0.214343 0.535735 -0.081349
v 0.217847 0.535735 -0.082680
v 0.216353 0.540950 -0.087777
v 0.218248 0.541866 -0.087720
v 0.215768 0.540950 -0.086474
v 0.217067 0.541866 -0.085094
v 0.214432 0.540950 -0.085967
v 0.214376 0.541866 -0.084073
v 0.213129 0.540950 -0.086553
v 0.211750 0.541866 -0.085253
v 0.212622 0.540950 -0.087888
v 0.210728 0.541866 -0.087945
v 0.213208 0.540950 -0.089191
v 0.211909 0.541866 -0.090570
v 0.214543 0.540950 -0.089698
v 0.214600 0.541866 -0.091592
v 0.215846 0.540950 -0.089112
v 0.217226 0.541866 -0.090412
v 0.215768 0.541866 -0.086474
v 0.216353 0.541866 -0.087777
v 0.214432 0.541866 -0.085967
v 0.213129 0.541866 -0.086553
v 0.212622 0.541866 -0.087888
v 0.213208 0.541866 -0.089191
v 0.214543 0.541866 -0.089698
v 0.215846 0.541866 -0.089112
v 0.217773 0.545460 -0.084345
v 0.219314 0.546013 -0.087688
v 0.214316 0.546007 -0.082996
v 0.210946 0.546007 -0.084534
v 0.209651 0.546007 -0.088004
v 0.211177 0.546013 -0.091347
v 0.214605 0.545996 -0.092670
v 0.218018 0.546002 -0.091158
v 0.217390 0.546031 -0.084752
v 0.218718 0.546031 -0.087706
v 0.214362 0.546031 -0.083602
v 0.211407 0.546031 -0.084930
v 0.210258 0.546031 -0.087959
v 0.211586 0.546031 -0.090913
v 0.214614 0.546031 -0.092063
v 0.217568 0.546031 -0.090734
v 0.217773 0.546031 -0.084345
v 0.217390 0.546031 -0.084752
v 0.218718 0.546031 -0.087706
v 0.214362 0.546031 -0.083602
v 0.211407 0.546031 -0.084930
v 0.210258 0.546031 -0.087959
v 0.211586 0.546031 -0.090913
v 0.214614 0.546031 -0.092063
v 0.217568 0.546031 -0.090734
v 0.217073 0.546031 -0.085088
v 0.218257 0.546031 -0.087720
v 0.214375 0.546031 -0.084063
v 0.211743 0.546031 -0.085247
v 0.210719 0.546031 -0.087945
v 0.211902 0.546031 -0.090577
v 0.214600 0.546031 -0.091601
v 0.217232 0.546031 -0.090418
v 0.217073 0.542712 -0.085088
v 0.218257 0.542712 -0.087720
v 0.214375 0.542712 -0.084063
v 0.211743 0.542712 -0.085247
v 0.210719 0.542712 -0.087945
v 0.211902 0.542712 -0.090577
v 0.214600 0.542712 -0.091601
v 0.217232 0.542712 -0.090418
v 0.211902 0.544273 -0.090577
v 0.211902 0.543815 -0.090577
v 0.214600 0.543815 -0.091601
v 0.214600 0.544273 -0.091601
v 0.211743 0.544273 -0.085247
v 0.211743 0.543815 -0.085247
v 0.210719 0.543815 -0.087945
v 0.210719 0.544273 -0.087945
v 0.217073 0.544273 -0.085088
v 0.217073 0.543815 -0.085088
v 0.214375 0.543815 -0.084063
v 0.214375 0.544273 -0.084063
v 0.217232 0.543815 -0.090418
v 0.217232 0.544273 -0.090418
v 0.218257 0.544273 -0.087720
v 0.218257 0.543815 -0.087720
v 0.212369 0.544273 -0.090082
v 0.212369 0.543815 -0.090082
v 0.214580 0.543815 -0.090921
v 0.214580 0.544273 -0.090921
v 0.212238 0.544273 -0.085713
v 0.212238 0.543815 -0.085713
v 0.211399 0.543815 -0.087925
v 0.211399 0.544273 -0.087925
v 0.216607 0.544273 -0.085583
v 0.216607 0.543815 -0.085583
v 0.214396 0.543815 -0.084744
v 0.214396 0.544273 -0.084744
v 0.216737 0.543815 -0.089951
v 0.216737 0.544273 -0.089951
v 0.217577 0.544273 -0.087740
v 0.217577 0.543815 -0.087740
v 0.214722 0.552387 -0.087825
v 0.214581 0.552387 -0.087605
v 0.214317 0.552387 -0.087672
v 0.214261 0.552387 -0.087927
v 0.214583 0.552387 -0.088059
v 0.214722 0.541581 -0.087825
v 0.214648 0.541581 -0.087662
v 0.214481 0.541581 -0.087598
v 0.214317 0.541581 -0.087672
v 0.214254 0.541581 -0.087839
v 0.214327 0.541581 -0.088003
v 0.214495 0.541581 -0.088066
v 0.214658 0.541581 -0.087993
v 0.214722 0.541581 -0.087825
v 0.214648 0.541581 -0.087662
v 0.214481 0.541581 -0.087598
v 0.214317 0.541581 -0.087672
v 0.214254 0.541581 -0.087839
v 0.214327 0.541581 -0.088003
v 0.214495 0.541581 -0.088066
v 0.214658 0.541581 -0.087993
v 0.219380 0.552070 -0.087613
v 0.218050 0.552070 -0.091117
v 0.214632 0.552070 -0.092654
v 0.211128 0.552070 -0.091323
v 0.209591 0.552070 -0.087905
v 0.210921 0.552070 -0.084401
v 0.214340 0.552070 -0.082864
v 0.217843 0.552070 -0.084194
v 0.217386 0.552549 -0.090491
v 0.218468 0.552549 -0.087640
v 0.214604 0.552549 -0.091742
v 0.211753 0.552549 -0.090659
v 0.210503 0.552549 -0.087878
v 0.211585 0.552549 -0.085026
v 0.214367 0.552549 -0.083776
v 0.217218 0.552549 -0.084858
v 0.219380 0.551785 -0.087613
v 0.218050 0.551785 -0.091117
v 0.214632 0.551785 -0.092654
v 0.211128 0.551785 -0.091323
v 0.209591 0.551785 -0.087905
v 0.210921 0.551785 -0.084401
v 0.214340 0.551785 -0.082864
v 0.217843 0.551785 -0.084194
v 0.216233 0.556511 -0.083748
v 0.218127 0.557426 -0.083692
v 0.215647 0.556511 -0.082445
v 0.216947 0.557426 -0.081066
v 0.214312 0.556511 -0.081938
v 0.214255 0.557426 -0.080044
v 0.213009 0.556511 -0.082524
v 0.211630 0.557426 -0.081225
v 0.212502 0.556511 -0.083860
v 0.210608 0.557426 -0.083916
v 0.213088 0.556511 -0.085163
v 0.211788 0.557426 -0.086542
v 0.214423 0.556511 -0.085670
v 0.214480 0.557426 -0.087564
v 0.215726 0.556511 -0.085084
v 0.217105 0.557426 -0.086383
v 0.215647 0.557426 -0.082445
v 0.216233 0.557426 -0.083748
v 0.214312 0.557426 -0.081938
v 0.213009 0.557426 -0.082524
v 0.212502 0.557426 -0.083860
v 0.213088 0.557426 -0.085163
v 0.214423 0.557426 -0.085670
v 0.215726 0.557426 -0.085084
v 0.217706 0.561568 -0.080300
v 0.219194 0.561573 -0.083660
v 0.214250 0.561557 -0.078967
v 0.210880 0.561021 -0.080519
v 0.209541 0.561573 -0.083948
v 0.211042 0.561562 -0.087335
v 0.214512 0.561573 -0.088630
v 0.217898 0.561562 -0.087130
v 0.217270 0.561592 -0.080724
v 0.218598 0.561592 -0.083678
v 0.214241 0.561592 -0.079574
v 0.211287 0.561592 -0.080902
v 0.210137 0.561592 -0.083930
v 0.211466 0.561592 -0.086884
v 0.214494 0.561592 -0.088034
v 0.217448 0.561592 -0.086706
v 0.210880 0.561592 -0.080519
v 0.217270 0.561592 -0.080724
v 0.218598 0.561592 -0.083678
v 0.214241 0.561592 -0.079574
v 0.211287 0.561592 -0.080902
v 0.210137 0.561592 -0.083930
v 0.211466 0.561592 -0.086884
v 0.214494 0.561592 -0.088034
v 0.217448 0.561592 -0.086706
v 0.216953 0.561592 -0.081060
v 0.218136 0.561592 -0.083692
v 0.214255 0.561592 -0.080035
v 0.211623 0.561592 -0.081219
v 0.210599 0.561592 -0.083916
v 0.211782 0.561592 -0.086548
v 0.214480 0.561592 -0.087573
v 0.217112 0.561592 -0.086389
v 0.216953 0.558273 -0.081060
v 0.218136 0.558273 -0.083692
v 0.214255 0.558273 -0.080035
v 0.211623 0.558273 -0.081219
v 0.210599 0.558273 -0.083916
v 0.211782 0.558273 -0.086548
v 0.214480 0.558273 -0.087573
v 0.217112 0.558273 -0.086389
v 0.211782 0.559834 -0.086548
v 0.211782 0.559376 -0.086548
v 0.214480 0.559376 -0.087573
v 0.214480 0.559834 -0.087573
v 0.211623 0.559834 -0.081219
v 0.211623 0.559376 -0.081219
v 0.210599 0.559376 -0.083916
v 0.210599 0.559834 -0.083916
v 0.216953 0.559834 -0.081060
v 0.216953 0.559376 -0.081060
v 0.214255 0.559376 -0.080035
v 0.214255 0.559834 -0.080035
v 0.217112 0.559376 -0.086389
v 0.217112 0.559834 -0.086389
v 0.218136 0.559834 -0.083692
v 0.218136 0.559376 -0.083692
v 0.212249 0.559834 -0.086053
v 0.212249 0.559376 -0.086053
v 0.214460 0.559376 -0.086893
v 0.214460 0.559834 -0.086893
v 0.212118 0.559834 -0.081685
v 0.212118 0.559376 -0.081685
v 0.211279 0.559376 -0.083896
v 0.211279 0.559834 -0.083896
v 0.216487 0.559834 -0.081555
v 0.216487 0.559376 -0.081555
v 0.214275 0.559376 -0.080715
v 0.214275 0.559834 -0.080715
v 0.216617 0.559376 -0.085923
v 0.216617 0.559834 -0.085923
v 0.217456 0.559834 -0.083712
v 0.217456 0.559376 -0.083712
v 0.214590 0.567920 -0.083704
v 0.214361 0.567920 -0.083570
v 0.214140 0.567920 -0.083717
v 0.214207 0.567920 -0.083974
v 0.214475 0.567920 -0.084026
v 0.214602 0.557114 -0.083797
v 0.214528 0.557114 -0.083634
v 0.214361 0.557114 -0.083570
v 0.214197 0.557114 -0.083643
v 0.214134 0.557114 -0.083811
v 0.214207 0.557114 -0.083974
v 0.214375 0.557114 -0.084038
v 0.214538 0.557114 -0.083965
v 0.214602 0.557114 -0.083797
v 0.214528 0.557114 -0.083634
v 0.214361 0.557114 -0.083570
v 0.214197 0.557114 -0.083643
v 0.214134 0.557114 -0.083811
v 0.214207 0.557114 -0.083974
v 0.214375 0.557114 -0.084038
v 0.214538 0.557114 -0.083965
v 0.219260 0.567631 -0.083584
v 0.217930 0.567631 -0.087088
v 0.214511 0.567631 -0.088625
v 0.211008 0.567631 -0.087295
v 0.209471 0.567631 -0.083876
v 0.210801 0.567631 -0.080372
v 0.214219 0.567631 -0.078836
v 0.217723 0.567631 -0.080166
v 0.217266 0.568110 -0.086463
v 0.218348 0.568110 -0.083612
v 0.214484 0.568110 -0.087713
v 0.211633 0.568110 -0.086631
v 0.210383 0.568110 -0.083849
v 0.211465 0.568110 -0.080998
v 0.214247 0.568110 -0.079748
v 0.217098 0.568110 -0.080830
v 0.219260 0.567346 -0.083584
v 0.217930 0.567346 -0.087088
v 0.214511 0.567346 -0.088625
v 0.211008 0.567346 -0.087295
v 0.209471 0.567346 -0.083876
v 0.210801 0.567346 -0.080372
v 0.214219 0.567346 -0.078836
v 0.217723 0.567346 -0.080166
v 0.215979 0.569933 -0.075239
v 0.217873 0.570848 -0.075183
v 0.215393 0.569933 -0.073937
v 0.216693 0.570848 -0.072557
v 0.214058 0.569933 -0.073430
v 0.214002 0.570848 -0.071535
v 0.212755 0.569933 -0.074015
v 0.211376 0.570848 -0.072716
v 0.212248 0.569933 -0.075351
v 0.210354 0.570848 -0.075407
v 0.212834 0.569933 -0.076654
v 0.211534 0.570848 -0.078033
v 0.214169 0.569933 -0.077161
v 0.214226 0.570848 -0.079055
v 0.215472 0.569933 -0.076575
v 0.216852 0.570848 -0.077874
v 0.215393 0.570848 -0.073937
v 0.215979 0.570848 -0.075239
v 0.214058 0.570848 -0.073430
v 0.212755 0.570848 -0.074015
v 0.212248 0.570848 -0.075351
v 0.212834 0.570848 -0.076654
v 0.214169 0.570848 -0.077161
v 0.215472 0.570848 -0.076575
v 0.217451 0.574979 -0.071792
v 0.218940 0.574995 -0.075151
v 0.213971 0.574443 -0.070506
v 0.210573 0.574979 -0.071997
v 0.209287 0.575000 -0.075439
v 0.210828 0.574443 -0.078782
v 0.214258 0.574995 -0.080122
v 0.217601 0.574443 -0.078580
v 0.217016 0.575014 -0.072215
v 0.218344 0.575014 -0.075169
v 0.213987 0.575014 -0.071065
v 0.211033 0.575014 -0.072393
v 0.209884 0.575014 -0.075421
v 0.211212 0.575014 -0.078376
v 0.214240 0.575014 -0.079525
v 0.217194 0.575014 -0.078197
v 0.213971 0.575014 -0.070506
v 0.210828 0.575014 -0.078782
v 0.217601 0.575014 -0.078580
v 0.217016 0.575014 -0.072215
v 0.218344 0.575014 -0.075169
v 0.213987 0.575014 -0.071065
v 0.211033 0.575014 -0.072393
v 0.209884 0.575014 -0.075421
v 0.211212 0.575014 -0.078376
v 0.214240 0.575014 -0.079525
v 0.217194 0.575014 -0.078197
v 0.216699 0.575014 -0.072551
v 0.217883 0.575014 -0.075183
v 0.214001 0.575014 -0.071526
v 0.211369 0.575014 -0.072710
v 0.210345 0.575014 -0.075408
v 0.211528 0.575014 -0.078040
v 0.214226 0.575014 -0.079064
v 0.216858 0.575014 -0.077881
v 0.216699 0.571695 -0.072551
v 0.217883 0.571695 -0.075183
v 0.214001 0.571695 -0.071526
v 0.211369 0.571695 -0.072710
v 0.210345 0.571695 -0.075408
v 0.211528 0.571695 -0.078040
v 0.214226 0.571695 -0.079064
v 0.216858 0.571695 -0.077881
v 0.211528 0.573256 -0.078040
v 0.211528 0.572798 -0.078040
v 0.214226 0.572798 -0.079064
v 0.214226 0.573256 -0.079064
v 0.211369 0.573256 -0.072710
v 0.211369 0.572798 -0.072710
v 0.210345 0.572798 -0.075408
v 0.210345 0.573256 -0.075408
v 0.216699 0.573256 -0.072551
v 0.216699 0.572798 -0.072551
v 0.214001 0.572798 -0.071526
v 0.214001 0.573256 -0.071526
v 0.216858 0.572798 -0.077881
v 0.216858 0.573256 -0.077881
v 0.217883 0.573256 -0.075183
v 0.217883 0.572798 -0.075183
v 0.211995 0.573256 -0.077545
v 0.211995 0.572798 -0.077545
v 0.214206 0.572798 -0.078384
v 0.214206 0.573256 -0.078384
v 0.211864 0.573256 -0.073176
v 0.211864 0.572798 -0.073176
v 0.211025 0.572798 -0.075387
v 0.211025 0.573256 -0.075387
v 0.216233 0.573256 -0.073046
v 0.216233 0.572798 -0.073046
v 0.214022 0.572798 -0.072206
v 0.214022 0.573256 -0.072206
v 0.216363 0.572798 -0.077414
v 0.216363 0.573256 -0.077414
v 0.217202 0.573256 -0.075203
v 0.217202 0.572798 -0.075203
v 0.214348 0.581431 -0.075288
v 0.214207 0.581431 -0.075068
v 0.213943 0.581431 -0.075135
v 0.213887 0.581431 -0.075397
v 0.214214 0.581431 -0.075518
v 0.214348 0.570626 -0.075288
v 0.214274 0.570626 -0.075125
v 0.214107 0.570626 -0.075061
v 0.213943 0.570626 -0.075135
v 0.213880 0.570626 -0.075302
v 0.213953 0.570626 -0.075466
v 0.214121 0.570626 -0.075529
v 0.214284 0.570626 -0.075456
v 0.214348 0.570626 -0.075288
v 0.214274 0.570626 -0.075125
v 0.214107 0.570626 -0.075061
v 0.213943 0.570626 -0.075135
v 0.213880 0.570626 -0.075302
v 0.213953 0.570626 -0.075466
v 0.214121 0.570626 -0.075529
v 0.214284 0.570626 -0.075456
v 0.219006 0.581053 -0.075076
v 0.217676 0.581053 -0.078579
v 0.214258 0.581053 -0.080116
v 0.210754 0.581053 -0.078786
v 0.209217 0.581053 -0.075368
v 0.210547 0.581053 -0.071864
v 0.213965 0.581053 -0.070327
v 0.217469 0.581053 -0.071657
v 0.217012 0.581532 -0.077954
v 0.218094 0.581532 -0.075103
v 0.214230 0.581532 -0.079204
v 0.211379 0.581532 -0.078122
v 0.210129 0.581532 -0.075340
v 0.211211 0.581532 -0.072489
v 0.213993 0.581532 -0.071239
v 0.216844 0.581532 -0.072321
v 0.219006 0.580768 -0.075076
v 0.217676 0.580768 -0.078579
v 0.214258 0.580768 -0.080116
v 0.210754 0.580768 -0.078786
v 0.209217 0.580768 -0.075368
v 0.210547 0.580768 -0.071864
v 0.213965 0.580768 -0.070327
v 0.217469 0.580768 -0.071657
v 0.215606 0.579528 -0.062734
v 0.217500 0.580443 -0.062677
v 0.215020 0.579528 -0.061431
v 0.216320 0.580443 -0.060051
v 0.213685 0.579528 -0.060924
v 0.213628 0.580443 -0.059030
v 0.212382 0.579528 -0.061510
v 0.211003 0.580443 -0.060210
v 0.211875 0.579528 -0.062845
v 0.209981 0.580443 -0.062901
v 0.212461 0.579528 -0.064148
v 0.211161 0.580443 -0.065527
v 0.213796 0.579528 -0.064655
v 0.213853 0.580443 -0.066549
v 0.215099 0.579528 -0.064069
v 0.216478 0.580443 -0.065369
v 0.215020 0.580443 -0.061431
v 0.215606 0.580443 -0.062734
v 0.213685 0.580443 -0.060924
v 0.212382 0.580443 -0.061510
v 0.211875 0.580443 -0.062845
v 0.212461 0.580443 -0.064148
v 0.213796 0.580443 -0.064655
v 0.215099 0.580443 -0.064069
v 0.217079 0.584585 -0.059286
v 0.218567 0.584595 -0.062645
v 0.213623 0.584574 -0.057952
v 0.210210 0.584579 -0.059463
v 0.208914 0.584595 -0.062933
v 0.210402 0.584585 -0.066293
v 0.213885 0.584566 -0.067636
v 0.217282 0.584585 -0.066088
v 0.216643 0.584609 -0.059709
v 0.217971 0.584609 -0.062663
v 0.213614 0.584609 -0.058559
v 0.210660 0.584609 -0.059887
v 0.209510 0.584609 -0.062916
v 0.210839 0.584609 -0.065870
v 0.213867 0.584609 -0.067020
v 0.216821 0.584609 -0.065691
v 0.216643 0.584609 -0.059709
v 0.217971 0.584609 -0.062663
v 0.213614 0.584609 -0.058559
v 0.210660 0.584609 -0.059887
v 0.209510 0.584609 -0.062916
v 0.210839 0.584609 -0.065870
v 0.213867 0.584609 -0.067020
v 0.216821 0.584609 -0.065691
v 0.216326 0.584609 -0.060045
v 0.217509 0.584609 -0.062677
v 0.213628 0.584609 -0.059021
v 0.210996 0.584609 -0.060204
v 0.209972 0.584609 -0.062902
v 0.211155 0.584609 -0.065534
v 0.213853 0.584609 -0.066558
v 0.216485 0.584609 -0.065375
v 0.216326 0.581290 -0.060045
v 0.217509 0.581290 -0.062677
v 0.213628 0.581290 -0.059021
v 0.210996 0.581290 -0.060204
v 0.209972 0.581290 -0.062902
v 0.211155 0.581290 -0.065534
v 0.213853 0.581290 -0.066558
v 0.216485 0.581290 -0.065375
v 0.211155 0.582851 -0.065534
v 0.211155 0.582393 -0.065534
v 0.213853 0.582393 -0.066558
v 0.213853 0.582851 -0.066558
v 0.210996 0.582851 -0.060204
v 0.210996 0.582393 -0.060204
v 0.209972 0.582393 -0.062902
v 0.209972 0.582851 -0.062902
v 0.216326 0.582851 -0.060045
v 0.216326 0.582393 -0.060045
v 0.213628 0.582393 -0.059021
v 0.213628 0.582851 -0.059021
v 0.216485 0.582393 -0.065375
v 0.216485 0.582851 -0.065375
v 0.217509 0.582851 -0.062677
v 0.217509 0.582393 -0.062677
v 0.211622 0.582851 -0.065039
v 0.211622 0.582393 -0.065039
v 0.213833 0.582393 -0.065878
v 0.213833 0.582851 -0.065878
v 0.211491 0.582851 -0.060670
v 0.211491 0.582393 -0.060670
v 0.210652 0.582393 -0.062881
v 0.210652 0.582851 -0.062881
v 0.215860 0.582851 -0.060540
v 0.215860 0.582393 -0.060540
v 0.213648 0.582393 -0.059700
v 0.213648 0.582851 -0.059700
v 0.215990 0.582393 -0.064908
v 0.215990 0.582851 -0.064908
v 0.216829 0.582851 -0.062697
v 0.216829 0.582393 -0.062697
v 0.213968 0.590899 -0.062695
v 0.213646 0.590899 -0.062562
v 0.213513 0.590899 -0.062884
v 0.213835 0.590899 -0.063016
v 0.213975 0.580094 -0.062782
v 0.213901 0.580094 -0.062619
v 0.213734 0.580094 -0.062555
v 0.213570 0.580094 -0.062629
v 0.213507 0.580094 -0.062796
v 0.213580 0.580094 -0.062960
v 0.213748 0.580094 -0.063023
v 0.213911 0.580094 -0.062950
v 0.213975 0.580094 -0.062782
v 0.213901 0.580094 -0.062619
v 0.213734 0.580094 -0.062555
v 0.213570 0.580094 -0.062629
v 0.213507 0.580094 -0.062796
v 0.213580 0.580094 -0.062960
v 0.213748 0.580094 -0.063023
v 0.213911 0.580094 -0.062950
v 0.218633 0.590648 -0.062570
v 0.217303 0.590648 -0.066074
v 0.213884 0.590648 -0.067611
v 0.210381 0.590648 -0.066280
v 0.208844 0.590648 -0.062862
v 0.210174 0.590648 -0.059358
v 0.213592 0.590648 -0.057821
v 0.217096 0.590648 -0.059151
v 0.216639 0.591127 -0.065448
v 0.217721 0.591127 -0.062597
v 0.213857 0.591127 -0.066699
v 0.211006 0.591127 -0.065616
v 0.209755 0.591127 -0.062835
v 0.210838 0.591127 -0.059983
v 0.213620 0.591127 -0.058733
v 0.216471 0.591127 -0.059815
v 0.218633 0.590363 -0.062570
v 0.217303 0.590363 -0.066074
v 0.213884 0.590363 -0.067611
v 0.210381 0.590363 -0.066280
v 0.208844 0.590363 -0.062862
v 0.210174 0.590363 -0.059358
v 0.213592 0.590363 -0.057821
v 0.217096 0.590363 -0.059151
v 0.215150 0.584710 -0.047459
v 0.217045 0.585626 -0.047403
v 0.214565 0.584710 -0.046156
v 0.215864 0.585626 -0.044777
v 0.213229 0.584710 -0.045649
v 0.213173 0.585626 -0.043755
v 0.211926 0.584710 -0.046235
v 0.210547 0.585626 -0.044935
v 0.211419 0.584710 -0.047570
v 0.209525 0.585626 -0.047627
v 0.212005 0.584710 -0.048873
v 0.210706 0.585626 -0.050253
v 0.213340 0.584710 -0.049380
v 0.213397 0.585626 -0.051275
v 0.214643 0.584710 -0.048795
v 0.216023 0.585626 -0.050094
v 0.214565 0.585626 -0.046156
v 0.215150 0.585626 -0.047459
v 0.213229 0.585626 -0.045649
v 0.211926 0.585626 -0.046235
v 0.211419 0.585626 -0.047570
v 0.212005 0.585626 -0.048873
v 0.213340 0.585626 -0.049380
v 0.214643 0.585626 -0.048795
v 0.216583 0.589767 -0.043973
v 0.218121 0.589767 -0.047343
v 0.213141 0.589764 -0.042689
v 0.209781 0.589767 -0.044176
v 0.208436 0.589762 -0.047659
v 0.209974 0.589777 -0.051030
v 0.213402 0.589767 -0.052353
v 0.216815 0.589762 -0.050841
v 0.216187 0.589791 -0.044434
v 0.217515 0.589791 -0.047389
v 0.213159 0.589791 -0.043284
v 0.210204 0.589791 -0.044613
v 0.209055 0.589791 -0.047641
v 0.210383 0.589791 -0.050595
v 0.213411 0.589791 -0.051745
v 0.216365 0.589791 -0.050417
v 0.216187 0.589791 -0.044434
v 0.217515 0.589791 -0.047389
v 0.213159 0.589791 -0.043284
v 0.210204 0.589791 -0.044613
v 0.209055 0.589791 -0.047641
v 0.210383 0.589791 -0.050595
v 0.213411 0.589791 -0.051745
v 0.216365 0.589791 -0.050417
v 0.215870 0.589791 -0.044770
v 0.217054 0.589791 -0.047402
v 0.213172 0.589791 -0.043746
v 0.210540 0.589791 -0.044929
v 0.209516 0.589791 -0.047627
v 0.210699 0.589791 -0.050259
v 0.213397 0.589791 -0.051283
v 0.216029 0.589791 -0.050100
v 0.215870 0.586473 -0.044770
v 0.217054 0.586473 -0.047402
v 0.213172 0.586473 -0.043746
v 0.210540 0.586473 -0.044929
v 0.209516 0.586473 -0.047627
v 0.210699 0.586473 -0.050259
v 0.213397 0.586473 -0.051283
v 0.216029 0.586473 -0.050100
v 0.210699 0.588034 -0.050259
v 0.210699 0.587576 -0.050259
v 0.213397 0.587576 -0.051283
v 0.213397 0.588034 -0.051283
v 0.210540 0.588034 -0.044929
v 0.210540 0.587576 -0.044929
v 0.209516 0.587576 -0.047627
v 0.209516 0.588034 -0.047627
v 0.215870 0.588034 -0.044770
v 0.215870 0.587576 -0.044770
v 0.213172 0.587576 -0.043746
v 0.213172 0.588034 -0.043746
v 0.216029 0.587576 -0.050100
v 0.216029 0.588034 -0.050100
v 0.217054 0.588034 -0.047402
v 0.217054 0.587576 -0.047402
v 0.211166 0.588034 -0.049764
v 0.211166 0.587576 -0.049764
v 0.213377 0.587576 -0.050604
v 0.213377 0.588034 -0.050604
v 0.211035 0.588034 -0.045396
v 0.211035 0.587576 -0.045396
v 0.210196 0.587576 -0.047607
v 0.210196 0.588034 -0.047607
v 0.215404 0.588034 -0.045265
v 0.215404 0.587576 -0.045265
v 0.213193 0.587576 -0.044426
v 0.213193 0.588034 -0.044426
v 0.215534 0.587576 -0.049634
v 0.215534 0.588034 -0.049634
v 0.216374 0.588034 -0.047423
v 0.216374 0.587576 -0.047423
v 0.213519 0.596224 -0.047508
v 0.213378 0.596224 -0.047287
v 0.213057 0.596224 -0.047421
v 0.213124 0.596224 -0.047685
v 0.213380 0.596224 -0.047742
v 0.213519 0.585418 -0.047508
v 0.213445 0.585418 -0.047344
v 0.213278 0.585418 -0.047281
v 0.213114 0.585418 -0.047354
v 0.213051 0.585418 -0.047522
v 0.213124 0.585418 -0.047685
v 0.213292 0.585418 -0.047749
v 0.213455 0.585418 -0.047675
v 0.213519 0.585418 -0.047508
v 0.213445 0.585418 -0.047344
v 0.213278 0.585418 -0.047281
v 0.213114 0.585418 -0.047354
v 0.213051 0.585418 -0.047522
v 0.213124 0.585418 -0.047685
v 0.213292 0.585418 -0.047749
v 0.213455 0.585418 -0.047675
v 0.218177 0.595831 -0.047295
v 0.216847 0.595831 -0.050799
v 0.213429 0.595831 -0.052336
v 0.209925 0.595831 -0.051006
v 0.208388 0.595831 -0.047587
v 0.209718 0.595831 -0.044083
v 0.213137 0.595831 -0.042546
v 0.216640 0.595831 -0.043877
v 0.216183 0.596310 -0.050173
v 0.217265 0.596310 -0.047322
v 0.213401 0.596310 -0.051424
v 0.210550 0.596310 -0.050341
v 0.209300 0.596310 -0.047560
v 0.210382 0.596310 -0.044709
v 0.213164 0.596310 -0.043458
v 0.216015 0.596310 -0.044541
v 0.218177 0.595545 -0.047295
v 0.216847 0.595545 -0.050799
v 0.213429 0.595545 -0.052336
v 0.209925 0.595545 -0.051006
v 0.208388 0.595545 -0.047587
v 0.209718 0.595545 -0.044083
v 0.213137 0.595545 -0.042546
v 0.216640 0.595545 -0.043877
v 0.214671 0.584805 -0.031403
v 0.216565 0.585721 -0.031346
v 0.214085 0.584805 -0.030100
v 0.215385 0.585721 -0.028721
v 0.212750 0.584805 -0.029593
v 0.212694 0.585721 -0.027699
v 0.211447 0.584805 -0.030179
v 0.210068 0.585721 -0.028879
v 0.210940 0.584805 -0.031514
v 0.209046 0.585721 -0.031571
v 0.211526 0.584805 -0.032817
v 0.210227 0.585721 -0.034197
v 0.212861 0.584805 -0.033324
v 0.212918 0.585721 -0.035218
v 0.214164 0.584805 -0.032738
v 0.215544 0.585721 -0.034038
v 0.214085 0.585721 -0.030100
v 0.214671 0.585721 -0.031403
v 0.212750 0.585721 -0.029593
v 0.211447 0.585721 -0.030179
v 0.210940 0.585721 -0.031514
v 0.211526 0.585721 -0.032817
v 0.212861 0.585721 -0.033324
v 0.214164 0.585721 -0.032738
v 0.216132 0.589857 -0.027928
v 0.217632 0.589859 -0.031314
v 0.212633 0.589868 -0.026621
v 0.209264 0.589863 -0.028160
v 0.207970 0.589851 -0.031630
v 0.209507 0.589863 -0.035000
v 0.212950 0.589872 -0.036285
v 0.216293 0.589316 -0.034744
v 0.215708 0.589886 -0.028378
v 0.217036 0.589886 -0.031332
v 0.212679 0.589886 -0.027228
v 0.209725 0.589886 -0.028556
v 0.208576 0.589886 -0.031585
v 0.209904 0.589886 -0.034539
v 0.212932 0.589886 -0.035689
v 0.215886 0.589886 -0.034360
v 0.216293 0.589886 -0.034744
v 0.215708 0.589886 -0.028378
v 0.217036 0.589886 -0.031332
v 0.212679 0.589886 -0.027228
v 0.209725 0.589886 -0.028556
v 0.208576 0.589886 -0.031585
v 0.209904 0.589886 -0.034539
v 0.212932 0.589886 -0.035689
v 0.215886 0.589886 -0.034360
v 0.215391 0.589886 -0.028714
v 0.216575 0.589886 -0.031346
v 0.212693 0.589886 -0.027690
v 0.210061 0.589886 -0.028873
v 0.209037 0.589886 -0.031571
v 0.210220 0.589886 -0.034203
v 0.212918 0.589886 -0.035227
v 0.215550 0.589886 -0.034044
v 0.215391 0.586568 -0.028714
v 0.216575 0.586568 -0.031346
v 0.212693 0.586568 -0.027690
v 0.210061 0.586568 -0.028873
v 0.209037 0.586568 -0.031571
v 0.210220 0.586568 -0.034203
v 0.212918 0.586568 -0.035227
v 0.215550 0.586568 -0.034044
v 0.210220 0.588129 -0.034203
v 0.210220 0.587671 -0.034203
v 0.212918 0.587671 -0.035227
v 0.212918 0.588129 -0.035227
v 0.210061 0.588129 -0.028873
v 0.210061 0.587671 -0.028873
v 0.209037 0.587671 -0.031571
v 0.209037 0.588129 -0.031571
v 0.215391 0.588129 -0.028714
v 0.215391 0.587671 -0.028714
v 0.212693 0.587671 -0.027690
v 0.212693 0.588129 -0.027690
v 0.215550 0.587671 -0.034044
v 0.215550 0.588129 -0.034044
v 0.216575 0.588129 -0.031346
v 0.216575 0.587671 -0.031346
v 0.210687 0.588129 -0.033708
v 0.210687 0.587671 -0.033708
v 0.212898 0.587671 -0.034547
v 0.212898 0.588129 -0.034547
v 0.210556 0.588129 -0.029339
v 0.210556 0.587671 -0.029339
v 0.209717 0.587671 -0.031551
v 0.209717 0.588129 -0.031551
v 0.214925 0.588129 -0.029209
v 0.214925 0.587671 -0.029209
v 0.212714 0.587671 -0.028370
v 0.212714 0.588129 -0.028370
v 0.215055 0.587671 -0.033577
v 0.215055 0.588129 -0.033577
v 0.215895 0.588129 -0.031366
v 0.215895 0.587671 -0.031366
v 0.213040 0.596294 -0.031451
v 0.212887 0.596294 -0.031226
v 0.212578 0.596294 -0.031372
v 0.212645 0.596294 -0.031629
v 0.212900 0.596294 -0.031686
v 0.213040 0.585489 -0.031451
v 0.212966 0.585489 -0.031288
v 0.212799 0.585489 -0.031224
v 0.212635 0.585489 -0.031298
v 0.212572 0.585489 -0.031465
v 0.212645 0.585489 -0.031629
v 0.212813 0.585489 -0.031693
v 0.212976 0.585489 -0.031619
v 0.213040 0.585489 -0.031451
v 0.212966 0.585489 -0.031288
v 0.212799 0.585489 -0.031224
v 0.212635 0.585489 -0.031298
v 0.212572 0.585489 -0.031465
v 0.212645 0.585489 -0.031629
v 0.212813 0.585489 -0.031693
v 0.212976 0.585489 -0.031619
v 0.217698 0.595926 -0.031239
v 0.216368 0.595926 -0.034743
v 0.212950 0.595926 -0.036280
v 0.209446 0.595926 -0.034949
v 0.207909 0.595926 -0.031531
v 0.209239 0.595926 -0.028027
v 0.212657 0.595926 -0.026490
v 0.216161 0.595926 -0.027821
v 0.215704 0.596405 -0.034117
v 0.216786 0.596405 -0.031266
v 0.212922 0.596405 -0.035368
v 0.210071 0.596405 -0.034285
v 0.208821 0.596405 -0.031504
v 0.209903 0.596405 -0.028653
v 0.212685 0.596405 -0.027402
v 0.215536 0.596405 -0.028485
v 0.217698 0.595640 -0.031239
v 0.216368 0.595640 -0.034743
v 0.212950 0.595640 -0.036280
v 0.209446 0.595640 -0.034949
v 0.207909 0.595640 -0.031531
v 0.209239 0.595640 -0.028027
v 0.212657 0.595640 -0.026490
v 0.216161 0.595640 -0.027821
v 0.214219 0.579569 -0.016229
v 0.216113 0.580485 -0.016172
v 0.213633 0.579569 -0.014926
v 0.214932 0.580485 -0.013547
v 0.212297 0.579569 -0.014419
v 0.212241 0.580485 -0.012525
v 0.210994 0.579569 -0.015005
v 0.209615 0.580485 -0.013705
v 0.210487 0.579569 -0.016340
v 0.208593 0.580485 -0.016397
v 0.211073 0.579569 -0.017643
v 0.209774 0.580485 -0.019022
v 0.212409 0.579569 -0.018150
v 0.212465 0.580485 -0.020044
v 0.213711 0.579569 -0.017564
v 0.215091 0.580485 -0.018864
v 0.213633 0.580485 -0.014926
v 0.214219 0.580485 -0.016229
v 0.212297 0.580485 -0.014419
v 0.210994 0.580485 -0.015005
v 0.210487 0.580485 -0.016340
v 0.211073 0.580485 -0.017643
v 0.212409 0.580485 -0.018150
v 0.213711 0.580485 -0.017564
v 0.215664 0.584632 -0.012770
v 0.217190 0.584626 -0.016112
v 0.212236 0.584626 -0.011446
v 0.208849 0.584626 -0.012946
v 0.207564 0.584080 -0.016427
v 0.209042 0.584632 -0.019799
v 0.212470 0.584626 -0.021123
v 0.215882 0.584608 -0.019609
v 0.215255 0.584650 -0.013204
v 0.216583 0.584650 -0.016158
v 0.212227 0.584650 -0.012054
v 0.209272 0.584650 -0.013382
v 0.208123 0.584650 -0.016411
v 0.209451 0.584650 -0.019365
v 0.212479 0.584650 -0.020515
v 0.215433 0.584650 -0.019186
v 0.207564 0.584650 -0.016427
v 0.215255 0.584650 -0.013204
v 0.216583 0.584650 -0.016158
v 0.212227 0.584650 -0.012054
v 0.209272 0.584650 -0.013382
v 0.208123 0.584650 -0.016411
v 0.209451 0.584650 -0.019365
v 0.212479 0.584650 -0.020515
v 0.215433 0.584650 -0.019186
v 0.214938 0.584650 -0.013540
v 0.216122 0.584650 -0.016172
v 0.212241 0.584650 -0.012516
v 0.209608 0.584650 -0.013699
v 0.208584 0.584650 -0.016397
v 0.209767 0.584650 -0.019029
v 0.212465 0.584650 -0.020053
v 0.215097 0.584650 -0.018870
v 0.214938 0.581332 -0.013540
v 0.216122 0.581332 -0.016172
v 0.212241 0.581332 -0.012516
v 0.209608 0.581332 -0.013699
v 0.208584 0.581332 -0.016397
v 0.209767 0.581332 -0.019029
v 0.212465 0.581332 -0.020053
v 0.215097 0.581332 -0.018870
v 0.209767 0.582893 -0.019029
v 0.209767 0.582435 -0.019029
v 0.212465 0.582435 -0.020053
v 0.212465 0.582893 -0.020053
v 0.209608 0.582893 -0.013699
v 0.209608 0.582435 -0.013699
v 0.208584 0.582435 -0.016397
v 0.208584 0.582893 -0.016397
v 0.214938 0.582893 -0.013540
v 0.214938 0.582435 -0.013540
v 0.212241 0.582435 -0.012516
v 0.212241 0.582893 -0.012516
v 0.215097 0.582435 -0.018870
v 0.215097 0.582893 -0.018870
v 0.216122 0.582893 -0.016172
v 0.216122 0.582435 -0.016172
v 0.210234 0.582893 -0.018534
v 0.210234 0.582435 -0.018534
v 0.212445 0.582435 -0.019373
v 0.212445 0.582893 -0.019373
v 0.210104 0.582893 -0.014165
v 0.210104 0.582435 -0.014165
v 0.209264 0.582435 -0.016377
v 0.209264 0.582893 -0.016377
v 0.214472 0.582893 -0.014035
v 0.214472 0.582435 -0.014035
v 0.212261 0.582435 -0.013196
v 0.212261 0.582893 -0.013196
v 0.214602 0.582435 -0.018403
v 0.214602 0.582893 -0.018403
v 0.215442 0.582893 -0.016192
v 0.215442 0.582435 -0.016192
v 0.212580 0.591071 -0.016190
v 0.212258 0.591071 -0.016057
v 0.212126 0.591071 -0.016379
v 0.212448 0.591071 -0.016512
v 0.212587 0.580266 -0.016277
v 0.212513 0.580266 -0.016114
v 0.212346 0.580266 -0.016050
v 0.212183 0.580266 -0.016124
v 0.212119 0.580266 -0.016291
v 0.212192 0.580266 -0.016455
v 0.212360 0.580266 -0.016518
v 0.212523 0.580266 -0.016445
v 0.212587 0.580266 -0.016277
v 0.212513 0.580266 -0.016114
v 0.212346 0.580266 -0.016050
v 0.212183 0.580266 -0.016124
v 0.212119 0.580266 -0.016291
v 0.212192 0.580266 -0.016455
v 0.212360 0.580266 -0.016518
v 0.212523 0.580266 -0.016445
v 0.217246 0.590690 -0.016065
v 0.215915 0.590690 -0.019569
v 0.212497 0.590690 -0.021106
v 0.208993 0.590690 -0.019775
v 0.207456 0.590690 -0.016357
v 0.208786 0.590690 -0.012853
v 0.212205 0.590690 -0.011316
v 0.215709 0.590690 -0.012646
v 0.215251 0.591169 -0.018943
v 0.216334 0.591169 -0.016092
v 0.212470 0.591169 -0.020194
v 0.209619 0.591169 -0.019111
v 0.208368 0.591169 -0.016330
v 0.209450 0.591169 -0.013479
v 0.212232 0.591169 -0.012228
v 0.215083 0.591169 -0.013310
v 0.217246 0.590404 -0.016065
v 0.215915 0.590404 -0.019569
v 0.212497 0.590404 -0.021106
v 0.208993 0.590404 -0.019775
v 0.207456 0.590404 -0.016357
v 0.208786 0.590404 -0.012853
v 0.212205 0.590404 -0.011316
v 0.215709 0.590404 -0.012646
v 0.213844 0.569752 -0.003684
v 0.215738 0.570667 -0.003628
v 0.213258 0.569752 -0.002381
v 0.214558 0.570667 -0.001002
v 0.211923 0.569752 -0.001874
v 0.211866 0.570667 0.000020
v 0.210620 0.569752 -0.002460
v 0.209241 0.570667 -0.001161
v 0.210113 0.569752 -0.003796
v 0.208219 0.570667 -0.003852
v 0.210699 0.569752 -0.005098
v 0.209399 0.570667 -0.006478
v 0.212034 0.569752 -0.005606
v 0.212091 0.570667 -0.007500
v 0.213337 0.569752 -0.005020
v 0.214717 0.570667 -0.006319
v 0.213258 0.570667 -0.002381
v 0.213844 0.570667 -0.003684
v 0.211923 0.570667 -0.001874
v 0.210620 0.570667 -0.002460
v 0.210113 0.570667 -0.003796
v 0.210699 0.570667 -0.005098
v 0.212034 0.570667 -0.005606
v 0.213337 0.570667 -0.005020
v 0.215317 0.574809 -0.000236
v 0.216805 0.574805 -0.003596
v 0.211862 0.574809 0.001098
v 0.208448 0.574803 -0.000414
v 0.207141 0.574814 -0.003912
v 0.208668 0.574814 -0.007255
v 0.212123 0.574803 -0.008588
v 0.215520 0.574809 -0.007038
v 0.214881 0.574833 -0.000659
v 0.216209 0.574833 -0.003614
v 0.211852 0.574833 0.000490
v 0.208898 0.574833 -0.000838
v 0.207748 0.574833 -0.003866
v 0.209077 0.574833 -0.006820
v 0.212105 0.574833 -0.007970
v 0.215059 0.574833 -0.006642
v 0.214881 0.574833 -0.000659
v 0.216209 0.574833 -0.003614
v 0.211852 0.574833 0.000490
v 0.208898 0.574833 -0.000838
v 0.207748 0.574833 -0.003866
v 0.209077 0.574833 -0.006820
v 0.212105 0.574833 -0.007970
v 0.215059 0.574833 -0.006642
v 0.214564 0.574833 -0.000995
v 0.215748 0.574833 -0.003627
v 0.211866 0.574833 0.000029
v 0.209234 0.574833 -0.001154
v 0.208210 0.574833 -0.003852
v 0.209393 0.574833 -0.006484
v 0.212091 0.574833 -0.007509
v 0.214723 0.574833 -0.006325
v 0.214564 0.571514 -0.000995
v 0.215748 0.571514 -0.003627
v 0.211866 0.571514 0.000029
v 0.209234 0.571514 -0.001154
v 0.208210 0.571514 -0.003852
v 0.209393 0.571514 -0.006484
v 0.212091 0.571514 -0.007509
v 0.214723 0.571514 -0.006325
v 0.209393 0.573075 -0.006484
v 0.209393 0.572617 -0.006484
v 0.212091 0.572617 -0.007509
v 0.212091 0.573075 -0.007509
v 0.209234 0.573075 -0.001154
v 0.209234 0.572617 -0.001154
v 0.208210 0.572617 -0.003852
v 0.208210 0.573075 -0.003852
v 0.214564 0.573075 -0.000995
v 0.214564 0.572617 -0.000995
v 0.211866 0.572617 0.000029
v 0.211866 0.573075 0.000029
v 0.214723 0.572617 -0.006325
v 0.214723 0.573075 -0.006325
v 0.215748 0.573075 -0.003627
v 0.215748 0.572617 -0.003627
v 0.209860 0.573075 -0.005989
v 0.209860 0.572617 -0.005989
v 0.212071 0.572617 -0.006829
v 0.212071 0.573075 -0.006829
v 0.209729 0.573075 -0.001621
v 0.209729 0.572617 -0.001621
v 0.208890 0.572617 -0.003832
v 0.208890 0.573075 -0.003832
v 0.214098 0.573075 -0.001491
v 0.214098 0.572617 -0.001491
v 0.211886 0.572617 -0.000651
v 0.211886 0.573075 -0.000651
v 0.214228 0.572617 -0.005859
v 0.214228 0.573075 -0.005859
v 0.215067 0.573075 -0.003648
v 0.215067 0.572617 -0.003648
v 0.212206 0.581267 -0.003645
v 0.211972 0.581267 -0.003506
v 0.211751 0.581267 -0.003653
v 0.211818 0.581267 -0.003910
v 0.212073 0.581267 -0.003967
v 0.212213 0.570461 -0.003733
v 0.212139 0.570461 -0.003569
v 0.211972 0.570461 -0.003506
v 0.211808 0.570461 -0.003579
v 0.211745 0.570461 -0.003747
v 0.211818 0.570461 -0.003910
v 0.211986 0.570461 -0.003974
v 0.212149 0.570461 -0.003901
v 0.212213 0.570461 -0.003733
v 0.212139 0.570461 -0.003569
v 0.211972 0.570461 -0.003506
v 0.211808 0.570461 -0.003579
v 0.211745 0.570461 -0.003747
v 0.211818 0.570461 -0.003910
v 0.211986 0.570461 -0.003974
v 0.212149 0.570461 -0.003901
v 0.216871 0.580872 -0.003520
v 0.215541 0.580872 -0.007024
v 0.212123 0.580872 -0.008561
v 0.208619 0.580872 -0.007231
v 0.207082 0.580872 -0.003812
v 0.208412 0.580872 -0.000308
v 0.211830 0.580872 0.001229
v 0.215334 0.580872 -0.000102
v 0.214877 0.581351 -0.006399
v 0.215959 0.581351 -0.003547
v 0.212095 0.581351 -0.007649
v 0.209244 0.581351 -0.006567
v 0.207994 0.581351 -0.003785
v 0.209076 0.581351 -0.000934
v 0.211858 0.581351 0.000317
v 0.214709 0.581351 -0.000766
v 0.216871 0.580587 -0.003520
v 0.215541 0.580587 -0.007024
v 0.212123 0.580587 -0.008561
v 0.208619 0.580587 -0.007231
v 0.207082 0.580587 -0.003812
v 0.208412 0.580587 -0.000308
v 0.211830 0.580587 0.001229
v 0.215334 0.580587 -0.000102
v 0.213588 0.556572 0.004901
v 0.215482 0.557488 0.004957
v 0.213002 0.556572 0.006203
v 0.214302 0.557488 0.007583
v 0.211667 0.556572 0.006711
v 0.211610 0.557488 0.008605
v 0.210364 0.556572 0.006125
v 0.208985 0.557488 0.007424
v 0.209857 0.556572 0.004789
v 0.207963 0.557488 0.004733
v 0.210443 0.556572 0.003486
v 0.209143 0.557488 0.002107
v 0.211778 0.556572 0.002979
v 0.211835 0.557488 0.001085
v 0.213081 0.556572 0.003565
v 0.214460 0.557488 0.002266
v 0.213002 0.557488 0.006203
v 0.213588 0.557488 0.004901
v 0.211667 0.557488 0.006711
v 0.210364 0.557488 0.006125
v 0.209857 0.557488 0.004789
v 0.210443 0.557488 0.003486
v 0.211778 0.557488 0.002979
v 0.213081 0.557488 0.003565
v 0.215061 0.561630 0.008349
v 0.216560 0.561619 0.004962
v 0.211580 0.561083 0.009634
v 0.208181 0.561630 0.008143
v 0.206886 0.561630 0.004673
v 0.208412 0.561635 0.001330
v 0.211839 0.561630 0.000007
v 0.215226 0.561630 0.001506
v 0.214624 0.561653 0.007925
v 0.215953 0.561653 0.004971
v 0.211596 0.561653 0.009075
v 0.208642 0.561653 0.007747
v 0.207492 0.561653 0.004719
v 0.208821 0.561653 0.001764
v 0.211849 0.561653 0.000615
v 0.214803 0.561653 0.001943
v 0.211580 0.561653 0.009634
v 0.214624 0.561653 0.007925
v 0.215953 0.561653 0.004971
v 0.211596 0.561653 0.009075
v 0.208642 0.561653 0.007747
v 0.207492 0.561653 0.004719
v 0.208821 0.561653 0.001764
v 0.211849 0.561653 0.000615
v 0.214803 0.561653 0.001943
v 0.214308 0.561653 0.007589
v 0.215491 0.561653 0.004957
v 0.211610 0.561653 0.008614
v 0.208978 0.561653 0.007430
v 0.207954 0.561653 0.004732
v 0.209137 0.561653 0.002100
v 0.211835 0.561653 0.001076
v 0.214467 0.561653 0.002259
v 0.214308 0.558335 0.007589
v 0.215491 0.558335 0.004957
v 0.211610 0.558335 0.008614
v 0.208978 0.558335 0.007430
v 0.207954 0.558335 0.004732
v 0.209137 0.558335 0.002100
v 0.211835 0.558335 0.001076
v 0.214467 0.558335 0.002259
v 0.209137 0.559896 0.002100
v 0.209137 0.559438 0.002100
v 0.211835 0.559438 0.001076
v 0.211835 0.559896 0.001076
v 0.208978 0.559896 0.007430
v 0.208978 0.559438 0.007430
v 0.207954 0.559438 0.004732
v 0.207954 0.559896 0.004732
v 0.214308 0.559896 0.007589
v 0.214308 0.559438 0.007589
v 0.211610 0.559438 0.008614
v 0.211610 0.559896 0.008614
v 0.214467 0.559438 0.002259
v 0.214467 0.559896 0.002259
v 0.215491 0.559896 0.004957
v 0.215491 0.559438 0.004957
v 0.209603 0.559896 0.002596
v 0.209603 0.559438 0.002596
v 0.211815 0.559438 0.001756
v 0.211815 0.559896 0.001756
v 0.209473 0.559896 0.006964
v 0.209473 0.559438 0.006964
v 0.208634 0.559438 0.004753
v 0.208634 0.559896 0.004753
v 0.213842 0.559896 0.007094
v 0.213842 0.559438 0.007094
v 0.211630 0.559438 0.007934
v 0.211630 0.559896 0.007934
v 0.213972 0.559438 0.002726
v 0.213972 0.559896 0.002726
v 0.214811 0.559896 0.004937
v 0.214811 0.559438 0.004937
v 0.211957 0.568033 0.004852
v 0.211816 0.568033 0.005072
v 0.211552 0.568033 0.005005
v 0.211495 0.568033 0.004750
v 0.211817 0.568033 0.004618
v 0.211957 0.557228 0.004852
v 0.211883 0.557228 0.005015
v 0.211716 0.557228 0.005079
v 0.211552 0.557228 0.005005
v 0.211488 0.557228 0.004838
v 0.211562 0.557228 0.004675
v 0.211729 0.557228 0.004611
v 0.211893 0.557228 0.004684
v 0.211957 0.557228 0.004852
v 0.211883 0.557228 0.005015
v 0.211716 0.557228 0.005079
v 0.211552 0.557228 0.005005
v 0.211488 0.557228 0.004838
v 0.211562 0.557228 0.004675
v 0.211729 0.557228 0.004611
v 0.211893 0.557228 0.004684
v 0.216615 0.567693 0.005065
v 0.215285 0.567693 0.001561
v 0.211866 0.567693 0.000024
v 0.208362 0.567693 0.001354
v 0.206825 0.567693 0.004772
v 0.208156 0.567693 0.008276
v 0.211574 0.567693 0.009813
v 0.215078 0.567693 0.008483
v 0.214621 0.568172 0.002186
v 0.215703 0.568172 0.005037
v 0.211839 0.568172 0.000936
v 0.208988 0.568172 0.002018
v 0.207737 0.568172 0.004800
v 0.208820 0.568172 0.007651
v 0.211601 0.568172 0.008901
v 0.214453 0.568172 0.007819
v 0.216615 0.567408 0.005065
v 0.215285 0.567408 0.001561
v 0.211866 0.567408 0.000024
v 0.208362 0.567408 0.001354
v 0.206825 0.567408 0.004772
v 0.208156 0.567408 0.008276
v 0.211574 0.567408 0.009813
v 0.215078 0.567408 0.008483
v 0.213455 0.540981 0.009346
v 0.215350 0.541897 0.009403
v 0.212870 0.540981 0.010649
v 0.214169 0.541897 0.012029
v 0.211534 0.540981 0.011156
v 0.211478 0.541897 0.013050
v 0.210231 0.540981 0.010570
v 0.208852 0.541897 0.011870
v 0.209724 0.540981 0.009235
v 0.207830 0.541897 0.009178
v 0.210310 0.540981 0.007932
v 0.209011 0.541897 0.006553
v 0.211646 0.540981 0.007425
v 0.211702 0.541897 0.005531
v 0.212948 0.540981 0.008011
v 0.214328 0.541897 0.006711
v 0.212870 0.541897 0.010649
v 0.213455 0.541897 0.009346
v 0.211534 0.541897 0.011156
v 0.210231 0.541897 0.010570
v 0.209724 0.541897 0.009235
v 0.210310 0.541897 0.007932
v 0.211646 0.541897 0.007425
v 0.212948 0.541897 0.008011
v 0.214875 0.545491 0.012778
v 0.216429 0.546044 0.009407
v 0.211446 0.546043 0.014117
v 0.208086 0.546038 0.012629
v 0.206741 0.546033 0.009146
v 0.208279 0.546043 0.005776
v 0.211707 0.546027 0.004453
v 0.215094 0.546038 0.005952
v 0.214492 0.546062 0.012371
v 0.215820 0.546062 0.009417
v 0.211464 0.546062 0.013521
v 0.208509 0.546062 0.012192
v 0.207360 0.546062 0.009164
v 0.208688 0.546062 0.006210
v 0.211716 0.546062 0.005060
v 0.214670 0.546062 0.006389
v 0.214875 0.546062 0.012778
v 0.214492 0.546062 0.012371
v 0.215820 0.546062 0.009417
v 0.211464 0.546062 0.013521
v 0.208509 0.546062 0.012192
v 0.207360 0.546062 0.009164
v 0.208688 0.546062 0.006210
v 0.211716 0.546062 0.005060
v 0.214670 0.546062 0.006389
v 0.214175 0.546062 0.012035
v 0.215359 0.546062 0.009403
v 0.211477 0.546062 0.013059
v 0.208845 0.546062 0.011876
v 0.207821 0.546062 0.009178
v 0.209004 0.546062 0.006546
v 0.211702 0.546062 0.005522
v 0.214334 0.546062 0.006705
v 0.214175 0.542744 0.012035
v 0.215359 0.542744 0.009403
v 0.211477 0.542744 0.013059
v 0.208845 0.542744 0.011876
v 0.207821 0.542744 0.009178
v 0.209004 0.542744 0.006546
v 0.211702 0.542744 0.005522
v 0.214334 0.542744 0.006705
v 0.209004 0.544305 0.006546
v 0.209004 0.543846 0.006546
v 0.211702 0.543846 0.005522
v 0.211702 0.544305 0.005522
v 0.208845 0.544305 0.011876
v 0.208845 0.543846 0.011876
v 0.207821 0.543846 0.009178
v 0.207821 0.544305 0.009178
v 0.214175 0.544305 0.012035
v 0.214175 0.543846 0.012035
v 0.211477 0.543846 0.013059
v 0.211477 0.544305 0.013059
v 0.214334 0.543846 0.006705
v 0.214334 0.544305 0.006705
v 0.215359 0.544305 0.009403
v 0.215359 0.543846 0.009403
v 0.209471 0.544305 0.007041
v 0.209471 0.543846 0.007041
v 0.211682 0.543846 0.006202
v 0.211682 0.544305 0.006202
v 0.209340 0.544305 0.011409
v 0.209340 0.543846 0.011409
v 0.208501 0.543846 0.009198
v 0.208501 0.544305 0.009198
v 0.213709 0.544305 0.011540
v 0.213709 0.543846 0.011540
v 0.211498 0.543846 0.012379
v 0.211498 0.544305 0.012379
v 0.213839 0.543846 0.007172
v 0.213839 0.544305 0.007172
v 0.214679 0.544305 0.009383
v 0.214679 0.543846 0.009383
v 0.211824 0.552440 0.009297
v 0.211676 0.552440 0.009519
v 0.211362 0.552440 0.009384
v 0.211429 0.552440 0.009120
v 0.211697 0.552440 0.009069
v 0.211824 0.541635 0.009297
v 0.211750 0.541635 0.009461
v 0.211583 0.541635 0.009525
v 0.211419 0.541635 0.009451
v 0.211356 0.541635 0.009283
v 0.211429 0.541635 0.009120
v 0.211597 0.541635 0.009056
v 0.211760 0.541635 0.009130
v 0.211824 0.541635 0.009297
v 0.211750 0.541635 0.009461
v 0.211583 0.541635 0.009525
v 0.211419 0.541635 0.009451
v 0.211356 0.541635 0.009283
v 0.211429 0.541635 0.009120
v 0.211597 0.541635 0.009056
v 0.211760 0.541635 0.009130
v 0.216483 0.552101 0.009510
v 0.215152 0.552101 0.006006
v 0.211734 0.552101 0.004469
v 0.208230 0.552101 0.005800
v 0.206693 0.552101 0.009218
v 0.208023 0.552101 0.012722
v 0.211442 0.552101 0.014259
v 0.214945 0.552101 0.012929
v 0.214488 0.552581 0.006632
v 0.215571 0.552581 0.009483
v 0.211707 0.552581 0.005381
v 0.208855 0.552581 0.006464
v 0.207605 0.552581 0.009245
v 0.208687 0.552581 0.012096
v 0.211469 0.552581 0.013347
v 0.214320 0.552581 0.012265
v 0.216483 0.551816 0.009510
v 0.215152 0.551816 0.006006
v 0.211734 0.551816 0.004469
v 0.208230 0.551816 0.005800
v 0.206693 0.551816 0.009218
v 0.208023 0.551816 0.012722
v 0.211442 0.551816 0.014259
v 0.214945 0.551816 0.012929
v 0.213496 0.525114 0.008003
v 0.215390 0.526030 0.008059
v 0.212910 0.525114 0.009306
v 0.214209 0.526030 0.010685
v 0.211574 0.525114 0.009813
v 0.211518 0.526030 0.011707
v 0.210271 0.525114 0.009227
v 0.208892 0.526030 0.010527
v 0.209764 0.525115 0.007891
v 0.207870 0.526030 0.007835
v 0.210350 0.525114 0.006589
v 0.209051 0.526030 0.005209
v 0.211686 0.525114 0.006082
v 0.211742 0.526030 0.004187
v 0.212988 0.525114 0.006667
v 0.214368 0.526030 0.005368
v 0.212910 0.526030 0.009306
v 0.213496 0.526030 0.008003
v 0.211574 0.526030 0.009813
v 0.210271 0.526030 0.009227
v 0.209764 0.526030 0.007891
v 0.210350 0.526030 0.006589
v 0.211686 0.526030 0.006082
v 0.212988 0.526030 0.006667
v 0.214969 0.530172 0.011451
v 0.216468 0.530172 0.008064
v 0.211485 0.530166 0.012796
v 0.208088 0.530172 0.011246
v 0.206804 0.530168 0.007803
v 0.208304 0.530166 0.004417
v 0.211802 0.530177 0.003110
v 0.215145 0.530177 0.004636
v 0.214532 0.530195 0.011028
v 0.215860 0.530195 0.008073
v 0.211504 0.530195 0.012177
v 0.208549 0.530195 0.010849
v 0.207400 0.530195 0.007821
v 0.208728 0.530195 0.004867
v 0.211756 0.530195 0.003717
v 0.214710 0.530195 0.005045
v 0.214532 0.530195 0.011028
v 0.215860 0.530195 0.008073
v 0.211504 0.530195 0.012177
v 0.208549 0.530195 0.010849
v 0.207400 0.530195 0.007821
v 0.208728 0.530195 0.004867
v 0.211756 0.530195 0.003717
v 0.214710 0.530195 0.005045
v 0.214215 0.530195 0.010692
v 0.215399 0.530195 0.008060
v 0.211517 0.530195 0.011716
v 0.208885 0.530195 0.010533
v 0.207861 0.530195 0.007835
v 0.209044 0.530195 0.005203
v 0.211742 0.530195 0.004178
v 0.214374 0.530195 0.005362
v 0.214215 0.526877 0.010692
v 0.215399 0.526877 0.008060
v 0.211517 0.526877 0.011716
v 0.208885 0.526877 0.010533
v 0.207861 0.526877 0.007835
v 0.209044 0.526877 0.005203
v 0.211742 0.526877 0.004178
v 0.214374 0.526877 0.005362
v 0.209044 0.528438 0.005203
v 0.209044 0.527980 0.005203
v 0.211742 0.527980 0.004178
v 0.211742 0.528438 0.004178
v 0.208885 0.528438 0.010533
v 0.208885 0.527980 0.010533
v 0.207861 0.527980 0.007835
v 0.207861 0.528438 0.007835
v 0.214215 0.528438 0.010692
v 0.214215 0.527980 0.010692
v 0.211517 0.527980 0.011716
v 0.211517 0.528438 0.011716
v 0.214374 0.527980 0.005362
v 0.214374 0.528438 0.005362
v 0.215399 0.528438 0.008060
v 0.215399 0.527980 0.008060
v 0.209511 0.528438 0.005698
v 0.209511 0.527980 0.005698
v 0.211722 0.527980 0.004858
v 0.211722 0.528438 0.004858
v 0.209381 0.528438 0.010066
v 0.209381 0.527980 0.010066
v 0.208541 0.527980 0.007855
v 0.208541 0.528438 0.007855
v 0.213749 0.528438 0.010197
v 0.213749 0.527980 0.010197
v 0.211538 0.527980 0.011036
v 0.211538 0.528438 0.011036
v 0.213879 0.527980 0.005828
v 0.213879 0.528438 0.005828
v 0.214719 0.528438 0.008039
v 0.214719 0.527980 0.008039
v 0.211864 0.536478 0.007954
v 0.211724 0.536478 0.008175
v 0.211460 0.536478 0.008108
v 0.211403 0.536478 0.007852
v 0.211725 0.536478 0.007720
v 0.211864 0.525673 0.007954
v 0.211790 0.525673 0.008118
v 0.211623 0.525673 0.008181
v 0.211460 0.525673 0.008108
v 0.211396 0.525673 0.007940
v 0.211469 0.525673 0.007777
v 0.211637 0.525673 0.007713
v 0.211800 0.525673 0.007787
v 0.211864 0.525673 0.007954
v 0.211790 0.525673 0.008118
v 0.211623 0.525673 0.008181
v 0.211460 0.525673 0.008108
v 0.211396 0.525673 0.007940
v 0.211469 0.525673 0.007777
v 0.211637 0.525673 0.007713
v 0.211800 0.525673 0.007787
v 0.216523 0.536235 0.008167
v 0.215192 0.536235 0.004663
v 0.211774 0.536235 0.003126
v 0.208270 0.536235 0.004456
v 0.206733 0.536235 0.007875
v 0.208063 0.536235 0.011379
v 0.211482 0.536235 0.012916
v 0.214986 0.536235 0.011585
v 0.214528 0.536714 0.005288
v 0.215611 0.536714 0.008140
v 0.211747 0.536714 0.004038
v 0.208895 0.536714 0.005120
v 0.207645 0.536714 0.007902
v 0.208727 0.536714 0.010753
v 0.211509 0.536714 0.012004
v 0.214360 0.536714 0.010921
v 0.216523 0.535949 0.008167
v 0.215192 0.535949 0.004663
v 0.211774 0.535949 0.003126
v 0.208270 0.535949 0.004456
v 0.206733 0.535949 0.007875
v 0.208063 0.535949 0.011379
v 0.211482 0.535949 0.012916
v 0.214986 0.535949 0.011585
v 0.213705 0.510561 0.000981
v 0.215599 0.511476 0.001038
v 0.213119 0.510561 0.002284
v 0.214419 0.511476 0.003664
v 0.211784 0.510561 0.002791
v 0.211727 0.511477 0.004686
v 0.210481 0.510561 0.002205
v 0.209102 0.511477 0.003505
v 0.209974 0.510561 0.000870
v 0.208080 0.511477 0.000813
v 0.210560 0.510561 -0.000433
v 0.209260 0.511477 -0.001812
v 0.211895 0.510561 -0.000940
v 0.211952 0.511477 -0.002834
v 0.213198 0.510561 -0.000354
v 0.214577 0.511476 -0.001654
v 0.213119 0.511477 0.002284
v 0.213705 0.511476 0.000981
v 0.211784 0.511477 0.002791
v 0.210481 0.511477 0.002206
v 0.209974 0.511477 0.000870
v 0.210560 0.511477 -0.000433
v 0.211895 0.511476 -0.000940
v 0.213198 0.511477 -0.000354
v 0.215138 0.515618 0.004467
v 0.216676 0.515618 0.001098
v 0.211668 0.515618 0.005762
v 0.208325 0.515623 0.004237
v 0.207002 0.515607 0.000809
v 0.208501 0.515618 -0.002578
v 0.211956 0.515624 -0.003913
v 0.215370 0.515613 -0.002400
v 0.214741 0.515642 0.004006
v 0.216070 0.515642 0.001052
v 0.211713 0.515642 0.005156
v 0.208759 0.515642 0.003828
v 0.207609 0.515642 0.000799
v 0.208937 0.515642 -0.002155
v 0.211966 0.515642 -0.003305
v 0.214920 0.515642 -0.001976
v 0.214741 0.515642 0.004006
v 0.216070 0.515642 0.001052
v 0.211713 0.515642 0.005156
v 0.208759 0.515642 0.003828
v 0.207609 0.515642 0.000799
v 0.208937 0.515642 -0.002155
v 0.211966 0.515642 -0.003305
v 0.214920 0.515642 -0.001976
v 0.214425 0.515642 0.003670
v 0.215608 0.515642 0.001038
v 0.211727 0.515642 0.004694
v 0.209095 0.515642 0.003511
v 0.208071 0.515642 0.000813
v 0.209254 0.515642 -0.001819
v 0.211952 0.515642 -0.002843
v 0.214584 0.515642 -0.001660
v 0.214425 0.512323 0.003670
v 0.215608 0.512323 0.001038
v 0.211727 0.512323 0.004694
v 0.209095 0.512323 0.003511
v 0.208071 0.512323 0.000813
v 0.209254 0.512323 -0.001819
v 0.211952 0.512323 -0.002843
v 0.214584 0.512323 -0.001660
v 0.209254 0.513884 -0.001819
v 0.209254 0.513426 -0.001819
v 0.211952 0.513426 -0.002843
v 0.211952 0.513884 -0.002843
v 0.209095 0.513884 0.003511
v 0.209095 0.513426 0.003511
v 0.208071 0.513426 0.000813
v 0.208071 0.513884 0.000813
v 0.214425 0.513884 0.003670
v 0.214425 0.513426 0.003670
v 0.211727 0.513426 0.004694
v 0.211727 0.513884 0.004694
v 0.214584 0.513426 -0.001660
v 0.214584 0.513884 -0.001660
v 0.215608 0.513884 0.001038
v 0.215608 0.513426 0.001038
v 0.209720 0.513884 -0.001324
v 0.209720 0.513426 -0.001324
v 0.211932 0.513426 -0.002163
v 0.211932 0.513884 -0.002163
v 0.209590 0.513884 0.003045
v 0.209590 0.513426 0.003045
v 0.208751 0.513426 0.000833
v 0.208751 0.513884 0.000833
v 0.213958 0.513884 0.003175
v 0.213958 0.513426 0.003175
v 0.211747 0.513426 0.004015
v 0.211747 0.513884 0.004015
v 0.214089 0.513426 -0.001193
v 0.214089 0.513884 -0.001193
v 0.214928 0.513884 0.001018
v 0.214928 0.513426 0.001018
v 0.212073 0.522125 0.000933
v 0.211933 0.522125 0.001153
v 0.211669 0.522125 0.001086
v 0.211617 0.522125 0.000826
v 0.211934 0.522125 0.000699
v 0.212073 0.511320 0.000933
v 0.212000 0.511320 0.001096
v 0.211832 0.511320 0.001160
v 0.211669 0.511320 0.001086
v 0.211605 0.511320 0.000919
v 0.211679 0.511320 0.000755
v 0.211846 0.511320 0.000692
v 0.212010 0.511320 0.000765
v 0.212073 0.511320 0.000933
v 0.212000 0.511320 0.001096
v 0.211832 0.511320 0.001160
v 0.211669 0.511320 0.001086
v 0.211605 0.511320 0.000919
v 0.211679 0.511320 0.000755
v 0.211846 0.511320 0.000692
v 0.212010 0.511320 0.000765
v 0.216732 0.521681 0.001145
v 0.215402 0.521681 -0.002359
v 0.211983 0.521681 -0.003895
v 0.208479 0.521681 -0.002565
v 0.206942 0.521681 0.000853
v 0.208273 0.521681 0.004357
v 0.211691 0.521681 0.005894
v 0.215195 0.521681 0.004564
v 0.214738 0.522161 -0.001733
v 0.215820 0.522161 0.001118
v 0.211956 0.522161 -0.002984
v 0.209105 0.522161 -0.001901
v 0.207854 0.522161 0.000881
v 0.208937 0.522161 0.003732
v 0.211718 0.522161 0.004982
v 0.214570 0.522161 0.003900
v 0.216732 0.521396 0.001145
v 0.215402 0.521396 -0.002359
v 0.211983 0.521396 -0.003895
v 0.208479 0.521396 -0.002565
v 0.206942 0.521396 0.000853
v 0.208273 0.521396 0.004357
v 0.211691 0.521396 0.005894
v 0.215195 0.521396 0.004564
v 0.214029 0.498352 -0.009873
v 0.215923 0.499267 -0.009817
v 0.213443 0.498352 -0.008570
v 0.214743 0.499267 -0.007191
v 0.212108 0.498352 -0.008063
v 0.212051 0.499267 -0.006169
v 0.210805 0.498352 -0.008649
v 0.209425 0.499267 -0.007350
v 0.210298 0.498352 -0.009985
v 0.208404 0.499267 -0.010041
v 0.210884 0.498352 -0.011287
v 0.209584 0.499267 -0.012667
v 0.212219 0.498352 -0.011795
v 0.212276 0.499267 -0.013689
v 0.213522 0.498352 -0.011209
v 0.214901 0.499267 -0.012508
v 0.213443 0.499267 -0.008570
v 0.214029 0.499267 -0.009873
v 0.212108 0.499267 -0.008063
v 0.210805 0.499267 -0.008649
v 0.210298 0.499267 -0.009985
v 0.210884 0.499267 -0.011287
v 0.212219 0.499267 -0.011795
v 0.213522 0.499267 -0.011209
v 0.215489 0.503404 -0.006398
v 0.217002 0.503409 -0.009812
v 0.212019 0.503419 -0.005102
v 0.208676 0.502862 -0.006644
v 0.207337 0.503414 -0.010073
v 0.208825 0.503409 -0.013433
v 0.212281 0.503398 -0.014766
v 0.215667 0.503409 -0.013268
v 0.215065 0.503433 -0.006848
v 0.216393 0.503433 -0.009803
v 0.212037 0.503433 -0.005699
v 0.209083 0.503433 -0.007027
v 0.207933 0.503433 -0.010055
v 0.209261 0.503433 -0.013009
v 0.212290 0.503433 -0.014159
v 0.215244 0.503433 -0.012831
v 0.208676 0.503433 -0.006644
v 0.215065 0.503433 -0.006848
v 0.216393 0.503433 -0.009803
v 0.212037 0.503433 -0.005699
v 0.209083 0.503433 -0.007027
v 0.207933 0.503433 -0.010055
v 0.209261 0.503433 -0.013009
v 0.212290 0.503433 -0.014159
v 0.215244 0.503433 -0.012831
v 0.214749 0.503433 -0.007184
v 0.215932 0.503433 -0.009817
v 0.212051 0.503433 -0.006160
v 0.209419 0.503433 -0.007343
v 0.208395 0.503433 -0.010041
v 0.209578 0.503433 -0.012673
v 0.212276 0.503433 -0.013698
v 0.214908 0.503433 -0.012514
v 0.214749 0.500114 -0.007184
v 0.215932 0.500114 -0.009817
v 0.212051 0.500114 -0.006160
v 0.209419 0.500114 -0.007343
v 0.208394 0.500114 -0.010041
v 0.209578 0.500114 -0.012673
v 0.212276 0.500114 -0.013698
v 0.214908 0.500114 -0.012514
v 0.209578 0.501675 -0.012673
v 0.209578 0.501217 -0.012673
v 0.212276 0.501217 -0.013698
v 0.212276 0.501675 -0.013698
v 0.209419 0.501675 -0.007343
v 0.209419 0.501217 -0.007343
v 0.208394 0.501217 -0.010041
v 0.208394 0.501675 -0.010041
v 0.214749 0.501675 -0.007184
v 0.214749 0.501217 -0.007184
v 0.212051 0.501217 -0.006160
v 0.212051 0.501675 -0.006160
v 0.214908 0.501217 -0.012514
v 0.214908 0.501675 -0.012514
v 0.215932 0.501675 -0.009817
v 0.215932 0.501217 -0.009817
v 0.210044 0.501675 -0.012178
v 0.210044 0.501217 -0.012178
v 0.212255 0.501217 -0.013018
v 0.212255 0.501675 -0.013018
v 0.209914 0.501675 -0.007810
v 0.209914 0.501217 -0.007810
v 0.209074 0.501217 -0.010021
v 0.209074 0.501675 -0.010021
v 0.214282 0.501675 -0.007680
v 0.214282 0.501217 -0.007680
v 0.212071 0.501217 -0.006840
v 0.212071 0.501675 -0.006840
v 0.214413 0.501217 -0.012048
v 0.214413 0.501675 -0.012048
v 0.215252 0.501675 -0.009837
v 0.215252 0.501217 -0.009837
v 0.212397 0.509872 -0.009922
v 0.212257 0.509872 -0.009701
v 0.211993 0.509872 -0.009768
v 0.211936 0.509872 -0.010024
v 0.212258 0.509872 -0.010156
v 0.212397 0.499067 -0.009922
v 0.212324 0.499067 -0.009759
v 0.212156 0.499067 -0.009695
v 0.211993 0.499067 -0.009768
v 0.211929 0.499067 -0.009936
v 0.212003 0.499067 -0.010100
v 0.212170 0.499067 -0.010163
v 0.212334 0.499067 -0.010090
v 0.212397 0.499067 -0.009922
v 0.212324 0.499067 -0.009759
v 0.212156 0.499067 -0.009695
v 0.211993 0.499067 -0.009768
v 0.211929 0.499067 -0.009936
v 0.212003 0.499067 -0.010100
v 0.212170 0.499067 -0.010163
v 0.212334 0.499067 -0.010090
v 0.217056 0.509472 -0.009709
v 0.215726 0.509472 -0.013213
v 0.212307 0.509472 -0.014750
v 0.208803 0.509472 -0.013420
v 0.207266 0.509472 -0.010001
v 0.208597 0.509472 -0.006498
v 0.212015 0.509472 -0.004961
v 0.215519 0.509472 -0.006291
v 0.215061 0.509951 -0.012588
v 0.216144 0.509951 -0.009737
v 0.212280 0.509951 -0.013838
v 0.209429 0.509951 -0.012756
v 0.208178 0.509951 -0.009974
v 0.209261 0.509951 -0.007123
v 0.212042 0.509951 -0.005872
v 0.214893 0.509951 -0.006955
v 0.217056 0.509187 -0.009709
v 0.215726 0.509187 -0.013213
v 0.212307 0.509187 -0.014750
v 0.208803 0.509187 -0.013420
v 0.207266 0.509187 -0.010001
v 0.208597 0.509187 -0.006498
v 0.212015 0.509187 -0.004961
v 0.215519 0.509187 -0.006291
v 0.214433 0.490812 -0.023402
v 0.216327 0.491728 -0.023345
v 0.213847 0.490812 -0.022099
v 0.215146 0.491728 -0.020720
v 0.212511 0.490812 -0.021592
v 0.212455 0.491728 -0.019698
v 0.211208 0.490812 -0.022178
v 0.209829 0.491728 -0.020878
v 0.210701 0.490812 -0.023513
v 0.208807 0.491728 -0.023570
v 0.211287 0.490812 -0.024816
v 0.209988 0.491728 -0.026195
v 0.212623 0.490812 -0.025323
v 0.212679 0.491728 -0.027217
v 0.213925 0.490812 -0.024737
v 0.215305 0.491728 -0.026037
v 0.213847 0.491728 -0.022099
v 0.214433 0.491728 -0.023402
v 0.212511 0.491728 -0.021592
v 0.211208 0.491728 -0.022178
v 0.210701 0.491728 -0.023513
v 0.211287 0.491728 -0.024816
v 0.212623 0.491728 -0.025323
v 0.213925 0.491728 -0.024737
v 0.215893 0.495864 -0.019927
v 0.217393 0.495875 -0.023313
v 0.212423 0.495875 -0.018631
v 0.209036 0.495864 -0.020131
v 0.207741 0.495866 -0.023601
v 0.209241 0.495864 -0.026988
v 0.212711 0.495879 -0.028284
v 0.216098 0.495864 -0.026783
v 0.215469 0.495893 -0.020377
v 0.216797 0.495893 -0.023331
v 0.212441 0.495893 -0.019227
v 0.209486 0.495893 -0.020555
v 0.208337 0.495893 -0.023584
v 0.209665 0.495893 -0.026538
v 0.212693 0.495893 -0.027688
v 0.215647 0.495893 -0.026359
v 0.215469 0.495893 -0.020377
v 0.216797 0.495893 -0.023331
v 0.212441 0.495893 -0.019227
v 0.209486 0.495893 -0.020555
v 0.208337 0.495893 -0.023584
v 0.209665 0.495893 -0.026538
v 0.212693 0.495893 -0.027688
v 0.215647 0.495893 -0.026359
v 0.215152 0.495893 -0.020713
v 0.216336 0.495893 -0.023345
v 0.212455 0.495893 -0.019689
v 0.209822 0.495893 -0.020872
v 0.208798 0.495893 -0.023570
v 0.209982 0.495893 -0.026202
v 0.212679 0.495893 -0.027226
v 0.215311 0.495893 -0.026043
v 0.215152 0.492575 -0.020713
v 0.216336 0.492575 -0.023345
v 0.212455 0.492575 -0.019689
v 0.209822 0.492575 -0.020872
v 0.208798 0.492575 -0.023570
v 0.209982 0.492575 -0.026202
v 0.212679 0.492575 -0.027226
v 0.215311 0.492575 -0.026043
v 0.209982 0.494136 -0.026202
v 0.209982 0.493678 -0.026202
v 0.212679 0.493678 -0.027226
v 0.212679 0.494136 -0.027226
v 0.209822 0.494136 -0.020872
v 0.209822 0.493678 -0.020872
v 0.208798 0.493678 -0.023570
v 0.208798 0.494136 -0.023570
v 0.215152 0.494136 -0.020713
v 0.215152 0.493678 -0.020713
v 0.212455 0.493678 -0.019689
v 0.212455 0.494136 -0.019689
v 0.215311 0.493678 -0.026043
v 0.215311 0.494136 -0.026043
v 0.216336 0.494136 -0.023345
v 0.216336 0.493678 -0.023345
v 0.210448 0.494136 -0.025707
v 0.210448 0.493678 -0.025707
v 0.212659 0.493678 -0.026546
v 0.212659 0.494136 -0.026546
v 0.210318 0.494136 -0.021338
v 0.210318 0.493678 -0.021338
v 0.209478 0.493678 -0.023550
v 0.209478 0.494136 -0.023550
v 0.214686 0.494136 -0.021208
v 0.214686 0.493678 -0.021208
v 0.212475 0.493678 -0.020369
v 0.212475 0.494136 -0.020369
v 0.214816 0.493678 -0.025576
v 0.214816 0.494136 -0.025576
v 0.215656 0.494136 -0.023365
v 0.215656 0.493678 -0.023365
v 0.212801 0.502309 -0.023450
v 0.212661 0.502309 -0.023230
v 0.212339 0.502309 -0.023364
v 0.212406 0.502309 -0.023628
v 0.212662 0.502309 -0.023685
v 0.212801 0.491504 -0.023450
v 0.212727 0.491504 -0.023287
v 0.212560 0.491504 -0.023223
v 0.212397 0.491504 -0.023297
v 0.212333 0.491504 -0.023464
v 0.212406 0.491504 -0.023628
v 0.212574 0.491504 -0.023691
v 0.212737 0.491504 -0.023618
v 0.212801 0.491504 -0.023450
v 0.212727 0.491504 -0.023287
v 0.212560 0.491504 -0.023223
v 0.212397 0.491504 -0.023297
v 0.212333 0.491504 -0.023464
v 0.212406 0.491504 -0.023628
v 0.212574 0.491504 -0.023691
v 0.212737 0.491504 -0.023618
v 0.217460 0.501933 -0.023238
v 0.216129 0.501933 -0.026742
v 0.212711 0.501933 -0.028279
v 0.209207 0.501933 -0.026948
v 0.207670 0.501933 -0.023530
v 0.209000 0.501933 -0.020026
v 0.212419 0.501933 -0.018489
v 0.215923 0.501933 -0.019819
v 0.215465 0.502412 -0.026116
v 0.216548 0.502412 -0.023265
v 0.212684 0.502412 -0.027367
v 0.209833 0.502412 -0.026284
v 0.208582 0.502412 -0.023503
v 0.209664 0.502412 -0.020651
v 0.212446 0.502412 -0.019401
v 0.215297 0.502412 -0.020483
v 0.217460 0.501647 -0.023238
v 0.216129 0.501647 -0.026742
v 0.212711 0.501647 -0.028279
v 0.209207 0.501647 -0.026948
v 0.207670 0.501647 -0.023530
v 0.209000 0.501647 -0.020026
v 0.212419 0.501647 -0.018489
v 0.215923 0.501647 -0.019819
v 0.205911 0.560654 0.008065
v 0.217332 0.560654 0.008405
v 0.217335 0.561029 0.008310
v 0.205914 0.561029 0.007969
v 0.206381 0.560558 0.007703
v 0.206384 0.560933 0.007607
v 0.206372 0.561029 0.007983
v 0.206369 0.560654 0.008078
v 0.216887 0.560933 0.007921
v 0.216885 0.560558 0.008016
v 0.216873 0.560654 0.008392
v 0.216876 0.561029 0.008296
v 0.217684 0.557642 -0.003392
v 0.217687 0.558017 -0.003487
v 0.206266 0.558017 -0.003828
v 0.206263 0.557642 -0.003732
v 0.206721 0.557642 -0.003719
v 0.217228 0.558017 -0.003501
v 0.206724 0.558017 -0.003815
v 0.217225 0.557642 -0.003405
v 0.206263 0.557642 -0.003732
v 0.217237 0.557546 -0.003780
v 0.206266 0.558017 -0.003828
v 0.217239 0.557922 -0.003876
v 0.206733 0.557546 -0.004094
v 0.206736 0.557922 -0.004190
v 0.217684 0.557642 -0.003392
v 0.217687 0.558017 -0.003487
v 0.218036 0.554631 -0.015189
v 0.218039 0.555006 -0.015284
v 0.206618 0.555006 -0.015625
v 0.206615 0.554631 -0.015529
v 0.207073 0.554631 -0.015516
v 0.217580 0.555006 -0.015298
v 0.207076 0.555006 -0.015612
v 0.217577 0.554631 -0.015202
v 0.206615 0.554631 -0.015529
v 0.217589 0.554535 -0.015578
v 0.206618 0.555006 -0.015625
v 0.217591 0.554910 -0.015673
v 0.207085 0.554535 -0.015891
v 0.207088 0.554910 -0.015987
v 0.218036 0.554631 -0.015189
v 0.218039 0.555006 -0.015284
v 0.218388 0.551619 -0.026986
v 0.218391 0.551995 -0.027081
v 0.206970 0.551995 -0.027422
v 0.206967 0.551619 -0.027326
v 0.207425 0.551619 -0.027313
v 0.217932 0.551995 -0.027095
v 0.207428 0.551995 -0.027408
v 0.217929 0.551619 -0.026999
v 0.206967 0.551619 -0.027326
v 0.217941 0.551524 -0.027375
v 0.206970 0.551995 -0.027422
v 0.217943 0.551899 -0.027470
v 0.207437 0.551524 -0.027688
v 0.207439 0.551899 -0.027784
v 0.218388 0.551619 -0.026986
v 0.218391 0.551995 -0.027081
v 0.218740 0.548608 -0.038783
v 0.218743 0.548983 -0.038878
v 0.207322 0.548983 -0.039219
v 0.207319 0.548608 -0.039124
v 0.207777 0.548608 -0.039110
v 0.218284 0.548983 -0.038892
v 0.207780 0.548983 -0.039205
v 0.218281 0.548608 -0.038796
v 0.224024 0.485088 0.001761
v 0.224683 0.483827 -0.003530
v 0.219513 0.484861 0.001627
v 0.219988 0.483590 -0.003670
v 0.219016 0.546927 -0.034895
v 0.220444 0.546999 -0.034853
v 0.220862 0.548268 -0.038427
v 0.219375 0.548193 -0.038472
v 0.221944 0.484818 -0.079617
v 0.222104 0.483546 -0.074307
v 0.226455 0.485045 -0.079483
v 0.226799 0.483783 -0.074167
v 0.220699 0.546957 -0.043147
v 0.219271 0.546885 -0.043190
v 0.219417 0.548149 -0.039604
v 0.220904 0.548224 -0.039559
v 0.201890 0.485088 -0.080082
v 0.201230 0.483827 -0.074790
v 0.206401 0.484861 -0.079947
v 0.205925 0.483590 -0.074650
v 0.206897 0.546927 -0.043425
v 0.205469 0.546999 -0.043468
v 0.205051 0.548268 -0.039893
v 0.206538 0.548193 -0.039849
v 0.203969 0.484818 0.001297
v 0.203809 0.483546 -0.004014
v 0.199458 0.485045 0.001162
v 0.199114 0.483783 -0.004154
v 0.205214 0.546957 -0.035173
v 0.206642 0.546885 -0.035130
v 0.206496 0.548149 -0.038717
v 0.205010 0.548224 -0.038761
vn 0.0025 0.9965 -0.0831
vn -0.5584 0.5274 -0.6404
vn -0.0025 -0.9965 0.0832
vn -0.0024 -0.9965 0.0832
vn -0.6858 -0.0588 -0.7255
vn 0.7278 -0.0588 -0.6832
vn -0.6858 -0.0588 -0.7254
vn 0.5928 -0.6234 -0.5099
vn 0.5957 0.5273 -0.6059
vn -0.7278 0.0589 0.6832
vn -0.7279 0.0585 0.6832
vn 0.6859 0.0585 0.7254
vn 0.6858 0.0589 0.7254
vn -0.5614 -0.6233 -0.5443
vn -0.5614 -0.6234 -0.5443
vn 0.5957 0.5273 -0.6058
vn 0.0024 0.9965 -0.0831
vn -0.5585 0.5273 -0.6403
vn 0.0024 0.9965 -0.0832
vn 0.5956 0.5273 -0.6059
vn -0.7278 0.0588 0.6833
vn 0.6858 0.0588 0.7254
vn -0.7278 0.0588 0.6832
vn 0.0026 0.9965 -0.0832
vn 0.0023 0.9965 -0.0831
vn 0.0026 0.9966 -0.0829
vn 0.7278 -0.0588 -0.6833
vn 0.6857 0.0589 0.7255
vn 0.0023 0.9966 -0.0829
vn 0.0025 0.9965 -0.0832
vn 0.0025 0.9965 -0.0830
vn -0.6858 -0.0589 -0.7254
vn 0.2566 0.5872 -0.7677
vn -0.3554 0.0035 -0.9347
vn -0.7176 0.5878 -0.3735
vn 0.3553 -0.4999 -0.7899
vn 0.3207 0.6235 -0.7131
vn -0.0000 -1.0000 -0.0000
vn -0.9357 0.0034 0.3528
vn -0.5712 0.6066 0.5530
vn 0.7949 0.6065 0.0128
vn 0.9340 -0.0000 -0.3574
vn 0.2964 0.5966 0.7458
vn 0.9111 0.0034 0.4121
vn -0.4075 -0.0000 0.9132
vn 0.8958 -0.1874 0.4029
vn 0.8673 0.3091 0.3901
vn 0.9208 0.1736 -0.3494
vn 0.8743 -0.3544 -0.3317
vn -0.0000 1.0000 -0.0000
vn 0.3223 0.4156 0.8505
vn 0.2081 -0.8093 0.5493
vn 0.9182 -0.1874 -0.3489
vn 0.8890 0.3091 -0.3378
vn 0.3076 -0.4999 0.8096
vn 0.2777 0.6235 0.7309
vn 0.3724 0.4156 -0.8298
vn 0.2405 -0.8093 -0.5359
vn 0.8984 0.1736 0.4035
vn 0.8530 -0.3544 0.3832
vn 0.9996 -0.0000 0.0298
vn 0.1755 0.8693 0.4620
vn 0.1754 0.8693 0.4621
vn -0.4620 0.8693 0.1754
vn -0.4620 0.8693 0.1755
vn -0.1754 0.8693 -0.4621
vn -0.1755 0.8693 -0.4620
vn 0.4620 0.8693 -0.1754
vn 0.4620 0.8694 -0.1754
vn 0.4508 0.8693 0.2027
vn 0.4507 0.8693 0.2027
vn -0.2027 0.8693 0.4508
vn -0.4508 0.8693 -0.2027
vn 0.2027 0.8693 -0.4508
vn -0.4101 -0.0000 0.9121
vn -0.9122 0.0002 -0.4097
vn -0.9122 -0.0000 -0.4097
vn 0.4101 -0.0000 -0.9121
vn 0.3550 -0.0000 0.9349
vn -0.9350 -0.0000 0.3545
vn -0.9349 -0.0000 0.3550
vn -0.3550 -0.0000 -0.9349
vn 0.9349 -0.0000 -0.3549
vn 0.9348 0.0003 -0.3551
vn 0.9121 -0.0000 0.4101
vn 0.9122 -0.0000 0.4098
vn -0.0298 -0.0000 0.9996
vn -0.5943 0.5774 0.5599
vn 0.0298 -0.0000 -0.9996
vn -0.7068 0.7071 -0.0211
vn 0.7068 0.7071 0.0211
vn 0.5599 0.5773 0.5943
vn 0.7068 -0.7071 0.0211
vn -0.7068 -0.7071 -0.0211
vn -0.5599 0.5773 -0.5943
vn 0.5943 0.5774 -0.5598
vn 0.5943 0.5774 -0.5599
vn -0.5943 0.5774 0.5598
vn 0.7068 0.7071 0.0210
vn -0.5599 0.5774 -0.5943
vn 0.5598 0.5774 0.5943
vn -0.5598 0.5774 -0.5943
vn -0.7068 -0.7071 -0.0210
vn 0.5599 0.5774 0.5943
vn 0.4312 0.5119 -0.7430
vn 0.2389 -0.8795 -0.4117
vn 0.9076 0.2052 -0.3662
vn 0.8492 -0.4017 -0.3428
vn 0.6663 -0.3635 0.6511
vn 0.5263 0.6773 0.5142
vn 0.2870 0.5811 -0.7615
vn 0.1145 -0.9458 -0.3038
vn 0.8176 0.2853 -0.5001
vn 0.7142 -0.5470 -0.4368
vn 0.7864 -0.2853 0.5479
vn 0.6869 0.5469 0.4786
vn 0.1479 0.6463 -0.7486
vn 0.0319 -0.9864 -0.1614
vn 0.7039 0.3635 -0.6102
vn 0.5559 -0.6772 -0.4819
vn 0.3490 -0.9239 0.1569
vn 0.3825 -0.9239 0.0114
vn 0.8841 -0.2052 0.4197
vn 0.8273 0.4017 0.3927
vn -0.0000 -0.0000 -0.0000
vn 0.5727 0.4392 -0.6922
vn 0.3916 -0.7891 -0.4732
vn 0.9543 -0.1237 0.2722
vn 0.9322 0.2455 0.2659
vn 0.1031 0.6463 0.7561
vn 0.0222 -0.9864 0.1630
vn 0.2389 -0.8795 -0.4116
vn 0.9928 -0.0413 0.1121
vn 0.9903 0.0825 0.1118
vn 0.2411 0.5811 0.7773
vn 0.0962 -0.9458 0.3101
vn -0.3490 -0.9239 -0.1569
vn -0.3825 -0.9239 -0.0114
vn 0.9978 -0.0413 -0.0528
vn 0.9952 0.0825 -0.0526
vn 0.3861 0.5119 0.7674
vn 0.2139 -0.8795 0.4252
vn 0.1480 0.6463 -0.7486
vn 0.9688 -0.1237 -0.2149
vn 0.9464 0.2455 -0.2099
vn 0.5304 0.4392 0.7251
vn 0.3627 -0.7891 0.4957
vn 0.9076 -0.2052 -0.3663
vn 0.8492 0.4017 -0.3427
vn 0.6663 0.3635 0.6511
vn 0.5262 -0.6773 0.5142
vn 0.0222 -0.9864 0.1631
vn 0.8176 -0.2853 -0.5000
vn 0.7142 0.5469 -0.4367
vn 0.7864 0.2853 0.5479
vn 0.6869 -0.5469 0.4786
vn 0.7040 -0.3635 -0.6102
vn 0.5560 0.6773 -0.4819
vn 0.8842 0.2052 0.4197
vn 0.8272 -0.4017 0.3928
vn 0.9542 0.1237 0.2722
vn 0.9322 -0.2455 0.2659
vn 0.4312 -0.5119 -0.7430
vn 0.2389 0.8795 -0.4116
vn 0.9928 0.0413 0.1121
vn 0.9903 -0.0825 0.1119
vn 0.5262 -0.6772 0.5142
vn 0.2871 -0.5811 -0.7615
vn 0.1145 0.9458 -0.3038
vn 0.9978 -0.0413 -0.0527
vn 0.5304 -0.4392 0.7251
vn 0.3626 0.7891 0.4958
vn 0.9688 0.1237 -0.2148
vn 0.9464 -0.2455 -0.2098
vn 0.3862 -0.5119 0.7673
vn 0.2140 0.8795 0.4252
vn 0.9978 0.0413 -0.0527
vn 0.9952 -0.0825 -0.0527
vn 0.5559 -0.6773 -0.4819
vn 0.2411 -0.5811 0.7773
vn 0.0962 0.9458 0.3101
vn 0.7142 -0.5469 -0.4368
vn 0.1031 -0.6463 0.7561
vn 0.0222 0.9864 0.1630
vn 0.9322 0.2455 0.2660
vn 0.5262 -0.6772 0.5143
vn 0.1479 -0.6463 -0.7486
vn 0.0319 0.9864 -0.1614
vn 0.6869 0.5470 0.4785
vn 0.5263 0.6772 0.5142
vn 0.5728 -0.4392 -0.6922
vn 0.3915 0.7891 -0.4733
vn 0.3861 -0.5119 0.7674
vn 0.2139 0.8795 0.4251
vn 0.7039 -0.3635 -0.6103
vn 0.9543 0.1237 0.2722
vn 0.8841 0.2052 0.4197
vn 0.6868 -0.5470 0.4786
vn -0.0295 -0.1641 0.9860
vn 0.5631 -0.6643 0.4916
vn -0.0294 -0.1642 0.9860
vn 0.0294 0.1645 -0.9859
vn 0.0048 -0.9864 -0.1640
vn -0.5573 -0.4748 -0.6812
vn 0.0242 -0.5813 -0.8133
vn -0.0173 -0.8135 0.5812
vn 0.0050 -0.9864 -0.1640
vn 0.0293 0.1641 -0.9860
vn -0.9996 -0.0000 -0.0298
vn 0.0292 0.1642 -0.9860
vn 0.5630 -0.6643 0.4916
vn 0.0293 0.1642 -0.9860
vn -0.5572 -0.4748 -0.6812
vn -0.9996 -0.0000 -0.0299
vn 0.0294 0.1642 -0.9860
vn -0.7102 0.6975 0.0950
vn 0.7033 0.6975 0.1372
vn -0.7102 0.6975 0.0948
vn 0.9996 -0.0000 0.0297
vn -0.7033 -0.6975 -0.1371
vn 0.7103 -0.6975 -0.0950
vn 0.0295 0.1642 -0.9860
vn 0.0294 0.1641 -0.9860
vn -0.7104 0.6974 0.0952
vn 0.7032 0.6976 0.1375
vn -0.7103 0.6975 0.0949
vn 0.7034 0.6974 0.1374
vn 0.9996 -0.0000 0.0299
vn -0.7033 -0.6975 -0.1372
vn 0.7102 -0.6975 -0.0949
vn -0.9996 -0.0000 -0.0297
vn 0.7102 -0.6976 -0.0949
vn -0.0293 -0.1643 0.9860
vn -0.0296 -0.1642 0.9860
vn -0.0293 -0.1644 0.9860
vn -0.7102 0.6976 0.0948
vn 0.7033 0.6975 0.1371
vn -0.7103 0.6975 0.0947
vn 0.7102 -0.6975 -0.0954
vn -0.9996 -0.0000 -0.0300
vn -0.0295 -0.1644 0.9860
vn -0.0297 -0.1642 0.9860
vn -0.0296 -0.1643 0.9860
vn -0.0283 -0.3239 0.9457
vn -0.5990 0.3591 0.7157
vn -0.0280 -0.3241 0.9456
vn 0.0283 0.3240 -0.9456
vn 0.0282 0.3237 -0.9457
vn 0.0282 0.3240 -0.9456
vn 0.6999 0.6690 0.2503
vn 0.5878 0.7333 -0.3417
vn 0.5552 0.3591 0.7502
vn 0.7000 0.6688 0.2502
vn -0.7136 0.6690 0.2081
vn -0.7000 -0.6689 -0.2501
vn 0.7137 -0.6690 -0.2076
vn -0.7000 -0.6690 -0.2499
vn -0.5664 0.7333 -0.3762
vn -0.7137 0.6688 0.2081
vn 0.5878 0.7333 -0.3418
vn 0.5553 0.3591 0.7501
vn -0.0284 -0.3241 0.9456
vn -0.0282 -0.3240 0.9456
vn -0.5988 0.3591 0.7159
vn 0.0281 0.3238 -0.9457
vn 0.0281 0.3240 -0.9456
vn -0.7136 0.6691 0.2078
vn 0.7000 0.6689 0.2504
vn -0.7137 0.6690 0.2077
vn 0.5878 0.7332 -0.3419
vn 0.5553 0.3593 0.7501
vn -0.7000 -0.6689 -0.2502
vn 0.7136 -0.6690 -0.2080
vn -0.6999 -0.6690 -0.2502
vn -0.5665 0.7333 -0.3759
vn -0.5665 0.7332 -0.3762
vn 0.5879 0.7332 -0.3419
vn -0.0282 -0.3240 0.9457
vn -0.5989 0.3593 0.7157
vn -0.0283 -0.3238 0.9457
vn 0.0283 0.3241 -0.9456
vn 0.7000 0.6690 0.2498
vn 0.5552 0.3594 0.7501
vn -0.6999 -0.6691 -0.2498
vn 0.7136 -0.6689 -0.2082
vn -0.7000 -0.6690 -0.2498
vn 0.0284 0.3238 -0.9457
vn -0.0282 -0.3238 0.9457
vn -0.0284 -0.3238 0.9457
vn 0.0283 0.3239 -0.9457
vn -0.7135 0.6691 0.2076
vn 0.7000 0.6690 0.2501
vn -0.7137 0.6690 0.2076
vn 0.5551 0.3590 0.7503
vn -0.6999 -0.6690 -0.2501
vn -0.5664 0.7332 -0.3763
vn -0.5664 0.7332 -0.3764
vn 0.5552 0.3593 0.7501
vn -0.0281 -0.3238 0.9457
vn -0.5990 0.3593 0.7156
vn -0.0280 -0.3238 0.9457
vn -0.0262 -0.4758 0.8791
vn 0.5701 -0.7825 0.2503
vn -0.0266 -0.4756 0.8793
vn -0.0267 -0.4757 0.8792
vn 0.0263 0.4758 -0.8791
vn 0.0142 -0.8797 -0.4753
vn -0.5538 -0.2333 -0.7993
vn 0.0286 -0.2856 -0.9579
vn -0.0079 -0.9584 0.2854
vn 0.0148 -0.8795 -0.4757
vn 0.0262 0.4756 -0.8793
vn -0.5537 -0.2332 -0.7994
vn 0.0259 0.4756 -0.8793
vn 0.7169 -0.6219 -0.3151
vn 0.5702 -0.7825 0.2503
vn 0.0261 0.4757 -0.8792
vn -0.0263 -0.4756 0.8793
vn -0.0261 -0.4757 0.8792
vn -0.0262 -0.4757 0.8792
vn -0.0264 -0.4755 0.8793
vn -0.7169 0.6219 0.3152
vn 0.6967 0.6220 0.3575
vn -0.7168 0.6220 0.3152
vn -0.6967 -0.6220 -0.3574
vn 0.7169 -0.6221 -0.3148
vn -0.6967 -0.6220 -0.3575
vn 0.0262 0.4756 -0.8792
vn -0.0261 -0.4754 0.8794
vn -0.0264 -0.4756 0.8793
vn -0.0263 -0.4757 0.8792
vn 0.0263 0.4757 -0.8792
vn -0.7168 0.6221 0.3151
vn 0.6968 0.6220 0.3572
vn -0.7168 0.6220 0.3150
vn 0.6967 0.6219 0.3574
vn -0.6966 -0.6223 -0.3571
vn -0.6969 -0.6221 -0.3570
vn 0.0260 0.4757 -0.8792
vn 0.7168 -0.6220 -0.3151
vn 0.0259 0.4757 -0.8792
vn -0.0262 -0.4756 0.8793
vn -0.0261 -0.4756 0.8793
vn -0.7168 0.6220 0.3151
vn 0.6967 0.6220 0.3573
vn -0.6967 -0.6222 -0.3571
vn 0.7168 -0.6220 -0.3152
vn -0.6968 -0.6221 -0.3570
vn 0.0262 0.4757 -0.8792
vn -0.0259 -0.4757 0.8792
vn -0.0262 -0.4756 0.8792
vn -0.0263 -0.4756 0.8792
vn -0.0237 -0.6142 0.7888
vn -0.6013 0.1011 0.7926
vn -0.0237 -0.6141 0.7888
vn 0.0235 0.6141 -0.7889
vn 0.0233 0.6144 -0.7886
vn -0.7197 0.5580 0.4131
vn 0.6939 0.5580 0.4552
vn -0.7197 0.5579 0.4131
vn 0.6938 0.5580 0.4552
vn 0.5529 0.1010 0.8271
vn -0.6938 -0.5581 -0.4551
vn 0.7197 -0.5579 -0.4132
vn -0.6938 -0.5579 -0.4554
vn -0.5741 0.8102 -0.1182
vn -0.6012 0.1010 0.7927
vn 0.5801 0.8102 -0.0837
vn 0.7198 -0.5579 -0.4131
vn 0.5800 0.8103 -0.0834
vn -0.0234 -0.6141 0.7889
vn -0.0233 -0.6141 0.7889
vn -0.0236 -0.6142 0.7888
vn 0.0237 0.6144 -0.7886
vn 0.0234 0.6144 -0.7886
vn 0.5801 0.8102 -0.0838
vn -0.6938 -0.5580 -0.4553
vn 0.7198 -0.5580 -0.4130
vn -0.6938 -0.5579 -0.4553
vn -0.0236 -0.6145 0.7886
vn -0.6012 0.1007 0.7928
vn -0.0237 -0.6145 0.7886
vn -0.6013 0.1009 0.7927
vn 0.0235 0.6142 -0.7888
vn 0.0234 0.6143 -0.7887
vn -0.7198 0.5578 0.4132
vn 0.6938 0.5579 0.4555
vn -0.7197 0.5579 0.4133
vn 0.5529 0.1009 0.8271
vn -0.6939 -0.5578 -0.4554
vn 0.7198 -0.5580 -0.4129
vn -0.5741 0.8102 -0.1181
vn -0.5740 0.8103 -0.1181
vn 0.5801 0.8102 -0.0836
vn -0.0234 -0.6142 0.7888
vn -0.0237 -0.6145 0.7885
vn -0.0233 -0.6144 0.7887
vn -0.6013 0.1008 0.7927
vn -0.0235 -0.6142 0.7888
vn 0.0236 0.6144 -0.7886
vn 0.0235 0.6144 -0.7886
vn -0.7198 0.5580 0.4131
vn 0.6938 0.5580 0.4553
vn 0.6938 0.5582 0.4550
vn 0.5529 0.1008 0.8271
vn -0.6938 -0.5580 -0.4552
vn 0.7197 -0.5580 -0.4130
vn 0.0236 0.6142 -0.7888
vn -0.5740 0.8103 -0.1180
vn -0.6013 0.1008 0.7926
vn -0.5741 0.8102 -0.1179
vn 0.5801 0.8103 -0.0835
vn -0.0237 -0.6144 0.7886
vn -0.0203 -0.7356 0.6771
vn 0.5780 -0.8159 -0.0163
vn -0.0203 -0.7355 0.6772
vn 0.0201 0.7354 -0.6773
vn 0.0219 -0.6776 -0.7351
vn -0.5528 0.0334 -0.8326
vn 0.0299 0.0411 -0.9987
vn 0.0013 -0.9992 -0.0412
vn 0.0219 -0.6774 -0.7353
vn 0.0201 0.7355 -0.6772
vn -0.6913 -0.4790 -0.5410
vn -0.5527 0.0335 -0.8327
vn 0.0203 0.7355 -0.6772
vn 0.5780 -0.8159 -0.0162
vn 0.0200 0.7355 -0.6772
vn -0.0202 -0.7355 0.6772
vn -0.0203 -0.7355 0.6773
vn 0.0202 0.7355 -0.6773
vn 0.0202 0.7354 -0.6773
vn -0.7223 0.4789 0.4989
vn 0.6912 0.4790 0.5411
vn -0.7222 0.4790 0.4989
vn 0.6913 0.4790 0.5411
vn -0.6914 -0.4789 -0.5410
vn 0.7222 -0.4790 -0.4989
vn -0.6912 -0.4790 -0.5410
vn 0.0202 0.7355 -0.6772
vn 0.7222 -0.4791 -0.4989
vn -0.0202 -0.7355 0.6773
vn -0.0203 -0.7354 0.6773
vn -0.0200 -0.7355 0.6773
vn 0.0204 0.7356 -0.6771
vn 0.0203 0.7356 -0.6771
vn 0.0200 0.7356 -0.6772
vn -0.7223 0.4790 0.4988
vn 0.6913 0.4790 0.5410
vn -0.7223 0.4791 0.4987
vn 0.6912 0.4791 0.5409
vn -0.6913 -0.4792 -0.5409
vn 0.7223 -0.4791 -0.4987
vn 0.0198 0.7355 -0.6772
vn 0.7223 -0.4790 -0.4988
vn -0.0200 -0.7354 0.6773
vn -0.0198 -0.7355 0.6773
vn -0.0202 -0.7356 0.6771
vn -0.0201 -0.7355 0.6772
vn 0.0199 0.7353 -0.6774
vn 0.0204 0.7353 -0.6775
vn -0.7223 0.4792 0.4987
vn 0.6913 0.4791 0.5409
vn 0.6913 0.4791 0.5410
vn -0.6913 -0.4789 -0.5410
vn 0.7223 -0.4792 -0.4987
vn -0.6913 -0.4792 -0.5408
vn 0.0205 0.7353 -0.6774
vn 0.9996 -0.0003 0.0296
vn -0.0203 -0.7356 0.6772
vn -0.0163 -0.8372 0.5466
vn -0.6009 -0.1677 0.7816
vn 0.0163 0.8372 -0.5466
vn -0.7245 0.3864 0.5707
vn 0.6891 0.3865 0.6130
vn -0.7245 0.3868 0.5705
vn 0.5721 0.7991 0.1848
vn 0.5532 -0.1677 0.8160
vn -0.6891 -0.3869 -0.6128
vn 0.7245 -0.3868 -0.5705
vn -0.6892 -0.3868 -0.6127
vn -0.5821 0.7991 0.1504
vn 0.5533 -0.1676 0.8159
vn -0.0162 -0.8373 0.5466
vn -0.6010 -0.1676 0.7815
vn -0.6009 -0.1676 0.7815
vn 0.0162 0.8371 -0.5468
vn 0.0165 0.8371 -0.5468
vn -0.7244 0.3867 0.5707
vn 0.6892 0.3867 0.6128
vn -0.7245 0.3867 0.5706
vn 0.5533 -0.1676 0.8160
vn -0.6892 -0.3864 -0.6129
vn 0.7244 -0.3865 -0.5708
vn -0.6891 -0.3865 -0.6130
vn 0.0165 0.8371 -0.5467
vn -0.5821 0.7991 0.1503
vn -0.0163 -0.8372 0.5467
vn -0.0164 -0.8372 0.5466
vn -0.6009 -0.1676 0.7816
vn 0.0165 0.8373 -0.5464
vn 0.0162 0.8373 -0.5464
vn -0.7245 0.3865 0.5707
vn 0.6892 0.3869 0.6126
vn -0.7245 0.3869 0.5704
vn 0.6891 0.3870 0.6128
vn 0.5533 -0.1677 0.8159
vn -0.6891 -0.3867 -0.6128
vn 0.7245 -0.3867 -0.5706
vn -0.6892 -0.3867 -0.6128
vn 0.0162 0.8373 -0.5465
vn -0.5822 0.7991 0.1503
vn 0.5720 0.7991 0.1848
vn 0.7244 -0.3867 -0.5707
vn -0.0162 -0.8372 0.5466
vn -0.6010 -0.1678 0.7815
vn 0.0162 0.8372 -0.5466
vn 0.0162 0.8372 -0.5467
vn 0.0164 0.8372 -0.5466
vn -0.7244 0.3867 0.5706
vn 0.6890 0.3864 0.6132
vn 0.6893 0.3863 0.6130
vn 0.5533 -0.1678 0.8159
vn -0.5821 0.7991 0.1505
vn -0.6009 -0.1678 0.7815
vn -0.5821 0.7991 0.1502
vn 0.5721 0.7991 0.1850
vn 0.7244 -0.3867 -0.5706
vn 0.5532 -0.1678 0.8160
vn -0.0119 -0.9159 0.4012
vn 0.5859 -0.7605 -0.2799
vn -0.0122 -0.9160 0.4010
vn -0.0121 -0.9160 0.4010
vn 0.0120 0.9161 -0.4008
vn 0.0273 -0.4013 -0.9155
vn -0.5545 0.2972 -0.7773
vn 0.0278 0.3641 -0.9310
vn 0.0107 -0.9315 -0.3635
vn 0.0269 -0.4013 -0.9155
vn 0.0120 0.9160 -0.4009
vn -0.6875 -0.2836 -0.6685
vn -0.5543 0.2973 -0.7774
vn 0.0118 0.9160 -0.4010
vn 0.0123 0.9160 -0.4011
vn 0.0121 0.9161 -0.4008
vn 0.5860 -0.7604 -0.2800
vn 0.0117 0.9160 -0.4010
vn -0.0115 -0.9160 0.4010
vn -0.0121 -0.9160 0.4011
vn -0.0117 -0.9160 0.4010
vn 0.0120 0.9161 -0.4009
vn -0.7260 0.2838 0.6264
vn 0.6874 0.2835 0.6686
vn -0.7261 0.2837 0.6264
vn 0.7261 -0.2837 -0.6263
vn -0.6875 -0.2837 -0.6685
vn 0.0120 0.9160 -0.4010
vn -0.0119 -0.9160 0.4011
vn -0.0118 -0.9160 0.4010
vn -0.0116 -0.9159 0.4011
vn -0.0114 -0.9160 0.4010
vn -0.0117 -0.9161 0.4008
vn 0.0119 0.9160 -0.4011
vn 0.0120 0.9160 -0.4011
vn -0.7261 0.2837 0.6263
vn 0.6875 0.2837 0.6685
vn -0.7261 0.2836 0.6263
vn -0.6874 -0.2838 -0.6685
vn 0.7262 -0.2838 -0.6261
vn -0.6875 -0.2836 -0.6686
vn 0.0119 0.9160 -0.4010
vn -0.0123 -0.9161 0.4008
vn -0.0127 -0.9160 0.4010
vn -0.0120 -0.9160 0.4011
vn -0.0120 -0.9160 0.4010
vn -0.7261 0.2835 0.6264
vn 0.6875 0.2839 0.6684
vn 0.7261 -0.2838 -0.6262
vn -0.0120 -0.9160 0.4009
vn -0.0073 -0.9694 0.2453
vn -0.5980 -0.4182 0.6838
vn 0.0074 0.9695 -0.2451
vn 0.0071 0.9695 -0.2451
vn -0.7273 0.1733 0.6641
vn 0.6864 0.1738 0.7061
vn -0.7272 0.1734 0.6642
vn 0.5646 0.7013 0.4352
vn 0.5562 -0.4182 0.7182
vn -0.6863 -0.1736 -0.7063
vn 0.7273 -0.1736 -0.6640
vn -0.6864 -0.1736 -0.7062
vn 0.0070 0.9695 -0.2451
vn -0.5895 0.7013 0.4008
vn -0.5896 0.7013 0.4008
vn 0.5562 -0.4181 0.7182
vn -0.5980 -0.4182 0.6837
vn -0.0071 -0.9695 0.2451
vn -0.5980 -0.4180 0.6839
vn 0.0071 0.9694 -0.2453
vn 0.0073 0.9695 -0.2450
vn 0.0074 0.9694 -0.2453
vn -0.7272 0.1736 0.6641
vn 0.6864 0.1736 0.7062
vn -0.7273 0.1736 0.6640
vn 0.6863 0.1736 0.7063
vn 0.5561 -0.4180 0.7183
vn -0.6864 -0.1733 -0.7063
vn 0.7272 -0.1733 -0.6642
vn -0.6863 -0.1734 -0.7063
vn 0.0072 0.9695 -0.2450
vn -0.5896 0.7014 0.4006
vn -0.5980 -0.4180 0.6838
vn -0.5895 0.7014 0.4006
vn 0.5646 0.7014 0.4350
vn 0.7273 -0.1733 -0.6641
vn 0.5562 -0.4180 0.7183
vn 0.5647 0.7014 0.4350
vn -0.0075 -0.9695 0.2451
vn -0.0073 -0.9695 0.2451
vn -0.5981 -0.4181 0.6838
vn 0.0073 0.9694 -0.2453
vn -0.7273 0.1732 0.6641
vn 0.6863 0.1733 0.7064
vn -0.7272 0.1733 0.6642
vn 0.6864 0.1732 0.7063
vn 0.5561 -0.4182 0.7182
vn -0.5981 -0.4181 0.6837
vn -0.5896 0.7013 0.4007
vn 0.7272 -0.1737 -0.6641
vn 0.5561 -0.4181 0.7182
vn 0.5645 0.7013 0.4352
vn -0.0072 -0.9695 0.2451
vn 0.0072 0.9694 -0.2453
vn 0.0075 0.9694 -0.2454
vn -0.7273 0.1735 0.6640
vn 0.5646 0.7014 0.4351
vn 0.5561 -0.4183 0.7182
vn -0.6863 -0.1733 -0.7064
vn 0.0075 0.9694 -0.2453
vn -0.0025 -0.9966 0.0818
vn 0.5929 -0.6228 -0.5105
vn -0.5956 -0.5281 0.6052
vn -0.0024 -0.9966 0.0819
vn 0.5586 -0.5281 0.6396
vn 0.0025 0.9966 -0.0821
vn 0.0297 -0.0823 -0.9962
vn -0.5586 0.5279 -0.6398
vn 0.0226 0.6469 -0.7623
vn 0.0194 -0.7628 -0.6464
vn 0.0020 0.9966 -0.0821
vn -0.5928 0.6227 0.5107
vn -0.5957 -0.5281 0.6052
vn 0.0027 0.9966 -0.0819
vn 0.5613 0.6227 0.5451
vn 0.7277 -0.0582 -0.6834
vn 0.5586 -0.5279 0.6398
vn 0.5614 0.6227 0.5451
vn -0.0025 -0.9966 0.0819
vn -0.0027 -0.9966 0.0821
vn -0.0027 -0.9966 0.0822
vn 0.0025 0.9966 -0.0819
vn -0.7278 0.0579 0.6833
vn 0.6857 0.0579 0.7255
vn -0.7278 0.0579 0.6834
vn 0.6858 0.0579 0.7255
vn -0.6858 -0.0579 -0.7255
vn 0.7278 -0.0578 -0.6834
vn 0.7278 -0.0578 -0.6833
vn 0.5585 -0.5281 0.6396
vn -0.0024 -0.9966 0.0818
vn 0.0022 0.9966 -0.0821
vn 0.0023 0.9966 -0.0821
vn 0.0023 0.9966 -0.0819
vn 0.6857 0.0578 0.7255
vn 0.6858 0.0578 0.7255
vn 0.7278 -0.0579 -0.6834
vn -0.6857 -0.0579 -0.7255
vn 0.0027 0.9966 -0.0821
vn -0.5929 0.6227 0.5107
vn 0.7278 -0.0579 -0.6833
vn -0.0026 -0.9966 0.0819
vn 0.0026 0.9966 -0.0818
vn 0.0023 0.9966 -0.0818
vn 0.0025 -0.9965 -0.0836
vn -0.5928 -0.6236 0.5095
vn -0.0025 0.9965 0.0837
vn -0.7278 -0.0592 0.6832
vn 0.6858 -0.0592 0.7254
vn 0.5614 -0.6236 0.5440
vn -0.6858 0.0592 -0.7254
vn 0.7278 0.0592 -0.6832
vn -0.5957 0.5270 0.6062
vn -0.5928 -0.6236 0.5096
vn 0.5585 0.5270 0.6406
vn 0.5613 -0.6237 0.5440
vn 0.0025 -0.9965 -0.0837
vn -0.5928 -0.6237 0.5096
vn -0.0024 0.9965 0.0837
vn -0.0026 0.9965 0.0837
vn 0.7278 0.0591 -0.6832
vn -0.0024 0.9965 0.0835
vn -0.5957 0.5270 0.6061
vn 0.0024 -0.9965 -0.0837
vn 0.0024 -0.9965 -0.0835
vn 0.0024 -0.9965 -0.0834
vn -0.0025 0.9965 0.0836
vn 0.5614 -0.6237 0.5440
vn 0.0026 -0.9965 -0.0834
vn 0.0027 -0.9965 -0.0834
vn 0.0073 -0.9703 -0.2419
vn 0.0073 -0.9702 -0.2422
vn 0.5979 -0.4205 -0.6824
vn 0.0076 -0.9703 -0.2418
vn 0.0074 -0.9703 -0.2419
vn -0.0073 0.9703 0.2418
vn 0.0290 0.2419 -0.9699
vn -0.5646 0.6998 -0.4376
vn 0.0154 0.8572 -0.5148
vn 0.0254 -0.5149 -0.8569
vn 0.0289 0.2419 -0.9699
vn -0.0072 0.9703 0.2418
vn -0.6863 0.1710 -0.7069
vn -0.5646 0.6999 -0.4375
vn 0.0073 -0.9703 -0.2418
vn 0.0070 -0.9703 -0.2418
vn 0.0075 -0.9703 -0.2419
vn 0.0072 -0.9703 -0.2419
vn 0.0072 -0.9703 -0.2418
vn 0.0072 -0.9703 -0.2420
vn -0.0073 0.9703 0.2417
vn -0.0075 0.9703 0.2418
vn -0.7272 -0.1710 0.6648
vn 0.6863 -0.1713 0.7068
vn -0.7272 -0.1714 0.6647
vn 0.6863 -0.1711 0.7069
vn 0.7273 0.1710 -0.6647
vn -0.0074 0.9703 0.2418
vn 0.0071 -0.9703 -0.2420
vn 0.0075 -0.9703 -0.2420
vn 0.0077 -0.9703 -0.2418
vn 0.0075 -0.9702 -0.2420
vn -0.0074 0.9703 0.2417
vn -0.0071 0.9703 0.2417
vn 0.6864 -0.1709 0.7069
vn -0.7273 -0.1710 0.6647
vn -0.6863 0.1711 -0.7069
vn -0.0070 0.9703 0.2418
vn -0.0076 0.9703 0.2418
vn 0.0070 -0.9702 -0.2420
vn 0.0069 -0.9703 -0.2420
vn -0.0072 0.9703 0.2417
vn -0.7273 -0.1713 0.6646
vn 0.6863 -0.1713 0.7069
vn 0.7273 0.1711 -0.6647
vn -0.0071 0.9703 0.2418
vn 0.0072 -0.9703 -0.2417
vn 0.0070 -0.9703 -0.2420
vn 0.0119 -0.9171 -0.3985
vn -0.5860 -0.7597 0.2820
vn -0.0119 0.9171 0.3985
vn -0.7262 -0.2822 0.6269
vn 0.6874 -0.2822 0.6692
vn -0.7261 -0.2822 0.6270
vn 0.6875 -0.2821 0.6691
vn 0.5682 -0.7597 0.3164
vn -0.6874 0.2819 -0.6693
vn 0.7261 0.2819 -0.6271
vn -0.6875 0.2819 -0.6693
vn -0.5998 0.2993 0.7421
vn 0.5544 0.2993 0.7766
vn 0.0119 -0.9171 -0.3986
vn 0.0120 -0.9170 -0.3987
vn -0.5860 -0.7597 0.2818
vn -0.0120 0.9171 0.3985
vn -0.7261 -0.2818 0.6272
vn 0.6875 -0.2819 0.6693
vn -0.7262 -0.2818 0.6271
vn 0.5544 0.2991 0.7767
vn 0.5682 -0.7597 0.3162
vn -0.5997 0.2991 0.7422
vn -0.5998 0.2991 0.7422
vn 0.5544 0.2991 0.7766
vn 0.0119 -0.9170 -0.3986
vn 0.0118 -0.9170 -0.3986
vn -0.0116 0.9170 0.3987
vn -0.0117 0.9171 0.3984
vn -0.0122 0.9170 0.3987
vn -0.7261 -0.2819 0.6271
vn -0.7262 -0.2819 0.6271
vn 0.5544 0.2992 0.7766
vn 0.5681 -0.7597 0.3163
vn -0.6875 0.2821 -0.6691
vn 0.7261 0.2822 -0.6271
vn -0.6874 0.2822 -0.6692
vn -0.5997 0.2992 0.7422
vn 0.5682 -0.7597 0.3163
vn 0.0119 -0.9170 -0.3987
vn -0.5861 -0.7597 0.2819
vn -0.5860 -0.7597 0.2821
vn -0.0119 0.9170 0.3987
vn -0.7262 -0.2821 0.6269
vn 0.6876 -0.2822 0.6691
vn 0.5681 -0.7597 0.3165
vn -0.6875 0.2820 -0.6692
vn 0.7262 0.2817 -0.6271
vn -0.6874 0.2821 -0.6692
vn -0.0119 0.9170 0.3986
vn -0.5998 0.2994 0.7421
vn -0.5997 0.2994 0.7421
vn 0.5544 0.2994 0.7765
vn 0.7261 0.2821 -0.6271
vn 0.5682 -0.7596 0.3164
vn 0.5545 0.2993 0.7765
vn 0.0118 -0.9171 -0.3986
vn 0.0162 -0.8385 -0.5447
vn 0.6008 -0.1697 -0.7812
vn 0.0164 -0.8386 -0.5444
vn 0.0163 -0.8386 -0.5445
vn -0.0162 0.8388 0.5442
vn 0.0250 0.5449 -0.8382
vn -0.5723 0.7984 -0.1870
vn 0.0061 0.9782 -0.2078
vn 0.0292 -0.2077 -0.9778
vn -0.0166 0.8387 0.5443
vn -0.5720 0.7987 -0.1869
vn -0.0158 0.8387 0.5444
vn 0.7245 0.3852 -0.5716
vn 0.6009 -0.1697 -0.7811
vn -0.0167 0.8387 0.5444
vn 0.0160 -0.8387 -0.5444
vn 0.0162 -0.8387 -0.5444
vn -0.0163 0.8387 0.5444
vn -0.0162 0.8387 0.5444
vn -0.7245 -0.3851 0.5717
vn 0.6891 -0.3851 0.6139
vn -0.7245 -0.3851 0.5716
vn -0.6891 0.3851 -0.6139
vn 0.7245 0.3851 -0.5717
vn 0.0164 -0.8387 -0.5444
vn 0.0165 -0.8387 -0.5444
vn 0.6890 -0.3853 0.6138
vn 0.6891 -0.3852 0.6138
vn -0.6892 0.3852 -0.6137
vn 0.7244 0.3853 -0.5717
vn -0.6891 0.3852 -0.6138
vn 0.7245 0.3851 -0.5716
vn 0.0163 -0.8387 -0.5444
vn 0.6891 -0.3851 0.6138
vn -0.6891 0.3851 -0.6138
vn 0.0200 -0.7385 -0.6740
vn -0.5782 -0.8157 0.0198
vn -0.0202 0.7385 0.6740
vn -0.0201 0.7385 0.6740
vn -0.7224 -0.4768 0.5008
vn 0.6912 -0.4768 0.5431
vn 0.5528 0.0370 0.8325
vn 0.5760 -0.8156 0.0542
vn -0.6912 0.4768 -0.5431
vn 0.7224 0.4767 -0.5009
vn -0.6912 0.4767 -0.5431
vn -0.6014 0.0370 0.7981
vn -0.6014 0.0371 0.7981
vn 0.5759 -0.8157 0.0543
vn 0.0201 -0.7385 -0.6740
vn -0.5781 -0.8157 0.0198
vn 0.0200 -0.7384 -0.6740
vn -0.5782 -0.8156 0.0199
vn -0.0203 0.7385 0.6739
vn -0.0200 0.7385 0.6739
vn -0.7223 -0.4767 0.5010
vn 0.6913 -0.4767 0.5431
vn -0.7224 -0.4767 0.5009
vn 0.5528 0.0371 0.8325
vn 0.5760 -0.8157 0.0543
vn -0.6912 0.4768 -0.5430
vn 0.7224 0.4768 -0.5008
vn 0.0201 -0.7384 -0.6740
vn -0.5782 -0.8157 0.0199
vn 0.0200 -0.7385 -0.6739
vn -0.0202 0.7384 0.6740
vn -0.0201 0.7384 0.6740
vn -0.7224 -0.4768 0.5009
vn 0.6912 -0.4768 0.5430
vn 0.5758 -0.8158 0.0542
vn -0.6912 0.4767 -0.5432
vn 0.7223 0.4769 -0.5007
vn -0.6913 0.4766 -0.5431
vn -0.0200 0.7384 0.6740
vn -0.5784 -0.8155 0.0198
vn -0.6014 0.0369 0.7981
vn 0.5760 -0.8156 0.0543
vn 0.5527 0.0370 0.8325
vn 0.0202 -0.7385 -0.6739
vn -0.0200 0.7385 0.6740
vn 0.5760 -0.8157 0.0540
vn -0.6012 0.0369 0.7982
vn 0.5529 0.0370 0.8324
vn 0.5761 -0.8156 0.0539
vn 0.5527 0.0370 0.8326
vn 0.0203 -0.7385 -0.6740
vn 0.0234 -0.6185 -0.7855
vn 0.6014 0.0966 -0.7931
vn 0.0236 -0.6184 -0.7855
vn -0.0234 0.6185 0.7854
vn 0.0184 0.7856 -0.6185
vn -0.5799 0.8108 0.0794
vn -0.0036 0.9930 0.1180
vn 0.0297 0.1182 -0.9925
vn -0.0234 0.6185 0.7855
vn -0.6937 0.5558 -0.4581
vn -0.0235 0.6184 0.7855
vn 0.6012 0.0965 -0.7932
vn -0.0234 0.6184 0.7855
vn 0.0237 -0.6184 -0.7855
vn 0.0232 -0.6186 -0.7854
vn 0.0231 -0.6184 -0.7855
vn 0.0233 -0.6186 -0.7854
vn -0.7198 -0.5556 0.4163
vn 0.6938 -0.5555 0.4583
vn -0.7199 -0.5555 0.4162
vn 0.6938 -0.5557 0.4581
vn -0.6938 0.5557 -0.4582
vn 0.7198 0.5557 -0.4160
vn -0.0233 0.6184 0.7855
vn 0.7198 0.5557 -0.4159
vn -0.0236 0.6184 0.7855
vn 0.0236 -0.6186 -0.7854
vn 0.0238 -0.6184 -0.7855
vn 0.0235 -0.6183 -0.7856
vn -0.7198 -0.5557 0.4160
vn 0.6938 -0.5557 0.4582
vn -0.7199 -0.5555 0.4161
vn 0.7199 0.5556 -0.4160
vn -0.6938 0.5558 -0.4580
vn -0.0237 0.6184 0.7855
vn 0.0234 -0.6183 -0.7856
vn 0.0233 -0.6184 -0.7855
vn 0.0235 -0.6184 -0.7855
vn -0.0233 0.6183 0.7856
vn -0.0236 0.6182 0.7856
vn -0.7197 -0.5556 0.4163
vn 0.6937 -0.5559 0.4581
vn -0.7198 -0.5556 0.4161
vn -0.6937 0.5557 -0.4582
vn 0.7199 0.5557 -0.4160
vn -0.6938 0.5555 -0.4583
vn -0.0236 0.6183 0.7856
vn -0.0232 0.6184 0.7855
vn 0.0234 -0.6184 -0.7855
vn 0.0262 -0.4802 -0.8768
vn -0.5703 -0.7837 -0.2462
vn -0.0261 0.4802 0.8767
vn -0.0262 0.4802 0.8768
vn -0.7169 -0.6202 0.3185
vn 0.6967 -0.6201 0.3606
vn -0.7170 -0.6201 0.3184
vn 0.6966 -0.6202 0.3606
vn 0.5839 -0.7837 -0.2117
vn -0.6967 0.6203 -0.3604
vn 0.7169 0.6203 -0.3182
vn -0.6966 0.6203 -0.3604
vn -0.6005 -0.2291 0.7661
vn 0.5537 -0.2291 0.8006
vn 0.5839 -0.7837 -0.2118
vn 0.0261 -0.4801 -0.8768
vn -0.5702 -0.7837 -0.2462
vn 0.0262 -0.4801 -0.8768
vn -0.0261 0.4801 0.8768
vn -0.0262 0.4801 0.8768
vn -0.7169 -0.6202 0.3184
vn 0.6967 -0.6202 0.3605
vn 0.5840 -0.7837 -0.2118
vn -0.6966 0.6202 -0.3606
vn 0.7170 0.6201 -0.3185
vn -0.6967 0.6201 -0.3606
vn -0.0263 0.4802 0.8768
vn 0.7169 0.6202 -0.3185
vn 0.0261 -0.4802 -0.8768
vn 0.0263 -0.4801 -0.8768
vn -0.0260 0.4801 0.8768
vn -0.0263 0.4801 0.8768
vn 0.6966 -0.6202 0.3607
vn -0.6967 0.6203 -0.3605
vn 0.7169 0.6202 -0.3183
vn -0.6967 0.6202 -0.3605
vn -0.6004 -0.2291 0.7661
vn 0.5840 -0.7836 -0.2118
vn 0.5537 -0.2291 0.8005
vn -0.5702 -0.7837 -0.2463
vn -0.0260 0.4802 0.8768
vn 0.5537 -0.2293 0.8006
vn 0.5839 -0.7837 -0.2119
vn 0.7169 0.6202 -0.3184
vn -0.6004 -0.2292 0.7661
vn -0.6005 -0.2292 0.7660
vn 0.5537 -0.2292 0.8005
vn 0.5840 -0.7836 -0.2119
vn 0.0260 -0.4801 -0.8768
vn -0.5702 -0.7839 -0.2459
vn 0.0281 -0.3306 -0.9433
vn 0.5990 0.3540 -0.7183
vn 0.0279 -0.3305 -0.9434
vn 0.0280 -0.3306 -0.9434
vn -0.0283 0.3306 0.9433
vn 0.0101 0.9438 -0.3305
vn -0.5876 0.7358 0.3366
vn -0.0127 0.9011 0.4335
vn 0.0269 0.4335 -0.9007
vn 0.0098 0.9437 -0.3308
vn -0.0281 0.3305 0.9434
vn -0.0282 0.3305 0.9434
vn 0.5990 0.3540 -0.7182
vn 0.0283 -0.3305 -0.9434
vn -0.5876 0.7358 0.3365
vn 0.0282 -0.3305 -0.9434
vn -0.7137 -0.6674 0.2127
vn 0.6999 -0.6673 0.2547
vn -0.7137 -0.6673 0.2128
vn -0.6998 0.6674 -0.2547
vn 0.7138 0.6674 -0.2125
vn -0.0281 0.3306 0.9434
vn 0.0281 -0.3305 -0.9434
vn 0.0280 -0.3305 -0.9434
vn 0.0283 -0.3304 -0.9434
vn 0.0284 -0.3305 -0.9434
vn 0.0283 -0.3303 -0.9434
vn -0.0280 0.3303 0.9435
vn -0.7138 -0.6674 0.2125
vn 0.6998 -0.6674 0.2546
vn -0.7137 -0.6674 0.2126
vn -0.6998 0.6674 -0.2548
vn 0.7138 0.6673 -0.2126
vn 0.0280 -0.3303 -0.9434
vn 0.0280 -0.3304 -0.9434
vn 0.0281 -0.3306 -0.9434
vn -0.0283 0.3303 0.9435
vn -0.7138 -0.6674 0.2123
vn 0.6998 -0.6675 0.2545
vn -0.7137 -0.6674 0.2125
vn 0.6998 -0.6674 0.2547
vn 0.7137 0.6674 -0.2125
vn -0.6998 0.6673 -0.2548
vn -0.0280 0.3305 0.9434
vn -0.0284 0.3305 0.9434
vn 0.0293 -0.1710 -0.9848
vn -0.5630 -0.6676 -0.4872
vn -0.0294 0.1710 0.9848
vn -0.0293 0.1710 0.9848
vn -0.7105 -0.6967 0.0994
vn 0.7031 -0.6969 0.1415
vn -0.7103 -0.6968 0.0995
vn 0.5572 -0.4701 0.6845
vn 0.5911 -0.6674 -0.4530
vn -0.7031 0.6967 -0.1420
vn 0.7103 0.6968 -0.0995
vn -0.7031 0.6968 -0.1416
vn -0.5970 -0.4701 0.6500
vn 0.5911 -0.6676 -0.4527
vn 0.0295 -0.1710 -0.9848
vn -0.5631 -0.6675 -0.4872
vn -0.0294 0.1709 0.9848
vn -0.0293 0.1709 0.9848
vn -0.7104 -0.6967 0.0995
vn 0.7032 -0.6966 0.1420
vn 0.5571 -0.4704 0.6844
vn 0.5911 -0.6674 -0.4529
vn 0.7104 0.6967 -0.0998
vn -0.7032 0.6966 -0.1420
vn -0.5971 -0.4699 0.6501
vn -0.5969 -0.4704 0.6500
vn 0.0294 -0.1710 -0.9848
vn -0.5631 -0.6676 -0.4871
vn -0.0295 0.1710 0.9848
vn -0.7104 -0.6967 0.0998
vn -0.7104 -0.6966 0.0998
vn 0.5910 -0.6675 -0.4530
vn -0.7033 0.6967 -0.1415
vn 0.7103 0.6969 -0.0994
vn -0.7031 0.6969 -0.1416
vn -0.0292 0.1710 0.9848
vn -0.5970 -0.4701 0.6501
vn -0.5969 -0.4702 0.6501
vn 0.5572 -0.4702 0.6845
vn 0.5910 -0.6676 -0.4528
vn -0.5630 -0.6676 -0.4871
vn -0.0293 0.1708 0.9849
vn -0.0295 0.1708 0.9849
vn -0.7103 -0.6967 0.0999
vn -0.7102 -0.6969 0.0996
vn 0.7104 0.6966 -0.0998
vn -0.5970 -0.4704 0.6499
vn -0.5971 -0.4701 0.6500
vn 0.5911 -0.6675 -0.4527
vn -0.5631 -0.6676 -0.4872
vn 0.0298 -0.0060 -0.9995
vn 0.5944 0.5739 -0.5634
vn -0.5600 -0.5808 -0.5908
vn 0.0299 -0.0061 -0.9995
vn 0.5943 -0.5808 -0.5563
vn -0.0298 0.0060 0.9995
vn 0.0001 1.0000 -0.0060
vn -0.5942 0.5808 0.5564
vn -0.0210 0.7113 0.7025
vn 0.0212 0.7028 -0.7110
vn 0.0002 1.0000 -0.0060
vn -0.0298 0.0061 0.9995
vn -0.5944 -0.5739 0.5634
vn -0.5600 -0.5809 -0.5908
vn -0.5944 -0.5738 0.5634
vn -0.0299 0.0061 0.9995
vn 0.5598 -0.5739 0.5978
vn 0.7069 0.7071 0.0168
vn 0.5942 -0.5808 -0.5564
vn 0.5597 -0.5739 0.5978
vn 0.0298 -0.0061 -0.9995
vn -0.7069 -0.7071 -0.0167
vn 0.7067 -0.7071 0.0255
vn 0.5598 -0.5738 0.5978
vn 0.5942 -0.5809 -0.5564
vn -0.7067 0.7071 -0.0253
vn -0.7066 0.7071 -0.0253
vn 0.5598 -0.5738 0.5979
vn 0.5942 -0.5809 -0.5563
vn 0.0297 -0.0063 -0.9995
vn -0.5600 -0.5809 -0.5907
vn -0.7069 -0.7071 -0.0168
vn 0.7066 -0.7071 0.0254
vn 0.7067 -0.7071 0.0254
vn 0.5942 -0.5810 -0.5562
vn -0.7066 0.7072 -0.0250
vn 0.7069 0.7071 0.0167
vn -0.7067 0.7071 -0.0251
vn -0.5943 -0.5740 0.5633
vn -0.5944 -0.5739 0.5633
vn 0.5598 -0.5737 0.5979
vn 0.5941 -0.5810 -0.5563
vn 0.0300 -0.0063 -0.9995
vn -0.5600 -0.5810 -0.5907
vn -0.0297 0.0063 0.9995
vn -0.7070 -0.7071 -0.0168
vn 0.7066 -0.7071 0.0253
vn 0.7067 -0.7071 0.0253
vn 0.5944 -0.5806 -0.5565
vn -0.5944 -0.5737 0.5635
vn -0.5599 -0.5810 -0.5907
vn 0.5597 -0.5737 0.5980
vn 0.7069 0.7071 0.0172
vn 0.5943 -0.5806 -0.5564
vn 0.0294 0.1582 -0.9870
vn -0.5573 -0.4788 -0.6783
vn -0.0295 -0.1581 0.9870
vn -0.0294 -0.1581 0.9870
vn -0.7034 -0.6982 -0.1332
vn 0.7102 -0.6982 -0.0906
vn -0.7034 -0.6982 -0.1330
vn 0.7101 -0.6983 -0.0906
vn 0.5968 -0.4788 -0.6439
vn -0.7100 0.6984 0.0903
vn 0.7036 0.6981 0.1326
vn -0.7102 0.6982 0.0903
vn -0.5914 -0.6614 0.4613
vn -0.5574 -0.4788 -0.6783
vn 0.5628 -0.6614 0.4957
vn 0.7035 0.6982 0.1329
vn 0.5968 -0.4787 -0.6439
vn 0.5628 -0.6614 0.4958
vn 0.0294 0.1581 -0.9870
vn -0.0295 -0.1582 0.9870
vn -0.0294 -0.1582 0.9870
vn -0.7033 -0.6984 -0.1327
vn 0.7101 -0.6982 -0.0907
vn -0.7036 -0.6981 -0.1327
vn 0.5969 -0.4787 -0.6439
vn -0.7101 0.6982 0.0907
vn 0.7034 0.6982 0.1329
vn -0.5914 -0.6614 0.4614
vn 0.0295 0.1581 -0.9870
vn -0.5574 -0.4789 -0.6782
vn -0.7034 -0.6982 -0.1328
vn -0.7035 -0.6982 -0.1328
vn -0.5914 -0.6615 0.4612
vn 0.5627 -0.6615 0.4958
vn -0.5573 -0.4788 -0.6784
vn 0.5969 -0.4788 -0.6438
vn 0.7034 0.6982 0.1332
vn 0.0283 0.3190 -0.9473
vn 0.5880 0.7313 -0.3456
vn -0.0282 -0.3190 0.9473
vn -0.0282 -0.3192 0.9473
vn -0.0096 0.9477 0.3190
vn -0.5989 0.3631 0.7138
vn -0.0268 0.4444 0.8954
vn 0.0133 0.8958 -0.4443
vn -0.0095 0.9477 0.3190
vn -0.0281 -0.3190 0.9473
vn -0.7135 0.6703 0.2041
vn -0.5989 0.3631 0.7137
vn -0.0284 -0.3190 0.9473
vn 0.5879 0.7313 -0.3458
vn 0.0282 0.3189 -0.9474
vn -0.0283 -0.3190 0.9473
vn -0.0282 -0.3191 0.9473
vn -0.7000 -0.6703 -0.2464
vn 0.7136 -0.6702 -0.2042
vn -0.7000 -0.6702 -0.2466
vn 0.7135 -0.6702 -0.2043
vn -0.7136 0.6701 0.2045
vn 0.7001 0.6702 0.2463
vn -0.7135 0.6702 0.2045
vn 0.7000 0.6702 0.2465
vn 0.0284 0.3190 -0.9473
vn -0.7001 -0.6701 -0.2466
vn 0.7135 -0.6702 -0.2045
vn -0.7000 -0.6702 -0.2467
vn 0.7135 -0.6702 -0.2042
vn 0.7000 0.6702 0.2467
vn 0.7001 0.6701 0.2467
vn 0.0282 0.3190 -0.9473
vn 0.0283 0.3191 -0.9473
vn -0.0284 -0.3191 0.9473
vn 0.7135 -0.6702 -0.2046
vn 0.7135 -0.6701 -0.2045
vn 0.0282 0.3191 -0.9473
vn 0.0285 0.3190 -0.9473
vn 0.0264 0.4711 -0.8817
vn -0.5538 -0.2375 -0.7981
vn -0.0263 -0.4710 0.8817
vn -0.0264 -0.4711 0.8817
vn -0.6969 -0.6237 -0.3542
vn 0.7167 -0.6238 -0.3119
vn -0.6968 -0.6237 -0.3542
vn 0.5700 -0.7812 0.2546
vn 0.6003 -0.2375 -0.7637
vn -0.7167 0.6238 0.3118
vn 0.6969 0.6237 0.3540
vn -0.5842 -0.7812 0.2201
vn -0.5842 -0.7812 0.2202
vn 0.0263 0.4711 -0.8817
vn 0.0262 0.4710 -0.8818
vn -0.5538 -0.2373 -0.7981
vn 0.0262 0.4709 -0.8818
vn -0.6969 -0.6236 -0.3542
vn 0.7167 -0.6237 -0.3121
vn 0.7168 -0.6236 -0.3120
vn 0.6004 -0.2373 -0.7637
vn -0.7167 0.6239 0.3117
vn 0.6969 0.6238 0.3538
vn -0.7168 0.6238 0.3116
vn -0.5841 -0.7813 0.2200
vn -0.5842 -0.7813 0.2200
vn 0.5700 -0.7813 0.2544
vn 0.6968 0.6239 0.3538
vn 0.6003 -0.2373 -0.7637
vn 0.0264 0.4709 -0.8818
vn 0.0263 0.4710 -0.8817
vn -0.0262 -0.4711 0.8817
vn -0.6969 -0.6239 -0.3537
vn -0.6969 -0.6238 -0.3540
vn 0.7167 -0.6237 -0.3119
vn 0.6004 -0.2375 -0.7636
vn -0.7168 0.6237 0.3119
vn 0.6968 0.6237 0.3541
vn -0.7167 0.6237 0.3119
vn 0.6969 0.6237 0.3541
vn -0.0263 -0.4711 0.8817
vn -0.6968 -0.6238 -0.3540
vn 0.7167 -0.6238 -0.3118
vn -0.6968 -0.6236 -0.3543
vn 0.5701 -0.7813 0.2542
vn -0.7166 0.6240 0.3116
vn 0.6970 0.6238 0.3538
vn -0.7168 0.6238 0.3115
vn -0.5841 -0.7812 0.2201
vn -0.5841 -0.7812 0.2202
vn 0.6004 -0.2372 -0.7637
vn 0.0237 0.6102 -0.7919
vn 0.5802 0.8097 -0.0881
vn -0.5530 -0.1051 -0.8266
vn 0.0233 0.6102 -0.7919
vn 0.6014 -0.1051 -0.7920
vn -0.0237 -0.6101 0.7920
vn -0.0183 0.7922 0.6100
vn -0.6013 0.1051 0.7921
vn -0.0296 0.1288 0.9912
vn 0.0039 0.9917 -0.1285
vn -0.0181 0.7923 0.6098
vn -0.0238 -0.6101 0.7920
vn -0.5802 -0.8097 0.0878
vn -0.5801 -0.8098 0.0878
vn -0.0235 -0.6102 0.7919
vn 0.5739 -0.8097 0.1222
vn 0.6939 0.5603 0.4522
vn 0.6012 -0.1051 -0.7921
vn 0.5740 -0.8097 0.1222
vn 0.6013 -0.1052 -0.7921
vn 0.0236 0.6101 -0.7920
vn -0.5530 -0.1053 -0.8265
vn 0.0236 0.6100 -0.7920
vn -0.0237 -0.6101 0.7919
vn -0.0236 -0.6101 0.7920
vn -0.6939 -0.5600 -0.4527
vn 0.7197 -0.5603 -0.4101
vn -0.6939 -0.5603 -0.4523
vn 0.7196 -0.5603 -0.4101
vn 0.6012 -0.1053 -0.7921
vn -0.7197 0.5601 0.4103
vn 0.6938 0.5602 0.4526
vn -0.7196 0.5601 0.4104
vn -0.5803 -0.8097 0.0880
vn -0.5529 -0.1053 -0.8266
vn 0.5740 -0.8097 0.1224
vn 0.6939 0.5603 0.4523
vn 0.6011 -0.1053 -0.7922
vn 0.5740 -0.8097 0.1221
vn 0.0237 0.6100 -0.7920
vn -0.5530 -0.1052 -0.8265
vn -0.0236 -0.6101 0.7919
vn -0.6940 -0.5600 -0.4525
vn 0.7196 -0.5602 -0.4104
vn -0.6938 -0.5601 -0.4526
vn 0.5740 -0.8097 0.1223
vn 0.6012 -0.1052 -0.7922
vn -0.7197 0.5603 0.4101
vn 0.6939 0.5602 0.4523
vn -0.5802 -0.8097 0.0879
vn -0.5529 -0.1052 -0.8266
vn 0.0238 0.6102 -0.7919
vn -0.5528 -0.1052 -0.8266
vn 0.0238 0.6103 -0.7918
vn -0.0239 -0.6100 0.7920
vn -0.0239 -0.6100 0.7921
vn -0.0235 -0.6100 0.7921
vn -0.6940 -0.5602 -0.4523
vn 0.7196 -0.5602 -0.4103
vn -0.6939 -0.5602 -0.4524
vn 0.7197 -0.5602 -0.4102
vn 0.6013 -0.1051 -0.7921
vn -0.7196 0.5603 0.4101
vn -0.0235 -0.6100 0.7920
vn -0.5529 -0.1051 -0.8266
vn -0.5801 -0.8098 0.0881
vn 0.5740 -0.8096 0.1226
vn 0.6013 -0.1053 -0.7921
vn 0.0234 0.6103 -0.7918
vn 0.0202 0.7330 -0.6799
vn -0.5528 0.0304 -0.8328
vn -0.0202 -0.7330 0.6800
vn -0.6913 -0.4810 -0.5392
vn 0.7223 -0.4810 -0.4970
vn 0.5780 -0.8159 -0.0132
vn 0.6014 0.0304 -0.7983
vn -0.7222 0.4811 0.4970
vn 0.6914 0.4810 0.5391
vn -0.7223 0.4810 0.4969
vn -0.5762 -0.8159 -0.0476
vn 0.5780 -0.8160 -0.0132
vn 0.6014 0.0304 -0.7984
vn 0.0203 0.7330 -0.6799
vn -0.5527 0.0304 -0.8328
vn -0.5529 0.0304 -0.8327
vn -0.0205 -0.7330 0.6800
vn -0.0201 -0.7330 0.6800
vn 0.5780 -0.8159 -0.0133
vn 0.6015 0.0303 -0.7983
vn -0.7222 0.4811 0.4969
vn -0.0200 -0.7330 0.6800
vn -0.5762 -0.8159 -0.0478
vn -0.5761 -0.8160 -0.0478
vn 0.5780 -0.8160 -0.0133
vn 0.6014 0.0303 -0.7984
vn 0.0204 0.7332 -0.6797
vn -0.5527 0.0307 -0.8328
vn 0.0205 0.7331 -0.6798
vn -0.5528 0.0305 -0.8328
vn -0.0202 -0.7330 0.6799
vn -0.6912 -0.4812 -0.5391
vn 0.7223 -0.4811 -0.4967
vn -0.6914 -0.4811 -0.5390
vn 0.6014 0.0305 -0.7984
vn -0.7223 0.4808 0.4971
vn 0.6913 0.4810 0.5392
vn -0.7222 0.4809 0.4972
vn -0.5763 -0.8159 -0.0477
vn -0.5762 -0.8159 -0.0477
vn -0.5527 0.0305 -0.8328
vn 0.0204 0.7331 -0.6798
vn 0.0204 0.7329 -0.6801
vn -0.0201 -0.7331 0.6798
vn -0.0205 -0.7331 0.6798
vn 0.7222 -0.4810 -0.4970
vn 0.6016 0.0306 -0.7982
vn -0.7222 0.4810 0.4970
vn -0.5526 0.0305 -0.8329
vn -0.5761 -0.8160 -0.0476
vn 0.5781 -0.8159 -0.0132
vn 0.0202 0.7331 -0.6798
vn 0.0163 0.8352 -0.5497
vn 0.5722 0.7997 0.1820
vn 0.0164 0.8352 -0.5496
vn 0.0164 0.8352 -0.5497
vn -0.0165 -0.8352 0.5497
vn -0.0249 0.5499 0.8349
vn -0.6009 -0.1647 0.7822
vn -0.0292 -0.2017 0.9790
vn -0.0060 0.9794 0.2017
vn -0.0250 0.5499 0.8349
vn -0.0163 -0.8353 0.5496
vn -0.0166 -0.8351 0.5498
vn 0.6892 0.3889 0.6114
vn 0.5721 0.7997 0.1819
vn 0.0163 0.8352 -0.5496
vn 0.0166 0.8352 -0.5497
vn 0.0165 0.8352 -0.5497
vn -0.0164 -0.8352 0.5496
vn -0.0164 -0.8353 0.5496
vn -0.6892 -0.3888 -0.6115
vn 0.7244 -0.3888 -0.5693
vn -0.6892 -0.3888 -0.6114
vn 0.7244 -0.3889 -0.5692
vn -0.7243 0.3890 0.5692
vn 0.6892 0.3889 0.6113
vn -0.7244 0.3889 0.5692
vn -0.0163 -0.8352 0.5496
vn -0.0163 -0.8352 0.5497
vn 0.0163 0.8353 -0.5496
vn 0.0162 0.8353 -0.5495
vn -0.0163 -0.8354 0.5495
vn -0.6892 -0.3886 -0.6115
vn 0.7243 -0.3887 -0.5694
vn -0.6892 -0.3891 -0.6113
vn -0.7243 0.3891 0.5691
vn 0.6892 0.3888 0.6114
vn -0.7245 0.3890 0.5690
vn -0.0162 -0.8353 0.5496
vn -0.0162 -0.8352 0.5497
vn 0.0165 0.8352 -0.5496
vn 0.0165 0.8353 -0.5496
vn -0.0164 -0.8352 0.5497
vn -0.0167 -0.8352 0.5496
vn -0.6891 -0.3887 -0.6116
vn -0.7245 0.3886 0.5693
vn -0.7244 0.3886 0.5694
vn -0.0168 -0.8352 0.5497
vn 0.0162 0.8352 -0.5496
vn 0.0120 0.9147 -0.4041
vn -0.5544 0.2947 -0.7783
vn 0.0120 0.9147 -0.4040
vn -0.0119 -0.9147 0.4040
vn -0.0122 -0.9147 0.4040
vn -0.6876 -0.2856 -0.6676
vn 0.7260 -0.2858 -0.6254
vn -0.6875 -0.2857 -0.6677
vn 0.5859 -0.7614 -0.2774
vn 0.5999 0.2947 -0.7439
vn -0.7261 0.2858 0.6254
vn 0.6875 0.2858 0.6676
vn -0.0120 -0.9146 0.4042
vn -0.5683 -0.7614 -0.3119
vn -0.5684 -0.7616 -0.3114
vn 0.5859 -0.7615 -0.2774
vn 0.5998 0.2947 -0.7439
vn 0.0121 0.9147 -0.4040
vn -0.5543 0.2947 -0.7784
vn 0.0122 0.9147 -0.4041
vn -0.5544 0.2946 -0.7784
vn 0.0122 0.9147 -0.4040
vn -0.0123 -0.9146 0.4042
vn -0.0119 -0.9146 0.4042
vn 0.7260 -0.2857 -0.6255
vn -0.6874 -0.2857 -0.6677
vn 0.7262 -0.2856 -0.6254
vn 0.5997 0.2947 -0.7440
vn -0.0118 -0.9146 0.4042
vn -0.5683 -0.7615 -0.3118
vn -0.5544 0.2946 -0.7783
vn -0.5683 -0.7615 -0.3117
vn 0.5859 -0.7615 -0.2773
vn 0.5998 0.2946 -0.7439
vn 0.5858 -0.7615 -0.2773
vn -0.0117 -0.9147 0.4040
vn -0.0121 -0.9146 0.4042
vn -0.0124 -0.9147 0.4039
vn 0.7261 -0.2856 -0.6254
vn -0.5682 -0.7615 -0.3118
vn -0.5543 0.2946 -0.7784
vn -0.0118 -0.9146 0.4043
vn 0.7262 -0.2857 -0.6254
vn 0.5997 0.2950 -0.7439
vn -0.5681 -0.7615 -0.3121
vn -0.5683 -0.7615 -0.3116
vn 0.5859 -0.7615 -0.2772
vn 0.5998 0.2946 -0.7440
vn 0.5857 -0.7615 -0.2777
vn -0.5543 0.2949 -0.7783
vn 0.0119 0.9147 -0.4041
vn -0.0028 0.9965 0.0831
vn -0.0030 0.9965 0.0830
vn -0.0029 0.9965 0.0830
vn 0.5585 0.5275 0.6401
vn -0.5614 0.6233 -0.5443
vn -0.0020 0.9966 0.0828
vn 0.5929 0.6233 -0.5100
vn 0.0024 -0.9966 -0.0828
vn -0.0297 -0.0828 0.9961
vn -0.5930 -0.6234 0.5096
vn -0.0193 -0.7633 0.6457
vn -0.0227 0.6459 0.7631
vn 0.0021 -0.9966 -0.0829
vn -0.5585 -0.5274 -0.6403
vn -0.5613 0.6233 -0.5444
vn 0.0028 -0.9965 -0.0830
vn 0.5956 -0.5274 -0.6059
vn 0.6858 -0.0589 0.7254
vn 0.5928 0.6233 -0.5099
vn -0.0025 0.9966 0.0829
vn 0.5929 0.6233 -0.5099
vn -0.0026 0.9966 0.0828
vn -0.5614 0.6232 -0.5445
vn -0.0026 0.9966 0.0827
vn 0.0025 -0.9966 -0.0829
vn 0.0025 -0.9966 -0.0828
vn -0.6858 0.0589 -0.7254
vn 0.7279 0.0586 -0.6832
vn -0.6858 0.0585 -0.7254
vn 0.7278 0.0586 -0.6833
vn 0.5928 0.6232 -0.5101
vn -0.7279 -0.0589 0.6832
vn 0.6857 -0.0589 0.7255
vn -0.7278 -0.0589 0.6833
vn -0.5585 -0.5275 -0.6402
vn -0.5586 -0.5275 -0.6401
vn 0.5957 -0.5275 -0.6057
vn 0.5956 -0.5275 -0.6057
vn -0.0023 0.9966 0.0827
vn -0.0023 0.9966 0.0828
vn -0.0024 0.9966 0.0828
vn -0.5613 0.6232 -0.5445
vn 0.0022 -0.9966 -0.0828
vn 0.0027 -0.9966 -0.0828
vn -0.6857 0.0586 -0.7256
vn 0.7278 0.0588 -0.6833
vn -0.6857 0.0588 -0.7255
vn -0.7278 -0.0585 0.6833
vn 0.6858 -0.0585 0.7254
vn -0.7279 -0.0585 0.6832
vn 0.0028 -0.9966 -0.0828
vn -0.5585 -0.5275 -0.6401
vn -0.0027 0.9965 0.0831
vn -0.0025 0.9966 0.0828
vn -0.0023 0.9965 0.0831
vn -0.5614 0.6233 -0.5444
vn -0.6857 0.0585 -0.7255
vn 0.7277 0.0588 -0.6833
vn 0.7278 0.0588 -0.6832
vn 0.6857 -0.0588 0.7255
vn -0.7277 -0.0590 0.6834
vn -0.0026 0.9965 0.0831
vn -0.0074 0.9690 0.2469
vn -0.5646 0.7021 -0.4339
vn 0.0075 -0.9689 -0.2472
vn 0.0073 -0.9689 -0.2472
vn -0.6863 0.1747 -0.7060
vn 0.7273 0.1747 -0.6638
vn -0.6864 0.1746 -0.7059
vn 0.5980 -0.4168 -0.6846
vn 0.5895 0.7021 -0.3994
vn -0.7273 -0.1749 0.6637
vn 0.6863 -0.1746 0.7060
vn -0.7272 -0.1749 0.6638
vn -0.5562 -0.4168 -0.7189
vn -0.5562 -0.4168 -0.7190
vn 0.5980 -0.4169 -0.6845
vn 0.5895 0.7023 -0.3992
vn -0.0073 0.9690 0.2469
vn -0.0075 0.9690 0.2470
vn -0.5647 0.7021 -0.4338
vn 0.0075 -0.9690 -0.2471
vn 0.0073 -0.9690 -0.2471
vn -0.6863 0.1746 -0.7061
vn 0.7273 0.1745 -0.6638
vn -0.6863 0.1750 -0.7060
vn 0.7273 0.1749 -0.6637
vn -0.7272 -0.1746 0.6639
vn 0.6863 -0.1748 0.7060
vn -0.5560 -0.4166 -0.7192
vn -0.5647 0.7021 -0.4337
vn 0.5981 -0.4168 -0.6845
vn 0.6864 -0.1748 0.7059
vn -0.0072 0.9690 0.2470
vn -0.0072 0.9689 0.2472
vn -0.5647 0.7022 -0.4337
vn 0.0072 -0.9690 -0.2470
vn 0.0074 -0.9690 -0.2470
vn -0.6864 0.1749 -0.7059
vn 0.7272 0.1749 -0.6638
vn -0.6863 0.1749 -0.7060
vn 0.5895 0.7022 -0.3993
vn -0.7273 -0.1750 0.6637
vn 0.6864 -0.1747 0.7060
vn -0.7272 -0.1750 0.6638
vn -0.5561 -0.4168 -0.7190
vn -0.5561 -0.4168 -0.7191
vn 0.5981 -0.4165 -0.6847
vn 0.6863 -0.1747 0.7060
vn 0.5895 0.7022 -0.3992
vn -0.0074 0.9689 0.2472
vn -0.0076 0.9690 0.2469
vn -0.5646 0.7022 -0.4338
vn -0.0075 0.9690 0.2468
vn -0.6863 0.1746 -0.7060
vn -0.6864 0.1746 -0.7060
vn 0.7272 0.1747 -0.6638
vn 0.5894 0.7023 -0.3991
vn -0.7273 -0.1748 0.6637
vn 0.6863 -0.1749 0.7060
vn -0.5645 0.7022 -0.4338
vn 0.5896 0.7020 -0.3994
vn -0.0072 0.9690 0.2469
vn -0.0121 0.9148 0.4036
vn 0.5544 0.2951 0.7781
vn -0.5683 0.7613 -0.3122
vn -0.0119 0.9149 0.4035
vn 0.5858 0.7613 -0.2778
vn 0.0120 -0.9149 -0.4035
vn -0.0273 -0.4036 0.9145
vn -0.5859 -0.7613 0.2778
vn -0.0108 -0.9324 0.3614
vn -0.0278 0.3615 0.9320
vn -0.0273 -0.4037 0.9145
vn -0.5544 -0.2953 -0.7781
vn -0.5683 0.7613 -0.3123
vn 0.0123 -0.9149 -0.4035
vn 0.5998 -0.2950 -0.7438
vn 0.6875 -0.2854 0.6678
vn 0.5859 0.7613 -0.2778
vn -0.0122 0.9149 0.4035
vn 0.5859 0.7613 -0.2779
vn -0.0121 0.9149 0.4035
vn 0.0121 -0.9149 -0.4036
vn 0.0119 -0.9149 -0.4036
vn -0.6875 0.2855 -0.6677
vn 0.7261 0.2855 -0.6255
vn 0.5859 0.7613 -0.2777
vn -0.7261 -0.2855 0.6255
vn 0.6875 -0.2855 0.6677
vn -0.5544 -0.2951 -0.7782
vn 0.5998 -0.2951 -0.7438
vn -0.0120 0.9149 0.4035
vn 0.0120 -0.9149 -0.4034
vn 0.5998 -0.2951 -0.7437
vn 0.6875 -0.2856 0.6677
vn -0.7261 -0.2856 0.6255
vn -0.0122 0.9149 0.4034
vn -0.7261 -0.2855 0.6256
vn -0.5543 -0.2951 -0.7782
vn -0.0119 0.9149 0.4034
vn -0.5682 0.7613 -0.3122
vn -0.0118 0.9149 0.4034
vn -0.0163 0.8353 0.5496
vn -0.5722 0.7996 -0.1821
vn 0.0165 -0.8352 -0.5497
vn 0.0163 -0.8354 -0.5494
vn 0.0167 -0.8352 -0.5497
vn -0.6891 0.3886 -0.6117
vn 0.7244 0.3887 -0.5694
vn -0.6891 0.3888 -0.6115
vn 0.7244 0.3890 -0.5692
vn 0.5820 0.7997 -0.1476
vn -0.7244 -0.3886 0.5695
vn 0.6891 -0.3889 0.6114
vn -0.7244 -0.3888 0.5693
vn 0.0164 -0.8353 -0.5496
vn -0.5533 -0.1649 -0.8165
vn -0.5722 0.7997 -0.1821
vn 0.6009 -0.1649 -0.7821
vn 0.6892 -0.3888 0.6114
vn -0.0164 0.8353 0.5496
vn -0.0165 0.8353 0.5496
vn -0.0167 0.8355 0.5493
vn -0.5721 0.7997 -0.1820
vn -0.0165 0.8353 0.5495
vn 0.0163 -0.8355 -0.5492
vn -0.6892 0.3888 -0.6114
vn 0.7244 0.3888 -0.5693
vn -0.6892 0.3889 -0.6114
vn 0.7245 0.3888 -0.5692
vn 0.5821 0.7997 -0.1475
vn -0.7244 -0.3887 0.5694
vn 0.6892 -0.3887 0.6115
vn -0.7244 -0.3887 0.5693
vn 0.0165 -0.8354 -0.5494
vn -0.5532 -0.1648 -0.8165
vn -0.5533 -0.1648 -0.8165
vn 0.6009 -0.1648 -0.7821
vn 0.6892 -0.3889 0.6113
vn 0.5821 0.7996 -0.1475
vn 0.6009 -0.1648 -0.7822
vn -0.0162 0.8355 0.5493
vn -0.5722 0.7997 -0.1820
vn 0.0164 -0.8352 -0.5497
vn 0.0164 -0.8354 -0.5494
vn -0.6892 0.3887 -0.6115
vn 0.7244 0.3887 -0.5693
vn 0.5820 0.7997 -0.1475
vn -0.7244 -0.3885 0.5695
vn 0.6891 -0.3888 0.6114
vn -0.7244 -0.3885 0.5694
vn -0.5532 -0.1648 -0.8166
vn 0.6010 -0.1648 -0.7821
vn -0.0165 0.8354 0.5495
vn -0.0165 0.8354 0.5494
vn 0.6892 -0.3889 0.6114
vn 0.0165 -0.8354 -0.5495
vn -0.5534 -0.1646 -0.8165
vn -0.0163 0.8354 0.5495
vn -0.0203 0.7329 0.6800
vn 0.5527 0.0303 0.8328
vn -0.5762 0.8159 -0.0476
vn 0.6014 -0.0303 -0.7983
vn 0.5780 0.8160 -0.0131
vn 0.0203 -0.7327 -0.6803
vn -0.0218 -0.6805 0.7324
vn -0.5780 -0.8160 0.0130
vn -0.0011 -0.9993 0.0369
vn -0.0299 0.0371 0.9989
vn -0.0219 -0.6805 0.7324
vn 0.0205 -0.7328 -0.6801
vn -0.5528 -0.0304 -0.8327
vn -0.7222 -0.4812 0.4969
vn -0.5527 -0.0303 -0.8328
vn 0.0200 -0.7329 -0.6801
vn 0.6014 -0.0304 -0.7984
vn -0.5528 -0.0304 -0.8328
vn -0.0205 0.7329 0.6800
vn 0.0202 -0.7330 -0.6800
vn 0.0204 -0.7330 -0.6800
vn -0.6913 0.4810 -0.5392
vn 0.7223 0.4810 -0.4970
vn -0.6914 0.4810 -0.5391
vn 0.7222 0.4810 -0.4970
vn 0.5780 0.8159 -0.0132
vn -0.7222 -0.4811 0.4969
vn 0.6913 -0.4811 0.5391
vn -0.7223 -0.4811 0.4969
vn -0.5528 -0.0301 -0.8327
vn -0.5762 0.8160 -0.0476
vn 0.5781 0.8159 -0.0132
vn -0.0202 0.7329 0.6800
vn -0.0204 0.7329 0.6800
vn -0.5762 0.8159 -0.0477
vn 0.0202 -0.7329 -0.6800
vn 0.0204 -0.7329 -0.6800
vn -0.6914 0.4810 -0.5392
vn 0.6015 -0.0304 -0.7983
vn -0.7222 -0.4810 0.4970
vn 0.6914 -0.4810 0.5392
vn -0.7223 -0.4810 0.4969
vn -0.5527 -0.0304 -0.8328
vn 0.5780 0.8160 -0.0132
vn -0.5764 0.8158 -0.0476
vn 0.0201 -0.7329 -0.6800
vn 0.0201 -0.7330 -0.6800
vn 0.5782 0.8158 -0.0130
vn -0.7223 -0.4813 0.4967
vn 0.6914 -0.4810 0.5391
vn -0.7223 -0.4810 0.4970
vn -0.5527 -0.0308 -0.8328
vn 0.6015 -0.0303 -0.7983
vn 0.6913 -0.4810 0.5392
vn 0.6015 -0.0302 -0.7983
vn -0.5760 0.8161 -0.0476
vn -0.0237 0.6103 0.7918
vn -0.5802 0.8097 0.0877
vn 0.0236 -0.6099 -0.7921
vn 0.0236 -0.6103 -0.7918
vn -0.6940 0.5603 -0.4522
vn 0.7197 0.5601 -0.4103
vn -0.6939 0.5601 -0.4525
vn 0.7196 0.5601 -0.4104
vn 0.5739 0.8097 0.1222
vn -0.7197 -0.5600 0.4104
vn 0.6939 -0.5601 0.4526
vn 0.6940 -0.5600 0.4525
vn -0.5530 0.1050 -0.8266
vn -0.7196 -0.5601 0.4104
vn -0.5529 0.1050 -0.8266
vn 0.6012 0.1050 -0.7922
vn 0.5740 0.8097 0.1221
vn 0.6012 0.1050 -0.7921
vn -0.0236 0.6103 0.7918
vn -0.0235 0.6103 0.7918
vn -0.0237 0.6104 0.7918
vn -0.5802 0.8097 0.0878
vn 0.0236 -0.6100 -0.7921
vn 0.0237 -0.6104 -0.7918
vn -0.6940 0.5601 -0.4524
vn 0.5739 0.8097 0.1223
vn -0.7197 -0.5601 0.4103
vn 0.6939 -0.5601 0.4525
vn 0.0237 -0.6101 -0.7920
vn -0.5529 0.1051 -0.8266
vn -0.5802 0.8097 0.0879
vn -0.5529 0.1052 -0.8266
vn 0.6012 0.1052 -0.7921
vn 0.5740 0.8097 0.1223
vn -0.5802 0.8097 0.0876
vn 0.0236 -0.6101 -0.7920
vn 0.0237 -0.6100 -0.7921
vn -0.6940 0.5603 -0.4521
vn 0.7196 0.5601 -0.4103
vn 0.5739 0.8097 0.1225
vn -0.7197 -0.5601 0.4104
vn -0.7196 -0.5603 0.4101
vn 0.0237 -0.6103 -0.7918
vn -0.5530 0.1049 -0.8266
vn 0.6013 0.1050 -0.7921
vn -0.0236 0.6102 0.7919
vn -0.5803 0.8097 0.0877
vn -0.6939 0.5601 -0.4526
vn 0.7197 0.5600 -0.4103
vn -0.6940 0.5600 -0.4525
vn -0.7196 -0.5601 0.4103
vn 0.0237 -0.6099 -0.7921
vn -0.5530 0.1050 -0.8265
vn 0.5739 0.8098 0.1222
vn -0.5802 0.8098 0.0877
vn -0.0263 0.4711 0.8817
vn 0.5538 -0.2372 0.7982
vn -0.5841 0.7813 0.2198
vn 0.6004 0.2372 -0.7637
vn 0.5700 0.7813 0.2543
vn 0.0263 -0.4714 -0.8815
vn -0.0140 -0.8820 0.4710
vn -0.5700 -0.7813 -0.2543
vn 0.0087 -0.9569 -0.2904
vn -0.0286 -0.2906 0.9564
vn -0.0141 -0.8820 0.4710
vn 0.0263 -0.4712 -0.8816
vn -0.5538 0.2372 -0.7982
vn -0.7168 -0.6236 0.3120
vn 0.0262 -0.4711 -0.8817
vn -0.0264 0.4712 0.8816
vn -0.5842 0.7813 0.2198
vn -0.5537 0.2372 -0.7982
vn 0.0264 -0.4711 -0.8817
vn -0.6968 0.6237 -0.3543
vn 0.7168 0.6236 -0.3120
vn -0.6969 0.6236 -0.3542
vn 0.7167 0.6237 -0.3120
vn -0.7167 -0.6237 0.3121
vn 0.6969 -0.6236 0.3542
vn -0.5538 0.2371 -0.7982
vn 0.6968 -0.6237 0.3542
vn 0.6003 0.2375 -0.7637
vn -0.5842 0.7813 0.2199
vn 0.0263 -0.4711 -0.8817
vn -0.6969 0.6237 -0.3541
vn 0.7167 0.6237 -0.3119
vn 0.6003 0.2372 -0.7638
vn 0.5700 0.7812 0.2544
vn -0.5540 0.2372 -0.7980
vn -0.5539 0.2372 -0.7981
vn 0.6002 0.2373 -0.7638
vn 0.5700 0.7813 0.2544
vn -0.0263 0.4712 0.8817
vn -0.0262 0.4711 0.8817
vn -0.5841 0.7813 0.2199
vn 0.0263 -0.4712 -0.8817
vn -0.6969 0.6237 -0.3540
vn 0.5701 0.7812 0.2543
vn -0.7168 -0.6237 0.3118
vn 0.6968 -0.6238 0.3540
vn -0.7167 -0.6238 0.3118
vn -0.5538 0.2372 -0.7981
vn 0.6969 -0.6237 0.3540
vn -0.0264 0.4711 0.8817
vn -0.0282 0.3191 0.9473
vn -0.5879 0.7314 0.3456
vn 0.0284 -0.3191 -0.9473
vn 0.0283 -0.3191 -0.9473
vn 0.0282 -0.3191 -0.9473
vn -0.7001 0.6701 -0.2466
vn 0.7135 0.6702 -0.2044
vn -0.7000 0.6702 -0.2466
vn 0.7135 0.6701 -0.2044
vn 0.5663 0.7314 0.3800
vn -0.7135 -0.6701 0.2047
vn 0.7000 -0.6702 0.2466
vn -0.7135 -0.6702 0.2044
vn -0.5553 0.3630 -0.7483
vn -0.5879 0.7314 0.3455
vn -0.5553 0.3629 -0.7483
vn 0.5989 0.3630 -0.7138
vn 0.7001 -0.6701 0.2465
vn 0.5989 0.3630 -0.7139
vn -0.0283 0.3191 0.9473
vn -0.0284 0.3192 0.9473
vn -0.0284 0.3192 0.9472
vn -0.6999 0.6701 -0.2470
vn 0.7136 0.6699 -0.2048
vn -0.7002 0.6699 -0.2469
vn -0.7135 -0.6702 0.2043
vn -0.5554 0.3629 -0.7482
vn -0.0281 0.3193 0.9472
vn -0.0281 0.3192 0.9473
vn -0.0282 0.3190 0.9473
vn -0.5879 0.7315 0.3454
vn 0.0283 -0.3192 -0.9473
vn 0.7135 0.6702 -0.2043
vn -0.7002 0.6699 -0.2470
vn 0.5988 0.3628 -0.7140
vn 0.5663 0.7315 0.3799
vn -0.5554 0.3627 -0.7483
vn -0.5555 0.3627 -0.7482
vn 0.5663 0.7315 0.3798
vn -0.0283 0.3190 0.9473
vn 0.0284 -0.3190 -0.9473
vn 0.0282 -0.3193 -0.9472
vn 0.0284 -0.3193 -0.9472
vn 0.7136 0.6701 -0.2043
vn -0.7135 -0.6701 0.2045
vn 0.7002 -0.6699 0.2469
vn -0.7136 -0.6699 0.2048
vn -0.5553 0.3631 -0.7482
vn 0.5989 0.3628 -0.7139
vn 0.7001 -0.6702 0.2465
vn 0.5662 0.7315 0.3799
vn 0.5988 0.3630 -0.7139
vn -0.0294 0.1581 0.9870
vn 0.5574 -0.4787 0.6784
vn -0.5913 0.6616 0.4611
vn -0.0294 0.1583 0.9870
vn 0.9996 -0.0000 0.0300
vn 0.5968 0.4786 -0.6440
vn 0.5628 0.6615 0.4956
vn 0.0295 -0.1583 -0.9869
vn -0.0048 -0.9874 0.1584
vn -0.5628 -0.6615 -0.4957
vn 0.0174 -0.8102 -0.5859
vn -0.0242 -0.5864 0.8097
vn -0.0047 -0.9874 0.1581
vn 0.0296 -0.1582 -0.9870
vn -0.5573 0.4786 -0.6785
vn -0.7101 -0.6983 0.0907
vn -0.5574 0.4786 -0.6785
vn 0.0294 -0.1583 -0.9870
vn 0.5969 0.4788 -0.6438
vn 0.0297 -0.1583 -0.9869
vn -0.0292 0.1583 0.9870
vn -0.0296 0.1583 0.9869
vn -0.0296 0.1585 0.9869
vn 0.0294 -0.1582 -0.9870
vn -0.7033 0.6982 -0.1334
vn 0.7101 0.6982 -0.0908
vn -0.7035 0.6981 -0.1335
vn 0.7101 0.6982 -0.0911
vn 0.5628 0.6616 0.4956
vn -0.7102 -0.6981 0.0906
vn 0.7035 -0.6981 0.1331
vn -0.7102 -0.6981 0.0910
vn 0.0293 -0.1582 -0.9870
vn -0.5574 0.4785 -0.6785
vn -0.5914 0.6616 0.4611
vn 0.7034 -0.6982 0.1331
vn 0.5628 0.6616 0.4955
vn -0.0293 0.1585 0.9869
vn -0.0294 0.1582 0.9870
vn -0.7035 0.6982 -0.1329
vn -0.7034 0.6982 -0.1329
vn 0.7102 0.6982 -0.0908
vn 0.5627 0.6617 0.4956
vn -0.7101 -0.6982 0.0906
vn 0.7035 -0.6981 0.1332
vn -0.7101 -0.6982 0.0907
vn -0.5915 0.6614 0.4612
vn -0.5574 0.4787 -0.6784
vn 0.7034 -0.6982 0.1332
vn 0.5968 0.4787 -0.6440
vn -0.0295 0.1582 0.9870
vn -0.0295 0.1583 0.9870
vn 0.0293 -0.1585 -0.9869
vn 0.0295 -0.1585 -0.9869
vn -0.7034 0.6982 -0.1331
vn 0.7102 0.6981 -0.0910
vn -0.7035 0.6981 -0.1330
vn 0.7101 0.6982 -0.0910
vn -0.7101 -0.6982 0.0911
vn 0.0296 -0.1585 -0.9869
vn -0.5914 0.6615 0.4612
vn -0.5574 0.4786 -0.6784
vn 0.3862 0.5119 0.7674
vn 0.7142 0.5470 -0.4367
vn 0.5560 0.6772 -0.4819
vn 0.2140 0.8795 0.4251
vn 0.0319 0.9864 -0.1615
vn 0.0222 0.9864 0.1631
vn 0.6869 0.5469 0.4785
vn 0.6869 -0.5470 0.4786
vn 0.2565 0.5872 -0.7677
vn -0.7176 0.5878 -0.3736
vn 0.3552 -0.4999 -0.7899
vn -0.9357 0.0034 0.3527
vn -0.5712 0.6065 0.5531
vn 0.9339 -0.0000 -0.3575
vn 0.2965 0.5966 0.7458
vn 0.9111 0.0034 0.4122
vn 0.8958 -0.1874 0.4030
vn 0.8673 0.3091 0.3902
vn 0.9183 -0.1874 -0.3488
vn 0.8890 0.3091 -0.3377
vn 0.1755 0.8693 0.4621
vn 0.1754 0.8693 0.4620
vn 0.1755 0.8692 0.4622
vn -0.4622 0.8692 0.1755
vn -0.1755 0.8692 -0.4622
vn 0.4624 0.8691 -0.1756
vn 0.4507 0.8694 0.2027
vn 0.4510 0.8692 0.2026
vn 0.4510 0.8692 0.2028
vn -0.2027 0.8693 0.4509
vn -0.2028 0.8692 0.4509
vn -0.4509 0.8692 -0.2027
vn -0.4510 0.8692 -0.2027
vn 0.2027 0.8693 -0.4509
vn 0.2027 0.8693 -0.4507
vn -0.4101 -0.0000 0.9120
vn -0.9120 -0.0000 -0.4101
vn 0.4104 -0.0000 -0.9119
vn 0.4101 -0.0000 -0.9120
vn 0.9121 -0.0000 0.4100
vn 0.2564 0.5869 -0.7680
vn -0.5713 0.6064 0.5531
vn -0.7175 0.5879 -0.3736
vn -0.9356 0.0034 0.3529
vn 0.7949 0.6066 0.0129
vn 0.9206 0.1737 -0.3497
vn 0.8740 -0.3548 -0.3320
vn 0.3231 0.4154 0.8503
vn 0.2088 -0.8090 0.5495
vn 0.2777 0.6234 0.7309
vn 0.3732 0.4154 -0.8296
vn 0.2412 -0.8089 -0.5362
vn 0.8981 0.1737 0.4040
vn 0.8527 -0.3548 0.3835
vn 0.1755 0.8693 0.4622
vn -0.1755 0.8692 -0.4623
vn 0.4621 0.8693 -0.1755
vn 0.4622 0.8692 -0.1755
vn 0.4619 0.8694 -0.1756
vn 0.4509 0.8692 0.2027
vn -0.2027 0.8692 0.4509
vn -0.4509 0.8693 -0.2027
vn 0.2028 0.8692 -0.4509
vn 0.2027 0.8692 -0.4509
vn -0.4099 -0.0000 0.9121
vn 0.4099 -0.0000 -0.9121
vn 0.3548 -0.0000 0.9349
vn -0.9348 -0.0000 0.3551
vn -0.3548 -0.0000 -0.9349
vn 0.9349 -0.0000 -0.3550
vn 0.9120 -0.0000 0.4101
vn 0.3545 -0.5003 -0.7900
vn 0.3200 0.6237 -0.7132
vn 0.7549 0.5799 -0.3063
vn 0.4098 0.0035 -0.9122
vn -0.2923 0.5808 -0.7598
vn -0.7616 0.5780 0.2929
vn -0.6872 0.0007 -0.7265
vn -0.9119 0.0038 -0.4103
vn 0.3065 0.5791 0.7555
vn 0.9123 0.0035 0.4096
vn -0.4098 0.0038 0.9122
vn 0.8960 -0.1873 0.4026
vn 0.8675 0.3089 0.3899
vn 0.9184 -0.1873 -0.3485
vn 0.8892 0.3089 -0.3374
vn 0.3068 -0.5003 0.8097
vn 0.2770 0.6237 0.7310
vn 0.2413 -0.8089 -0.5362
vn 0.8982 0.1737 0.4039
vn 0.1754 0.8694 0.4620
vn -0.4621 0.8693 0.1755
vn -0.4622 0.8693 0.1755
vn -0.1754 0.8693 -0.4620
vn -0.1754 0.8694 -0.4620
vn 0.4621 0.8693 -0.1754
vn 0.4509 0.8693 0.2027
vn -0.2027 0.8693 0.4507
vn -0.9121 -0.0000 -0.4100
vn 0.4100 -0.0000 -0.9121
vn -0.9349 -0.0000 0.3549
vn -0.3554 -0.0000 -0.9347
vn 0.3549 -0.5000 -0.7899
vn 0.3204 0.6235 -0.7131
vn -0.3469 0.5862 -0.7321
vn 0.4077 0.0037 -0.9131
vn 0.4102 0.0038 -0.9120
vn -0.0238 0.6062 0.7950
vn 0.3574 -0.0000 0.9340
vn 0.7309 0.5981 0.3288
vn -0.9122 0.0038 -0.4098
vn -0.7758 0.5887 0.2271
vn 0.5819 0.6066 -0.5417
vn 0.9996 -0.0014 0.0288
vn 0.9350 -0.0000 -0.3547
vn -0.7273 -0.0013 0.6863
vn -0.4102 -0.0000 0.9120
vn 0.3228 0.4154 0.8504
vn 0.2086 -0.8091 0.5495
vn 0.9184 -0.1873 -0.3486
vn 0.8892 0.3090 -0.3375
vn 0.3075 -0.4999 0.8096
vn 0.2776 0.6235 0.7309
vn 0.2412 -0.8090 -0.5361
vn 0.8981 0.1738 0.4040
vn 0.8526 -0.3548 0.3836
vn 0.1755 0.8692 0.4623
vn -0.1755 0.8693 -0.4621
vn -0.1754 0.8693 -0.4622
vn 0.4623 0.8692 -0.1755
vn 0.4622 0.8693 -0.1755
vn 0.4618 0.8695 -0.1754
vn 0.4506 0.8694 0.2026
vn -0.2027 0.8692 0.4510
vn -0.4100 -0.0000 0.9121
vn -0.9119 -0.0000 -0.4104
vn -0.9348 -0.0000 0.3553
vn 0.9348 -0.0000 -0.3553
vn 0.9119 -0.0000 0.4104
vn -0.3555 0.0035 -0.9347
vn -0.7174 0.5879 -0.3737
vn -0.9358 0.0034 0.3525
vn -0.5713 0.6065 0.5530
vn 0.9339 -0.0000 -0.3576
vn 0.2965 0.5964 0.7459
vn 0.9110 0.0034 0.4123
vn 0.3230 0.4154 0.8504
vn 0.2769 0.6237 0.7310
vn -0.4621 0.8693 0.1754
vn -0.2029 0.8691 0.4512
vn 0.9123 -0.0000 0.4096
vn -0.5433 0.6057 -0.5813
vn 0.0289 -0.0015 -0.9996
vn -0.3552 -0.0000 -0.9348
vn -0.0236 0.6062 0.7950
vn 0.7593 0.5892 0.2763
vn -0.9131 -0.0000 -0.4077
vn -0.7493 0.5981 0.2844
vn 0.4008 0.5876 -0.7029
vn 0.9996 0.0005 0.0279
vn 0.9349 0.0035 -0.3549
vn -0.7273 -0.0014 0.6863
vn -0.4103 -0.0000 0.9120
vn -0.4620 0.8694 0.1754
vn 0.4622 0.8692 -0.1756
vn 0.4619 0.8694 -0.1754
vn -0.2026 0.8694 0.4507
vn -0.2026 0.8693 0.4508
vn -0.4511 0.8691 -0.2028
vn -0.4507 0.8694 -0.2027
vn -0.4510 0.8692 -0.2028
vn 0.2026 0.8694 -0.4507
vn 0.3549 -0.0000 0.9349
vn -0.9351 -0.0000 0.3544
vn -0.3549 -0.0000 -0.9349
vn -0.7101 0.5863 -0.3898
vn 0.0279 0.0007 -0.9996
vn -0.6842 0.0004 -0.7293
vn -0.9358 0.0037 0.3526
vn -0.5735 0.6060 0.5512
vn -0.9120 -0.0030 -0.4101
vn 0.7944 0.6072 0.0161
vn 0.2731 0.5887 -0.7608
vn 0.2966 0.5965 0.7458
vn 0.9111 0.0034 0.4123
vn 0.8527 -0.3548 0.3834
vn -0.4620 0.8694 0.1755
vn 0.4625 0.8691 -0.1755
vn 0.4624 0.8691 -0.1755
vn 0.9348 -0.0000 -0.3550
vn 0.3139 0.5795 -0.7521
vn -0.7521 0.5795 -0.3138
vn -0.9346 0.0035 0.3557
vn -0.3138 0.5795 0.7521
vn 0.3555 0.0035 0.9347
vn 0.7521 0.5795 0.3138
vn 0.9346 0.0035 -0.3556
vn 0.3725 0.4156 -0.8298
vn -0.4623 0.8692 0.1755
vn 0.4620 0.8693 -0.1755
vn 0.3175 0.5965 -0.7371
vn -0.3530 0.0034 -0.9356
vn -0.5531 0.6066 -0.5710
vn 0.3207 0.6235 -0.7130
vn -0.9132 -0.0000 -0.4075
vn -0.7242 0.5871 0.3618
vn 0.7948 0.6067 0.0129
vn 0.9338 -0.0000 -0.3578
vn 0.2432 0.5878 0.7716
vn -0.4095 0.0035 0.9123
vn 0.8892 0.3089 -0.3375
vn -0.1755 0.8693 -0.4622
vn 0.3177 0.5966 -0.7370
vn -0.3528 0.0034 -0.9357
vn -0.5506 0.6071 -0.5729
vn -0.9132 -0.0000 -0.4076
vn -0.7323 0.5892 0.3414
vn 0.7958 0.6051 0.0239
vn 0.9338 -0.0000 -0.3577
vn 0.6864 -0.0015 0.7272
vn 0.2137 0.5876 0.7804
vn -0.7266 0.0005 0.6870
vn -0.4103 0.0035 0.9120
vn 0.9208 0.1736 -0.3493
vn 0.8743 -0.3544 -0.3316
vn 0.8983 0.1736 0.4036
vn 0.3138 0.5795 -0.7521
vn -0.7522 0.5794 -0.3138
vn -0.9346 0.0035 0.3556
vn -0.3140 0.5795 0.7521
vn 0.3554 0.0035 0.9347
vn 0.7522 0.5794 0.3137
vn -0.4105 -0.0000 0.9119
vn -0.9120 -0.0000 -0.4102
vn 0.4102 -0.0000 -0.9120
vn 0.3553 -0.0000 0.9347
vn -0.9349 -0.0000 0.3548
vn 0.9120 -0.0000 0.4102
vn 0.3733 0.5877 -0.7178
vn -0.3529 0.0034 -0.9357
vn -0.5504 0.6072 -0.5731
vn 0.3553 -0.4999 -0.7898
vn 0.3208 0.6235 -0.7130
vn -0.0205 0.6056 0.7955
vn 0.3576 -0.0000 0.9339
vn 0.7678 0.5871 0.2565
vn -0.7494 0.5981 0.2842
vn 0.9347 0.0035 -0.3554
vn -0.7274 -0.0013 0.6863
vn 0.3231 0.4154 0.8504
vn -0.4623 0.8692 0.1756
vn 0.4511 0.8691 0.2029
vn 0.2565 0.5871 -0.7678
vn -0.5712 0.6065 0.5530
vn 0.9110 0.0034 0.4124
vn -0.4507 0.8693 -0.2027
vn 0.2028 0.8690 -0.4513
vn -0.4100 0.0001 0.9121
vn 0.3549 0.0001 0.9349
vn -0.9349 0.0003 0.3549
vn -0.9350 -0.0001 0.3546
vn -0.5458 0.6052 -0.5795
vn -0.7256 0.5875 0.3582
vn 0.3404 0.5967 -0.7267
vn 0.9341 0.0034 -0.3571
vn 0.9349 0.0035 -0.3550
vn 0.7939 0.6073 0.0315
vn 0.6865 -0.0013 0.7271
vn -0.4097 0.0035 0.9122
vn 0.2305 0.5892 0.7744
vn -0.4624 0.8691 0.1756
vn -0.4624 0.8691 0.1755
vn -0.1756 0.8692 -0.4623
vn 0.4623 0.8692 -0.1756
vn 0.4625 0.8691 -0.1754
vn 0.4511 0.8691 0.2028
vn -0.4511 0.8691 -0.2029
vn 0.4103 -0.0000 -0.9120
vn 0.2565 0.5870 -0.7679
vn -0.7175 0.5879 -0.3735
vn -0.5711 0.6065 0.5531
vn 0.7950 0.6065 0.0129
vn 0.2966 0.5964 0.7458
vn -0.4074 -0.0000 0.9132
vn 0.3551 -0.0000 0.9348
vn 0.2598 0.5877 -0.7662
vn -0.6844 0.0005 -0.7291
vn -0.7106 0.5892 -0.3847
vn -0.5770 0.6057 0.5479
vn -0.9357 -0.0000 0.3528
vn -0.9346 -0.0000 0.3557
vn -0.9121 -0.0026 -0.4099
vn 0.7950 0.6065 0.0128
vn 0.9339 -0.0000 -0.3574
vn 0.2966 0.5966 0.7457
vn 0.3077 -0.4999 0.8096
vn -0.4622 0.8692 0.1754
vn 0.4508 0.8693 0.2026
vn -0.4103 -0.0000 0.9119
vn 0.9349 -0.0000 -0.3548
vn 0.2563 0.5870 -0.7679
vn 0.7949 0.6066 0.0128
vn 0.9112 0.0034 0.4119
vn 0.3176 0.5965 -0.7371
vn -0.5531 0.6066 -0.5711
vn -0.9133 -0.0000 -0.4074
vn -0.7242 0.5870 0.3618
vn 0.7948 0.6067 0.0130
vn 0.2433 0.5877 0.7716
vn -0.4094 0.0035 0.9123
vn 0.6554 0.5837 0.4794
vn -0.6876 0.6767 0.2632
vn -0.6835 0.5647 0.4626
vn 0.1756 0.8691 0.4624
vn 0.2026 0.8693 -0.4508
vn 0.0073 0.9689 -0.2472
vn 0.5647 0.7021 0.4338
vn -0.5561 0.4166 -0.7191
vn 0.0074 0.9689 -0.2472
vn 0.5980 0.4167 -0.6846
vn -0.0075 -0.9689 0.2473
vn -0.0289 0.2469 0.9686
vn -0.5980 -0.4168 0.6846
vn -0.0255 -0.5104 0.8596
vn -0.0151 0.8599 0.5102
vn -0.0289 0.2472 0.9685
vn -0.0075 -0.9689 0.2472
vn -0.5647 -0.7022 -0.4336
vn -0.0070 -0.9690 0.2471
vn 0.5895 -0.7022 -0.3992
vn 0.6863 0.1749 0.7060
vn 0.5980 0.4166 -0.6847
vn 0.0077 0.9690 -0.2470
vn -0.5562 0.4166 -0.7191
vn 0.0076 0.9690 -0.2469
vn -0.0074 -0.9689 0.2472
vn -0.6864 -0.1746 -0.7060
vn 0.7272 -0.1749 -0.6637
vn -0.6863 -0.1745 -0.7061
vn 0.7272 -0.1749 -0.6638
vn 0.5980 0.4167 -0.6847
vn -0.7273 0.1747 0.6637
vn 0.6863 0.1747 0.7060
vn -0.7272 0.1750 0.6637
vn -0.5647 -0.7021 -0.4337
vn -0.5648 -0.7021 -0.4337
vn 0.6864 0.1747 0.7059
vn 0.5894 -0.7023 -0.3992
vn 0.0072 0.9690 -0.2470
vn -0.5561 0.4167 -0.7191
vn -0.0072 -0.9690 0.2470
vn -0.0077 -0.9690 0.2469
vn -0.6864 -0.1747 -0.7059
vn 0.7273 -0.1749 -0.6636
vn -0.6863 -0.1747 -0.7060
vn 0.5895 -0.7022 -0.3993
vn -0.7272 0.1749 0.6638
vn 0.6864 0.1749 0.7059
vn -0.7273 0.1749 0.6637
vn -0.0077 -0.9690 0.2470
vn -0.5646 -0.7022 -0.4337
vn -0.5647 -0.7022 -0.4337
vn -0.5562 0.4167 -0.7191
vn -0.5562 0.4168 -0.7190
vn -0.0071 -0.9690 0.2470
vn -0.0071 -0.9690 0.2469
vn -0.0076 -0.9690 0.2469
vn -0.6864 -0.1746 -0.7059
vn 0.7272 -0.1746 -0.6639
vn -0.6864 -0.1750 -0.7059
vn 0.7273 -0.1746 -0.6638
vn 0.5980 0.4168 -0.6846
vn -0.7272 0.1749 0.6637
vn -0.0076 -0.9690 0.2470
vn -0.5647 -0.7021 -0.4338
vn -0.5646 -0.7021 -0.4338
vn 0.5895 -0.7021 -0.3994
vn 0.6863 0.1749 0.7059
vn 0.0074 0.9690 -0.2469
vn 0.0075 0.9689 -0.2472
vn -0.6724 0.7388 0.0441
vn 0.6606 0.7138 0.2326
vn 0.6724 0.7388 -0.0440
vn -0.6866 0.3480 0.6384
vn 0.6493 0.2070 0.7319
vn 0.6610 0.4101 0.6284
vn -0.6895 0.0688 0.7210
vn 0.6480 -0.0577 0.7595
vn -0.6881 -0.2209 0.6912
vn 0.6587 -0.2797 0.6985
vn -0.6669 -0.7372 -0.1084
vn 0.6833 -0.7200 -0.1216
vn 0.6669 -0.7372 0.1084
vn -0.6480 -0.0577 -0.7595
vn 0.6894 0.0688 -0.7211
vn 0.6881 -0.2209 -0.6912
vn -0.6493 0.2070 -0.7319
vn 0.6866 0.3480 -0.6384
vn -0.6606 0.7138 -0.2326
vn 0.6876 0.6767 -0.2632
vn 0.9965 -0.0491 -0.0682
vn 0.9929 0.0980 -0.0679
vn 0.8416 -0.2429 0.4824
vn 0.7652 0.4712 0.4386
vn 0.6520 -0.4782 0.5884
vn 0.6554 -0.6555 0.3753
vn -0.6831 -0.4766 0.5534
vn -0.6796 -0.6511 0.3380
vn -0.6832 -0.7200 0.1216
vn 0.6796 -0.6511 -0.3380
vn -0.6554 -0.6555 -0.3753
vn 0.6831 -0.4766 -0.5534
vn -0.6520 -0.4782 -0.5884
vn -0.6588 -0.2797 -0.6984
vn -0.6610 0.4102 -0.6284
vn 0.6835 0.5647 -0.4626
vn -0.6554 0.5837 -0.4794
vn 0.0165 -0.8342 -0.5513
vn 0.0191 -0.9517 -0.3066
vn 0.0109 -0.9221 -0.3869
vn 0.0086 0.9999 -0.0085
vn 0.0307 0.9375 -0.3465
vn 0.0098 0.9827 -0.1850
vn 0.7454 0.3368 -0.5752
vn 0.6120 -0.6343 -0.4723
vn 0.9375 0.1469 0.3156
vn 0.9069 -0.2907 0.3052
vn 0.9548 0.1467 -0.2587
vn 0.9237 -0.2902 -0.2502
vn 0.5942 -0.4275 -0.6813
vn 0.4170 0.7729 -0.4782
vn 0.9375 -0.1469 0.3156
vn 0.9068 0.2907 0.3052
vn 0.9548 -0.1467 -0.2587
vn 0.9236 0.2902 -0.2503
vn 0.5941 0.4275 -0.6813
vn 0.4170 -0.7729 -0.4782
vn 0.9906 0.0490 0.1274
vn 0.9871 -0.0979 0.1269
vn 0.8688 0.2429 -0.4314
vn 0.7899 -0.4713 -0.3923
vn 0.4266 -0.5142 -0.7441
vn 0.2344 0.8820 -0.4088
vn 0.9906 -0.0490 0.1275
vn 0.9871 0.0979 0.1270
vn 0.8688 -0.2429 -0.4314
vn 0.7900 0.4713 -0.3922
vn 0.4266 0.5142 -0.7441
vn 0.2343 -0.8820 -0.4089
vn 0.7453 0.3369 -0.5753
vn 0.6119 -0.6344 -0.4724
vn 0.2558 -0.5958 -0.7613
vn 0.0924 0.9570 -0.2750
vn 0.7453 -0.3369 -0.5754
vn 0.6119 0.6344 -0.4723
vn 0.2559 0.5958 -0.7613
vn 0.0924 -0.9570 -0.2750
vn 0.5940 0.4276 -0.6814
vn 0.4168 -0.7731 -0.4781
vn 0.0945 -0.6716 -0.7349
vn 0.0125 0.9952 -0.0972
vn 0.5939 -0.4276 -0.6815
vn 0.4168 0.7731 -0.4782
vn 0.0946 0.6716 -0.7349
vn 0.0125 -0.9952 -0.0972
vn 0.4269 0.5140 -0.7440
vn 0.2347 -0.8818 -0.4091
vn 0.0507 -0.6716 0.7392
vn 0.0067 0.9952 0.0978
vn 0.4270 -0.5140 -0.7440
vn 0.2347 0.8818 -0.4091
vn 0.0507 0.6716 0.7392
vn 0.0067 -0.9952 0.0978
vn 0.2100 -0.5958 0.7752
vn 0.0758 0.9570 0.2800
vn 0.2100 0.5958 0.7752
vn 0.0758 -0.9570 0.2800
vn 0.3815 -0.5141 0.7682
vn 0.2097 0.8819 0.4221
vn 0.3816 0.5141 0.7682
vn 0.2097 -0.8819 0.4222
vn 0.5523 -0.4276 0.7156
vn 0.3875 0.7731 0.5022
vn 0.5523 0.4276 0.7156
vn 0.3876 -0.7731 0.5021
vn 0.0759 -0.9570 0.2800
vn 0.7099 -0.3368 0.6186
vn 0.5829 0.6342 0.5080
vn 0.7098 0.3368 0.6186
vn 0.5828 -0.6342 0.5080
vn 0.3817 0.5140 0.7682
vn 0.2098 -0.8818 0.4223
vn 0.8415 -0.2429 0.4825
vn 0.7652 0.4713 0.4386
vn 0.9965 -0.0490 -0.0681
vn 0.9929 0.0979 -0.0679
vn 0.3816 -0.5140 0.7682
vn 0.2099 0.8818 0.4223
vn 0.8416 0.2429 0.4825
vn 0.7651 -0.4713 0.4386
vn 0.9965 0.0490 -0.0682
vn 0.9929 -0.0979 -0.0680
vn 0.5525 0.4275 0.7155
vn 0.3878 -0.7729 0.5022
vn 0.9376 -0.1467 0.3152
vn 0.9071 0.2902 0.3049
vn 0.9546 -0.1469 -0.2591
vn 0.9234 0.2907 -0.2507
vn 0.5525 -0.4275 0.7155
vn 0.3877 0.7729 0.5022
vn 0.9376 0.1467 0.3152
vn 0.9071 -0.2902 0.3049
vn 0.9546 0.1469 -0.2591
vn 0.9234 -0.2907 -0.2505
vn 0.7096 0.3369 0.6188
vn 0.5826 -0.6345 0.5080
vn 0.9906 -0.0491 0.1275
vn 0.9870 0.0981 0.1272
vn 0.7900 0.4712 -0.3922
vn 0.7096 -0.3369 0.6188
vn 0.5825 0.6345 0.5081
vn 0.9906 0.0491 0.1275
vn 0.9870 -0.0981 0.1271
vn 0.8689 0.2429 -0.4313
vn 0.7900 -0.4712 -0.3923
vn 0.8416 0.2429 0.4824
vn 0.7652 -0.4712 0.4387
vn 0.9965 0.0491 -0.0682
vn 0.9929 -0.0980 -0.0680
vn 0.7454 -0.3368 -0.5753
vn 0.6121 0.6343 -0.4723
vn -0.0002 0.9987 -0.0514
vn -0.6710 0.7215 0.1709
vn -0.0081 0.9459 0.3244
vn 0.0057 -0.9251 -0.3798
vn 0.6750 -0.7345 -0.0706
vn 0.0014 -0.9973 -0.0733
vn -0.0283 0.3781 0.9253
vn -0.0166 0.4558 0.8899
vn -0.0246 0.5596 0.8284
vn 0.0171 0.9810 -0.1933
vn -0.0118 0.9786 -0.2056
vn -0.0086 0.9999 0.0085
vn 0.0119 -0.9258 -0.3779
vn 0.0036 -0.8900 -0.4559
vn 0.0166 -0.8288 -0.5593
vn -0.0136 0.5543 0.8322
vn -0.0445 0.5866 0.8087
vn -0.0296 0.3780 0.9253
vn 0.0206 -0.7036 -0.7103
vn 0.0293 -0.7617 -0.6472
vn -0.0291 0.1998 0.9794
vn 0.0128 -0.6478 -0.7617
vn 0.0216 -0.7105 -0.7034
vn -0.0454 0.1173 0.9921
vn -0.0286 0.1997 0.9794
vn 0.0248 -0.5596 -0.8284
vn -0.0305 -0.0048 0.9995
vn -0.0198 0.0805 0.9966
vn 0.0248 -0.5516 -0.8337
vn -0.0353 -0.0086 0.9993
vn 0.0270 -0.3783 -0.9253
vn 0.0365 -0.4559 -0.8893
vn -0.0292 -0.1903 0.9813
vn 0.0184 -0.3070 -0.9515
vn 0.0281 -0.3872 -0.9216
vn -0.0428 -0.3609 0.9316
vn -0.0336 -0.1850 0.9822
vn 0.0293 -0.1998 -0.9794
vn -0.0281 -0.3870 0.9216
vn -0.0184 -0.3070 0.9515
vn 0.0292 -0.1903 -0.9813
vn -0.0162 -0.3843 0.9231
vn 0.0292 0.0048 -0.9996
vn 0.0397 -0.0806 -0.9960
vn -0.0248 -0.5515 0.8338
vn 0.0198 0.0805 -0.9966
vn 0.0305 -0.0048 -0.9995
vn -0.0268 -0.5596 0.8283
vn 0.0293 0.1903 -0.9813
vn -0.0215 -0.7105 0.7033
vn -0.0128 -0.6478 0.7617
vn 0.0291 0.1998 -0.9794
vn -0.0339 -0.7515 0.6589
vn -0.0206 -0.7037 0.7102
vn 0.0268 0.3871 -0.9216
vn 0.0383 0.3071 -0.9509
vn -0.0166 -0.8288 0.5592
vn 0.0166 0.4558 -0.8899
vn 0.0282 0.3782 -0.9253
vn -0.0166 -0.8342 0.5512
vn 0.0250 0.5517 -0.8337
vn -0.0119 -0.9258 0.3779
vn -0.0036 -0.8900 0.4560
vn -0.0171 0.9811 0.1930
vn 0.0118 0.9786 0.2056
vn 0.0247 0.5597 -0.8283
vn -0.0191 -0.9517 0.3066
vn -0.0109 -0.9221 0.3869
vn -0.0341 0.9329 0.3586
vn -0.0098 0.9827 0.1850
vn 0.0204 0.7105 -0.7034
vn 0.0366 0.6596 -0.7507
vn -0.0059 -0.9798 0.1997
vn -0.0072 0.9201 0.3917
vn 0.0075 0.7706 -0.6373
vn 0.0219 0.7037 -0.7102
vn -0.0058 -0.9817 0.1902
vn -0.0001 0.9232 0.3843
vn 0.0187 0.8288 -0.5593
vn -0.0005 -1.0000 -0.0048
vn 0.0075 -0.9967 0.0808
vn -0.0109 0.8363 0.5482
vn 0.0109 0.8362 -0.5483
vn -0.0075 -0.9967 -0.0808
vn 0.0005 -1.0000 0.0049
vn -0.0251 0.8266 0.5622
vn 0.0001 0.9232 -0.3843
vn 0.0058 -0.9817 -0.1902
vn -0.0218 0.7038 0.7101
vn -0.0075 0.7706 0.6372
vn 0.0073 0.9200 -0.3918
vn 0.0058 -0.9798 -0.1997
vn -0.0252 0.7144 0.6993
vn -0.0043 0.5853 -0.8108
vn -0.6566 0.5557 -0.5100
vn 0.0160 0.7917 -0.6107
vn -0.0045 -0.9601 0.2795
vn -0.6490 -0.7589 0.0527
vn -0.0406 -0.9937 -0.1043
vn -0.0161 0.8018 0.5974
vn -0.0055 0.7570 0.6534
vn -0.6717 0.6763 -0.3023
vn 0.0172 0.9248 -0.3800
vn -0.6671 0.7373 -0.1068
vn -0.6400 -0.7309 -0.2368
vn -0.0293 -0.8786 -0.4766
vn 0.0043 0.5853 0.8108
vn -0.0227 0.4615 0.8868
vn -0.6323 -0.5940 -0.4974
vn -0.0008 -0.6240 -0.7814
vn -0.6687 0.2187 0.7106
vn -0.0850 0.1014 0.9912
vn -0.6382 -0.2275 -0.7355
vn 0.0087 -0.4195 -0.9077
vn -0.6870 -0.0649 0.7237
vn -0.0576 -0.2306 0.9713
vn -0.0219 -0.0887 -0.9958
vn -0.6895 -0.3337 0.6429
vn -0.0274 -0.5121 0.8585
vn -0.6239 0.0708 -0.7783
vn -0.0268 0.2865 -0.9577
vn -0.6817 -0.5531 0.4789
vn -0.0045 -0.7883 0.6152
vn -0.6450 0.3447 -0.6820
vn -0.6761 -0.6774 0.2899
vn 0.0176 -0.7885 -0.6148
vn 0.0171 -0.9227 -0.3852
vn -0.0312 0.3111 0.9499
vn -0.0316 0.6153 0.7876
vn -0.0147 0.6530 0.7572
vn 0.0370 -0.5806 -0.8134
vn 0.0328 -0.7525 -0.6578
vn -0.0060 -0.0845 0.9964
vn 0.6351 0.0637 0.7698
vn 0.0630 -0.2932 -0.9540
vn 0.6896 -0.3429 -0.6379
vn -0.0179 -0.4111 0.9114
vn 0.6439 -0.2322 0.7290
vn 0.0391 0.0309 -0.9988
vn 0.6873 -0.0570 -0.7242
vn -0.0155 -0.6153 0.7881
vn 0.0368 0.2668 -0.9630
vn -0.0173 -0.8617 0.5071
vn 0.6500 -0.4897 0.5811
vn 0.0188 0.6109 -0.7914
vn 0.6878 0.2375 -0.6859
vn 0.0154 0.9605 0.2778
vn 0.6549 0.7491 0.0998
vn 0.0194 0.9942 -0.1060
vn -0.0115 -0.9802 0.1979
vn 0.6605 -0.6586 0.3606
vn 0.0118 0.8714 -0.4904
vn 0.6835 0.4866 -0.5441
vn 0.6759 -0.7192 0.1610
vn -0.0080 0.8138 0.5811
vn 0.6541 0.6505 0.3859
vn 0.6637 0.7237 -0.1891
vn 0.5324 -0.6302 0.5651
vn 0.7760 -0.6302 0.0232
vn -0.0231 -0.6303 0.7760
vn -0.5651 -0.6303 0.5324
vn -0.7760 -0.6303 -0.0231
vn -0.5324 -0.6303 -0.5651
vn 0.0232 -0.6303 -0.7760
vn 0.5651 -0.6303 -0.5324
vn 0.9183 -0.1874 -0.3487
vn 0.8891 0.3090 -0.3376
vn -0.2248 0.8017 0.5538
vn -0.2311 0.8338 0.5014
vn -0.4028 -0.1296 0.9060
vn 0.8531 0.5216 0.0136
vn 0.5015 0.8341 0.2297
vn 0.9060 -0.1295 0.4030
vn 0.0039 1.0000 -0.0015
vn 0.0392 0.9992 0.0017
vn -0.0037 0.9996 0.0296
vn 0.0012 1.0000 0.0030
vn -0.0435 0.9990 -0.0048
vn -0.5900 0.5194 -0.6182
vn -0.5617 0.7935 -0.2343
vn -0.0269 0.9992 -0.0279
vn 0.0203 0.5230 -0.8521
vn 0.0293 0.9992 -0.0256
vn 0.0014 0.9996 -0.0297
vn 0.6187 0.5194 -0.5894
vn 0.4076 0.8042 0.4327
vn 0.3074 -0.5000 0.8096
vn 0.2775 0.6235 0.7309
vn 0.9207 0.1737 -0.3495
vn 0.8741 -0.3547 -0.3318
vn 0.3229 0.4154 0.8504
vn 0.2086 -0.8091 0.5494
vn 0.3551 -0.5000 -0.7899
vn 0.3206 0.6235 -0.7131
vn 0.8959 -0.1874 0.4028
vn 0.8674 0.3090 0.3900
vn 0.3730 0.4154 -0.8296
vn 0.2410 -0.8091 -0.5360
vn 0.8982 0.1737 0.4038
vn 0.8528 -0.3547 0.3834
vn 0.4326 0.8042 -0.4076
vn -0.5941 0.8042 -0.0177
vn -0.4076 0.8042 -0.4327
vn -0.4326 0.8042 0.4076
vn -0.0177 0.8042 0.5941
vn 0.5942 0.8042 0.0178
vn 0.0177 0.8042 -0.5941
vn -0.0001 -1.0000 -0.0000
vn 0.9121 -0.0001 0.4101
vn 0.9349 -0.0001 -0.3549
vn -0.9121 -0.0000 -0.4101
vn -0.0001 1.0000 -0.0000
vn 0.5323 -0.6303 0.5652
vn 0.7761 -0.6302 0.0231
vn -0.0232 -0.6303 0.7760
vn -0.5651 -0.6302 0.5324
vn -0.5949 0.5208 -0.6123
vn -0.1903 0.8336 -0.5186
vn -0.3558 -0.1295 -0.9256
vn -0.0185 0.5288 0.8485
vn -0.5635 0.6323 0.5316
vn -0.4028 -0.1297 0.9060
vn 0.0560 0.9984 0.0038
vn 0.5885 0.5149 0.6234
vn 0.8586 0.5123 0.0212
vn 0.0331 0.9989 0.0318
vn 0.0008 1.0000 0.0023
vn -0.0007 0.9997 0.0234
vn -0.0432 0.9991 -0.0048
vn -0.8536 0.5199 -0.0336
vn -0.0280 0.9993 -0.0252
vn 0.0231 0.9996 -0.0185
vn 0.5562 0.8002 -0.2243
vn 0.4076 0.8042 0.4326
vn -0.4076 0.8042 -0.4326
vn 0.5941 0.8042 0.0177
vn -0.0002 1.0000 0.0002
vn -0.0001 1.0000 0.0002
vn 0.0001 -1.0000 -0.0000
vn 0.0001 1.0000 0.0002
vn 0.0001 1.0000 -0.0000
vn 0.0002 1.0000 0.0002
vn 0.5324 -0.6303 0.5651
vn -0.5651 -0.6303 0.5323
vn -0.7760 -0.6303 -0.0232
vn -0.5916 0.5199 -0.6162
vn -0.1904 0.8336 -0.5186
vn -0.3557 -0.1295 -0.9256
vn 0.0555 0.9985 0.0030
vn 0.5899 0.5195 0.6182
vn 0.8587 0.5121 0.0208
vn 0.0266 0.9993 0.0276
vn -0.0203 0.5231 0.8520
vn -0.0347 0.9989 0.0304
vn -0.0013 0.9996 0.0299
vn -0.0392 0.9992 0.0002
vn -0.6243 0.5150 0.5873
vn -0.0325 0.9990 -0.0293
vn -0.8537 0.5199 -0.0303
vn 0.0233 0.9996 -0.0181
vn 0.5561 0.8002 -0.2246
vn 0.0178 0.8042 -0.5941
vn 0.9348 -0.0000 -0.3552
vn 0.7760 -0.6303 0.0232
vn -0.0231 -0.6302 0.7761
vn 0.5651 -0.6302 -0.5324
vn 0.8485 0.5289 0.0185
vn 0.5013 0.8338 0.2314
vn 0.9060 -0.1297 0.4028
vn 0.0023 1.0000 -0.0009
vn 0.0232 0.9997 0.0007
vn -0.0042 0.9993 0.0372
vn -0.0221 0.9995 0.0218
vn -0.2411 0.7942 0.5577
vn -0.0556 0.9984 -0.0030
vn -0.6195 0.5245 0.5841
vn -0.5896 0.5197 -0.6183
vn -0.8587 0.5121 -0.0208
vn -0.0263 0.9992 -0.0287
vn 0.0206 0.5196 -0.8542
vn 0.0026 0.9992 -0.0392
vn 0.6234 0.5148 -0.5885
vn 0.0319 0.9989 -0.0332
vn 0.5942 0.8041 0.0177
vn 0.2087 -0.8090 0.5495
vn 0.2411 -0.8090 -0.5361
vn 0.9120 -0.0001 0.4101
vn 0.4101 -0.0001 -0.9120
vn -0.3550 -0.0001 -0.9349
vn -0.5652 -0.6302 0.5324
vn -0.5324 -0.6302 -0.5651
vn 0.0231 -0.6303 -0.7760
vn 0.0261 0.9993 0.0284
vn 0.8517 0.5231 0.0305
vn 0.0296 0.9996 0.0004
vn -0.0006 0.9992 0.0391
vn 0.5819 0.5194 0.6258
vn -0.0219 0.9995 0.0218
vn -0.0306 0.5196 0.8539
vn -0.0655 0.9978 -0.0020
vn -0.6195 0.5246 0.5840
vn -0.5836 0.5246 -0.6199
vn -0.8621 0.5060 -0.0257
vn -0.0207 0.9995 -0.0230
vn 0.0206 0.5198 -0.8540
vn 0.0026 0.9992 -0.0394
vn 0.6235 0.5150 -0.5882
vn 0.0325 0.9989 -0.0329
vn 0.4075 0.8042 0.4326
vn 0.9207 0.1737 -0.3496
vn 0.8741 -0.3547 -0.3319
vn 0.8674 0.3090 0.3901
vn -0.6254 0.5196 0.5821
vn -0.9097 -0.2343 0.3427
vn -0.9084 -0.2362 0.3449
vn 0.7760 -0.6303 0.0231
vn 0.8508 0.5252 0.0166
vn 0.5012 0.8334 0.2327
vn 0.9060 -0.1296 0.4028
vn 0.0298 0.9996 -0.0019
vn -0.0042 0.9993 0.0375
vn -0.0282 0.9992 0.0272
vn -0.2411 0.7941 0.5579
vn -0.0392 0.9992 -0.0006
vn -0.0218 0.9995 -0.0219
vn -0.8539 0.5195 -0.0306
vn 0.0039 0.9984 -0.0561
vn -0.5840 0.5245 -0.6195
vn 0.6243 0.5146 -0.5878
vn 0.0212 0.5122 -0.8586
vn 0.8528 -0.3547 0.3833
vn 0.4327 0.8042 -0.4075
vn -0.9284 -0.1296 0.3481
vn -0.9108 -0.2450 0.3322
vn -0.9038 -0.2558 0.3431
vn 0.7761 -0.6302 0.0232
vn -0.0126 0.5136 0.8579
vn -0.5639 0.6319 0.5317
vn -0.4030 -0.1294 0.9060
vn 0.0257 0.9992 0.0293
vn 0.8513 0.5241 0.0239
vn 0.0312 0.9995 -0.0008
vn 0.0014 0.9985 0.0546
vn 0.5894 0.5195 0.6186
vn -0.0292 0.9996 -0.0036
vn -0.0308 0.9989 -0.0349
vn -0.8503 0.5251 -0.0341
vn -0.0008 0.9995 -0.0316
vn -0.5878 0.5139 -0.6248
vn 0.0350 0.9989 -0.0307
vn 0.0247 0.5236 -0.8516
vn 0.6248 0.5139 -0.5878
vn 0.4326 0.8042 -0.4075
vn -0.5940 0.8042 -0.0177
vn -0.3553 -0.0000 -0.9347
vn 0.5975 0.5134 0.6159
vn 0.1896 0.8331 0.5196
vn 0.3556 -0.1294 0.9256
vn 0.2247 0.8018 -0.5537
vn 0.2304 0.8340 -0.5014
vn 0.4029 -0.1296 -0.9060
vn -0.8485 0.5289 -0.0185
vn -0.5012 0.8339 -0.2309
vn -0.9060 -0.1297 -0.4028
vn 0.0386 0.9985 0.0380
vn 0.5518 0.8003 0.2347
vn 0.0296 0.9996 0.0037
vn -0.0398 0.9986 0.0361
vn -0.5728 0.7854 0.2347
vn -0.0022 1.0000 0.0009
vn -0.0231 0.9997 -0.0007
vn 0.0036 0.9996 -0.0294
vn -0.0011 1.0000 -0.0030
vn -0.4075 0.8042 -0.4326
vn 0.0232 -0.6302 -0.7761
vn 0.0251 0.9992 0.0296
vn 0.8496 0.5268 0.0254
vn 0.0235 0.9997 0.0007
vn -0.0030 0.9984 0.0564
vn 0.5893 0.5193 0.6189
vn -0.6234 0.5148 0.5885
vn -0.0208 0.5125 0.8584
vn -0.0320 0.9989 0.0334
vn -0.8496 0.5268 -0.0253
vn -0.0250 0.9992 -0.0296
vn -0.0236 0.9997 -0.0007
vn 0.0020 0.9978 -0.0667
vn -0.5893 0.5194 -0.6189
vn 0.6251 0.5194 -0.5826
vn 0.0257 0.5063 -0.8620
vn 0.0267 0.9992 -0.0281
vn -0.0178 0.8042 0.5941
vn -0.3551 -0.0000 -0.9348
vn 0.7760 -0.6302 0.0231
vn 0.0273 0.9992 0.0281
vn 0.8537 0.5198 0.0303
vn 0.0395 0.9992 -0.0002
vn -0.0013 0.9990 0.0450
vn 0.5821 0.5196 0.6254
vn -0.6185 0.5198 0.5893
vn -0.0255 0.5186 0.8547
vn -0.0298 0.9992 0.0261
vn -0.8570 0.5147 -0.0247
vn -0.0462 0.9989 0.0009
vn -0.5828 0.5269 -0.6186
vn 0.0033 0.9992 -0.0386
vn -0.0158 0.9997 -0.0168
vn 0.0346 0.9989 -0.0316
vn 0.0210 0.5193 -0.8543
vn 0.6241 0.5151 -0.5876
vn 0.4075 0.8042 0.4327
vn 0.0185 0.5289 -0.8485
vn 0.2317 0.8337 -0.5013
vn 0.0437 0.9990 0.0056
vn 0.5890 0.5146 0.6231
vn 0.5611 0.7934 0.2360
vn 0.0328 0.9989 0.0325
vn -0.0305 0.5231 0.8517
vn -0.0283 0.9993 0.0261
vn -0.0003 0.9996 0.0295
vn -0.0559 0.9984 -0.0012
vn -0.6257 0.5195 0.5819
vn -0.5826 0.5194 -0.6251
vn -0.8582 0.5123 -0.0307
vn -0.0279 0.9993 -0.0265
vn -0.0009 1.0000 -0.0023
vn 0.0007 0.9997 -0.0232
vn -0.5323 -0.6303 -0.5651
vn -0.6123 0.5208 0.5949
vn -0.5186 0.8336 0.1903
vn -0.9256 -0.1295 0.3557
vn 0.0391 0.9992 -0.0003
vn 0.5836 0.5245 0.6199
vn 0.8539 0.5195 0.0303
vn 0.0206 0.9995 0.0230
vn -0.0203 0.5196 0.8542
vn -0.0017 0.9992 0.0391
vn -0.0252 0.9993 0.0280
vn -0.0181 0.9996 -0.0233
vn 0.0026 0.9992 -0.0389
vn -0.2241 0.8003 -0.5561
vn 0.0485 0.9978 -0.0457
vn 0.0207 0.5195 -0.8542
vn 0.6277 0.5063 -0.5913
vn -0.4075 0.8042 -0.4327
vn 0.3553 -0.0000 0.9348
vn -0.7760 -0.6302 -0.0232
vn 0.0452 0.9990 0.0013
vn 0.5896 0.5196 0.6184
vn 0.8547 0.5185 0.0255
vn 0.0264 0.9992 0.0289
vn -0.0207 0.5198 0.8541
vn -0.0026 0.9992 0.0395
vn -0.6235 0.5149 0.5883
vn -0.0327 0.9989 0.0331
vn -0.8518 0.5230 -0.0305
vn -0.0211 0.9995 -0.0226
vn -0.0295 0.9996 -0.0004
vn 0.0029 0.9989 -0.0465
vn -0.5835 0.5236 -0.6207
vn 0.0278 0.9992 -0.0282
vn 0.0253 0.5144 -0.8572
vn 0.6251 0.5198 -0.5823
vn -0.4327 0.8042 0.4076
vn -0.5650 0.7941 0.2239
vn -0.5652 -0.6303 0.5323
vn 0.5948 0.5209 0.6123
vn 0.1900 0.8334 0.5190
vn 0.3557 -0.1295 0.9256
vn 0.0555 0.9985 0.0020
vn 0.8585 0.5124 0.0205
vn 0.0280 0.9993 0.0252
vn -0.0295 0.9993 0.0235
vn -0.0391 0.9992 -0.0006
vn -0.0219 0.9995 -0.0223
vn -0.8539 0.5196 -0.0306
vn 0.0026 0.9992 -0.0388
vn -0.5840 0.5244 -0.6196
vn 0.0289 0.9992 -0.0265
vn 0.6183 0.5198 -0.5896
vn 0.4105 -0.0000 -0.9119
vn 0.3550 -0.0001 0.9349
vn -0.4101 -0.0001 0.9121
vn -0.9349 -0.0001 0.3549
vn 0.8510 0.5249 0.0135
vn 0.5014 0.8340 0.2304
vn 0.9060 -0.1296 0.4029
vn 0.0029 1.0000 -0.0011
vn 0.0296 0.9996 0.0014
vn -0.0036 0.9996 0.0292
vn -0.0294 0.9992 0.0257
vn -0.2348 0.8002 0.5519
vn -0.0465 0.9989 -0.0021
vn -0.6187 0.5195 0.5894
vn -0.0229 0.9995 -0.0219
vn -0.8569 0.5147 -0.0267
vn 0.0030 0.9984 -0.0556
vn -0.5851 0.5241 -0.6188
vn 0.6182 0.5194 -0.5899
vn 0.0208 0.5121 -0.8587
vn 0.0279 0.9992 -0.0269
vn 0.4327 0.8042 -0.4076
vn -0.7761 -0.6302 -0.0232
vn 0.0265 0.9992 0.0290
vn 0.8543 0.5194 0.0207
vn 0.0389 0.9992 0.0026
vn -0.0021 0.9989 0.0466
vn 0.5896 0.5197 0.6183
vn -0.0279 0.9992 0.0281
vn -0.0258 0.5152 0.8567
vn -0.0450 0.9990 -0.0022
vn -0.6252 0.5198 0.5823
vn -0.5890 0.5146 -0.6231
vn -0.8547 0.5185 -0.0266
vn -0.0329 0.9989 -0.0326
vn 0.0305 0.5230 -0.8518
vn 0.0225 0.9995 -0.0209
vn 0.0004 0.9996 -0.0298
vn 0.6199 0.5242 -0.5839
vn 0.3549 0.0002 0.9349
vn -0.4101 -0.0001 0.9120
vn 0.9349 -0.0001 -0.3550
vn -0.0002 -1.0000 -0.0000
vn -0.0001 -1.0000 -0.0001
vn -0.0001 -1.0000 0.0001
vn 0.0270 0.9992 0.0279
vn 0.8537 0.5199 0.0303
vn 0.0392 0.9992 -0.0002
vn -0.0006 0.9992 0.0388
vn 0.5821 0.5197 0.6254
vn -0.0306 0.5197 0.8538
vn -0.0554 0.9985 -0.0029
vn -0.5899 0.5196 -0.6182
vn -0.8586 0.5122 -0.0208
vn -0.0266 0.9993 -0.0276
vn 0.0203 0.5232 -0.8520
vn 0.0347 0.9989 -0.0304
vn 0.6244 0.5150 -0.5873
vn 0.4073 0.8044 0.4325
vn -0.0002 1.0000 -0.0000
vn -0.0001 1.0000 -0.0001
vn 0.0177 0.8043 -0.5939
vn 0.4325 0.8044 -0.4074
vn -0.0000 1.0000 -0.0001
vn -0.5939 0.8043 -0.0177
vn -0.4074 0.8043 -0.4325
vn 0.0004 1.0000 -0.0000
vn -0.4324 0.8043 0.4074
vn -0.0177 0.8043 0.5939
vn 0.5940 0.8042 0.0177
vn -0.0001 1.0000 0.0001
vn 0.0001 1.0000 0.0001
vn -0.9120 0.0001 -0.4101
vn -0.9349 -0.0001 0.3550
vn -0.9349 0.0001 0.3549
vn -0.9348 -0.0001 0.3553
vn -0.9121 -0.0001 -0.4100
vn -0.9285 -0.1296 0.3481
vn -0.9038 -0.2558 0.3432
vn -0.0185 0.5289 0.8485
vn -0.2314 0.8337 0.5013
vn 0.0394 0.9992 0.0026
vn 0.5884 0.5149 0.6234
vn 0.8540 0.5198 0.0207
vn 0.0331 0.9989 0.0319
vn 0.0009 1.0000 0.0023
vn -0.0007 0.9997 0.0232
vn -0.0293 0.9996 -0.0037
vn -0.0257 0.9992 -0.0293
vn -0.5517 0.8003 -0.2348
vn 0.0021 0.9984 -0.0560
vn -0.5894 0.5195 -0.6186
vn 0.6184 0.5196 -0.5896
vn 0.0205 0.5123 -0.8586
vn 0.5324 -0.6302 0.5652
vn -0.0232 -0.6302 0.7760
vn -0.3549 -0.0001 -0.9349
vn 0.4102 0.0002 -0.9120
vn 0.0306 0.9989 0.0347
vn 0.8515 0.5237 0.0248
vn 0.0313 0.9995 -0.0007
vn 0.0007 0.9995 0.0313
vn 0.5878 0.5140 0.6248
vn -0.0347 0.9989 0.0305
vn -0.0247 0.5237 0.8515
vn -0.0455 0.9990 -0.0014
vn -0.6247 0.5141 0.5878
vn -0.5892 0.5144 -0.6230
vn -0.8549 0.5182 -0.0255
vn -0.0331 0.9989 -0.0318
vn 0.0253 0.5270 -0.8495
vn 0.0349 0.9989 -0.0298
vn 0.0007 0.9997 -0.0231
vn 0.6254 0.5144 -0.5868
vn -0.5942 0.8041 -0.0177
vn 0.5942 0.8042 0.0177
vn -0.0378 0.9429 -0.3308
vn -0.0378 0.9429 -0.3309
vn 0.0377 0.9429 0.3308
vn 0.0378 0.9429 0.3309
vn 0.2564 0.5872 -0.7677
vn 0.0278 0.0004 -0.9996
vn -0.3556 0.0035 -0.9346
vn -0.9996 0.0004 -0.0276
vn 0.4099 -0.0027 -0.9121
vn 0.2965 0.5967 0.7457
vn 0.3552 -0.0027 0.9348
vn 0.6872 0.0004 0.7264
vn -0.9122 -0.0027 -0.4097
vn 0.2089 -0.8089 0.5496
vn 0.8675 0.3089 0.3898
vn 0.8960 -0.1873 0.4025
vn 0.9350 -0.0000 -0.3546
vn 0.9119 -0.0000 0.4105
vn -0.0202 -0.7357 0.6770
vn 0.0119 -0.9158 -0.4015
vn 0.0120 -0.9158 -0.4015
vn 0.0072 -0.9694 -0.2454
vn 0.0073 -0.9694 -0.2454
vn -0.0294 0.1646 0.9859
vn -0.0262 -0.4759 0.8791
vn 0.0024 -0.9966 -0.0825
vn 0.0025 -0.9966 -0.0825
vn -0.0282 0.3247 0.9454
vn -0.0282 -0.3247 0.9454
vn 0.0025 0.9966 -0.0825
vn -0.0263 0.4759 0.8791
vn -0.0262 0.4759 0.8791
vn -0.0263 0.4760 0.8791
vn -0.0294 -0.1646 0.9859
vn 0.0073 0.9694 -0.2454
vn -0.0235 0.6142 0.7888
vn 0.0119 0.9158 -0.4015
vn 0.0120 0.9158 -0.4015
vn -0.0202 0.7357 0.6770
vn 0.0164 0.8372 -0.5467
vn -0.0163 0.8372 0.5467
vn 0.0202 0.7357 -0.6770
vn -0.0120 0.9158 0.4015
vn -0.0262 0.4760 0.8791
vn -0.0073 0.9694 0.2454
vn 0.0262 0.4760 -0.8791
vn -0.0024 0.9966 0.0825
vn -0.0025 0.9966 0.0825
vn 0.0282 0.3247 -0.9454
vn 0.0024 0.9966 -0.0825
vn -0.0164 0.8372 0.5467
vn 0.0294 0.1646 -0.9859
vn -0.0119 0.9158 0.4015
vn 0.0294 -0.1646 -0.9859
vn 0.0163 0.8372 -0.5467
vn 0.0282 -0.3247 -0.9454
vn 0.0262 -0.4760 -0.8791
vn 0.0236 -0.6142 -0.7888
vn 0.0235 -0.6142 -0.7888
vn 0.0262 0.4759 -0.8791
vn 0.0202 -0.7357 -0.6770
vn -0.0025 -0.9966 0.0825
vn -0.0024 -0.9966 0.0825
vn 0.0163 -0.8372 -0.5467
vn -0.0072 -0.9694 0.2454
vn -0.0074 -0.9694 0.2454
vn -0.0120 -0.9158 0.4015
vn 0.0074 -0.9694 -0.2454
vn -0.0164 -0.8372 0.5467
vn -0.0073 -0.9694 0.2454
vn -0.0263 -0.4760 0.8791
vn -0.0262 -0.4760 0.8791
vn -0.0119 -0.9158 0.4015
vn 0.0201 -0.7357 -0.6770
vn -0.0236 0.6142 0.7888
vn 0.5630 -0.6642 0.4917
vn 0.0049 -0.9864 -0.1640
vn 0.0047 -0.9864 -0.1640
vn 0.7102 -0.6976 -0.0950
vn 0.7102 -0.6975 -0.0950
vn -0.7033 -0.6976 -0.1372
vn -0.9995 -0.0000 -0.0302
vn 0.7034 0.6975 0.1371
vn 0.7104 -0.6974 -0.0953
vn 0.7136 -0.6691 -0.2076
vn 0.6999 0.6691 0.2499
vn 0.7137 -0.6689 -0.2080
vn 0.6999 0.6691 0.2498
vn 0.7136 -0.6691 -0.2078
vn 0.7000 0.6689 0.2500
vn 0.7137 -0.6689 -0.2079
vn 0.5702 -0.7824 0.2504
vn -0.6968 -0.6220 -0.3572
vn 0.0142 -0.8795 -0.4757
vn -0.5539 -0.2333 -0.7992
vn 0.6968 0.6218 0.3574
vn 0.7168 -0.6222 -0.3149
vn -0.6967 -0.6221 -0.3572
vn 0.0263 0.4756 -0.8792
vn 0.6967 0.6221 0.3573
vn 0.0263 0.4756 -0.8793
vn 0.7167 -0.6221 -0.3151
vn 0.6968 0.6220 0.3573
vn 0.7168 -0.6221 -0.3151
vn 0.6939 0.5578 0.4554
vn 0.7197 -0.5581 -0.4130
vn 0.5781 -0.8158 -0.0163
vn 0.0219 -0.6773 -0.7354
vn 0.0219 -0.6777 -0.7350
vn 0.7224 -0.4789 -0.4988
vn -0.6913 -0.4791 -0.5409
vn 0.6912 0.4791 0.5410
vn 0.7223 -0.4791 -0.4988
vn -0.7223 0.4791 0.4988
vn -0.6912 -0.4791 -0.5410
vn -0.0204 -0.7355 0.6772
vn 0.7224 -0.4791 -0.4987
vn 0.6892 0.3864 0.6129
vn 0.7244 -0.3869 -0.5706
vn 0.6891 0.3867 0.6128
vn 0.7245 -0.3864 -0.5707
vn 0.5860 -0.7604 -0.2799
vn 0.0272 -0.4013 -0.9155
vn 0.0273 -0.4009 -0.9157
vn 0.7260 -0.2839 -0.6263
vn -0.6874 -0.2837 -0.6686
vn -0.5544 0.2973 -0.7774
vn 0.6874 0.2841 0.6684
vn 0.7261 -0.2837 -0.6264
vn -0.7261 0.2836 0.6264
vn 0.7262 -0.2835 -0.6264
vn -0.6874 -0.2836 -0.6686
vn 0.0121 0.9160 -0.4009
vn -0.0119 -0.9160 0.4010
vn 0.6875 0.2836 0.6685
vn 0.7262 -0.2833 -0.6263
vn 0.6864 0.1733 0.7063
vn 0.7272 -0.1736 -0.6641
vn -0.6859 -0.0582 -0.7254
vn 0.5980 -0.4205 -0.6824
vn 0.0289 0.2418 -0.9699
vn 0.7272 0.1711 -0.6647
vn 0.0071 -0.9703 -0.2418
vn 0.7273 0.1708 -0.6648
vn 0.6863 -0.1709 0.7070
vn -0.7272 -0.1711 0.6647
vn -0.6863 0.1714 -0.7069
vn 0.7272 0.1708 -0.6648
vn 0.6874 -0.2819 0.6693
vn 0.7262 0.2821 -0.6269
vn 0.0250 0.5449 -0.8381
vn -0.6890 0.3853 -0.6138
vn 0.0251 0.5448 -0.8382
vn 0.7244 0.3851 -0.5718
vn -0.5721 0.7986 -0.1869
vn -0.6891 0.3852 -0.6139
vn 0.0161 -0.8387 -0.5444
vn 0.6890 -0.3851 0.6139
vn -0.6890 0.3852 -0.6139
vn -0.0164 0.8387 0.5444
vn 0.7223 0.4768 -0.5009
vn 0.6911 -0.4771 0.5429
vn 0.7223 0.4769 -0.5008
vn 0.6013 0.0966 -0.7932
vn 0.0185 0.7856 -0.6185
vn 0.0185 0.7855 -0.6185
vn 0.7198 0.5555 -0.4163
vn -0.6937 0.5558 -0.4582
vn 0.6937 -0.5557 0.4582
vn 0.7198 0.5557 -0.4161
vn -0.7199 -0.5557 0.4159
vn 0.6937 -0.5558 0.4581
vn -0.6938 0.5557 -0.4581
vn 0.5991 0.3539 -0.7182
vn 0.0100 0.9438 -0.3305
vn -0.6999 0.6671 -0.2551
vn 0.0098 0.9437 -0.3306
vn 0.7135 0.6675 -0.2130
vn -0.5877 0.7358 0.3366
vn 0.7137 0.6674 -0.2126
vn -0.6998 0.6674 -0.2546
vn -0.0282 0.3302 0.9435
vn -0.6999 0.6674 -0.2546
vn 0.7033 -0.6967 0.1415
vn 0.7103 0.6967 -0.1000
vn 0.7033 -0.6967 0.1417
vn 0.7031 -0.6967 0.1420
vn 0.7105 0.6967 -0.0993
vn -0.7066 0.7071 -0.0254
vn 0.7066 -0.7071 0.0255
vn 0.7100 -0.6984 -0.0904
vn 0.7101 -0.6982 -0.0906
vn 0.7035 0.6983 0.1324
vn 0.7035 0.6981 0.1334
vn 0.5880 0.7313 -0.3457
vn -0.0097 0.9478 0.3188
vn 0.6998 0.6705 0.2464
vn -0.7134 0.6702 0.2045
vn 0.0282 0.3190 -0.9474
vn -0.0282 -0.3189 0.9474
vn -0.7000 -0.6702 -0.2465
vn 0.7135 -0.6702 -0.2044
vn -0.0283 -0.3189 0.9474
vn 0.7001 0.6702 0.2465
vn 0.7000 0.6703 0.2462
vn 0.7168 -0.6237 -0.3119
vn 0.6968 0.6237 0.3540
vn 0.6968 0.6240 0.3538
vn -0.0182 0.7922 0.6100
vn -0.7196 0.5602 0.4102
vn -0.0182 0.7924 0.6097
vn 0.7196 -0.5604 -0.4100
vn 0.6913 0.4811 0.5391
vn 0.7222 -0.4812 -0.4969
vn 0.5720 0.7998 0.1818
vn -0.7244 0.3888 0.5693
vn 0.6891 0.3889 0.6114
vn -0.6008 -0.1648 0.7822
vn 0.7244 -0.3889 -0.5693
vn -0.7244 0.3888 0.5692
vn 0.6891 0.3889 0.6115
vn 0.7261 -0.2858 -0.6254
vn -0.0297 -0.0831 0.9961
vn -0.7278 -0.0588 0.6833
vn -0.0297 -0.0827 0.9961
vn 0.7279 0.0588 -0.6832
vn 0.6857 -0.0585 0.7255
vn 0.6864 -0.1749 0.7059
vn -0.7261 -0.2857 0.6255
vn -0.0219 -0.6805 0.7325
vn 0.6914 -0.4811 0.5390
vn 0.6968 -0.6237 0.3541
vn 0.7134 0.6701 -0.2049
vn 0.7001 -0.6701 0.2466
vn -0.0046 -0.9874 0.1584
vn 0.7035 -0.6982 0.1329
vn -0.0203 -0.7357 0.6770
vn 0.0074 0.9694 -0.2454
vn -0.0162 0.8372 0.5467
vn 0.0263 0.4759 -0.8791
vn -0.0026 -0.9966 0.0825
vn -0.0163 -0.8371 0.5467
vn 0.0263 -0.4760 -0.8791
vn 0.0164 -0.8372 -0.5467
vn 0.5727 -0.4392 -0.6922
vn 0.0280 0.0004 -0.9996
vn -0.3553 0.0035 -0.9347
vn -0.9996 0.0004 -0.0277
vn -0.9357 0.0034 0.3529
vn 0.4101 -0.0027 -0.9121
vn 0.2967 0.5967 0.7456
vn 0.6872 0.0004 0.7265
vn -0.9121 -0.0027 -0.4099
vn 0.9112 0.0034 0.4120
vn -0.5710 0.6066 0.5531
vn -0.4074 -0.0000 0.9133
vn 0.8740 -0.3548 -0.3319
vn 0.9206 0.1737 -0.3496
vn 0.3232 0.4154 0.8503
vn 0.4511 0.8692 0.2026
vn -0.3552 0.0035 -0.9348
vn -0.9996 0.0004 -0.0278
vn -0.9356 0.0034 0.3530
vn 0.4103 -0.0027 -0.9120
vn 0.2966 0.5967 0.7456
vn -0.9119 -0.0027 -0.4103
vn -0.5712 0.6066 0.5529
vn 0.3208 0.6234 -0.7131
vn 0.4506 0.8694 0.2028
vn -0.4505 0.8694 -0.2027
vn 0.2028 0.8692 -0.4510
vn -0.3552 -0.0026 -0.9348
vn -0.7615 0.5781 0.2931
vn -0.9349 -0.0030 0.3549
vn -0.7262 0.0005 0.6875
vn 0.7549 0.5799 -0.3064
vn 0.7262 0.0003 -0.6874
vn 0.4099 0.0035 -0.9121
vn 0.3066 0.5791 0.7554
vn 0.3549 -0.0027 0.9349
vn 0.6870 0.0004 0.7267
vn 0.9348 -0.0027 -0.3550
vn 0.9121 0.0035 0.4099
vn -0.4099 0.0038 0.9121
vn 0.2082 -0.8093 0.5492
vn 0.3224 0.4156 0.8505
vn -0.2027 0.8694 0.4507
vn -0.3468 0.5863 -0.7321
vn -0.3549 -0.0030 -0.9349
vn -0.6871 0.0005 -0.7265
vn 0.2409 -0.8091 -0.5361
vn 0.3728 0.4154 -0.8297
vn -0.9349 -0.0025 0.3549
vn -0.0238 0.6063 0.7949
vn 0.3574 -0.0000 0.9339
vn 0.9121 -0.0026 0.4100
vn 0.2774 0.6235 0.7309
vn 0.3073 -0.5000 0.8096
vn 0.8742 -0.3545 -0.3318
vn 0.9207 0.1736 -0.3495
vn 0.8672 0.3092 0.3902
vn 0.8958 -0.1876 0.4030
vn 0.4505 0.8695 0.2026
vn -0.9123 -0.0000 -0.4096
vn 0.9351 -0.0000 -0.3544
vn 0.9122 -0.0000 0.4097
vn 0.2563 0.5872 -0.7678
vn 0.0279 0.0004 -0.9996
vn 0.4102 -0.0027 -0.9120
vn 0.3548 -0.0027 0.9349
vn 0.6870 0.0004 0.7266
vn 0.7949 0.6066 0.0126
vn -0.5711 0.6066 0.5531
vn -0.4094 -0.0000 0.9124
vn 0.2081 -0.8093 0.5492
vn -0.9348 -0.0026 0.3552
vn -0.0237 0.6062 0.7949
vn -0.5434 0.6057 -0.5813
vn 0.9120 -0.0026 0.4103
vn -0.4619 0.8694 0.1754
vn -0.7104 0.5862 -0.3896
vn -0.9348 0.0038 0.3552
vn -0.9357 0.0037 0.3529
vn 0.4102 -0.0026 -0.9120
vn 0.2965 0.5966 0.7457
vn 0.7944 0.6071 0.0161
vn 0.9340 -0.0000 -0.3573
vn -0.5736 0.6060 0.5511
vn 0.8959 -0.1874 0.4029
vn -0.4101 -0.0002 0.9120
vn -0.9122 -0.0000 -0.4096
vn -0.9348 -0.0000 0.3550
vn -0.7521 0.5796 -0.3138
vn -0.9347 0.0035 0.3555
vn 0.4101 -0.0027 -0.9120
vn -0.0279 0.0004 0.9996
vn 0.3552 0.0035 0.9348
vn 0.7521 0.5795 0.3139
vn 0.9996 0.0004 0.0280
vn 0.9346 0.0035 -0.3557
vn 0.9119 -0.0027 0.4103
vn -0.4103 -0.0027 0.9119
vn 0.3201 0.6237 -0.7132
vn 0.4620 0.8694 -0.1755
vn 0.3177 0.5967 -0.7369
vn -0.3529 0.0034 -0.9356
vn -0.7242 0.5872 0.3615
vn -0.9350 -0.0027 0.3547
vn -0.7265 0.0004 0.6872
vn 0.2432 0.5880 0.7715
vn 0.3551 -0.0027 0.9348
vn -0.5530 0.6067 -0.5711
vn -0.9121 -0.0000 -0.4099
vn 0.7949 0.6066 0.0131
vn 0.9112 0.0034 0.4121
vn -0.9350 -0.0000 0.3546
vn 0.9348 -0.0000 -0.3551
vn -0.9349 -0.0026 0.3550
vn 0.4100 -0.0027 -0.9121
vn -0.5506 0.6072 -0.5729
vn 0.7957 0.6052 0.0240
vn 0.0002 -1.0000 -0.0000
vn 0.3140 0.5795 -0.7520
vn -0.3551 0.0035 -0.9348
vn -0.9346 0.0035 0.3558
vn 0.4104 -0.0027 -0.9119
vn -0.3138 0.5796 0.7521
vn -0.0278 0.0004 0.9996
vn 0.7522 0.5795 0.3137
vn 0.9996 0.0004 0.0277
vn 0.9120 -0.0027 0.4101
vn -0.4103 -0.0027 0.9120
vn 0.3735 0.5879 -0.7175
vn 0.0276 0.0002 -0.9996
vn -0.0204 0.6058 0.7954
vn 0.3578 -0.0000 0.9338
vn -0.5505 0.6071 -0.5730
vn 0.7678 0.5872 0.2564
vn 0.9996 0.0003 0.0277
vn 0.9348 0.0035 -0.3551
vn 0.9122 -0.0000 0.4096
vn -0.9356 0.0034 0.3531
vn 0.3553 -0.0027 0.9348
vn 0.7949 0.6066 0.0127
vn -0.4104 -0.0000 0.9119
vn -0.4078 -0.0000 0.9131
vn 0.9122 -0.0001 0.4098
vn 0.9121 -0.0002 0.4099
vn -0.7255 0.5877 0.3582
vn -0.9349 -0.0027 0.3549
vn -0.7266 0.0004 0.6870
vn 0.3552 -0.0025 0.9348
vn -0.5459 0.6052 -0.5794
vn -0.9122 -0.0000 -0.4098
vn -0.4098 0.0035 0.9122
vn 0.4512 0.8691 0.2028
vn -0.9996 0.0004 -0.0281
vn 0.4103 -0.0027 -0.9119
vn 0.7948 0.6067 0.0128
vn 0.9347 -0.0000 -0.3555
vn 0.2966 0.5968 0.7456
vn -0.5771 0.6058 0.5478
vn -0.4099 -0.0000 0.9122
vn -0.4076 -0.0000 0.9132
vn -0.7174 0.5879 -0.3736
vn -0.5711 0.6066 0.5530
vn -0.4098 -0.0000 0.9122
vn -0.4098 0.0002 0.9122
vn 0.3548 0.0002 0.9350
vn 0.3547 -0.0000 0.9350
vn -0.7243 0.5871 0.3615
vn -0.9349 -0.0027 0.3550
vn -0.7266 0.0004 0.6871
vn 0.2435 0.5880 0.7714
vn -0.5529 0.6066 -0.5712
vn -0.9131 -0.0000 -0.4078
vn -0.7272 0.1746 0.6639
vn 0.9068 0.2907 0.3053
vn 0.9374 -0.1469 0.3156
vn 0.9548 -0.1467 -0.2586
vn 0.9069 -0.2907 0.3051
vn 0.9375 0.1469 0.3155
vn 0.9237 -0.2902 -0.2503
vn 0.9547 0.1467 -0.2587
vn 0.9906 0.0490 0.1275
vn 0.6119 0.6344 -0.4724
vn 0.4168 -0.7731 -0.4782
vn 0.4269 -0.5140 -0.7440
vn 0.2348 -0.8818 -0.4090
vn 0.4270 0.5140 -0.7440
vn 0.2099 0.8818 0.4222
vn 0.3817 -0.5140 0.7682
vn 0.7651 -0.4713 0.4387
vn 0.8415 0.2429 0.4825
vn 0.9965 0.0490 -0.0681
vn 0.9071 -0.2902 0.3048
vn 0.9376 0.1467 0.3151
vn 0.9234 -0.2907 -0.2506
vn 0.9071 0.2902 0.3050
vn 0.9234 0.2907 -0.2506
vn 0.5825 0.6345 0.5080
vn 0.7097 -0.3369 0.6187
vn 0.9906 0.0491 0.1276
vn 0.9965 -0.0491 -0.0683
vn 0.0435 -0.5217 -0.8520
vn -0.9284 -0.1296 0.3482
vn -0.9107 -0.2451 0.3324
vn -0.0364 0.4111 0.9109
vn 0.6875 0.6005 -0.4084
vn 0.3481 -0.1296 0.9285
vn 0.3323 -0.2450 0.9108
vn 0.3432 -0.2558 0.9038
vn 0.3962 -0.2342 -0.8878
vn -0.8876 -0.2344 -0.3964
vn -0.3860 -0.2450 0.8894
vn 0.8893 -0.2451 0.3861
vn 0.9080 -0.2343 -0.3474
vn -0.3473 -0.2342 -0.9080
vn -0.9315 -0.0000 0.3636
vn -0.9215 -0.2103 0.3264
vn 0.3637 -0.0000 0.9315
vn 0.3261 -0.2099 0.9217
vn 0.9121 0.0002 0.4101
vn 0.3425 -0.2343 0.9099
vn 0.3449 -0.2364 0.9084
vn 0.4104 -0.1296 -0.9027
vn 0.4091 -0.2450 -0.8790
vn 0.3964 -0.2558 -0.8817
vn -0.8877 -0.2344 -0.3964
vn -0.3859 -0.2449 0.8894
vn 0.8876 -0.2346 0.3965
vn 0.9078 -0.2345 -0.3477
vn -0.3559 -0.2451 -0.9018
vn 0.4015 -0.0000 -0.9159
vn 0.4211 -0.2099 -0.8824
vn -0.9097 -0.2344 0.3427
vn -0.9084 -0.2364 0.3449
vn 0.3473 -0.2342 0.9080
vn 0.4103 -0.1296 -0.9027
vn -0.8856 -0.2344 -0.4009
vn -0.8862 -0.2362 -0.3985
vn -0.3962 -0.2343 0.8878
vn 0.8875 -0.2345 0.3966
vn -0.3558 -0.2451 -0.9018
vn 0.4014 -0.0000 -0.9159
vn -0.9078 -0.2344 0.3477
vn 0.3482 -0.1295 0.9284
vn 0.3324 -0.2451 0.9108
vn 0.3963 -0.2344 -0.8877
vn -0.8876 -0.2345 -0.3966
vn -0.4011 -0.2342 0.8856
vn -0.3985 -0.2362 0.8862
vn 0.8895 -0.2449 0.3859
vn 0.9099 -0.2343 -0.3425
vn 0.9084 -0.2364 -0.3449
vn -0.3474 -0.2343 -0.9080
vn 0.3636 -0.0000 0.9316
vn 0.3264 -0.2103 0.9215
vn 0.4101 -0.0002 -0.9120
vn -0.9078 -0.2346 0.3478
vn -0.9120 -0.0000 -0.4103
vn 0.3427 -0.2343 0.9097
vn 0.3449 -0.2362 0.9084
vn -0.8854 -0.2346 -0.4013
vn -0.8861 -0.2368 -0.3984
vn -0.4010 -0.2342 0.8856
vn -0.3985 -0.2362 0.8863
vn 0.8857 -0.2342 0.4008
vn 0.8863 -0.2360 0.3985
vn 0.9098 -0.2343 -0.3425
vn -0.3476 -0.2342 -0.9079
vn 0.3431 -0.2558 0.9038
vn 0.3965 -0.2346 -0.8876
vn -0.8856 -0.2342 -0.4011
vn -0.4009 -0.2343 0.8856
vn -0.3984 -0.2362 0.8863
vn 0.8894 -0.2450 0.3859
vn 0.9100 -0.2333 -0.3426
vn -0.3477 -0.2344 -0.9078
vn 0.3264 -0.2104 0.9215
vn 0.3475 -0.2345 0.9079
vn 0.3963 -0.2333 -0.8880
vn -0.8880 -0.2333 -0.3963
vn -0.3862 -0.2453 0.8892
vn 0.8878 -0.2343 0.3962
vn -0.3426 -0.2333 -0.9100
vn 0.3554 -0.0000 0.9347
vn -0.9099 -0.2344 0.3424
vn -0.9083 -0.2366 0.3449
vn -0.9119 -0.0000 -0.4103
vn 0.3556 -0.2453 0.9019
vn 0.9284 -0.1296 -0.3481
vn 0.9315 -0.0000 -0.3638
vn 0.9217 -0.2099 -0.3261
vn 0.3860 -0.2450 -0.8894
vn -0.8894 -0.2449 -0.3859
vn -0.4102 -0.1294 0.9028
vn -0.4088 -0.2453 0.8791
vn -0.3964 -0.2558 0.8817
vn 0.8878 -0.2344 0.3961
vn 0.9108 -0.2450 -0.3322
vn 0.9038 -0.2558 -0.3431
vn -0.3481 -0.1296 -0.9284
vn -0.3322 -0.2450 -0.9108
vn -0.3432 -0.2558 -0.9038
vn -0.3638 -0.0000 -0.9315
vn -0.3261 -0.2099 -0.9217
vn -0.4017 -0.0000 0.9158
vn -0.4204 -0.2107 0.8825
vn -0.4106 -0.0000 0.9118
vn -0.9099 -0.2343 0.3425
vn 0.3476 -0.2345 0.9078
vn 0.4012 -0.2347 -0.8854
vn 0.3984 -0.2368 -0.8861
vn -0.8878 -0.2342 -0.3962
vn -0.3965 -0.2346 0.8876
vn 0.8878 -0.2342 0.3962
vn 0.9099 -0.2342 -0.3425
vn 0.9084 -0.2362 -0.3449
vn -0.3477 -0.2347 -0.9078
vn -0.9079 -0.2344 0.3475
vn 0.3428 -0.2344 0.9097
vn -0.8855 -0.2343 -0.4012
vn -0.8862 -0.2364 -0.3985
vn -0.3964 -0.2344 0.8877
vn 0.8856 -0.2344 0.4009
vn 0.8862 -0.2362 0.3985
vn 0.9097 -0.2344 -0.3426
vn -0.3476 -0.2341 -0.9079
vn -0.9096 -0.2345 0.3429
vn 0.3426 -0.2343 0.9098
vn 0.9284 -0.1296 -0.3482
vn 0.9315 -0.0000 -0.3636
vn 0.9215 -0.2103 -0.3264
vn 0.3859 -0.2449 -0.8895
vn -0.8855 -0.2345 -0.4011
vn -0.8862 -0.2365 -0.3984
vn -0.4009 -0.2342 0.8857
vn -0.3985 -0.2360 0.8863
vn 0.8879 -0.2336 0.3964
vn 0.9107 -0.2451 -0.3324
vn -0.3425 -0.2342 -0.9099
vn -0.3449 -0.2362 -0.9084
vn -0.9018 -0.2451 0.3558
vn 0.3476 -0.2343 0.9079
vn 0.3961 -0.2347 -0.8877
vn -0.9027 -0.1296 -0.4104
vn -0.8790 -0.2450 -0.4091
vn -0.8817 -0.2558 -0.3964
vn -0.3964 -0.2343 0.8877
vn 0.8856 -0.2343 0.4011
vn 0.9098 -0.2347 -0.3424
vn 0.9083 -0.2368 -0.3449
vn -0.9159 -0.0000 -0.4015
vn -0.8824 -0.2099 -0.4212
vn -0.9098 -0.2343 0.3425
vn 0.3474 -0.2344 0.9079
vn 0.4010 -0.2344 -0.8856
vn 0.3985 -0.2364 -0.8862
vn -0.8857 -0.2341 -0.4010
vn -0.8863 -0.2360 -0.3985
vn -0.3963 -0.2344 0.8877
vn 0.8876 -0.2344 0.3964
vn 0.9097 -0.2344 -0.3428
vn -0.3477 -0.2333 -0.9081
vn 0.3558 -0.2451 0.9018
vn 0.3964 -0.2343 -0.8877
vn -0.4103 -0.1295 0.9027
vn -0.4090 -0.2451 0.8790
vn 0.9078 -0.2345 -0.3476
vn -0.4016 -0.0000 0.9158
vn -0.4208 -0.2103 0.8824
vn -0.4100 -0.0002 0.9121
vn -0.9121 0.0001 -0.4100
vn 0.3322 -0.2450 0.9108
vn 0.3966 -0.2345 -0.8876
vn -0.8858 -0.2333 -0.4012
vn -0.3962 -0.2342 0.8878
vn 0.8894 -0.2450 0.3860
vn 0.9080 -0.2342 -0.3473
vn 0.3640 -0.0000 0.9314
vn -0.9097 -0.2344 0.3428
vn 0.3475 -0.2344 0.9079
vn 0.4010 -0.2342 -0.8857
vn 0.3985 -0.2360 -0.8863
vn -0.8879 -0.2336 -0.3964
vn -0.4010 -0.2344 0.8856
vn -0.3984 -0.2364 0.8862
vn 0.8877 -0.2344 0.3963
vn 0.9079 -0.2343 -0.3475
vn -0.3425 -0.2343 -0.9098
vn -0.3449 -0.2364 -0.9084
vn -0.9078 -0.2345 0.3477
vn 0.3961 -0.2343 -0.8878
vn 0.8856 -0.2343 0.4009
vn 0.8863 -0.2362 0.3985
vn 0.9098 -0.2344 -0.3426
vn -0.3474 -0.2342 -0.9080
vn -0.9121 0.0001 -0.4101
vn 0.9121 0.0004 0.4099
vn 0.3550 0.0001 0.9349
vn -0.9121 -0.0002 -0.4099
vn 0.3965 -0.2345 -0.8876
vn -0.8878 -0.2342 -0.3963
vn -0.3859 -0.2449 0.8895
vn 0.9080 -0.2344 -0.3474
vn -0.3476 -0.2345 -0.9078
vn -0.9315 -0.0000 0.3637
vn -0.9217 -0.2099 0.3261
vn -0.9099 -0.2336 0.3428
vn -0.3550 -0.0002 -0.9349
vn 0.3426 -0.2333 0.9100
vn -0.3963 -0.2333 0.8880
vn 0.8880 -0.2333 0.3963
vn -0.3425 -0.2343 -0.9099
vn 0.0419 -0.9707 0.2366
vn -0.0574 0.9429 0.3280
vn -0.0512 0.5062 0.8609
vn -0.9891 -0.0770 -0.1254
vn -0.9955 -0.0536 -0.0777
vn -0.9956 -0.0531 -0.0767
vn 0.9754 0.1469 0.1643
vn 0.9886 0.1147 0.0976
vn 0.9749 0.1480 0.1664
vn 0.0501 -0.4733 -0.8795
vn 0.0560 -0.9706 -0.2342
vn 0.0002 0.5062 -0.8624
vn 0.9834 0.1471 -0.1062
vn 0.9926 0.1148 -0.0386
vn 0.9928 0.1141 -0.0371
vn -0.9948 -0.0771 0.0664
vn -0.9984 -0.0536 0.0183
vn -0.9946 -0.0779 0.0680
vn -0.0024 -0.4733 0.8809
vn -0.0419 -0.9707 -0.2366
vn 0.0574 0.9429 -0.3280
vn 0.0573 0.9430 -0.3280
vn 0.0512 0.5062 -0.8609
vn 0.9891 -0.0770 0.1254
vn 0.9955 -0.0536 0.0777
vn 0.9956 -0.0531 0.0767
vn -0.9754 0.1470 -0.1644
vn -0.9886 0.1147 -0.0976
vn -0.9749 0.1480 -0.1665
vn -0.0502 -0.4733 0.8795
vn -0.0501 -0.4733 0.8795
vn -0.0560 -0.9706 0.2342
vn -0.0002 0.5062 0.8624
vn -0.0001 0.5062 0.8624
vn -0.9834 0.1471 0.1061
vn -0.9926 0.1148 0.0385
vn -0.9928 0.1141 0.0371
vn 0.9948 -0.0772 -0.0665
vn 0.9984 -0.0536 -0.0183
vn 0.9946 -0.0779 -0.0680
vn 0.0024 -0.4733 -0.8809
vn -0.0074 0.9694 0.2454
vn -0.0026 0.9966 0.0825
vn -0.0003 -1.0000 -0.0000
vn -0.0006 -1.0000 -0.0000
vn -0.0000 1.0000 0.0001
vn 0.0001 1.0000 -0.0001
vn 0.0003 -1.0000 -0.0000
vn 0.0006 -1.0000 -0.0000
vn 0.0010 -1.0000 -0.0000
vn 0.3984 -0.2362 -0.8863
vn -0.8863 -0.2362 -0.3985
vn 0.8817 -0.2558 0.3964
vn -0.3449 -0.2360 -0.9085
vn 0.8862 -0.2364 0.3984
vn 0.9083 -0.2366 -0.3449
vn 0.3449 -0.2360 0.9085
vn -0.3985 -0.2364 0.8862
vn -0.9084 -0.2366 0.3449
vn -0.9083 -0.2368 0.3449
vn 0.9095 -0.2313 -0.3454
vn -0.3449 -0.2365 -0.9084
vn 0.3448 -0.2365 0.9084
vn 0.3990 -0.2313 -0.8873
vn -0.8873 -0.2313 -0.3990
vn 0.9095 -0.2313 -0.3453
vn -0.3453 -0.2313 -0.9095
vn 0.8862 -0.2366 0.3984
vn 0.3449 -0.2365 0.9084
vn -0.3448 -0.2368 -0.9083
vn 0.8872 -0.2317 0.3989
vn 0.3985 -0.2362 -0.8862
vn -0.8873 -0.2313 -0.3989
vn 0.9085 -0.2361 -0.3449
vn -0.3449 -0.2365 -0.9083
vn -0.8872 -0.2317 -0.3989
vn 0.8862 -0.2362 0.3984
vn 0.3984 -0.2364 -0.8862
vn -0.3448 -0.2366 -0.9084
vn -0.9094 -0.2317 0.3453
vn 0.3453 -0.2313 0.9095
vn -0.3990 -0.2313 0.8873
vn 0.8873 -0.2313 0.3990
vn -0.9889 -0.0778 -0.1269
vn 0.9888 0.1140 0.0961
vn 0.9830 0.1481 -0.1083
vn -0.9984 -0.0531 0.0173
vn 0.9889 -0.0777 0.1269
vn -0.9888 0.1140 -0.0962
vn -0.9830 0.1481 0.1083
vn 0.9984 -0.0531 -0.0173
vt 0.374998 0.500000
vt 0.625000 0.500000
vt 0.374998 0.250000
vt 0.625000 0.000000
vt 0.625000 0.250000
vt 0.875000 0.500000
vt 0.625000 0.750000
vt 0.875000 0.750000
vt 0.375000 0.750000
vt 0.125000 0.750000
vt 0.125000 0.500000
vt 0.625000 1.000000
vt 0.374998 1.000000
vt 0.374998 0.000000
vt 0.374997 0.750000
vt 0.375001 0.500000
vt 0.375001 0.250000
vt 0.374999 0.750000
vt 0.375001 1.000000
vt 0.375001 0.000000
vt 0.374999 0.500000
vt 0.375002 0.750000
vt 0.374999 0.250000
vt 0.192147 1.000000
vt 0.375000 0.500000
vt 0.442149 1.000000
vt 0.750000 0.500000
vt 0.000000 1.000000
vt 0.817156 1.000000
vt 1.000000 0.500000
vt 1.000000 1.000000
vt 0.000000 0.500000
vt 0.250000 0.500000
vt 0.500000 0.500000
vt 0.000000 0.000000
vt 0.625000 0.500001
vt 0.375000 0.250000
vt 0.375000 1.000000
vt 0.375000 0.000000
vt 0.375027 0.000000
vt 0.375028 0.750000
vt 0.375027 1.000000
vt 0.375027 0.250000
vt 0.375027 0.500000
vt 0.625000 0.499999
vt 0.375026 0.000000
vt 0.625000 0.249999
vt 0.375025 0.750000
vt 0.375032 0.250000
vt 0.875000 0.500001
vt 0.375026 1.000000
vt 0.374999 0.000000
vt 0.374971 0.750000
vt 0.374999 1.000000
vt 0.374997 0.500000
vt 0.375031 0.000000
vt 0.375026 0.750000
vt 0.375031 1.000000
vt 0.374998 0.750000
vt 0.375026 0.500000
vt 0.375029 0.250000
vt 0.375002 0.000000
vt 0.375002 1.000000
vt 0.375021 0.500000
vt 0.375023 0.000000
vt 0.374995 0.750000
vt 0.375026 0.250000
vt 0.375023 1.000000
vt 0.375002 0.500000
vt 0.375020 0.000000
vt 0.374993 0.250000
vt 0.375020 1.000000
vt 0.375004 0.750000
vt 0.375020 0.250000
vt 0.375002 0.250000
vt 0.375015 0.500000
vt 0.375018 0.000000
vt 0.375022 0.750000
vt 0.375018 0.250000
vt 0.375018 1.000000
vt 0.375011 0.500000
vt 0.375022 0.000000
vt 0.375011 0.750000
vt 0.375023 0.250000
vt 0.375022 1.000000
vt 0.375005 0.750000
vt 0.375005 0.500000
vt 0.375005 0.250000
vt 0.375003 0.000000
vt 0.374997 0.250000
vt 0.375003 1.000000
vt 0.375029 0.500000
vt 0.375014 0.000000
vt 0.375003 0.750000
vt 0.375021 0.250000
vt 0.375014 1.000000
vt 0.375004 0.500000
vt 0.375006 0.000000
vt 0.375006 1.000000
vt 0.374991 0.500000
vt 0.375004 0.000000
vt 0.374991 0.750000
vt 0.375006 0.250000
vt 0.375004 1.000000
vt 0.375021 0.750000
vt 0.375008 0.500000
vt 0.375006 0.500000
vt 0.375009 0.250000
vt 0.374994 0.000000
vt 0.374994 1.000000
vt 0.375003 0.500000
vt 0.375017 0.750000
vt 0.375003 0.250000
vt 0.375007 0.000000
vt 0.375007 0.750000
vt 0.375007 1.000000
vt 0.374992 0.250000
vt 0.374997 0.000000
vt 0.374997 1.000000
vt 0.375001 0.750000
vt 0.374993 0.500000
vt 0.374994 0.250000
vt 0.374996 0.500000
vt 0.374996 0.000000
vt 0.374996 0.750000
vt 0.374996 0.250000
vt 0.374996 1.000000
vt 0.374993 0.000000
vt 0.374993 1.000000
vt 0.374993 0.750000
vt 0.374989 0.500000
vt 0.374983 0.250000
vt 0.374992 0.500000
vt 0.375006 0.750000
vt 0.374992 0.000000
vt 0.374992 1.000000
vt 0.374979 0.000000
vt 0.374982 0.750000
vt 0.374979 0.250000
vt 0.374979 1.000000
vt 0.374988 0.750000
vt 0.374971 0.500000
vt 0.374976 0.000000
vt 0.374969 0.750000
vt 0.374995 0.250000
vt 0.374976 1.000000
vt 0.375013 0.750000
vt 0.374981 0.250000
vt 0.374978 0.750000
vt 0.374978 0.000000
vt 0.374978 1.000000
vt 0.375013 0.250000
vt 0.374980 0.000000
vt 0.374970 0.750000
vt 0.374980 1.000000
vt 0.374971 0.250000
vt 0.374974 0.750000
vt 0.374974 0.500000
vt 0.374972 0.250000
vt 0.374971 0.000000
vt 0.374971 1.000000
vt 0.374973 0.000000
vt 0.374973 0.750000
vt 0.374970 0.250000
vt 0.374973 1.000000
vt 0.374973 0.500000
vt 0.374972 0.000000
vt 0.374972 1.000000
vt 0.374972 0.500000
vt 0.374972 0.750000
vt 0.374973 0.250000
vt 0.375029 0.750000
vt 0.374977 0.500000
vt 0.374974 0.250000
vt 0.374975 0.000000
vt 0.374975 0.750000
vt 0.374975 1.000000
vt 0.374976 0.250000
vt 0.374977 0.000000
vt 0.374977 1.000000
vt 0.375007 0.500000
vt 0.375004 0.250000
vt 0.374969 0.000000
vt 0.374976 0.750000
vt 0.374964 0.250000
vt 0.374969 1.000000
vt 0.375007 0.250000
vt 0.374985 0.500000
vt 0.374990 0.250000
vt 0.374990 0.500000
vt 0.374983 0.000000
vt 0.374983 1.000000
vt 0.374985 0.750000
vt 0.375009 0.750000
vt 0.374988 0.500000
vt 0.374990 0.750000
vt 0.375005 0.000000
vt 0.375005 1.000000
vt 0.375010 0.750000
vt 0.375010 0.500000
vt 0.375010 0.000000
vt 0.375014 0.750000
vt 0.375008 0.250000
vt 0.375010 1.000000
vt 0.375012 0.750000
vt 0.375009 0.000000
vt 0.375008 0.750000
vt 0.375009 1.000000
vt 0.375017 0.500000
vt 0.375014 0.250000
vt 0.375021 0.000000
vt 0.375021 1.000000
vt 0.374995 0.500000
vt 0.374991 0.250000
vt 0.375016 0.500000
vt 0.374994 0.500000
vt 0.374994 0.750000
vt 0.374991 0.000000
vt 0.375015 0.250000
vt 0.374991 1.000000
vt 0.375019 0.500000
vt 0.375028 0.500000
vt 0.375028 0.000000
vt 0.375033 0.750000
vt 0.375028 1.000000
vt 0.375024 0.750000
vt 0.375025 0.000000
vt 0.375025 1.000000
vt 0.375027 0.750000
vt 0.375024 0.000000
vt 0.375024 1.000000
vt 0.192146 1.000003
vt 0.442147 1.000003
vt 0.625000 1.000003
vt 0.000000 1.000003
vt 0.817173 1.000003
vt 1.000000 1.000003
vt 0.042533 0.328543
vt 0.419706 0.080294
vt 0.452230 0.341185
vt 0.192148 1.000003
vt 0.442149 1.000003
vt 0.817164 1.000003
vt 0.067129 1.000000
vt 0.312480 1.000000
vt 0.562497 1.000000
vt 0.817155 1.000000
vt 0.312519 1.000003
vt 0.750000 1.000003
vt 0.937486 1.000003
vt 0.562511 1.000003
vt 0.125000 1.000003
vt 0.192163 1.000000
vt 0.442156 1.000000
vt 0.375000 1.000003
vt 0.937504 1.000003
vt 0.562502 1.000003
vt 0.182842 1.000003
vt 0.437513 1.000003
vt 0.187510 1.000003
vt 0.817149 1.000003
vt 0.192165 1.000003
vt 0.442172 1.000003
vt 0.692149 1.000003
vt 0.942177 1.000003
vt 0.192150 1.000000
vt 0.567147 1.000000
vt 0.817131 1.000000
vt 0.192150 1.000003
vt 0.562494 1.000003
vt 0.807835 1.000003
vt 0.442166 1.000000
vt 0.692163 1.000000
vt 0.942178 1.000000
vt 0.192191 1.000003
vt 0.942185 1.000003
vt 0.562464 1.000003
vt 0.192142 1.000000
vt 0.817121 1.000000
vt 0.567142 1.000003
vt 0.182871 1.000003
vt 0.812500 1.000003
vt 0.442150 1.000000
vt 0.192167 1.000000
vt 0.437516 1.000000
vt 0.817148 1.000000
vt 0.192146 1.000000
vt 0.567149 1.000000
vt 0.891512 0.500000
vt 0.937500 1.000000
vt 0.889732 1.000000
vt 0.374992 0.750000
vt 0.374995 0.000000
vt 0.374995 1.000000
vt 0.983473 1.000000
vt 0.954017 0.500000
vt 0.827233 1.000000
vt 0.797767 0.500000
vt 0.843750 0.500000
vt 0.764732 1.000000
vt 0.735267 0.500000
vt 0.702231 1.000000
vt 0.687500 0.500000
vt 0.483481 1.000000
vt 0.468750 0.500000
vt 0.516519 0.500000
vt 0.264733 1.000000
vt 0.235268 0.500000
vt 0.297769 0.500000
vt 0.202233 1.000000
vt 0.172767 0.500000
vt 0.045983 1.000000
vt 0.016527 0.500000
vt 0.062500 0.500000
vt 0.225394 0.126296
vt 0.250000 0.123872
vt 0.201733 0.366527
vt 0.179927 0.354871
vt 0.774606 0.373704
vt 0.725238 0.487561
vt 0.818047 0.478949
vt 0.274606 0.373704
vt 0.274762 0.487561
vt 0.250000 0.376128
vt 0.798267 0.366527
vt 0.341844 0.471731
vt 0.820072 0.354871
vt 0.900489 0.435477
vt 0.320073 0.354871
vt 0.298267 0.366527
vt 0.839186 0.339186
vt 0.854871 0.320073
vt 0.949553 0.383337
vt 0.354871 0.320073
vt 0.402561 0.433777
vt 0.339186 0.339186
vt 0.866527 0.298267
vt 0.978170 0.320618
vt 0.366527 0.298267
vt 0.461275 0.361406
vt 0.873704 0.274606
vt 0.487826 0.272074
vt 0.987826 0.227926
vt 0.876128 0.250000
vt 0.873704 0.225394
vt 0.376128 0.250000
vt 0.478169 0.179380
vt 0.866527 0.201733
vt 0.971731 0.158156
vt 0.366527 0.201733
vt 0.373704 0.225394
vt 0.854871 0.179927
vt 0.935484 0.099520
vt 0.354871 0.179927
vt 0.839186 0.160814
vt 0.820073 0.145129
vt 0.863776 0.039992
vt 0.320073 0.145129
vt 0.433784 0.097449
vt 0.339186 0.160814
vt 0.798267 0.133473
vt 0.774606 0.126296
vt 0.774750 0.012438
vt 0.274606 0.126296
vt 0.361410 0.038727
vt 0.298267 0.133473
vt 0.750000 0.123872
vt 0.225250 0.012438
vt 0.296822 0.014612
vt 0.725394 0.126296
vt 0.703178 0.014612
vt 0.638590 0.038727
vt 0.701733 0.133473
vt 0.136225 0.039991
vt 0.179927 0.145129
vt 0.201733 0.133473
vt 0.679927 0.145129
vt 0.566215 0.097449
vt 0.660814 0.160814
vt 0.064516 0.099520
vt 0.145129 0.179927
vt 0.160814 0.160814
vt 0.645129 0.179927
vt 0.521831 0.179379
vt 0.633473 0.201733
vt 0.028269 0.158156
vt 0.626296 0.225394
vt 0.133473 0.201733
vt 0.012174 0.227926
vt 0.623872 0.250000
vt 0.512174 0.272074
vt 0.123872 0.250000
vt 0.126296 0.225394
vt 0.626296 0.274606
vt 0.021830 0.320618
vt 0.633473 0.298267
vt 0.538725 0.361406
vt 0.133473 0.298267
vt 0.126296 0.274606
vt 0.645129 0.320073
vt 0.050447 0.383337
vt 0.597439 0.433776
vt 0.660814 0.339186
vt 0.145129 0.320073
vt 0.099511 0.435477
vt 0.160814 0.339186
vt 0.679927 0.354871
vt 0.658156 0.471731
vt 0.701733 0.366527
vt 0.725393 0.373704
vt 0.225394 0.373704
vt 0.181952 0.478949
vt 0.750000 0.376128
vt 0.711440 0.130529
vt 0.705166 0.366285
vt 0.373704 0.274606
vt 0.239906 0.375134
vt 0.284311 0.370760
vt 0.288564 0.369470
vt 0.735488 0.125302
vt 0.739908 0.124866
vt 0.861748 0.307208
vt 0.222684 0.371600
vt 0.192779 0.138259
vt 0.351658 0.321794
vt 0.668659 0.154376
vt 0.154377 0.168658
vt 0.374699 0.264509
vt 0.875134 0.260090
vt 0.638254 0.192788
vt 0.130529 0.211437
vt 0.366175 0.205368
vt 0.869471 0.211437
vt 0.624866 0.239910
vt 0.124866 0.260090
vt 0.845623 0.168658
vt 0.331340 0.154375
vt 0.630532 0.288570
vt 0.138253 0.307210
vt 0.807221 0.138259
vt 0.777316 0.371600
vt 0.288560 0.130529
vt 0.294834 0.366285
vt 0.654375 0.331340
vt 0.168657 0.345622
vt 0.760093 0.124866
vt 0.239907 0.124866
vt 0.831341 0.345623
vt 0.124866 0.239908
vt 0.130529 0.288561
vt 0.168654 0.345620
vt 0.172088 0.348438
vt 0.284313 0.129240
vt 0.264515 0.125302
vt 0.235485 0.125302
vt 0.327913 0.348437
vt 0.331346 0.345620
vt 0.235485 0.374698
vt 0.215688 0.129240
vt 0.188873 0.140347
vt 0.361745 0.307214
vt 0.172086 0.151563
vt 0.151562 0.172088
vt 0.369471 0.288561
vt 0.375134 0.260094
vt 0.130529 0.211439
vt 0.375134 0.239907
vt 0.361746 0.192788
vt 0.359651 0.188870
vt 0.124866 0.260093
vt 0.331348 0.154382
vt 0.327913 0.151563
vt 0.138255 0.307214
vt 0.735488 0.374698
vt 0.784309 0.370761
vt 0.845620 0.331346
vt 0.869470 0.288565
vt 0.875134 0.239910
vt 0.630530 0.211437
vt 0.688871 0.359652
vt 0.672086 0.151564
vt 0.848438 0.327912
vt 0.668652 0.154382
vt 0.875134 0.260091
vt 0.638253 0.192790
vt 0.869470 0.211437
vt 0.624866 0.239909
vt 0.848437 0.172087
vt 0.629240 0.284313
vt 0.811125 0.140346
vt 0.845619 0.168653
vt 0.651562 0.327911
vt 0.630530 0.288564
vt 0.764512 0.374698
vt 0.807207 0.138252
vt 0.654380 0.331346
vt 0.811129 0.359652
vt 0.715690 0.370761
vt 0.875000 1.000000
vt 0.750000 1.000000
vt 0.500000 1.000000
vt 0.250000 1.000000
vt 0.125000 1.000000
vt 0.419706 0.419706
vt 0.250000 0.490000
vt 0.490000 0.250000
vt 0.250000 0.010000
vt 0.080294 0.080294
vt 0.010000 0.250000
vt 0.080294 0.419706
vt 1.000000 0.000000
vt 0.171459 0.042533
vt 0.990000 0.250000
vt 0.750000 0.010000
vt 0.510000 0.250000
vt 0.171456 0.042534
vt 0.158862 0.452250
vt 0.045136 0.165174
vt 0.452235 0.341173
vt 0.334849 0.045145
vt 0.750000 0.490000
vt 0.334872 0.454845
vt 0.045158 0.165121
vt 0.334868 0.045153
vt 0.042525 0.328523
vt 0.452235 0.341175
vt 0.047766 0.341176
vt 0.045142 0.334840
vt 0.452239 0.341165
vt 0.328503 0.457483
vt 0.042523 0.328519
vt 0.457467 0.171459
vt 0.171489 0.042520
vt 0.042532 0.328540
vt 0.341161 0.047760
vt 0.452248 0.341141
vt 0.457477 0.328519
vt 0.457475 0.171478
vt 0.328502 0.457484
vt 0.171482 0.042523
vt 0.042509 0.328484
vt 0.334804 0.045127
vt 0.452254 0.341127
vt 0.042537 0.328551
vt 0.171468 0.042529
vt 0.047750 0.341137
vt 0.341155 0.047757
vt 0.454853 0.334853
vt 0.452235 0.341174
vt 0.042523 0.328517
vt 0.452239 0.341163
vt 0.042534 0.328544
vt 0.452234 0.341175
vt 0.042534 0.328545
vt 0.341165 0.047761
vt 0.639740 1.000000
vt 0.641520 0.500000
vt 0.579018 0.500000
vt 0.577236 1.000000
vt 0.531250 1.000000
vt 0.420983 1.000000
vt 0.422764 0.500000
vt 0.360260 0.500000
vt 0.358480 1.000000
vt 0.312500 1.000000
vt 0.110269 0.500000
vt 0.156250 1.000000
vt 0.108488 1.000000
vt 0.171459 0.042532
vt 0.580294 0.419706
vt 0.919706 0.419706
vt 0.919706 0.080294
vt 0.580294 0.080294
vt 0.452225 0.341197
vt 0.334856 0.045148
vt 0.334848 0.454855
vt 0.165165 0.045139
vt 0.334845 0.045144
vt 0.328493 0.457487
vt 0.171460 0.042532
vt 0.165169 0.045138
s 1
usemtl Material.008
f 274/1/1 280/2/2 270/2/1
f 267/3/3 271/4/4 268/5/3
f 268/6/5 272/7/6 270/2/7
f 272/7/6 279/8/8 281/7/9
f 269/9/10 273/10/11 267/11/12
f 267/11/12 274/1/13 269/9/10
f 270/2/7 282/6/14 268/6/5
f 269/9/10 278/12/15 273/13/11
f 268/5/3 275/5/8 267/3/3
f 274/1/13 275/5/8 276/2/16
f 273/14/4 279/4/8 271/4/4
f 272/7/17 277/7/18 269/9/17
f 279/8/8 277/7/18 281/7/9
f 280/2/2 275/6/8 282/6/14
f 290/1/19 296/2/18 286/2/19
f 283/14/3 287/4/3 284/5/3
f 284/6/5 288/7/6 286/2/7
f 288/7/6 295/8/8 297/7/20
f 283/10/21 290/1/22 285/15/23
f 284/5/3 289/3/3 283/14/3
f 286/2/7 298/6/15 284/6/5
f 285/15/23 294/12/15 283/13/21
f 284/5/3 291/5/8 289/3/3
f 290/1/22 291/5/8 292/2/9
f 283/14/3 295/4/8 287/4/3
f 288/7/24 293/7/18 285/15/24
f 295/8/8 293/7/18 297/7/20
f 296/2/18 291/6/8 298/6/15
f 306/16/25 312/2/18 302/2/26
f 299/17/4 303/4/3 300/5/4
f 300/6/7 304/7/6 302/2/7
f 303/8/27 313/7/9 304/7/6
f 301/18/23 305/10/21 299/11/28
f 299/11/28 306/16/22 301/18/23
f 300/6/7 312/2/18 314/6/15
f 305/19/21 309/7/18 310/12/15
f 300/5/4 307/5/8 299/17/4
f 299/17/28 308/2/9 306/16/22
f 305/20/3 311/4/8 303/4/3
f 304/7/29 309/7/18 301/18/29
f 311/8/8 309/7/18 313/7/9
f 312/2/18 307/6/8 314/6/15
f 322/21/30 328/2/18 320/2/30
f 315/20/3 319/4/3 316/5/3
f 317/22/31 320/2/30 318/7/31
f 318/7/6 327/8/8 329/7/20
f 315/10/21 322/21/22 317/22/23
f 316/5/3 321/23/3 315/20/3
f 320/2/32 330/6/15 316/6/32
f 317/22/23 326/12/15 315/19/21
f 316/5/3 323/5/8 321/23/3
f 322/21/22 323/5/8 324/2/9
f 315/20/3 327/4/8 319/4/3
f 318/7/31 325/7/18 317/22/31
f 327/8/8 325/7/18 329/7/20
f 328/2/18 323/6/8 330/6/15
f 433/24/33 439/25/34 432/26/35
s 0
f 436/27/36 445/2/37 444/27/38
s 1
f 432/26/35 437/2/39 431/12/40
f 429/28/41 441/11/42 433/24/33
f 430/29/43 434/30/44 429/31/41
f 431/12/40 436/27/45 430/29/43
s 0
f 434/30/46 443/6/47 442/30/38
f 441/11/48 442/32/49 449/11/50
f 439/25/51 448/33/52 447/25/50
f 437/2/53 446/34/54 445/2/38
f 435/6/55 444/27/56 443/6/38
f 440/33/57 449/11/58 448/33/50
f 438/34/59 447/25/60 446/34/50
s 1
f 577/35/61 539/35/61 538/35/61
f 456/35/62 465/35/63 464/35/62
f 455/35/64 462/35/65 454/35/65
f 453/35/66 460/35/66 452/35/67
f 450/35/68 458/35/69 459/35/68
f 457/35/70 459/35/70 465/35/71
f 456/35/72 463/35/72 455/35/72
f 454/35/73 461/35/73 453/35/73
f 452/35/74 458/35/74 451/35/74
f 455/35/75 472/35/75 456/35/75
f 453/35/76 470/35/77 454/35/77
f 452/35/78 467/35/78 468/35/78
f 456/35/79 473/35/79 457/35/79
f 454/35/80 471/35/81 455/35/81
f 452/35/82 469/35/82 453/35/82
f 451/35/83 466/35/83 467/35/84
f 457/35/85 466/35/86 450/35/86
f 476/25/87 487/2/88 477/36/87
f 474/37/89 478/4/89 475/5/89
f 475/6/90 479/7/91 477/36/90
f 478/8/91 488/7/92 479/7/91
f 476/25/93 480/10/94 474/11/93
f 479/7/87 481/9/87 476/25/87
f 477/36/90 489/6/95 475/6/90
f 481/9/94 485/12/95 480/38/94
f 475/5/89 482/5/96 474/37/89
f 474/37/93 483/2/92 476/25/93
f 480/39/89 486/4/97 478/4/89
f 479/7/87 484/7/98 481/9/87
f 486/8/97 484/7/98 488/7/92
f 487/2/88 482/6/96 489/6/95
f 492/25/87 503/2/88 493/2/87
f 490/39/89 494/4/89 491/5/89
f 491/6/90 495/7/99 493/2/90
f 494/8/99 504/7/92 495/7/99
f 495/7/87 497/9/87 492/25/87
f 491/5/89 496/37/89 490/39/89
f 493/2/90 505/6/100 491/6/90
f 497/9/94 501/12/100 490/38/94
f 491/5/89 498/5/96 496/37/89
f 496/37/93 499/2/92 492/25/93
f 490/39/89 502/4/97 494/4/89
f 495/7/87 500/7/88 497/9/87
f 502/8/97 500/7/88 504/7/92
f 503/2/88 498/6/96 505/6/100
f 513/25/87 519/2/88 509/2/87
f 506/37/89 510/4/89 507/5/89
f 507/6/90 511/7/99 509/2/90
f 510/8/99 520/7/101 511/7/99
f 508/9/94 512/10/94 506/11/93
f 506/11/93 513/25/93 508/9/94
f 509/2/90 521/6/100 507/6/90
f 508/9/94 517/12/102 512/38/94
f 507/5/89 514/5/96 506/37/89
f 506/37/93 515/2/92 513/25/93
f 512/39/89 518/4/97 510/4/89
f 511/7/87 516/7/88 508/9/87
f 518/8/97 516/7/88 520/7/101
f 519/2/88 514/6/96 521/6/100
f 529/25/87 535/2/88 525/2/87
f 522/37/89 526/4/89 523/5/89
f 523/6/90 527/7/99 525/2/90
f 526/8/99 536/7/92 527/7/99
f 524/9/103 528/10/103 522/11/93
f 522/11/93 529/25/93 524/9/103
f 525/2/90 537/6/100 523/6/90
f 524/9/103 533/12/95 528/38/103
f 523/5/89 530/5/97 522/37/89
f 522/37/93 531/2/104 529/25/93
f 528/39/89 534/4/97 526/4/89
f 527/7/87 532/7/98 524/9/87
f 534/8/97 532/7/98 536/7/92
f 535/2/88 530/6/97 537/6/100
s 0
f 683/35/105 764/35/106 763/35/50
f 631/35/107 710/35/108 711/35/50
f 656/35/109 737/35/110 736/35/38
f 682/35/111 763/35/112 762/35/50
f 630/35/113 709/35/114 710/35/50
f 655/35/115 736/35/116 735/35/38
f 681/35/117 762/35/118 761/35/50
f 629/35/119 708/35/120 709/35/50
f 571/35/121 765/35/122 692/35/38
f 654/35/123 735/35/124 734/35/38
f 680/35/125 761/35/125 760/35/125
f 628/35/126 707/35/127 708/35/50
f 652/35/128 734/35/129 732/35/38
f 679/35/130 760/35/131 759/35/50
f 627/35/105 706/35/132 707/35/50
f 653/35/133 732/35/134 733/35/38
f 678/35/135 759/35/136 758/35/50
f 626/35/111 705/35/112 706/35/50
f 684/35/137 693/35/138 764/35/38
f 615/35/139 731/35/140 695/35/38
f 677/35/141 758/35/142 757/35/50
f 625/35/143 704/35/118 705/35/50
f 651/35/144 730/35/145 731/35/38
f 676/35/146 757/35/147 756/35/50
f 624/35/125 703/35/125 704/35/125
f 650/35/148 729/35/149 730/35/38
f 675/35/150 756/35/151 755/35/50
f 623/35/130 702/35/152 703/35/50
f 649/35/153 728/35/154 729/35/38
f 674/35/155 755/35/156 754/35/50
f 622/35/135 701/35/136 702/35/50
f 648/35/157 727/35/158 728/35/38
f 673/35/159 754/35/160 753/35/50
f 621/35/141 700/35/142 701/35/50
f 672/35/161 753/35/162 752/35/50
f 620/35/146 699/35/147 700/35/50
f 646/35/163 725/35/164 726/35/38
f 671/35/165 752/35/166 751/35/50
f 619/35/150 698/35/167 699/35/50
f 645/35/168 724/35/169 725/35/38
f 670/35/170 751/35/140 750/35/38
f 657/35/171 738/35/172 737/35/38
f 632/35/173 711/35/174 712/35/50
f 658/35/175 739/35/176 738/35/38
f 633/35/177 712/35/178 713/35/50
f 685/35/119 766/35/179 765/35/50
f 659/35/180 740/35/181 739/35/38
f 634/35/133 713/35/134 714/35/38
f 686/35/113 767/35/182 766/35/50
f 660/35/183 741/35/184 740/35/38
f 635/35/128 714/35/185 715/35/38
f 570/35/115 691/35/116 693/35/38
f 687/35/107 768/35/108 767/35/50
f 661/35/125 742/35/125 741/35/125
f 636/35/123 715/35/124 716/35/38
f 609/35/150 692/35/186 690/35/50
f 688/35/173 769/35/174 768/35/50
f 662/35/187 743/35/188 742/35/38
f 637/35/115 716/35/189 717/35/38
f 689/35/177 733/35/178 769/35/50
f 663/35/168 744/35/169 743/35/38
f 638/35/109 717/35/190 718/35/38
f 664/35/163 745/35/164 744/35/38
f 639/35/171 718/35/172 719/35/38
f 608/35/121 726/35/122 691/35/38
f 665/35/191 746/35/192 745/35/38
f 640/35/193 719/35/194 720/35/38
f 666/35/195 747/35/158 746/35/38
f 641/35/180 720/35/181 721/35/38
f 614/35/165 695/35/166 694/35/50
f 667/35/153 748/35/154 747/35/38
f 642/35/183 721/35/184 722/35/38
f 616/35/196 694/35/162 696/35/50
f 647/35/137 690/35/138 727/35/38
f 668/35/148 749/35/149 748/35/38
f 643/35/125 722/35/125 723/35/125
f 617/35/197 696/35/160 697/35/50
f 669/35/144 750/35/145 749/35/38
f 644/35/187 723/35/188 724/35/38
f 618/35/155 697/35/198 698/35/50
s 1
f 775/7/199 773/9/199 776/9/199
f 772/25/200 786/2/201 778/2/201
f 774/8/61 787/7/61 775/7/61
f 779/5/202 771/37/202 780/37/202
f 776/9/203 770/10/204 777/10/205
f 781/25/206 772/25/200 778/2/201
f 780/11/207 772/25/200 781/25/206
f 777/39/205 770/39/204 774/4/208
f 778/2/209 788/6/209 779/6/209
f 779/5/210 782/5/210 771/37/210
f 772/25/211 782/5/61 783/2/61
f 770/39/204 785/4/212 774/4/208
f 775/7/201 784/7/201 773/9/201
f 770/38/213 784/7/214 789/12/214
f 797/16/201 802/2/201 793/2/201
f 790/40/215 794/4/215 791/5/215
f 791/6/216 795/7/217 793/2/218
f 795/7/217 801/8/219 803/7/219
f 790/10/220 797/16/221 792/41/220
f 791/5/215 796/37/215 790/40/215
f 803/7/201 805/7/201 792/41/201
f 793/2/218 804/6/209 791/6/216
f 792/41/220 800/12/209 790/42/220
f 791/5/215 798/5/222 796/37/215
f 797/16/221 798/5/61 799/2/61
f 790/40/215 801/4/215 794/4/215
f 813/25/201 819/2/201 809/2/201
f 806/14/215 810/4/215 807/5/223
f 807/6/224 811/7/225 809/2/226
f 810/8/227 820/7/228 811/7/225
f 806/10/229 813/25/230 808/9/229
f 807/5/223 812/23/223 806/14/215
f 806/13/229 816/7/231 817/12/231
f 807/5/223 814/5/222 812/23/223
f 812/23/232 815/2/228 813/25/230
f 806/14/215 818/4/215 810/4/215
f 811/7/201 816/7/201 808/9/201
f 819/2/214 821/6/214 807/6/224
f 829/16/233 835/2/234 825/2/235
f 822/14/223 826/4/223 823/5/215
f 823/6/236 827/7/237 825/2/238
f 827/7/237 834/8/61 836/7/61
f 822/10/229 829/16/239 824/18/229
f 823/5/215 828/43/215 822/14/223
f 825/2/238 837/6/240 823/6/236
f 824/18/229 833/12/214 822/13/229
f 823/5/215 830/5/215 828/43/215
f 829/16/239 830/5/228 831/2/228
f 822/14/223 834/4/215 826/4/223
f 827/7/241 832/7/242 824/18/243
f 844/44/244 851/2/245 841/45/246
f 838/46/247 842/4/248 839/47/249
f 845/7/250 850/8/251 852/7/252
f 842/8/253 845/7/250 841/45/254
f 838/10/255 844/44/256 840/48/257
f 839/47/249 843/49/249 838/46/247
f 841/45/254 853/6/258 839/50/259
f 840/48/257 849/12/258 838/51/255
f 839/47/249 846/5/260 843/49/249
f 844/44/256 846/5/260 847/2/261
f 838/46/247 850/4/251 842/4/248
f 845/7/262 848/7/245 840/48/262
f 850/8/251 848/7/245 852/7/252
f 851/2/245 846/6/260 853/6/258
f 861/1/263 867/2/264 857/2/263
f 854/52/265 858/4/265 855/5/266
f 855/6/267 859/7/268 857/2/269
f 859/7/268 866/8/270 868/7/271
f 854/10/272 861/1/273 856/53/274
f 855/5/266 860/17/266 854/52/265
f 857/2/269 869/6/275 855/6/267
f 856/53/274 865/12/276 854/54/272
f 855/5/266 862/5/277 860/17/266
f 861/1/273 862/5/277 863/2/271
f 854/52/265 866/4/270 858/4/265
f 859/7/278 864/7/279 856/53/278
f 866/8/270 864/7/279 868/7/271
f 867/2/264 862/6/277 869/6/275
f 877/55/280 883/2/245 873/2/280
f 870/52/265 874/4/281 871/5/266
f 871/6/267 875/7/282 873/2/269
f 875/7/282 882/8/251 884/7/283
f 870/10/284 877/55/285 872/15/286
f 871/5/266 876/3/287 870/52/265
f 873/2/269 885/6/258 871/6/267
f 872/15/286 881/12/258 870/54/284
f 871/5/266 878/5/251 876/3/287
f 877/55/285 878/5/251 879/2/252
f 870/52/265 882/4/251 874/4/281
f 875/7/288 880/7/245 872/15/288
f 882/8/251 880/7/245 884/7/283
f 883/2/245 878/6/251 885/6/258
f 893/44/289 899/2/279 889/2/289
f 886/56/265 890/4/265 887/5/290
f 887/6/291 891/7/292 889/2/293
f 891/7/292 898/8/270 900/7/294
f 886/10/255 893/44/273 888/57/295
f 887/5/290 892/49/290 886/56/265
f 889/2/293 901/6/296 887/6/291
f 888/57/295 897/12/297 886/58/255
f 887/5/290 894/5/270 892/49/290
f 893/44/273 894/5/270 895/2/298
f 886/56/265 898/4/270 890/4/265
f 891/7/299 896/7/300 888/57/301
f 898/8/270 896/7/300 900/7/294
f 899/2/279 894/6/270 901/6/296
f 907/7/302 905/59/302 908/9/302
f 904/60/303 919/2/304 910/2/305
f 906/8/61 920/7/61 907/7/61
f 911/5/306 903/61/306 912/37/306
f 908/9/307 902/10/308 909/10/309
f 913/25/310 904/60/303 910/2/305
f 912/11/311 904/60/303 913/25/310
f 909/39/309 902/62/308 906/4/312
f 911/6/209 919/2/214 921/6/214
f 902/63/313 916/7/209 917/12/209
f 911/5/314 914/5/314 903/61/314
f 903/61/315 915/2/61 904/60/316
f 902/62/308 918/4/317 906/4/312
f 907/7/318 916/7/318 905/59/318
f 929/64/319 935/2/320 925/2/321
f 922/65/312 926/4/312 923/5/312
f 923/6/322 927/7/323 925/2/324
f 927/7/323 934/8/61 936/7/61
f 922/10/325 929/64/326 924/66/327
f 923/5/312 928/67/312 922/65/312
f 925/2/324 937/6/214 923/6/322
f 924/66/327 933/12/240 922/68/325
f 923/5/312 930/5/328 928/67/312
f 929/64/326 930/5/228 931/2/228
f 922/65/312 934/4/312 926/4/312
f 927/7/329 932/7/320 924/66/330
f 945/69/318 951/2/331 941/2/318
f 938/70/332 942/4/332 939/5/317
f 939/6/333 943/7/334 941/2/335
f 942/8/336 952/7/228 943/7/334
f 938/10/337 945/69/326 940/41/338
f 939/5/317 944/71/317 938/70/332
f 939/6/333 951/2/209 953/6/209
f 938/72/337 948/7/231 949/12/231
f 939/5/317 946/5/339 944/71/317
f 944/71/340 947/2/61 945/69/326
f 938/70/332 950/4/341 942/4/332
f 943/7/342 948/7/343 940/41/343
f 954/39/312 958/4/312 955/5/312
f 955/6/344 959/7/345 957/2/324
f 954/10/346 961/1/347 956/15/348
f 955/5/312 960/17/312 954/39/312
f 955/5/312 965/5/349 960/17/312
f 961/1/347 960/17/347 962/2/61
f 954/39/312 964/4/312 958/4/312
f 959/7/331 963/7/350 956/15/331
f 957/2/324 969/6/214 955/6/344
f 959/7/345 964/8/61 968/7/61
f 962/2/351 967/2/352 957/2/321
f 963/7/214 966/12/214 954/38/346
f 977/25/353 983/2/354 973/2/355
f 970/62/356 974/4/356 971/5/357
f 971/6/358 975/7/359 973/2/360
f 974/8/361 984/7/362 975/7/359
f 970/10/363 977/25/364 972/73/365
f 971/5/357 976/74/357 970/62/356
f 971/6/358 983/2/354 985/6/366
f 970/63/363 980/7/367 981/12/366
f 971/5/357 978/5/368 976/74/357
f 976/74/369 979/2/362 977/25/364
f 970/62/356 982/4/370 974/4/356
f 975/7/371 980/7/367 972/73/372
f 982/8/370 980/7/367 984/7/362
f 983/2/354 978/6/368 985/6/366
f 993/69/373 999/2/367 989/2/373
f 986/62/374 990/4/374 987/5/375
f 987/6/358 991/7/359 989/2/358
f 991/7/359 998/8/376 1000/7/362
f 986/10/377 993/69/378 988/73/379
f 987/5/375 992/75/375 986/62/374
f 989/2/358 1001/6/366 987/6/358
f 988/73/379 997/12/366 986/63/377
f 987/5/375 994/5/376 992/75/375
f 993/69/378 994/5/376 995/2/362
f 986/62/374 998/4/376 990/4/374
f 991/7/380 996/7/381 988/73/382
f 998/8/376 996/7/381 1000/7/362
f 999/2/367 994/6/376 1001/6/366
f 1009/76/373 1015/2/383 1005/2/373
f 1002/77/384 1006/4/384 1003/5/385
f 1003/6/386 1007/7/387 1005/2/388
f 1007/7/387 1014/8/368 1016/7/389
f 1002/10/390 1009/76/391 1004/78/365
f 1003/5/385 1008/79/385 1002/77/384
f 1005/2/388 1017/6/392 1003/6/386
f 1004/78/365 1013/12/393 1002/80/390
f 1003/5/385 1010/5/394 1008/79/385
f 1009/76/391 1010/5/394 1011/2/389
f 1002/77/384 1014/4/368 1006/4/384
f 1007/7/395 1012/7/367 1004/78/396
f 1014/8/368 1012/7/367 1016/7/389
f 1015/2/383 1010/6/394 1017/6/392
f 1025/81/397 1031/2/398 1021/2/399
f 1018/82/400 1022/4/401 1019/5/375
f 1019/6/402 1023/7/403 1021/2/358
f 1022/8/404 1032/7/405 1023/7/403
f 1018/10/406 1025/81/407 1020/83/406
f 1019/5/375 1024/84/408 1018/82/400
f 1019/6/402 1031/2/398 1033/6/409
f 1018/85/406 1028/7/410 1029/12/411
f 1019/5/375 1026/5/412 1024/84/408
f 1024/84/407 1027/2/405 1025/81/407
f 1018/82/400 1030/4/412 1022/4/401
f 1023/7/382 1028/7/410 1020/83/413
f 1030/8/412 1028/7/410 1032/7/405
f 1031/2/398 1026/6/412 1033/6/409
f 1039/7/414 1037/86/414 1040/9/414
f 1036/87/415 1051/2/416 1042/2/416
f 1039/7/61 1050/8/61 1052/7/61
f 1043/5/417 1035/88/417 1044/37/417
f 1040/9/418 1034/10/419 1041/10/420
f 1045/25/421 1036/87/415 1042/2/416
f 1044/11/422 1036/87/415 1045/25/421
f 1041/39/420 1034/39/419 1038/4/423
f 1042/2/209 1053/6/209 1043/6/209
f 1037/86/424 1049/12/209 1034/38/425
f 1043/5/426 1046/5/426 1035/88/426
f 1036/87/427 1046/5/61 1047/2/61
f 1034/39/419 1050/4/428 1038/4/423
f 1039/7/429 1048/7/429 1037/86/429
f 1061/55/430 1067/2/416 1057/2/430
f 1054/89/431 1058/4/432 1055/5/431
f 1055/6/433 1059/7/434 1057/2/435
f 1058/8/436 1068/7/61 1059/7/434
f 1054/10/437 1061/55/438 1056/15/439
f 1055/5/431 1060/90/431 1054/89/431
f 1055/6/433 1067/2/209 1069/6/214
f 1054/91/437 1064/7/209 1065/12/209
f 1055/5/431 1062/5/440 1060/90/431
f 1060/90/441 1063/2/219 1061/55/438
f 1054/89/431 1066/4/423 1058/4/432
f 1059/7/442 1064/7/429 1056/15/429
f 1077/92/443 1083/2/444 1073/2/443
f 1070/93/445 1074/4/446 1071/5/447
f 1071/6/448 1075/7/449 1073/2/450
f 1074/8/451 1084/7/61 1075/7/449
f 1070/10/452 1077/92/453 1072/94/424
f 1071/5/447 1076/95/447 1070/93/445
f 1073/2/450 1085/6/209 1071/6/448
f 1072/94/424 1081/12/231 1070/96/452
f 1071/5/447 1078/5/454 1076/95/447
f 1076/95/455 1079/2/61 1077/92/453
f 1070/93/445 1082/4/423 1074/4/446
f 1075/7/456 1080/7/457 1072/94/456
f 1093/97/458 1099/2/459 1089/2/458
f 1086/89/460 1090/4/431 1087/5/461
f 1087/6/462 1091/7/463 1089/2/450
f 1090/8/464 1100/7/61 1091/7/463
f 1086/10/465 1093/97/466 1088/15/467
f 1087/5/461 1092/90/468 1086/89/460
f 1087/6/462 1099/2/214 1101/6/214
f 1086/91/465 1096/7/214 1097/12/214
f 1087/5/461 1094/5/426 1092/90/468
f 1092/90/455 1095/2/469 1093/97/466
f 1086/89/460 1098/4/423 1090/4/431
f 1091/7/414 1096/7/416 1088/15/470
f 1109/55/471 1115/2/472 1105/2/471
f 1102/98/473 1106/4/473 1103/5/473
f 1103/6/474 1107/7/475 1105/2/476
f 1107/7/475 1114/8/477 1116/7/478
f 1102/10/479 1109/55/480 1104/15/481
f 1103/5/473 1108/90/473 1102/98/473
f 1105/2/476 1117/6/482 1103/6/474
f 1104/15/481 1113/12/482 1102/99/479
f 1103/5/473 1110/5/477 1108/90/473
f 1109/55/480 1110/5/477 1111/2/483
f 1102/98/473 1114/4/477 1106/4/473
f 1107/7/484 1112/7/485 1104/15/484
f 1114/8/477 1112/7/485 1116/7/478
f 1115/2/472 1110/6/477 1117/6/482
f 1125/100/471 1131/2/486 1121/2/471
f 1118/101/487 1122/4/487 1119/5/488
f 1119/6/489 1123/7/490 1121/2/491
f 1123/7/490 1130/8/477 1132/7/492
f 1118/10/493 1125/100/494 1120/102/495
f 1119/5/488 1124/103/496 1118/101/487
f 1121/2/491 1133/6/482 1119/6/489
f 1120/102/495 1129/12/497 1118/104/493
f 1119/5/488 1126/5/477 1124/103/496
f 1125/100/494 1126/5/477 1127/2/492
f 1118/101/487 1130/4/477 1122/4/487
f 1123/7/498 1128/7/486 1120/102/498
f 1130/8/477 1128/7/486 1132/7/492
f 1131/2/486 1126/6/477 1133/6/482
f 1141/76/499 1147/2/500 1137/2/499
f 1134/89/501 1138/4/501 1135/5/502
f 1135/6/503 1139/7/504 1137/2/505
f 1138/8/506 1148/7/507 1139/7/504
f 1134/10/508 1141/76/509 1136/73/510
f 1135/5/502 1140/103/511 1134/89/501
f 1135/6/503 1147/2/500 1149/6/512
f 1134/91/508 1144/7/500 1145/12/497
f 1135/5/502 1142/5/513 1140/103/511
f 1140/103/514 1143/2/483 1141/76/509
f 1134/89/501 1146/4/477 1138/4/501
f 1139/7/515 1144/7/500 1136/73/515
f 1146/8/477 1144/7/500 1148/7/507
f 1147/2/500 1142/6/513 1149/6/512
f 1157/25/515 1163/2/516 1153/2/515
f 1150/20/517 1154/4/518 1151/5/519
f 1151/6/520 1155/7/521 1153/2/491
f 1154/8/522 1164/7/523 1155/7/521
f 1150/10/508 1157/25/509 1152/105/510
f 1151/5/519 1156/71/519 1150/20/517
f 1151/6/520 1163/2/516 1165/6/524
f 1150/19/508 1160/7/525 1161/12/526
f 1151/5/519 1158/5/527 1156/71/519
f 1156/71/528 1159/2/529 1157/25/509
f 1150/20/517 1162/4/527 1154/4/518
f 1155/7/471 1160/7/525 1152/105/471
f 1162/8/527 1160/7/525 1164/7/523
f 1163/2/516 1158/6/527 1165/6/524
f 1171/7/530 1169/83/530 1172/9/530
f 1168/106/531 1183/2/532 1174/2/533
f 1171/7/61 1182/8/228 1184/7/228
f 1175/5/534 1167/90/534 1176/37/534
f 1172/9/535 1166/10/536 1173/10/537
f 1177/25/538 1168/106/531 1174/2/533
f 1176/11/539 1168/106/531 1177/25/538
f 1173/39/537 1166/89/536 1170/4/540
f 1174/2/209 1185/6/209 1175/6/209
f 1169/83/541 1181/12/209 1166/91/542
f 1175/5/543 1178/5/544 1167/90/545
f 1168/106/546 1178/5/61 1179/2/61
f 1166/89/536 1182/4/547 1170/4/540
f 1171/7/548 1180/7/548 1169/83/548
f 1193/107/549 1199/2/550 1189/2/549
f 1186/62/534 1190/4/534 1187/5/551
f 1187/6/552 1191/7/553 1189/2/554
f 1191/7/553 1198/8/61 1200/7/61
f 1186/10/541 1193/107/555 1188/9/556
f 1187/5/551 1192/108/540 1186/62/534
f 1189/2/554 1201/6/209 1187/6/552
f 1188/9/556 1197/12/209 1186/63/541
f 1187/5/551 1194/5/557 1192/108/540
f 1193/107/555 1194/5/61 1195/2/61
f 1186/62/534 1198/4/557 1190/4/534
f 1191/7/558 1196/7/559 1188/9/558
f 1209/55/560 1215/2/561 1205/2/562
f 1202/109/563 1206/4/563 1203/5/564
f 1203/6/565 1207/7/566 1205/2/567
f 1207/7/566 1214/8/61 1216/7/61
f 1202/10/568 1209/55/569 1204/15/570
f 1203/5/564 1208/88/564 1202/109/563
f 1205/2/567 1217/6/209 1203/6/565
f 1204/15/570 1213/12/209 1202/110/568
f 1203/5/564 1210/5/540 1208/88/564
f 1209/55/569 1210/5/228 1211/2/228
f 1202/109/563 1214/4/571 1206/4/563
f 1207/7/572 1212/7/573 1204/15/572
f 1225/111/574 1231/2/575 1221/2/574
f 1218/98/540 1222/4/540 1219/5/540
f 1219/6/576 1223/7/577 1221/2/565
f 1223/7/577 1230/8/61 1232/7/61
f 1218/10/568 1225/111/578 1220/112/556
f 1219/5/540 1224/3/540 1218/98/540
f 1221/2/565 1233/6/209 1219/6/576
f 1220/112/556 1229/12/209 1218/99/568
f 1219/5/540 1226/5/540 1224/3/540
f 1225/111/578 1226/5/61 1227/2/61
f 1218/98/540 1230/4/557 1222/4/540
f 1223/7/574 1228/7/579 1220/112/574
f 1241/111/580 1247/2/581 1237/2/580
f 1234/39/582 1238/4/582 1235/5/583
f 1235/6/584 1239/7/585 1237/2/586
f 1239/7/585 1246/8/587 1248/7/588
f 1234/10/589 1241/111/590 1236/9/591
f 1235/5/583 1240/113/592 1234/39/582
f 1237/2/586 1249/6/593 1235/6/584
f 1236/9/591 1245/12/594 1234/38/589
f 1235/5/583 1242/5/587 1240/113/592
f 1241/111/590 1242/5/587 1243/2/595
f 1234/39/582 1246/4/587 1238/4/582
f 1239/7/580 1244/7/596 1236/9/580
f 1246/8/587 1244/7/596 1248/7/588
f 1247/2/581 1242/6/587 1249/6/593
f 1257/111/597 1263/2/598 1253/2/597
f 1250/114/599 1254/4/600 1251/5/601
f 1251/6/602 1255/7/603 1253/2/604
f 1254/8/605 1264/7/606 1255/7/603
f 1250/10/607 1257/111/608 1252/115/609
f 1251/5/601 1256/37/610 1250/114/599
f 1251/6/602 1263/2/598 1265/6/611
f 1250/116/607 1260/7/612 1261/12/613
f 1251/5/601 1258/5/614 1256/37/610
f 1256/37/615 1259/2/616 1257/111/608
f 1250/114/599 1262/4/617 1254/4/600
f 1255/7/618 1260/7/612 1252/115/618
f 1262/8/617 1260/7/612 1264/7/606
f 1263/2/598 1258/6/614 1265/6/611
f 1273/25/619 1279/2/620 1269/2/619
f 1266/39/621 1270/4/621 1267/5/601
f 1267/6/622 1271/7/623 1269/2/624
f 1270/8/625 1280/7/626 1271/7/623
f 1266/10/589 1273/25/590 1268/9/591
f 1267/5/601 1272/37/601 1266/39/621
f 1267/6/622 1279/2/620 1281/6/593
f 1266/38/589 1276/7/627 1277/12/628
f 1267/5/601 1274/5/587 1272/37/601
f 1272/37/629 1275/2/630 1273/25/590
f 1266/39/621 1278/4/631 1270/4/621
f 1271/7/632 1276/7/627 1268/9/632
f 1278/8/631 1276/7/627 1280/7/626
f 1279/2/620 1274/6/587 1281/6/593
f 1289/69/597 1295/2/612 1285/2/597
f 1282/14/633 1286/4/633 1283/5/634
f 1283/6/602 1287/7/603 1285/2/635
f 1287/7/603 1294/8/636 1296/7/637
f 1282/10/607 1289/69/608 1284/86/638
f 1283/5/634 1288/117/639 1282/14/633
f 1285/2/635 1297/6/611 1283/6/602
f 1284/86/638 1293/12/611 1282/13/607
f 1283/5/634 1290/5/636 1288/117/639
f 1289/69/608 1290/5/636 1291/2/606
f 1282/14/633 1294/4/636 1286/4/633
f 1287/7/618 1292/7/598 1284/86/618
f 1294/8/636 1292/7/598 1296/7/637
f 1295/2/612 1290/6/636 1297/6/611
f 1303/7/640 1301/15/640 1304/9/640
f 1300/55/641 1315/2/642 1306/2/643
f 1302/8/61 1316/7/644 1303/7/61
f 1307/5/645 1299/90/645 1308/37/645
f 1304/9/646 1298/10/647 1305/10/648
f 1309/25/649 1300/55/641 1306/2/643
f 1308/11/646 1300/55/641 1309/25/649
f 1305/39/648 1298/118/647 1302/4/650
f 1307/6/209 1315/2/642 1317/6/651
f 1298/119/647 1312/7/652 1313/12/651
f 1307/5/653 1310/5/654 1299/90/653
f 1299/90/655 1311/2/656 1300/55/641
f 1298/118/647 1314/4/657 1302/4/650
f 1303/7/658 1312/7/652 1301/15/658
f 1314/8/657 1312/7/652 1316/7/644
f 1315/2/642 1310/6/654 1317/6/651
f 1325/25/659 1331/2/652 1321/2/660
f 1318/52/661 1322/4/661 1319/5/661
f 1319/6/662 1323/7/663 1321/2/664
f 1322/8/665 1332/7/644 1323/7/663
f 1318/10/666 1325/25/667 1320/18/666
f 1319/5/661 1324/75/661 1318/52/661
f 1319/6/662 1331/2/652 1333/6/651
f 1318/54/666 1328/7/642 1329/12/651
f 1319/5/661 1326/5/654 1324/75/661
f 1324/75/668 1327/2/669 1325/25/667
f 1318/52/661 1330/4/654 1322/4/661
f 1323/7/643 1328/7/642 1320/18/643
f 1330/8/654 1328/7/642 1332/7/644
f 1331/2/652 1326/6/654 1333/6/651
f 1341/25/643 1347/2/652 1337/2/670
f 1334/52/671 1338/4/672 1335/5/673
f 1335/6/662 1339/7/674 1337/2/664
f 1338/8/675 1348/7/644 1339/7/674
f 1334/10/666 1341/25/676 1336/9/677
f 1335/5/673 1340/23/678 1334/52/671
f 1335/6/662 1347/2/652 1349/6/651
f 1334/54/666 1344/7/642 1345/12/679
f 1335/5/673 1342/5/654 1340/23/678
f 1340/23/680 1343/2/669 1341/25/676
f 1334/52/671 1346/4/654 1338/4/672
f 1339/7/640 1344/7/642 1336/9/681
f 1346/8/654 1344/7/642 1348/7/644
f 1347/2/652 1342/6/654 1349/6/651
f 1357/25/643 1363/2/642 1353/2/643
f 1350/39/682 1354/4/682 1351/5/683
f 1351/6/662 1355/7/665 1353/2/662
f 1355/7/665 1362/8/654 1364/7/669
f 1350/10/666 1357/25/676 1352/22/666
f 1351/5/683 1356/75/683 1350/39/682
f 1353/2/662 1365/6/679 1351/6/662
f 1352/22/666 1361/12/651 1350/38/666
f 1351/5/683 1358/5/654 1356/75/683
f 1357/25/676 1358/5/654 1359/2/644
f 1350/39/682 1362/4/654 1354/4/682
f 1355/7/658 1360/7/652 1352/22/658
f 1362/8/654 1360/7/652 1364/7/669
f 1363/2/642 1358/6/654 1365/6/679
f 1373/16/684 1379/2/685 1369/2/684
f 1366/62/686 1370/4/686 1367/5/686
f 1367/6/687 1371/7/688 1369/2/687
f 1370/8/688 1380/7/689 1371/7/688
f 1366/10/690 1373/16/691 1368/120/690
f 1367/5/686 1372/37/686 1366/62/686
f 1367/6/687 1379/2/685 1381/6/692
f 1366/63/690 1376/7/693 1377/12/692
f 1367/5/686 1374/5/694 1372/37/686
f 1372/37/691 1375/2/695 1373/16/691
f 1366/62/686 1378/4/694 1370/4/686
f 1371/7/684 1376/7/693 1368/120/684
f 1378/8/694 1376/7/693 1380/7/689
f 1379/2/685 1374/6/694 1381/6/692
f 1389/121/696 1395/2/697 1385/2/696
f 1382/109/698 1386/4/698 1383/5/699
f 1383/6/687 1387/7/688 1385/2/687
f 1386/8/688 1396/7/689 1387/7/688
f 1382/10/690 1389/121/700 1384/15/690
f 1383/5/699 1388/122/701 1382/109/698
f 1383/6/687 1395/2/697 1397/6/702
f 1382/110/690 1392/7/693 1393/12/702
f 1383/5/699 1390/5/694 1388/122/701
f 1388/122/700 1391/2/689 1389/121/700
f 1382/109/698 1394/4/694 1386/4/698
f 1387/7/696 1392/7/693 1384/15/696
f 1394/8/694 1392/7/693 1396/7/689
f 1395/2/697 1390/6/694 1397/6/702
f 1405/55/703 1411/2/693 1401/2/696
f 1398/71/686 1403/4/686 1399/5/686
f 1400/15/690 1402/10/690 1398/11/700
f 1399/6/687 1404/7/688 1401/2/687
f 1403/8/688 1412/7/689 1404/7/688
f 1398/11/700 1405/55/700 1400/15/690
f 1399/6/687 1411/2/693 1413/6/702
f 1402/13/690 1408/7/693 1409/12/692
f 1399/5/686 1406/5/694 1398/71/686
f 1398/71/700 1407/2/689 1405/55/700
f 1402/14/686 1410/4/694 1403/4/686
f 1404/7/696 1408/7/693 1400/15/696
f 1410/8/694 1408/7/693 1412/7/689
f 1411/2/693 1406/6/694 1413/6/702
f 1421/123/704 1427/2/693 1417/2/705
f 1414/124/686 1418/4/686 1415/5/706
f 1415/6/687 1419/7/688 1417/2/687
f 1418/8/688 1428/7/695 1419/7/688
f 1414/10/690 1421/123/691 1416/125/690
f 1415/5/706 1420/126/706 1414/124/686
f 1415/6/687 1427/2/693 1429/6/692
f 1414/127/690 1424/7/693 1425/12/692
f 1415/5/706 1422/5/694 1420/126/706
f 1420/126/691 1423/2/707 1421/123/691
f 1414/124/686 1426/4/694 1418/4/686
f 1419/7/708 1424/7/693 1416/125/709
f 1426/8/694 1424/7/693 1428/7/695
f 1427/2/693 1422/6/694 1429/6/692
f 1435/7/710 1433/94/711 1436/9/711
f 1432/55/712 1447/2/713 1438/2/714
f 1435/7/61 1446/8/61 1448/7/61
f 1439/5/715 1431/37/715 1440/37/715
f 1436/9/716 1430/10/717 1437/10/718
f 1441/25/719 1432/55/712 1438/2/714
f 1440/11/720 1432/55/712 1441/25/719
f 1437/39/718 1430/89/717 1434/4/721
f 1438/2/209 1449/6/209 1439/6/209
f 1433/94/722 1445/12/209 1430/91/723
f 1439/5/721 1442/5/721 1431/37/721
f 1432/55/712 1442/5/61 1443/2/61
f 1430/89/717 1446/4/721 1434/4/721
f 1435/7/724 1444/7/725 1433/94/726
f 1457/121/727 1463/2/728 1453/2/729
f 1450/128/715 1454/4/730 1451/5/731
f 1451/6/732 1455/7/733 1453/2/734
f 1454/8/735 1464/7/61 1455/7/733
f 1450/10/722 1457/121/736 1452/9/722
f 1451/5/731 1456/90/721 1450/128/715
f 1451/6/732 1463/2/209 1465/6/209
f 1450/129/722 1460/7/209 1461/12/209
f 1451/5/731 1458/5/731 1456/90/721
f 1456/90/736 1459/2/61 1457/121/736
f 1450/128/715 1462/4/737 1454/4/730
f 1455/7/738 1460/7/725 1452/9/738
f 1473/111/739 1479/2/740 1469/2/741
f 1466/89/742 1470/4/742 1467/5/743
f 1467/6/732 1471/7/744 1469/2/745
f 1471/7/744 1478/8/61 1480/7/61
f 1466/10/746 1473/111/736 1468/130/746
f 1467/5/743 1472/113/743 1466/89/742
f 1469/2/745 1481/6/209 1467/6/732
f 1468/130/746 1477/12/209 1466/91/746
f 1467/5/743 1474/5/747 1472/113/743
f 1473/111/736 1474/5/61 1475/2/61
f 1466/89/742 1478/4/748 1470/4/742
f 1471/7/749 1476/7/725 1468/130/750
f 1489/121/741 1495/2/740 1485/2/741
f 1482/128/721 1486/4/751 1483/5/743
f 1483/6/752 1487/7/753 1485/2/745
f 1486/8/735 1496/7/61 1487/7/753
f 1482/10/746 1489/121/754 1484/130/746
f 1483/5/743 1488/75/755 1482/128/721
f 1483/6/752 1495/2/209 1497/6/209
f 1482/129/746 1492/7/209 1493/12/209
f 1483/5/743 1490/5/715 1488/75/755
f 1488/75/736 1491/2/61 1489/121/754
f 1482/128/721 1494/4/721 1486/4/751
f 1487/7/749 1492/7/756 1484/130/757
f 1505/131/758 1511/2/759 1501/2/758
f 1498/109/760 1502/4/760 1499/5/760
f 1499/6/761 1503/7/762 1501/2/763
f 1502/8/764 1512/7/765 1503/7/762
f 1498/10/766 1505/131/767 1500/9/768
f 1499/5/760 1504/132/760 1498/109/760
f 1499/6/761 1511/2/759 1513/6/769
f 1498/110/766 1508/7/759 1509/12/769
f 1499/5/760 1506/5/770 1504/132/760
f 1504/132/767 1507/2/765 1505/131/767
f 1498/109/760 1510/4/770 1502/4/760
f 1503/7/771 1508/7/759 1500/9/771
f 1510/8/770 1508/7/759 1512/7/765
f 1511/2/759 1506/6/770 1513/6/769
f 1521/133/772 1527/2/773 1517/2/772
f 1514/89/774 1518/4/774 1515/5/760
f 1515/6/775 1519/7/776 1517/2/777
f 1519/7/776 1526/8/778 1528/7/779
f 1514/10/766 1521/133/767 1516/134/768
f 1515/5/760 1520/122/760 1514/89/774
f 1517/2/777 1529/6/780 1515/6/775
f 1516/134/768 1525/12/781 1514/91/766
f 1515/5/760 1522/5/782 1520/122/760
f 1521/133/767 1522/5/782 1523/2/779
f 1514/89/774 1526/4/778 1518/4/774
f 1519/7/783 1524/7/773 1516/134/784
f 1526/8/778 1524/7/773 1528/7/779
f 1527/2/773 1522/6/782 1529/6/780
f 1537/25/772 1543/2/773 1533/2/772
f 1530/39/785 1534/4/786 1531/5/787
f 1531/6/788 1535/7/776 1533/2/789
f 1535/7/776 1542/8/790 1544/7/791
f 1530/10/792 1537/25/793 1532/15/794
f 1531/5/787 1536/113/787 1530/39/785
f 1533/2/789 1545/6/795 1531/6/788
f 1532/15/794 1541/12/795 1530/38/792
f 1531/5/787 1538/5/790 1536/113/787
f 1537/25/793 1538/5/790 1539/2/796
f 1530/39/785 1542/4/790 1534/4/786
f 1535/7/797 1540/7/798 1532/15/797
f 1542/8/790 1540/7/798 1544/7/791
f 1543/2/773 1538/6/790 1545/6/795
f 1553/69/758 1559/2/799 1549/2/758
f 1546/135/800 1550/4/800 1547/5/786
f 1547/6/801 1551/7/762 1549/2/763
f 1550/8/802 1560/7/803 1551/7/762
f 1546/10/804 1553/69/805 1548/102/806
f 1547/5/786 1552/37/807 1546/135/800
f 1549/2/763 1561/6/808 1547/6/801
f 1548/102/806 1557/12/809 1546/136/804
f 1547/5/786 1554/5/810 1552/37/807
f 1552/37/811 1555/2/812 1553/69/805
f 1546/135/800 1558/4/813 1550/4/800
f 1551/7/771 1556/7/759 1548/102/814
f 1558/8/813 1556/7/759 1560/7/803
f 1559/2/799 1554/6/810 1561/6/808
f 1567/7/815 1565/94/815 1568/9/815
f 1564/25/816 1579/2/817 1570/2/818
f 1566/8/61 1580/7/61 1567/7/61
f 1571/5/819 1563/90/819 1572/37/819
f 1568/9/820 1562/10/821 1569/10/822
f 1573/25/823 1564/25/816 1570/2/818
f 1572/11/820 1564/25/816 1573/25/823
f 1569/39/822 1562/39/821 1566/4/824
f 1571/6/209 1579/2/209 1581/6/209
f 1562/38/825 1576/7/209 1577/12/209
f 1571/5/826 1574/5/826 1563/90/826
f 1563/90/827 1575/2/228 1564/25/828
f 1562/39/821 1578/4/829 1566/4/824
f 1567/7/830 1576/7/830 1565/94/830
f 1589/100/831 1595/2/831 1585/2/831
f 1582/137/832 1586/4/832 1583/5/833
f 1583/6/834 1587/7/835 1585/2/836
f 1587/7/835 1594/8/61 1596/7/61
f 1582/10/837 1589/100/838 1584/138/837
f 1583/5/833 1588/139/833 1582/137/832
f 1585/2/836 1597/6/214 1583/6/834
f 1584/138/837 1593/12/209 1582/140/837
f 1583/5/833 1590/5/833 1588/139/833
f 1589/100/838 1590/5/61 1591/2/61
f 1582/137/832 1594/4/832 1586/4/832
f 1587/7/839 1592/7/840 1584/138/839
f 1605/55/831 1611/2/831 1601/2/831
f 1598/109/832 1602/4/832 1599/5/833
f 1599/6/834 1603/7/841 1601/2/834
f 1602/8/842 1612/7/61 1603/7/841
f 1598/10/843 1605/55/844 1600/141/845
f 1599/5/833 1604/122/833 1598/109/832
f 1601/2/834 1613/6/214 1599/6/834
f 1600/141/845 1609/12/209 1598/110/843
f 1599/5/833 1606/5/833 1604/122/833
f 1604/122/846 1607/2/61 1605/55/844
f 1598/109/832 1610/4/832 1602/4/832
f 1603/7/847 1608/7/847 1600/141/847
f 1621/111/831 1627/2/831 1617/2/831
f 1614/89/833 1618/4/833 1615/5/833
f 1615/6/834 1619/7/848 1617/2/834
f 1619/7/848 1626/8/61 1628/7/61
f 1614/10/837 1621/111/846 1616/9/849
f 1615/5/833 1620/37/833 1614/89/833
f 1617/2/834 1629/6/209 1615/6/834
f 1616/9/849 1625/12/209 1614/91/837
f 1615/5/833 1622/5/833 1620/37/833
f 1621/111/846 1622/5/61 1623/2/61
f 1614/89/833 1626/4/833 1618/4/833
f 1619/7/847 1624/7/847 1616/9/847
f 1637/142/850 1643/2/851 1633/2/850
f 1630/143/852 1634/4/852 1631/5/853
f 1631/6/854 1635/7/855 1633/2/854
f 1635/7/855 1642/8/856 1644/7/857
f 1630/10/858 1637/142/859 1632/144/860
f 1631/5/853 1636/145/853 1630/143/852
f 1633/2/854 1645/6/861 1631/6/854
f 1632/144/860 1641/12/862 1630/146/858
f 1631/5/853 1638/5/856 1636/145/853
f 1637/142/859 1638/5/856 1639/2/863
f 1630/143/852 1642/4/856 1634/4/852
f 1635/7/864 1640/7/865 1632/144/864
f 1642/8/856 1640/7/865 1644/7/857
f 1643/2/851 1638/6/856 1645/6/861
f 1653/87/866 1659/2/867 1649/2/866
f 1646/89/868 1650/4/868 1647/5/869
f 1647/6/870 1651/7/871 1649/2/872
f 1651/7/871 1658/8/873 1660/7/874
f 1646/10/875 1653/87/876 1648/147/875
f 1647/5/869 1652/148/869 1646/89/868
f 1649/2/872 1661/6/862 1647/6/870
f 1648/147/875 1657/12/862 1646/91/875
f 1647/5/869 1654/5/873 1652/148/869
f 1653/87/876 1654/5/873 1655/2/863
f 1646/89/868 1658/4/873 1650/4/868
f 1651/7/877 1656/7/878 1648/147/864
f 1658/8/873 1656/7/878 1660/7/874
f 1659/2/867 1654/6/873 1661/6/862
f 1669/142/879 1675/2/851 1665/2/879
f 1662/143/852 1666/4/880 1663/5/881
f 1663/6/882 1667/7/883 1665/2/854
f 1666/8/883 1676/7/884 1667/7/883
f 1662/10/885 1669/142/886 1664/53/887
f 1663/5/881 1668/145/888 1662/143/852
f 1665/2/854 1677/6/861 1663/6/882
f 1662/146/885 1672/7/889 1673/12/890
f 1663/5/881 1670/5/856 1668/145/888
f 1669/142/886 1670/5/856 1671/2/891
f 1662/143/852 1674/4/892 1666/4/880
f 1667/7/893 1672/7/889 1664/53/893
f 1674/8/892 1672/7/889 1676/7/884
f 1675/2/851 1670/6/856 1677/6/861
f 1685/106/850 1691/2/851 1681/2/850
f 1678/89/894 1682/4/894 1679/5/853
f 1679/6/882 1683/7/883 1681/2/882
f 1682/8/883 1692/7/895 1683/7/883
f 1678/10/875 1685/106/876 1680/112/875
f 1679/5/853 1684/148/853 1678/89/894
f 1679/6/882 1691/2/851 1693/6/896
f 1678/91/875 1688/7/878 1689/12/890
f 1679/5/853 1686/5/897 1684/148/853
f 1684/148/876 1687/2/898 1685/106/876
f 1678/89/894 1690/4/899 1682/4/894
f 1683/7/900 1688/7/878 1680/112/900
f 1690/8/899 1688/7/878 1692/7/895
f 1691/2/851 1686/6/897 1693/6/896
f 1699/7/901 1697/149/901 1700/9/901
f 1696/107/902 1711/2/903 1702/2/903
f 1699/7/228 1710/8/61 1712/7/61
f 1703/5/904 1695/37/904 1704/37/904
f 1700/9/905 1694/10/906 1701/10/907
f 1705/25/908 1696/107/902 1702/2/903
f 1704/11/905 1696/107/902 1705/25/908
f 1701/39/907 1694/150/906 1698/4/909
f 1702/2/214 1713/6/214 1703/6/214
f 1697/149/910 1709/12/209 1694/151/906
f 1703/5/911 1706/5/911 1695/37/911
f 1696/107/912 1706/5/61 1707/2/61
f 1694/150/906 1710/4/913 1698/4/909
f 1699/7/914 1708/7/914 1697/149/914
f 1721/25/915 1727/2/916 1717/2/917
f 1714/128/911 1718/4/911 1715/5/913
f 1715/6/918 1719/7/919 1717/2/920
f 1718/8/921 1728/7/61 1719/7/919
f 1714/10/922 1721/25/923 1716/59/922
f 1715/5/913 1720/152/913 1714/128/911
f 1715/6/918 1727/2/214 1729/6/214
f 1714/129/922 1724/7/209 1725/12/209
f 1715/5/913 1722/5/924 1720/152/913
f 1720/152/925 1723/2/61 1721/25/923
f 1714/128/911 1726/4/926 1718/4/911
f 1719/7/927 1724/7/928 1716/59/927
f 1737/100/929 1743/2/903 1733/2/929
f 1730/153/913 1734/4/913 1731/5/904
f 1731/6/930 1735/7/931 1733/2/932
f 1735/7/931 1742/8/61 1744/7/61
f 1730/10/910 1737/100/933 1732/154/934
f 1731/5/904 1736/103/904 1730/153/913
f 1733/2/932 1745/6/214 1731/6/930
f 1732/154/934 1741/12/209 1730/155/910
f 1731/5/904 1738/5/935 1736/103/904
f 1737/100/933 1738/5/61 1739/2/61
f 1730/153/913 1742/4/913 1734/4/913
f 1735/7/936 1740/7/937 1732/154/936
f 1753/1/938 1759/2/903 1749/2/938
f 1746/124/939 1750/4/939 1747/5/940
f 1747/6/941 1751/7/942 1749/2/943
f 1751/7/942 1758/8/61 1760/7/61
f 1746/10/944 1753/1/945 1748/94/946
f 1747/5/940 1752/156/947 1746/124/939
f 1749/2/943 1761/6/209 1747/6/941
f 1748/94/946 1757/12/209 1746/127/944
f 1747/5/940 1754/5/935 1752/156/947
f 1753/1/945 1754/5/61 1755/2/61
f 1746/124/939 1758/4/948 1750/4/939
f 1751/7/949 1756/7/937 1748/94/949
f 1769/25/950 1775/2/951 1765/2/950
f 1762/62/952 1766/4/952 1763/5/953
f 1763/6/954 1767/7/955 1765/2/956
f 1766/8/957 1776/7/958 1767/7/955
f 1762/10/959 1769/25/960 1764/22/961
f 1763/5/953 1768/75/953 1762/62/952
f 1765/2/956 1777/6/962 1763/6/954
f 1764/22/961 1773/12/962 1762/63/959
f 1763/5/953 1770/5/963 1768/75/953
f 1768/75/960 1771/2/964 1769/25/960
f 1762/62/952 1774/4/963 1766/4/952
f 1767/7/965 1772/7/966 1764/22/965
f 1774/8/963 1772/7/966 1776/7/958
f 1775/2/951 1770/6/963 1777/6/962
f 1785/1/967 1791/2/966 1781/2/967
f 1778/14/968 1782/4/968 1779/5/969
f 1779/6/970 1783/7/971 1781/2/970
f 1782/8/971 1792/7/972 1783/7/971
f 1778/10/973 1785/1/974 1780/157/975
f 1779/5/969 1784/37/976 1778/14/968
f 1779/6/970 1791/2/966 1793/6/962
f 1778/13/973 1788/7/951 1789/12/962
f 1779/5/969 1786/5/963 1784/37/976
f 1784/37/977 1787/2/964 1785/1/974
f 1778/14/968 1790/4/963 1782/4/968
f 1783/7/965 1788/7/951 1780/157/978
f 1790/8/963 1788/7/951 1792/7/972
f 1791/2/966 1786/6/963 1793/6/962
f 1801/69/979 1807/2/966 1797/2/967
f 1794/14/980 1798/4/980 1795/5/981
f 1795/6/954 1799/7/955 1797/2/956
f 1798/8/982 1808/7/964 1799/7/955
f 1794/10/983 1801/69/984 1796/94/985
f 1795/5/981 1800/3/976 1794/14/980
f 1797/2/956 1809/6/986 1795/6/954
f 1796/94/985 1805/12/962 1794/13/983
f 1795/5/981 1802/5/963 1800/3/976
f 1800/3/984 1803/2/987 1801/69/984
f 1794/14/980 1806/4/988 1798/4/980
f 1799/7/965 1804/7/989 1796/94/965
f 1806/8/988 1804/7/989 1808/7/964
f 1807/2/966 1802/6/963 1809/6/986
f 1817/69/979 1823/2/989 1813/2/967
f 1810/62/990 1814/4/980 1811/5/981
f 1811/6/954 1815/7/955 1813/2/956
f 1815/7/955 1822/8/991 1824/7/992
f 1810/10/973 1817/69/993 1812/22/985
f 1811/5/981 1816/113/981 1810/62/990
f 1813/2/956 1825/6/994 1811/6/954
f 1812/22/985 1821/12/995 1810/63/973
f 1811/5/981 1818/5/996 1816/113/981
f 1817/69/993 1818/5/996 1819/2/997
f 1810/62/990 1822/4/991 1814/4/980
f 1815/7/998 1820/7/999 1812/22/998
f 1822/8/991 1820/7/999 1824/7/992
f 1823/2/989 1818/6/996 1825/6/994
f 1831/7/1000 1829/157/1000 1832/9/1000
f 1828/158/1001 1842/2/1002 1834/2/1003
f 1831/7/228 1841/8/61 1843/7/61
f 1835/5/1004 1827/159/1004 1836/37/1004
f 1832/9/1005 1826/10/1006 1833/10/1007
f 1837/25/1008 1828/158/1001 1834/2/1003
f 1836/11/1009 1828/158/1001 1837/25/1008
f 1833/39/1007 1826/160/1006 1830/4/1010
f 1834/2/214 1844/6/214 1835/6/214
f 1835/5/1011 1838/5/1011 1827/159/1011
f 1828/158/1012 1838/5/61 1839/2/61
f 1826/160/1006 1841/4/1010 1830/4/1010
f 1831/7/1013 1840/7/1013 1829/157/1013
f 1840/7/209 1845/12/209 1826/161/1014
f 1853/142/1015 1859/2/1013 1849/2/1015
f 1846/162/1010 1850/4/1010 1847/5/1011
f 1847/6/1016 1851/7/1017 1849/2/1018
f 1851/7/1017 1858/8/61 1860/7/61
f 1846/10/1019 1853/142/1020 1848/163/1019
f 1847/5/1011 1852/164/1011 1846/162/1010
f 1849/2/1018 1861/6/209 1847/6/1016
f 1848/163/1019 1857/12/209 1846/165/1019
f 1847/5/1011 1854/5/1011 1852/164/1011
f 1853/142/1020 1854/5/61 1855/2/61
f 1846/162/1010 1858/4/1021 1850/4/1010
f 1851/7/1022 1856/7/1023 1848/163/1022
f 1869/16/1024 1875/2/1025 1865/2/1026
f 1862/20/1027 1866/4/1021 1863/5/1011
f 1863/6/1028 1867/7/1029 1865/2/1030
f 1862/10/1031 1869/16/1032 1864/157/1019
f 1863/5/1011 1868/61/1011 1862/20/1027
f 1865/2/1030 1876/6/231 1863/6/1028
f 1864/157/1019 1873/12/209 1862/19/1031
f 1863/5/1011 1870/5/1011 1868/61/1011
f 1869/16/1032 1870/5/219 1871/2/219
f 1862/20/1027 1874/4/1010 1866/4/1021
f 1867/7/1033 1872/7/1002 1864/157/1034
f 1867/7/1029 1874/8/61 1877/7/61
f 1885/69/1035 1891/2/1022 1881/2/1035
f 1878/20/1027 1882/4/1027 1879/5/1036
f 1879/6/1037 1883/7/1038 1881/2/1039
f 1882/8/1040 1892/7/228 1883/7/1038
f 1878/10/1019 1885/69/1041 1880/22/1042
f 1879/5/1036 1884/23/1010 1878/20/1027
f 1881/2/1039 1893/6/209 1879/6/1037
f 1880/22/1042 1889/12/214 1878/19/1019
f 1879/5/1036 1886/5/1043 1884/23/1010
f 1884/23/1041 1887/2/61 1885/69/1041
f 1878/20/1027 1890/4/1044 1882/4/1027
f 1883/7/1022 1888/7/1015 1880/22/1022
f 1901/166/1045 1907/2/1046 1897/2/1045
f 1894/167/1047 1898/4/1047 1895/5/1048
f 1895/6/1049 1899/7/1050 1897/2/1051
f 1899/7/1050 1906/8/1052 1908/7/1053
f 1894/10/1054 1901/166/1055 1896/163/1056
f 1895/5/1048 1900/37/1048 1894/167/1047
f 1897/2/1051 1909/6/1057 1895/6/1049
f 1896/163/1056 1905/12/1057 1894/168/1054
f 1895/5/1048 1902/5/1052 1900/37/1048
f 1901/166/1055 1902/5/1052 1903/2/1058
f 1894/167/1047 1906/4/1052 1898/4/1047
f 1899/7/1059 1904/7/1046 1896/163/1059
f 1906/8/1052 1904/7/1046 1908/7/1053
f 1907/2/1046 1902/6/1052 1909/6/1057
f 1917/166/1045 1923/2/1060 1913/2/1045
f 1910/167/1061 1914/4/1061 1911/5/1062
f 1911/6/1063 1915/7/1064 1913/2/1051
f 1915/7/1064 1922/8/1065 1924/7/1066
f 1910/10/1054 1917/166/1067 1912/163/1068
f 1911/5/1062 1916/159/1062 1910/167/1061
f 1913/2/1051 1925/6/1069 1911/6/1063
f 1912/163/1068 1921/12/1070 1910/168/1054
f 1911/5/1062 1918/5/1065 1916/159/1062
f 1917/166/1067 1918/5/1065 1919/2/1066
f 1914/4/1061 1921/4/1070 1922/4/1065
f 1915/7/1071 1920/7/1060 1912/163/1059
f 1922/8/1065 1920/7/1060 1924/7/1066
f 1923/2/1060 1918/6/1065 1925/6/1069
f 1933/16/1045 1939/2/1072 1929/2/1045
f 1926/39/1073 1930/4/1073 1927/5/1048
f 1927/6/1074 1931/7/1064 1929/2/1075
f 1931/7/1064 1938/8/1052 1940/7/1076
f 1926/10/1077 1933/16/1078 1928/41/1079
f 1927/5/1048 1932/159/1080 1926/39/1073
f 1929/2/1075 1941/6/1081 1927/6/1074
f 1928/41/1079 1937/12/1082 1926/38/1077
f 1927/5/1048 1934/5/1083 1932/159/1080
f 1933/16/1078 1934/5/1083 1935/2/1084
f 1926/39/1073 1938/4/1052 1930/4/1073
f 1931/7/1059 1936/7/1085 1928/41/1059
f 1938/8/1052 1936/7/1085 1940/7/1076
f 1939/2/1072 1934/6/1083 1941/6/1081
f 1949/169/1045 1955/2/1060 1945/2/1045
f 1942/167/1086 1946/4/1086 1943/5/1087
f 1943/6/1088 1947/7/1064 1945/2/1089
f 1947/7/1064 1954/8/1083 1956/7/1058
f 1942/10/1054 1949/169/1090 1944/170/1068
f 1943/5/1087 1948/159/1087 1942/167/1086
f 1945/2/1089 1957/6/1091 1943/6/1088
f 1944/170/1068 1953/12/1092 1942/168/1054
f 1943/5/1087 1950/5/1052 1948/159/1087
f 1949/169/1090 1950/5/1052 1951/2/1093
f 1942/167/1086 1954/4/1083 1946/4/1086
f 1947/7/1059 1952/7/1094 1944/170/1059
f 1954/8/1083 1952/7/1094 1956/7/1058
f 1955/2/1060 1950/6/1052 1957/6/1091
f 1963/7/1095 1961/9/1095 1964/9/1095
f 1960/169/1096 1975/2/1097 1966/2/1098
f 1962/8/228 1976/7/1099 1963/7/228
f 1967/5/1100 1959/37/1100 1968/37/1100
f 1964/9/1101 1958/10/1102 1965/10/1103
f 1969/25/1104 1960/169/1096 1966/2/1098
f 1968/11/1105 1960/169/1096 1969/25/1104
f 1965/39/1103 1958/39/1102 1962/4/1106
f 1967/6/209 1975/2/1097 1977/6/1107
f 1958/38/1102 1972/7/1108 1973/12/1109
f 1967/5/1110 1970/5/1111 1959/37/1110
f 1959/37/1112 1971/2/1113 1960/169/1096
f 1958/39/1102 1974/4/1114 1962/4/1106
f 1963/7/1115 1972/7/1108 1961/9/1115
f 1974/8/1114 1972/7/1108 1976/7/1113
f 1975/2/1097 1970/6/1111 1977/6/1107
f 1985/169/1098 1991/2/1108 1981/2/1098
f 1978/167/1106 1982/4/1106 1979/5/1110
f 1979/6/1116 1983/7/1117 1981/2/1116
f 1983/7/1117 1990/8/1118 1992/7/1119
f 1978/10/1120 1985/169/1112 1980/170/1121
f 1979/5/1110 1984/159/1110 1978/167/1106
f 1981/2/1116 1993/6/1109 1979/6/1116
f 1980/170/1121 1989/12/1109 1978/168/1120
f 1979/5/1110 1986/5/1122 1984/159/1110
f 1985/169/1112 1986/5/1122 1987/2/1123
f 1978/167/1106 1990/4/1118 1982/4/1106
f 1983/7/1115 1988/7/1108 1980/170/1115
f 1990/8/1118 1988/7/1108 1992/7/1119
f 1991/2/1108 1986/6/1122 1993/6/1109
f 2001/25/1124 2007/2/1125 1997/2/1124
f 1994/39/1106 1998/4/1106 1995/5/1110
f 1995/6/1126 1999/7/1127 1997/2/1126
f 1998/8/1128 2008/7/1129 1999/7/1127
f 1994/10/1130 2001/25/1131 1996/170/1132
f 1995/5/1110 2000/37/1110 1994/39/1106
f 1995/6/1126 2007/2/1125 2009/6/1133
f 1994/38/1130 2004/7/1108 2005/12/1134
f 1995/5/1110 2002/5/1135 2000/37/1110
f 2000/37/1131 2003/2/1136 2001/25/1131
f 1994/39/1106 2006/4/1135 1998/4/1106
f 1999/7/1137 2004/7/1108 1996/170/1137
f 2006/8/1135 2004/7/1108 2008/7/1129
f 2007/2/1125 2002/6/1135 2009/6/1133
f 2017/25/1098 2023/2/1138 2013/2/1098
f 2010/167/1100 2014/4/1100 2011/5/1139
f 2011/6/1140 2015/7/1141 2013/2/1126
f 2014/8/1142 2024/7/1143 2015/7/1141
f 2010/10/1120 2017/25/1112 2012/170/1121
f 2011/5/1139 2016/37/1139 2010/167/1100
f 2011/6/1140 2023/2/1138 2025/6/1144
f 2010/168/1120 2020/7/1145 2021/12/1144
f 2011/5/1139 2018/5/1146 2016/37/1139
f 2016/37/1147 2019/2/1148 2017/25/1112
f 2010/167/1100 2022/4/1135 2014/4/1100
f 2015/7/1115 2020/7/1145 2012/170/1115
f 2022/8/1135 2020/7/1145 2024/7/1143
f 2023/2/1138 2018/6/1146 2025/6/1144
f 2033/25/1149 2039/2/1150 2029/2/1149
f 2026/162/1151 2030/4/1151 2027/5/1152
f 2027/6/1153 2031/7/1154 2029/2/1155
f 2030/8/1156 2040/7/1157 2031/7/1154
f 2026/10/1158 2033/25/1159 2028/9/1160
f 2027/5/1152 2032/171/1152 2026/162/1151
f 2027/6/1153 2039/2/1150 2041/6/1161
f 2026/165/1158 2036/7/1162 2037/12/1161
f 2027/5/1152 2034/5/1163 2032/171/1152
f 2032/171/1164 2035/2/1165 2033/25/1159
f 2026/162/1151 2038/4/1166 2030/4/1151
f 2031/7/1149 2036/7/1162 2028/9/1149
f 2038/8/1166 2036/7/1162 2040/7/1157
f 2039/2/1150 2034/6/1163 2041/6/1161
f 2049/169/1167 2055/2/1162 2045/2/1167
f 2042/162/1168 2046/4/1168 2043/5/1169
f 2043/6/1170 2047/7/1171 2045/2/1172
f 2047/7/1171 2054/8/1163 2056/7/1173
f 2042/10/1174 2049/169/1175 2044/170/1174
f 2043/5/1169 2048/171/1169 2042/162/1168
f 2045/2/1172 2057/6/1176 2043/6/1170
f 2044/170/1174 2053/12/1161 2042/165/1174
f 2043/5/1169 2050/5/1166 2048/171/1169
f 2049/169/1175 2050/5/1166 2051/2/1157
f 2042/162/1168 2054/4/1163 2046/4/1168
f 2047/7/1177 2052/7/1162 2044/170/1177
f 2054/8/1163 2052/7/1162 2056/7/1173
f 2055/2/1162 2050/6/1166 2057/6/1176
f 2065/169/1167 2071/2/1178 2061/2/1167
f 2058/167/1151 2062/4/1151 2059/5/1152
f 2059/6/1179 2063/7/1154 2061/2/1180
f 2063/7/1154 2070/8/1166 2072/7/1157
f 2058/10/1174 2065/169/1175 2060/170/1174
f 2059/5/1152 2064/159/1152 2058/167/1151
f 2061/2/1180 2073/6/1181 2059/6/1179
f 2060/170/1174 2069/12/1176 2058/168/1174
f 2059/5/1152 2066/5/1182 2064/159/1152
f 2065/169/1175 2066/5/1182 2067/2/1157
f 2058/167/1151 2070/4/1166 2062/4/1151
f 2063/7/1177 2068/7/1162 2060/170/1177
f 2070/8/1166 2068/7/1162 2072/7/1157
f 2071/2/1178 2066/6/1182 2073/6/1181
f 2081/166/1167 2087/2/1183 2077/2/1167
f 2074/39/1169 2078/4/1169 2075/5/1152
f 2075/6/1179 2079/7/1171 2077/2/1180
f 2079/7/1171 2086/8/1166 2088/7/1184
f 2074/10/1174 2081/166/1185 2076/172/1174
f 2075/5/1152 2080/159/1152 2074/39/1169
f 2077/2/1180 2089/6/1161 2075/6/1179
f 2076/172/1174 2085/12/1176 2074/38/1174
f 2075/5/1152 2082/5/1163 2080/159/1152
f 2081/166/1185 2082/5/1163 2083/2/1165
f 2074/39/1169 2086/4/1166 2078/4/1169
f 2079/7/1167 2084/7/1150 2076/172/1167
f 2086/8/1166 2084/7/1150 2088/7/1184
f 2087/2/1183 2082/6/1163 2089/6/1161
f 2095/7/1186 2093/120/1186 2096/9/1186
f 2092/21/1187 2106/2/1186 2098/2/1186
f 2095/7/228 2094/8/228 2107/7/228
f 2099/5/1188 2091/171/1188 2100/37/1189
f 2096/9/1190 2090/10/1191 2097/10/1192
f 2101/25/1193 2092/21/1187 2098/2/1186
f 2100/11/1194 2092/21/1187 2101/25/1193
f 2097/39/1192 2090/52/1191 2094/4/1195
f 2098/2/209 2108/6/209 2099/6/209
f 2093/120/1196 2105/12/214 2090/54/1197
f 2099/5/1198 2102/5/1198 2091/171/1198
f 2092/21/1199 2102/5/61 2103/2/61
f 2095/7/1200 2104/7/1200 2093/120/1200
f 2105/4/1201 2109/4/1201 2094/4/1195
f 2110/52/1202 2114/4/1202 2111/5/1201
f 2111/6/1203 2115/7/1204 2113/2/1205
f 2114/8/1206 2123/7/228 2115/7/1204
f 2110/10/1207 2117/21/1208 2112/18/1209
f 2111/5/1201 2116/171/1201 2110/52/1202
f 2111/6/1203 2113/2/1205 2124/6/214
f 2110/54/1207 2120/7/231 2121/12/231
f 2111/5/1201 2118/5/1201 2116/171/1201
f 2116/171/1210 2119/2/228 2117/21/1208
f 2110/52/1202 2122/4/1195 2114/4/1202
f 2115/7/1186 2120/7/1186 2112/18/1186
f 2119/2/1211 2125/2/1211 2113/2/1186
f 2133/21/1186 2139/2/1186 2129/2/1186
f 2126/52/1201 2130/4/1201 2127/5/1201
f 2127/6/1212 2131/7/1213 2129/2/1214
f 2130/8/1215 2140/7/228 2131/7/1213
f 2126/10/1207 2133/21/1216 2128/170/1209
f 2127/5/1201 2132/37/1201 2126/52/1201
f 2127/6/1212 2139/2/214 2141/6/214
f 2126/54/1207 2136/7/209 2137/12/209
f 2127/5/1201 2134/5/1201 2132/37/1201
f 2132/37/1217 2135/2/228 2133/21/1216
f 2126/52/1201 2138/4/1201 2130/4/1201
f 2131/7/1218 2136/7/1218 2128/170/1218
f 2149/25/1219 2155/2/1211 2145/2/1219
f 2142/14/1195 2146/4/1202 2143/5/1220
f 2143/6/1212 2147/7/1221 2145/2/1205
f 2146/8/1222 2156/7/61 2147/7/1221
f 2142/10/1207 2149/25/1216 2144/9/1209
f 2143/5/1220 2148/171/1198 2142/14/1195
f 2143/6/1212 2155/2/214 2157/6/214
f 2142/13/1207 2152/7/209 2153/12/209
f 2143/5/1220 2150/5/1188 2148/171/1198
f 2148/171/1210 2151/2/228 2149/25/1216
f 2142/14/1195 2154/4/1198 2146/4/1202
f 2147/7/1223 2152/7/1224 2144/9/1218
f 2165/173/1225 2171/2/1226 2161/2/1225
f 2158/150/1227 2162/4/1227 2159/5/1228
f 2159/6/1229 2163/7/1230 2161/2/1231
f 2163/7/1230 2170/8/1232 2172/7/1233
f 2158/10/1234 2165/173/1235 2160/22/1234
f 2159/5/1228 2164/174/1228 2158/150/1227
f 2161/2/1231 2173/6/1236 2159/6/1229
f 2160/22/1234 2169/12/1237 2158/151/1234
f 2159/5/1228 2166/5/1232 2164/174/1228
f 2165/173/1235 2166/5/1232 2167/2/1233
f 2158/150/1227 2170/4/1232 2162/4/1227
f 2163/7/1238 2168/7/1226 2160/22/1238
f 2170/8/1232 2168/7/1226 2172/7/1233
f 2171/2/1226 2166/6/1232 2173/6/1236
f 2181/173/1239 2187/2/1240 2177/2/1241
f 2174/175/1227 2178/4/1227 2175/5/1227
f 2175/6/1242 2179/7/1243 2177/2/1231
f 2178/8/1244 2188/7/1245 2179/7/1243
f 2174/10/1246 2181/173/1247 2176/176/1248
f 2175/5/1227 2180/159/1227 2174/175/1227
f 2175/6/1242 2187/2/1240 2189/6/1249
f 2174/177/1246 2184/7/1240 2185/12/1250
f 2175/5/1227 2182/5/1251 2180/159/1227
f 2180/159/1252 2183/2/1253 2181/173/1247
f 2178/4/1227 2185/4/1250 2186/4/1251
f 2179/7/1254 2184/7/1240 2176/176/1254
f 2186/8/1251 2184/7/1240 2188/7/1245
f 2187/2/1240 2182/6/1251 2189/6/1249
f 2197/173/1255 2203/2/1226 2193/2/1255
f 2190/143/1256 2194/4/1256 2191/5/1228
f 2191/6/1257 2195/7/1230 2193/2/1258
f 2194/8/1259 2204/7/1260 2195/7/1230
f 2190/10/1261 2197/173/1262 2192/22/1263
f 2191/5/1228 2196/178/1228 2190/143/1256
f 2191/6/1257 2203/2/1226 2205/6/1237
f 2190/146/1261 2200/7/1226 2201/12/1237
f 2191/5/1228 2198/5/1232 2196/178/1228
f 2196/178/1264 2199/2/1233 2197/173/1262
f 2190/143/1256 2202/4/1232 2194/4/1256
f 2195/7/1255 2200/7/1226 2192/22/1255
f 2202/8/1232 2200/7/1226 2204/7/1260
f 2203/2/1226 2198/6/1232 2205/6/1237
f 2213/21/1241 2219/2/1240 2209/2/1241
f 2206/179/1265 2210/4/1265 2207/5/1227
f 2207/6/1266 2211/7/1267 2209/2/1268
f 2211/7/1267 2218/8/1269 2220/7/1260
f 2206/10/1270 2213/21/1271 2208/120/1272
f 2207/5/1227 2212/174/1227 2206/179/1265
f 2209/2/1268 2221/6/1273 2207/6/1266
f 2208/120/1272 2217/12/1274 2206/180/1270
f 2207/5/1227 2214/5/1269 2212/174/1227
f 2213/21/1271 2214/5/1269 2215/2/1275
f 2206/179/1265 2218/4/1269 2210/4/1265
f 2211/7/1254 2216/7/1240 2208/120/1254
f 2218/8/1269 2216/7/1240 2220/7/1260
f 2219/2/1240 2214/6/1269 2221/6/1273
f 2227/7/1276 2225/170/1276 2228/9/1276
f 2224/181/1277 2239/2/1278 2230/2/1279
f 2226/8/228 2240/7/1280 2227/7/228
f 2231/5/1281 2223/182/1281 2232/37/1281
f 2228/9/1282 2222/10/1283 2229/10/1284
f 2233/25/1285 2224/181/1277 2230/2/1279
f 2232/11/1286 2224/181/1277 2233/25/1285
f 2229/39/1284 2222/118/1283 2226/4/1287
f 2231/6/214 2239/2/1278 2241/6/1288
f 2222/119/1283 2236/7/1278 2237/12/1289
f 2231/5/1290 2234/5/1291 2223/182/1290
f 2223/182/1292 2235/2/1293 2224/181/1277
f 2222/118/1283 2238/4/1294 2226/4/1287
f 2227/7/1276 2236/7/1278 2225/170/1276
f 2238/8/1294 2236/7/1278 2240/7/1295
f 2239/2/1278 2234/6/1291 2241/6/1288
f 2249/123/1296 2255/2/1297 2245/2/1298
f 2242/52/1299 2246/4/1299 2243/5/1300
f 2243/6/1301 2247/7/1302 2245/2/1303
f 2246/8/1304 2256/7/1305 2247/7/1302
f 2242/10/1306 2249/123/1307 2244/154/1308
f 2243/5/1300 2248/113/1300 2242/52/1299
f 2243/6/1301 2255/2/1297 2257/6/1309
f 2242/54/1306 2252/7/1310 2253/12/1309
f 2243/5/1300 2250/5/1311 2248/113/1300
f 2248/113/1312 2251/2/1313 2249/123/1307
f 2242/52/1299 2254/4/1314 2246/4/1299
f 2247/7/1315 2252/7/1310 2244/154/1315
f 2254/8/1314 2252/7/1310 2256/7/1305
f 2255/2/1297 2250/6/1311 2257/6/1309
f 2265/169/1298 2271/2/1316 2261/2/1298
f 2258/183/1317 2262/4/1317 2259/5/1317
f 2259/6/1318 2263/7/1319 2261/2/1320
f 2263/7/1319 2270/8/1321 2272/7/1322
f 2258/10/1323 2265/169/1324 2260/184/1323
f 2259/5/1317 2264/185/1317 2258/183/1317
f 2261/2/1320 2273/6/1325 2259/6/1318
f 2260/184/1323 2269/12/1325 2258/186/1323
f 2259/5/1317 2266/5/1311 2264/185/1317
f 2265/169/1324 2266/5/1311 2267/2/1322
f 2258/183/1317 2270/4/1321 2262/4/1317
f 2263/7/1315 2268/7/1326 2260/184/1315
f 2270/8/1321 2268/7/1326 2272/7/1322
f 2271/2/1316 2266/6/1311 2273/6/1325
f 2281/123/1327 2287/2/1328 2277/2/1329
f 2274/52/1330 2278/4/1331 2275/5/1332
f 2275/6/1333 2279/7/1334 2277/2/1335
f 2278/8/1336 2288/7/1337 2279/7/1334
f 2274/10/1338 2281/123/1312 2276/66/1323
f 2275/5/1332 2280/182/1339 2274/52/1330
f 2275/6/1333 2287/2/1328 2289/6/1309
f 2274/54/1338 2284/7/1340 2285/12/1341
f 2275/5/1332 2282/5/1342 2280/182/1339
f 2280/182/1312 2283/2/1343 2281/123/1312
f 2274/52/1330 2286/4/1291 2278/4/1331
f 2279/7/1344 2284/7/1340 2276/66/1344
f 2286/8/1291 2284/7/1340 2288/7/1337
f 2287/2/1328 2282/6/1342 2289/6/1309
f 2297/21/1345 2303/2/1346 2293/2/1345
f 2290/52/1347 2294/4/1347 2291/5/1347
f 2291/6/1348 2295/7/1349 2293/2/1348
f 2295/7/1349 2302/8/1350 2304/7/1351
f 2290/10/1352 2297/21/1353 2292/9/1354
f 2291/5/1347 2296/187/1347 2290/52/1347
f 2293/2/1348 2305/6/1355 2291/6/1348
f 2292/9/1354 2301/12/1355 2290/54/1352
f 2291/5/1347 2298/5/1356 2296/187/1347
f 2297/21/1353 2298/5/1356 2299/2/1357
f 2294/4/1347 2301/4/1355 2302/4/1350
f 2295/7/1358 2300/7/1359 2292/9/1358
f 2302/8/1350 2300/7/1359 2304/7/1351
f 2303/2/1346 2298/6/1356 2305/6/1355
f 2313/188/1358 2319/2/1360 2309/2/1358
f 2306/124/1361 2310/4/1361 2307/5/1362
f 2307/6/1348 2311/7/1349 2309/2/1348
f 2311/7/1349 2318/8/1363 2320/7/1364
f 2306/10/1365 2313/188/1353 2308/94/1354
f 2307/5/1362 2312/117/1366 2306/124/1361
f 2309/2/1348 2321/6/1367 2307/6/1348
f 2308/94/1354 2317/12/1368 2306/127/1365
f 2307/5/1362 2314/5/1369 2312/117/1366
f 2313/188/1353 2314/5/1369 2315/2/1370
f 2306/124/1361 2318/4/1363 2310/4/1361
f 2311/7/1371 2316/7/1372 2308/94/1345
f 2318/8/1363 2316/7/1372 2320/7/1364
f 2319/2/1360 2314/6/1369 2321/6/1367
f 2329/123/1373 2335/2/1374 2325/2/1373
f 2322/118/1375 2326/4/1375 2323/5/1375
f 2323/6/1376 2327/7/1377 2325/2/1378
f 2327/7/1377 2334/8/1363 2336/7/1379
f 2322/10/1380 2329/123/1381 2324/22/1382
f 2323/5/1375 2328/189/1375 2322/118/1375
f 2325/2/1378 2337/6/1383 2323/6/1376
f 2324/22/1382 2333/12/1384 2322/119/1380
f 2323/5/1375 2330/5/1369 2328/189/1375
f 2329/123/1381 2330/5/1369 2331/2/1351
f 2322/118/1375 2334/4/1363 2326/4/1375
f 2327/7/1358 2332/7/1385 2324/22/1358
f 2334/8/1363 2332/7/1385 2336/7/1379
f 2335/2/1374 2330/6/1369 2337/6/1383
f 2345/190/1386 2351/2/1385 2341/2/1387
f 2338/191/1388 2342/4/1388 2339/5/1389
f 2339/6/1348 2343/7/1390 2341/2/1348
f 2342/8/1349 2352/7/1391 2343/7/1390
f 2338/10/1392 2345/190/1381 2340/176/1392
f 2339/5/1389 2344/148/1389 2338/191/1388
f 2339/6/1348 2351/2/1385 2353/6/1384
f 2338/192/1392 2348/7/1393 2349/12/1394
f 2339/5/1389 2346/5/1363 2344/148/1389
f 2344/148/1381 2347/2/1391 2345/190/1381
f 2338/191/1388 2350/4/1395 2342/4/1388
f 2343/7/1396 2348/7/1393 2340/176/1396
f 2350/8/1395 2348/7/1393 2352/7/1391
f 2351/2/1385 2346/6/1363 2353/6/1384
f 2359/7/1397 2357/18/1397 2360/9/1397
f 2356/21/1398 2371/2/1399 2362/2/1400
f 2358/8/61 2372/7/61 2359/7/61
f 2363/5/1401 2355/145/1401 2364/37/1401
f 2360/9/1402 2354/10/1403 2361/10/1404
f 2365/25/1405 2356/21/1398 2362/2/1400
f 2364/11/1406 2356/21/1398 2365/25/1405
f 2361/39/1404 2354/118/1403 2358/4/1401
f 2363/6/209 2371/2/214 2373/6/214
f 2354/119/1403 2368/7/209 2369/12/209
f 2363/5/1407 2366/5/1407 2355/145/1408
f 2355/145/1409 2367/2/61 2356/21/1410
f 2354/118/1403 2370/4/1401 2358/4/1401
f 2359/7/1411 2368/7/1411 2357/18/1411
f 2381/133/1412 2387/2/1413 2377/2/1413
f 2374/135/1414 2378/4/1415 2375/5/1415
f 2375/6/1416 2379/7/1417 2377/2/1418
f 2378/8/1419 2388/7/61 2379/7/1417
f 2374/10/1420 2381/133/1421 2376/193/1422
f 2375/5/1415 2380/174/1415 2374/135/1414
f 2377/2/1418 2389/6/214 2375/6/1416
f 2376/193/1422 2385/12/209 2374/136/1420
f 2375/5/1415 2382/5/1423 2380/174/1415
f 2380/174/1409 2383/2/61 2381/133/1421
f 2374/135/1414 2386/4/1424 2378/4/1415
f 2379/7/1425 2384/7/1411 2376/193/1426
f 2397/133/1413 2403/2/1413 2393/2/1413
f 2390/98/1401 2394/4/1427 2391/5/1424
f 2391/6/1428 2395/7/1429 2393/2/1430
f 2394/8/1417 2404/7/61 2395/7/1429
f 2390/10/1431 2397/133/1432 2392/194/1433
f 2391/5/1424 2396/17/1424 2390/98/1401
f 2391/6/1428 2403/2/209 2405/6/209
f 2390/99/1431 2400/7/209 2401/12/209
f 2391/5/1424 2398/5/1434 2396/17/1424
f 2396/17/1432 2399/2/61 2397/133/1432
f 2390/98/1401 2402/4/1435 2394/4/1427
f 2395/7/1400 2400/7/1425 2392/194/1400
f 2413/195/1436 2419/2/1413 2409/2/1437
f 2406/14/1438 2410/4/1438 2407/5/1439
f 2407/6/1428 2411/7/1419 2409/2/1440
f 2410/8/1419 2420/7/61 2411/7/1419
f 2406/10/1441 2413/195/1432 2408/22/1442
f 2407/5/1439 2412/145/1438 2406/14/1438
f 2407/6/1428 2419/2/209 2421/6/209
f 2406/13/1441 2416/7/209 2417/12/209
f 2407/5/1439 2414/5/1443 2412/145/1438
f 2412/145/1432 2415/2/61 2413/195/1432
f 2406/14/1438 2418/4/1424 2410/4/1438
f 2411/7/1425 2416/7/1444 2408/22/1425
f 2429/100/1445 2435/2/1446 2425/2/1447
f 2422/118/1448 2426/4/1448 2423/5/1449
f 2423/6/1450 2427/7/1451 2425/2/1452
f 2427/7/1451 2434/8/1453 2436/7/1454
f 2422/10/1455 2429/100/1456 2424/196/1455
f 2423/5/1449 2428/23/1457 2422/118/1448
f 2425/2/1452 2437/6/1458 2423/6/1450
f 2424/196/1455 2433/12/1459 2422/119/1455
f 2423/5/1449 2430/5/1460 2428/23/1457
f 2429/100/1456 2430/5/1460 2431/2/1461
f 2422/118/1448 2434/4/1453 2426/4/1448
f 2427/7/1462 2432/7/1463 2424/196/1462
f 2434/8/1453 2432/7/1463 2436/7/1454
f 2435/2/1446 2430/6/1460 2437/6/1458
f 2445/111/1464 2451/2/1465 2441/2/1466
f 2438/20/1467 2442/4/1467 2439/5/1468
f 2439/6/1450 2443/7/1469 2441/2/1470
f 2442/8/1471 2452/7/1472 2443/7/1469
f 2438/10/1455 2445/111/1456 2440/194/1455
f 2439/5/1468 2444/126/1473 2438/20/1467
f 2439/6/1450 2451/2/1465 2453/6/1474
f 2438/19/1455 2448/7/1475 2449/12/1476
f 2439/5/1468 2446/5/1477 2444/126/1473
f 2444/126/1456 2447/2/1478 2445/111/1456
f 2438/20/1467 2450/4/1479 2442/4/1467
f 2443/7/1445 2448/7/1475 2440/194/1445
f 2450/8/1479 2448/7/1475 2452/7/1472
f 2451/2/1465 2446/6/1477 2453/6/1474
f 2461/25/1447 2467/2/1446 2457/2/1447
f 2454/14/1480 2458/4/1481 2455/5/1482
f 2455/6/1450 2459/7/1469 2457/2/1470
f 2458/8/1483 2468/7/1461 2459/7/1469
f 2454/10/1455 2461/25/1456 2456/120/1455
f 2455/5/1482 2460/122/1481 2454/14/1480
f 2455/6/1450 2467/2/1446 2469/6/1484
f 2454/13/1455 2464/7/1446 2465/12/1474
f 2455/5/1482 2462/5/1453 2460/122/1481
f 2460/122/1456 2463/2/1454 2461/25/1456
f 2454/14/1480 2466/4/1453 2458/4/1481
f 2459/7/1462 2464/7/1446 2456/120/1462
f 2466/8/1453 2464/7/1446 2468/7/1461
f 2467/2/1446 2462/6/1453 2469/6/1484
f 2477/16/1462 2483/2/1485 2473/2/1462
f 2470/14/1467 2474/4/1467 2471/5/1486
f 2471/6/1450 2475/7/1469 2473/2/1452
f 2474/8/1487 2484/7/1488 2475/7/1469
f 2470/10/1455 2477/16/1456 2472/102/1455
f 2471/5/1486 2476/75/1473 2470/14/1467
f 2473/2/1452 2485/6/1489 2471/6/1450
f 2472/102/1455 2481/12/1490 2470/13/1455
f 2471/5/1486 2478/5/1491 2476/75/1473
f 2476/75/1456 2479/2/1492 2477/16/1456
f 2470/14/1467 2482/4/1493 2474/4/1467
f 2475/7/1445 2480/7/1494 2472/102/1495
f 2482/8/1493 2480/7/1494 2484/7/1488
f 2483/2/1485 2478/6/1491 2485/6/1489
f 2491/7/1496 2489/22/1497 2492/9/1498
f 2488/16/1499 2503/2/1500 2494/2/1501
f 2490/8/61 2504/7/1502 2491/7/61
f 2495/5/1503 2487/75/1503 2496/37/1503
f 2492/9/1504 2486/10/1505 2493/10/1506
f 2497/25/1507 2488/16/1499 2494/2/1501
f 2496/11/1504 2488/16/1499 2497/25/1507
f 2493/39/1506 2486/20/1505 2490/4/1508
f 2495/6/209 2503/2/1500 2505/6/1509
f 2486/19/1505 2500/7/1510 2501/12/1509
f 2495/5/1511 2498/5/1512 2487/75/1511
f 2487/75/1513 2499/2/1514 2488/16/1499
f 2486/20/1505 2502/4/1512 2490/4/1508
f 2491/7/1515 2500/7/1510 2489/22/1515
f 2502/8/1512 2500/7/1510 2504/7/1516
f 2503/2/1500 2498/6/1512 2505/6/1509
f 2513/16/1517 2519/2/1518 2509/2/1519
f 2506/52/1520 2510/4/1521 2507/5/1521
f 2507/6/1522 2511/7/1523 2509/2/1524
f 2510/8/1525 2520/7/1526 2511/7/1523
f 2506/10/1527 2513/16/1528 2508/18/1529
f 2507/5/1521 2512/37/1520 2506/52/1520
f 2507/6/1522 2519/2/1518 2521/6/1530
f 2506/54/1527 2516/7/1518 2517/12/1531
f 2507/5/1521 2514/5/1532 2512/37/1520
f 2512/37/1513 2515/2/1526 2513/16/1528
f 2506/52/1520 2518/4/1533 2510/4/1521
f 2511/7/1534 2516/7/1518 2508/18/1535
f 2518/8/1533 2516/7/1518 2520/7/1526
f 2519/2/1518 2514/6/1532 2521/6/1530
f 2529/111/1536 2535/2/1537 2525/2/1536
f 2522/89/1538 2526/4/1538 2523/5/1539
f 2523/6/1540 2527/7/1541 2525/2/1542
f 2527/7/1541 2534/8/1532 2536/7/1526
f 2522/10/1543 2529/111/1544 2524/22/1545
f 2523/5/1539 2528/37/1546 2522/89/1538
f 2525/2/1542 2537/6/1547 2523/6/1540
f 2524/22/1545 2533/12/1530 2522/91/1543
f 2523/5/1539 2530/5/1532 2528/37/1546
f 2529/111/1544 2530/5/1532 2531/2/1526
f 2522/89/1538 2534/4/1532 2526/4/1538
f 2527/7/1548 2532/7/1537 2524/22/1549
f 2534/8/1532 2532/7/1537 2536/7/1526
f 2535/2/1537 2530/6/1532 2537/6/1547
f 2545/111/1550 2551/2/1551 2541/2/1550
f 2538/62/1520 2542/4/1521 2539/5/1521
f 2539/6/1552 2543/7/1553 2541/2/1524
f 2542/8/1554 2552/7/1514 2543/7/1553
f 2538/10/1543 2545/111/1555 2540/120/1556
f 2539/5/1521 2544/113/1520 2538/62/1520
f 2539/6/1552 2551/2/1551 2553/6/1509
f 2538/63/1543 2548/7/1551 2549/12/1509
f 2539/5/1521 2546/5/1512 2544/113/1520
f 2544/113/1513 2547/2/1516 2545/111/1555
f 2538/62/1520 2550/4/1512 2542/4/1521
f 2543/7/1557 2548/7/1551 2540/120/1557
f 2550/8/1512 2548/7/1551 2552/7/1514
f 2551/2/1551 2546/6/1512 2553/6/1509
f 2561/111/1558 2567/2/1559 2557/2/1558
f 2554/20/1560 2558/4/1560 2555/5/1561
f 2555/6/1562 2559/7/1563 2557/2/1564
f 2559/7/1563 2566/8/1565 2568/7/1566
f 2554/10/1567 2561/111/1568 2556/59/1569
f 2555/5/1561 2560/88/1561 2554/20/1560
f 2557/2/1564 2569/6/1570 2555/6/1562
f 2556/59/1569 2565/12/1571 2554/19/1567
f 2555/5/1561 2562/5/1572 2560/88/1561
f 2561/111/1568 2562/5/1572 2563/2/1573
f 2554/20/1560 2566/4/1565 2558/4/1560
f 2559/7/1574 2564/7/1559 2556/59/1574
f 2566/8/1565 2564/7/1559 2568/7/1566
f 2567/2/1559 2562/6/1572 2569/6/1570
f 2577/111/1575 2583/2/1576 2573/2/1575
f 2570/197/1577 2574/4/1577 2571/5/1578
f 2571/6/1579 2575/7/1580 2573/2/1581
f 2574/8/1582 2584/7/1566 2575/7/1580
f 2570/10/1583 2577/111/1584 2572/59/1569
f 2571/5/1578 2576/187/1578 2570/197/1577
f 2571/6/1579 2583/2/1576 2585/6/1585
f 2570/198/1583 2580/7/1586 2581/12/1585
f 2571/5/1578 2578/5/1587 2576/187/1578
f 2576/187/1588 2579/2/1566 2577/111/1584
f 2570/197/1577 2582/4/1587 2574/4/1577
f 2575/7/1589 2580/7/1586 2572/59/1589
f 2582/8/1587 2580/7/1586 2584/7/1566
f 2583/2/1576 2578/6/1587 2585/6/1585
f 2593/25/1590 2599/2/1591 2589/2/1590
f 2586/118/1592 2590/4/1592 2587/5/1593
f 2587/6/1594 2591/7/1595 2589/2/1596
f 2590/8/1582 2600/7/1597 2591/7/1595
f 2586/10/1598 2593/25/1599 2588/15/1600
f 2587/5/1593 2592/23/1593 2586/118/1592
f 2587/6/1594 2599/2/1591 2601/6/1601
f 2586/119/1598 2596/7/1591 2597/12/1602
f 2587/5/1593 2594/5/1603 2592/23/1593
f 2592/23/1604 2595/2/1605 2593/25/1599
f 2586/118/1592 2598/4/1603 2590/4/1592
f 2591/7/1606 2596/7/1591 2588/15/1606
f 2598/8/1603 2596/7/1591 2600/7/1597
f 2599/2/1591 2594/6/1603 2601/6/1601
f 2609/16/1607 2615/2/1608 2605/2/1609
f 2602/14/1560 2606/4/1560 2603/5/1561
f 2603/6/1610 2607/7/1563 2605/2/1611
f 2606/8/1612 2616/7/1613 2607/7/1563
f 2602/10/1614 2609/16/1615 2604/15/1569
f 2603/5/1561 2608/37/1561 2602/14/1560
f 2603/6/1610 2615/2/1608 2617/6/1571
f 2602/13/1614 2612/7/1616 2613/12/1571
f 2603/5/1561 2610/5/1565 2608/37/1561
f 2608/37/1588 2611/2/1617 2609/16/1615
f 2602/14/1560 2614/4/1565 2606/4/1560
f 2607/7/1618 2612/7/1616 2604/15/1618
f 2614/8/1565 2612/7/1616 2616/7/1613
f 2615/2/1608 2610/6/1565 2617/6/1571
f 2623/7/1619 2621/199/1619 2624/9/1619
f 2620/97/1620 2635/2/1621 2626/2/1622
f 2622/8/61 2636/7/1623 2623/7/61
f 2627/5/1624 2619/3/1624 2628/37/1624
f 2624/9/1625 2618/10/1626 2625/10/1627
f 2629/25/1628 2620/97/1620 2626/2/1622
f 2628/11/1629 2620/97/1620 2629/25/1628
f 2625/39/1627 2618/197/1626 2622/4/1624
f 2627/6/214 2635/2/1621 2637/6/1630
f 2618/198/1626 2632/7/1631 2633/12/1630
f 2627/5/1632 2630/5/1633 2619/3/1632
f 2619/3/1634 2631/2/1635 2620/97/1620
f 2618/197/1626 2634/4/1633 2622/4/1624
f 2623/7/1636 2632/7/1631 2621/199/1636
f 2634/8/1633 2632/7/1631 2636/7/1637
f 2635/2/1621 2630/6/1633 2637/6/1630
f 2645/200/1638 2651/2/1621 2641/2/1638
f 2638/201/1639 2642/4/1639 2639/5/1640
f 2639/6/1641 2643/7/1642 2641/2/1641
f 2642/8/1642 2652/7/1643 2643/7/1642
f 2638/10/1644 2645/200/1645 2640/202/1644
f 2639/5/1640 2644/203/1640 2638/201/1639
f 2639/6/1641 2651/2/1621 2653/6/1646
f 2638/204/1644 2648/7/1621 2649/12/1646
f 2639/5/1640 2646/5/1647 2644/203/1640
f 2644/203/1645 2647/2/1643 2645/200/1645
f 2638/201/1639 2650/4/1647 2642/4/1639
f 2643/7/1622 2648/7/1621 2640/202/1622
f 2650/8/1647 2648/7/1621 2652/7/1643
f 2651/2/1621 2646/6/1647 2653/6/1646
f 2661/25/1648 2667/2/1631 2657/2/1648
f 2654/118/1649 2658/4/1649 2655/5/1649
f 2655/6/1641 2659/7/1642 2657/2/1641
f 2659/7/1642 2666/8/1650 2668/7/1635
f 2654/10/1644 2661/25/1651 2656/94/1652
f 2655/5/1649 2660/90/1649 2654/118/1649
f 2655/6/1641 2667/2/1631 2669/6/1646
f 2654/119/1644 2664/7/1631 2665/12/1646
f 2655/5/1649 2662/5/1650 2660/90/1649
f 2661/25/1651 2662/5/1650 2663/2/1635
f 2654/118/1649 2666/4/1650 2658/4/1649
f 2659/7/1648 2664/7/1631 2656/94/1648
f 2666/8/1650 2664/7/1631 2668/7/1635
f 2667/2/1631 2662/6/1650 2669/6/1646
f 2677/107/1653 2683/2/1621 2673/2/1653
f 2670/197/1624 2674/4/1624 2671/5/1624
f 2671/6/1641 2675/7/1642 2673/2/1641
f 2675/7/1642 2682/8/1647 2684/7/1643
f 2670/10/1654 2677/107/1645 2672/205/1654
f 2671/5/1624 2676/3/1624 2670/197/1624
f 2673/2/1641 2685/6/1646 2671/6/1641
f 2672/205/1654 2681/12/1655 2670/198/1654
f 2671/5/1624 2678/5/1647 2676/3/1624
f 2677/107/1645 2678/5/1647 2679/2/1643
f 2670/197/1624 2682/4/1647 2674/4/1624
f 2675/7/1656 2680/7/1657 2672/205/1658
f 2682/8/1647 2680/7/1657 2684/7/1643
f 2683/2/1621 2678/6/1647 2685/6/1646
f 2693/106/1659 2699/2/1660 2689/2/1659
f 2686/62/1661 2690/4/1662 2687/5/1663
f 2687/6/1664 2691/7/1665 2689/2/1666
f 2690/8/1667 2700/7/1668 2691/7/1665
f 2686/10/1669 2693/106/1670 2688/205/1671
f 2687/5/1663 2692/71/1672 2686/62/1661
f 2687/6/1664 2699/2/1660 2701/6/1673
f 2686/63/1669 2696/7/1674 2697/12/1673
f 2687/5/1663 2694/5/1675 2692/71/1672
f 2692/71/1676 2695/2/1668 2693/106/1670
f 2686/62/1661 2698/4/1675 2690/4/1662
f 2691/7/1677 2696/7/1674 2688/205/1678
f 2698/8/1675 2696/7/1674 2700/7/1668
f 2699/2/1660 2694/6/1675 2701/6/1673
f 2709/25/1679 2715/2/1680 2705/2/1681
f 2702/206/1662 2706/4/1662 2703/5/1682
f 2703/6/1683 2707/7/1684 2705/2/1685
f 2706/8/1686 2716/7/1687 2707/7/1684
f 2702/10/1688 2709/25/1689 2704/207/1690
f 2703/5/1682 2708/71/1691 2702/206/1662
f 2705/2/1685 2717/6/1692 2703/6/1683
f 2704/207/1690 2713/12/1693 2702/208/1688
f 2703/5/1682 2710/5/1694 2708/71/1691
f 2708/71/1695 2711/2/1696 2709/25/1689
f 2702/206/1662 2714/4/1697 2706/4/1662
f 2707/7/1698 2712/7/1699 2704/207/1698
f 2714/8/1697 2712/7/1699 2716/7/1687
f 2715/2/1680 2710/6/1694 2717/6/1692
f 2725/209/1677 2731/2/1699 2721/2/1677
f 2718/82/1662 2722/4/1700 2719/5/1701
f 2719/6/1702 2723/7/1703 2721/2/1702
f 2723/7/1703 2730/8/1694 2732/7/1704
f 2718/10/1705 2725/209/1706 2720/83/1707
f 2719/5/1701 2724/210/1691 2718/82/1662
f 2721/2/1702 2733/6/1708 2719/6/1702
f 2720/83/1707 2729/12/1708 2718/85/1705
f 2719/5/1701 2726/5/1709 2724/210/1691
f 2725/209/1706 2726/5/1709 2727/2/1704
f 2718/82/1662 2730/4/1694 2722/4/1700
f 2723/7/1677 2728/7/1680 2720/83/1678
f 2730/8/1694 2728/7/1680 2732/7/1704
f 2731/2/1699 2726/6/1709 2733/6/1708
f 2741/181/1710 2747/2/1674 2737/2/1711
f 2734/211/1662 2738/4/1662 2735/5/1691
f 2735/6/1683 2739/7/1684 2737/2/1666
f 2738/8/1686 2748/7/1668 2739/7/1684
f 2734/10/1669 2741/181/1712 2736/134/1707
f 2735/5/1691 2740/189/1713 2734/211/1662
f 2735/6/1683 2747/2/1674 2749/6/1714
f 2734/212/1669 2744/7/1674 2745/12/1673
f 2735/5/1691 2742/5/1675 2740/189/1713
f 2740/189/1676 2743/2/1668 2741/181/1712
f 2734/211/1662 2746/4/1675 2738/4/1662
f 2739/7/1715 2744/7/1674 2736/134/1715
f 2746/8/1675 2744/7/1674 2748/7/1668
f 2747/2/1674 2742/6/1675 2749/6/1714
f 2755/7/1716 2753/66/1716 2756/9/1716
f 2752/213/1717 2767/2/1718 2758/2/1716
f 2755/7/228 2766/8/1719 2768/7/1720
f 2759/5/1721 2751/214/1721 2760/37/1721
f 2756/9/1722 2750/10/1723 2757/10/1724
f 2761/25/1725 2752/213/1717 2758/2/1716
f 2760/11/1726 2752/213/1717 2761/25/1725
f 2757/39/1724 2750/109/1723 2754/4/1727
f 2758/2/209 2769/6/1728 2759/6/209
f 2753/66/1729 2765/12/1730 2750/110/1723
f 2759/5/1731 2762/5/1732 2751/214/1731
f 2752/213/1717 2762/5/1732 2763/2/1720
f 2750/109/1723 2766/4/1719 2754/4/1727
f 2755/7/1716 2764/7/1718 2753/66/1716
f 2766/8/1719 2764/7/1718 2768/7/1720
f 2767/2/1718 2762/6/1732 2769/6/1733
f 2777/111/1734 2783/2/1718 2773/2/1734
f 2770/114/1735 2774/4/1735 2771/5/1736
f 2771/6/1737 2775/7/1738 2773/2/1739
f 2774/8/1740 2784/7/1741 2775/7/1738
f 2770/10/1742 2777/111/1743 2772/73/1744
f 2771/5/1736 2776/17/1736 2770/114/1735
f 2771/6/1737 2783/2/1718 2785/6/1745
f 2770/116/1742 2780/7/1746 2781/12/1733
f 2771/5/1736 2778/5/1732 2776/17/1736
f 2776/17/1743 2779/2/1747 2777/111/1743
f 2770/114/1735 2782/4/1732 2774/4/1735
f 2775/7/1748 2780/7/1746 2772/73/1748
f 2782/8/1732 2780/7/1746 2784/7/1741
f 2783/2/1718 2778/6/1732 2785/6/1745
f 2793/215/1749 2799/2/1750 2789/2/1749
f 2786/89/1751 2790/4/1751 2787/5/1752
f 2787/6/1737 2791/7/1738 2789/2/1753
f 2791/7/1738 2798/8/1754 2800/7/1720
f 2786/10/1755 2793/215/1756 2788/112/1757
f 2787/5/1752 2792/90/1752 2786/89/1751
f 2789/2/1753 2801/6/1733 2787/6/1737
f 2788/112/1757 2797/12/1758 2786/91/1755
f 2787/5/1752 2794/5/1732 2792/90/1752
f 2793/215/1756 2794/5/1732 2795/2/1759
f 2786/89/1751 2798/4/1754 2790/4/1751
f 2791/7/1748 2796/7/1718 2788/112/1748
f 2798/8/1754 2796/7/1718 2800/7/1720
f 2799/2/1750 2794/6/1732 2801/6/1733
f 2809/216/1749 2815/2/1760 2805/2/1749
f 2802/109/1761 2806/4/1762 2803/5/1752
f 2803/6/1737 2807/7/1738 2805/2/1739
f 2806/8/1740 2816/7/1763 2807/7/1738
f 2802/10/1764 2809/216/1765 2804/217/1766
f 2803/5/1752 2808/122/1752 2802/109/1761
f 2805/2/1739 2817/6/1733 2803/6/1737
f 2804/217/1766 2813/12/1767 2802/110/1764
f 2803/5/1752 2810/5/1768 2808/122/1752
f 2808/122/1769 2811/2/1763 2809/216/1765
f 2802/109/1761 2814/4/1770 2806/4/1762
f 2807/7/1748 2812/7/1771 2804/217/1748
f 2814/8/1770 2812/7/1771 2816/7/1763
f 2815/2/1760 2810/6/1768 2817/6/1733
f 2825/69/1772 2831/2/1773 2821/2/1772
f 2818/211/1774 2822/4/1775 2819/5/1775
f 2819/6/1776 2823/7/1777 2821/2/1778
f 2822/8/1779 2832/7/1780 2823/7/1777
f 2820/22/1781 2824/11/1782 2825/69/1783
f 2819/5/1775 2824/84/1775 2818/211/1774
f 2819/6/1776 2831/2/1773 2833/6/1784
f 2818/212/1785 2828/7/1773 2829/12/1786
f 2819/5/1775 2826/5/1787 2824/84/1775
f 2824/84/1782 2827/2/1788 2825/69/1783
f 2818/211/1774 2830/4/1789 2822/4/1775
f 2823/7/1790 2828/7/1773 2820/22/1791
f 2830/8/1789 2828/7/1773 2832/7/1780
f 2831/2/1773 2826/6/1787 2833/6/1784
f 2841/16/1792 2847/2/1793 2837/2/1792
f 2834/218/1794 2838/4/1775 2835/5/1795
f 2835/6/1778 2839/7/1777 2837/2/1796
f 2838/8/1779 2848/7/1797 2839/7/1777
f 2834/10/1798 2841/16/1799 2836/78/1798
f 2835/5/1795 2840/219/1800 2834/218/1794
f 2835/6/1778 2847/2/1793 2849/6/1801
f 2834/220/1798 2844/7/1802 2845/12/1803
f 2835/5/1795 2842/5/1804 2840/219/1800
f 2840/219/1799 2843/2/1805 2841/16/1799
f 2834/218/1794 2846/4/1804 2838/4/1775
f 2839/7/1790 2844/7/1802 2836/78/1791
f 2846/8/1804 2844/7/1802 2848/7/1797
f 2847/2/1793 2842/6/1804 2849/6/1801
f 2857/221/1772 2863/2/1806 2853/2/1772
f 2850/82/1807 2854/4/1807 2851/5/1808
f 2851/6/1809 2855/7/1777 2853/2/1778
f 2854/8/1810 2864/7/1811 2855/7/1777
f 2850/10/1812 2857/221/1799 2852/18/1813
f 2851/5/1808 2856/182/1814 2850/82/1807
f 2851/6/1809 2863/2/1806 2865/6/1815
f 2850/85/1812 2860/7/1773 2861/12/1786
f 2851/5/1808 2858/5/1787 2856/182/1814
f 2856/182/1799 2859/2/1780 2857/221/1799
f 2850/82/1807 2862/4/1816 2854/4/1807
f 2855/7/1817 2860/7/1773 2852/18/1817
f 2862/8/1816 2860/7/1773 2864/7/1811
f 2863/2/1806 2858/6/1787 2865/6/1815
f 2873/222/1772 2879/2/1818 2869/2/1772
f 2866/223/1775 2870/4/1775 2867/5/1814
f 2867/6/1819 2871/7/1820 2869/2/1821
f 2871/7/1820 2878/8/1787 2880/7/1788
f 2866/10/1822 2873/222/1799 2868/224/1798
f 2867/5/1814 2872/103/1823 2866/223/1775
f 2869/2/1821 2881/6/1784 2867/6/1819
f 2868/224/1798 2877/12/1824 2866/225/1822
f 2867/5/1814 2874/5/1787 2872/103/1823
f 2873/222/1799 2874/5/1787 2875/2/1825
f 2866/223/1775 2878/4/1787 2870/4/1775
f 2871/7/1790 2876/7/1826 2868/224/1791
f 2878/8/1787 2876/7/1826 2880/7/1788
f 2879/2/1818 2874/6/1787 2881/6/1784
f 2887/7/1827 2885/226/1827 2888/9/1827
f 2884/64/1828 2899/2/1829 2890/2/1827
f 2887/7/61 2898/8/1830 2900/7/1831
f 2891/5/1832 2883/113/1832 2892/37/1832
f 2888/9/1833 2882/10/1834 2889/10/1835
f 2893/25/1836 2884/64/1828 2890/2/1827
f 2892/11/1837 2884/64/1828 2893/25/1836
f 2889/39/1835 2882/39/1834 2886/4/1838
f 2890/2/214 2901/6/1839 2891/6/214
f 2885/226/1840 2897/12/1839 2882/38/1834
f 2891/5/1841 2894/5/1830 2883/113/1841
f 2884/64/1828 2894/5/1830 2895/2/1831
f 2882/39/1834 2898/4/1830 2886/4/1838
f 2887/7/1842 2896/7/1843 2885/226/1842
f 2898/8/1830 2896/7/1843 2900/7/1831
f 2899/2/1829 2894/6/1830 2901/6/1844
f 2909/55/1827 2915/2/1843 2905/2/1827
f 2902/14/1845 2906/4/1845 2903/5/1841
f 2903/6/1846 2907/7/1847 2905/2/1848
f 2906/8/1849 2916/7/1831 2907/7/1847
f 2902/10/1850 2909/55/1851 2904/125/1840
f 2903/5/1841 2908/23/1841 2902/14/1845
f 2903/6/1846 2915/2/1843 2917/6/1844
f 2902/13/1850 2912/7/1829 2913/12/1852
f 2903/5/1841 2910/5/1830 2908/23/1841
f 2908/23/1853 2911/2/1831 2909/55/1851
f 2902/14/1845 2914/4/1854 2906/4/1845
f 2907/7/1827 2912/7/1829 2904/125/1827
f 2914/8/1854 2912/7/1829 2916/7/1831
f 2915/2/1843 2910/6/1830 2917/6/1844
f 2925/123/1827 2931/2/1855 2921/2/1827
f 2918/14/1845 2922/4/1845 2919/5/1856
f 2919/6/1857 2923/7/1858 2921/2/1857
f 2923/7/1858 2930/8/1859 2932/7/1860
f 2918/10/1850 2925/123/1851 2920/125/1840
f 2919/5/1856 2924/23/1856 2918/14/1845
f 2921/2/1857 2933/6/1861 2919/6/1857
f 2920/125/1840 2929/12/1862 2918/13/1850
f 2919/5/1856 2926/5/1863 2924/23/1856
f 2925/123/1851 2926/5/1863 2927/2/1864
f 2918/14/1845 2930/4/1859 2922/4/1845
f 2923/7/1865 2928/7/1855 2920/125/1865
f 2930/8/1859 2928/7/1855 2932/7/1860
f 2931/2/1855 2926/6/1863 2933/6/1861
f 2941/1/1866 2947/2/1867 2937/2/1866
f 2934/118/1868 2938/4/1868 2935/5/1856
f 2935/6/1869 2939/7/1858 2937/2/1869
f 2938/8/1858 2948/7/1870 2939/7/1858
f 2934/10/1871 2941/1/1872 2936/57/1873
f 2935/5/1856 2940/122/1856 2934/118/1868
f 2935/6/1869 2947/2/1867 2949/6/1874
f 2934/119/1871 2944/7/1867 2945/12/1874
f 2935/5/1856 2942/5/1830 2940/122/1856
f 2940/122/1875 2943/2/1870 2941/1/1872
f 2934/118/1868 2946/4/1830 2938/4/1868
f 2939/7/1876 2944/7/1867 2936/57/1876
f 2946/8/1830 2944/7/1867 2948/7/1870
f 2947/2/1867 2942/6/1830 2949/6/1874
f 2957/69/1877 2963/2/1878 2953/2/1877
f 2950/227/1879 2954/4/1880 2951/5/1881
f 2951/6/1882 2955/7/1883 2953/2/1884
f 2954/8/1885 2964/7/1886 2955/7/1883
f 2950/10/1887 2957/69/1888 2952/41/1889
f 2951/5/1881 2956/3/1881 2950/227/1879
f 2951/6/1882 2963/2/1878 2965/6/1890
f 2950/228/1887 2960/7/1891 2961/12/1892
f 2951/5/1881 2958/5/1893 2956/3/1881
f 2956/3/1894 2959/2/1886 2957/69/1888
f 2950/227/1879 2962/4/1895 2954/4/1880
f 2955/7/1896 2960/7/1891 2952/41/1896
f 2962/8/1895 2960/7/1891 2964/7/1886
f 2963/2/1878 2958/6/1893 2965/6/1890
f 2973/21/1897 2979/2/1891 2969/2/1898
f 2966/52/1881 2970/4/1881 2967/5/1880
f 2967/6/1899 2971/7/1900 2969/2/1901
f 2971/7/1900 2978/8/1895 2980/7/1886
f 2966/10/1902 2973/21/1888 2968/229/1889
f 2967/5/1880 2972/159/1880 2966/52/1881
f 2969/2/1901 2981/6/1892 2967/6/1899
f 2968/229/1889 2977/12/1903 2966/54/1902
f 2967/5/1880 2974/5/1893 2972/159/1880
f 2973/21/1888 2974/5/1893 2975/2/1886
f 2966/52/1881 2978/4/1895 2970/4/1881
f 2971/7/1904 2976/7/1878 2968/229/1905
f 2978/8/1895 2976/7/1878 2980/7/1886
f 2979/2/1891 2974/6/1893 2981/6/1892
f 2989/16/1906 2995/2/1907 2985/2/1906
f 2982/227/1880 2986/4/1908 2983/5/1881
f 2983/6/1899 2987/7/1909 2985/2/1910
f 2987/7/1909 2994/8/1911 2996/7/1912
f 2982/10/1902 2989/16/1888 2984/41/1902
f 2983/5/1881 2988/3/1881 2982/227/1880
f 2985/2/1910 2997/6/1913 2983/6/1899
f 2984/41/1902 2993/12/1914 2982/228/1902
f 2983/5/1881 2990/5/1911 2988/3/1881
f 2989/16/1888 2990/5/1911 2991/2/1915
f 2982/227/1880 2994/4/1911 2986/4/1908
f 2987/7/1916 2992/7/1907 2984/41/1896
f 2994/8/1911 2992/7/1907 2996/7/1912
f 2995/2/1907 2990/6/1911 2997/6/1913
f 3005/69/1896 3011/2/1891 3001/2/1896
f 2998/230/1917 3002/4/1918 2999/5/1919
f 2999/6/1882 3003/7/1909 3001/2/1884
f 3002/8/1920 3012/7/1886 3003/7/1909
f 2998/10/1921 3005/69/1922 3000/41/1923
f 2999/5/1919 3004/3/1919 2998/230/1917
f 2999/6/1882 3011/2/1891 3013/6/1924
f 2998/231/1921 3008/7/1878 3009/12/1892
f 2999/5/1919 3006/5/1925 3004/3/1919
f 3004/3/1926 3007/2/1927 3005/69/1922
f 2998/230/1917 3010/4/1928 3002/4/1918
f 3003/7/1896 3008/7/1878 3000/41/1896
f 3010/8/1928 3008/7/1878 3012/7/1886
f 3011/2/1891 3006/6/1925 3013/6/1924
f 3019/7/1929 3017/229/1929 3020/9/1929
f 3016/44/1930 3031/2/1931 3022/2/1932
f 3019/7/1933 3030/8/1934 3032/7/1935
f 3023/5/1936 3015/37/1936 3024/37/1936
f 3020/9/1937 3014/10/1938 3021/10/1939
f 3025/25/1940 3016/44/1930 3022/2/1932
f 3024/11/1941 3016/44/1930 3025/25/1940
f 3021/39/1939 3014/39/1938 3018/4/1942
f 3022/2/214 3033/6/1943 3023/6/214
f 3017/229/1944 3029/12/1945 3014/38/1938
f 3023/5/1946 3026/5/1947 3015/37/1948
f 3016/44/1930 3026/5/1947 3027/2/1935
f 3014/39/1938 3030/4/1934 3018/4/1942
f 3019/7/1949 3028/7/1931 3017/229/1950
f 3030/8/1934 3028/7/1931 3032/7/1935
f 3031/2/1931 3026/6/1947 3033/6/1943
f 3041/25/1951 3047/2/1931 3037/2/1951
f 3034/52/1942 3038/4/1942 3035/5/1952
f 3035/6/1953 3039/7/1954 3037/2/1955
f 3038/8/1956 3048/7/1957 3039/7/1954
f 3034/10/1958 3041/25/1959 3036/18/1960
f 3035/5/1952 3040/37/1961 3034/52/1942
f 3035/6/1953 3047/2/1931 3049/6/1962
f 3034/54/1958 3044/7/1963 3045/12/1962
f 3035/5/1952 3042/5/1934 3040/37/1961
f 3040/37/1964 3043/2/1965 3041/25/1959
f 3034/52/1942 3046/4/1934 3038/4/1942
f 3039/7/1966 3044/7/1963 3036/18/1966
f 3046/8/1934 3044/7/1963 3048/7/1957
f 3047/2/1931 3042/6/1934 3049/6/1962
f 3057/25/1932 3063/2/1963 3053/2/1967
f 3050/52/1942 3054/4/1942 3051/5/1952
f 3051/6/1968 3055/7/1954 3053/2/1969
f 3054/8/1970 3064/7/1971 3055/7/1954
f 3050/10/1972 3057/25/1973 3052/9/1974
f 3051/5/1952 3056/23/1961 3050/52/1942
f 3051/6/1968 3063/2/1963 3065/6/1962
f 3050/54/1972 3060/7/1975 3061/12/1976
f 3051/5/1952 3058/5/1934 3056/23/1961
f 3056/23/1977 3059/2/1957 3057/25/1973
f 3050/52/1942 3062/4/1978 3054/4/1942
f 3055/7/1979 3060/7/1975 3052/9/1980
f 3062/8/1978 3060/7/1975 3064/7/1971
f 3063/2/1963 3058/6/1934 3065/6/1962
f 3073/44/1932 3079/2/1963 3069/2/1932
f 3066/223/1981 3070/4/1981 3067/5/1982
f 3067/6/1983 3071/7/1984 3069/2/1985
f 3070/8/1986 3080/7/1957 3071/7/1984
f 3066/10/1987 3073/44/1973 3068/41/1960
f 3067/5/1982 3072/23/1988 3066/223/1981
f 3067/6/1983 3079/2/1963 3081/6/1943
f 3066/225/1987 3076/7/1989 3077/12/1990
f 3067/5/1982 3074/5/1934 3072/23/1988
f 3072/23/1977 3075/2/1957 3073/44/1973
f 3066/223/1981 3078/4/1934 3070/4/1981
f 3071/7/1979 3076/7/1989 3068/41/1980
f 3078/8/1934 3076/7/1989 3080/7/1957
f 3079/2/1963 3074/6/1934 3081/6/1943
s 0
f 3116/35/195 3305/35/158 3306/35/38
f 3138/35/170 3253/35/140 3252/35/38
f 3089/35/1991 3278/35/142 3279/35/50
f 3115/35/191 3304/35/192 3305/35/38
f 3137/35/144 3252/35/145 3251/35/38
f 3088/35/146 3277/35/147 3278/35/50
f 3114/35/163 3303/35/164 3304/35/38
f 3136/35/148 3251/35/149 3250/35/38
f 3087/35/150 3276/35/151 3277/35/50
f 3113/35/168 3302/35/169 3303/35/38
f 3135/35/153 3250/35/1992 3249/35/38
f 3086/35/155 3275/35/156 3276/35/50
f 3112/35/187 3301/35/188 3302/35/38
f 3134/35/157 3249/35/1993 3248/35/38
f 3085/35/197 3274/35/160 3275/35/50
f 3111/35/125 3300/35/125 3301/35/125
f 3133/35/191 3248/35/192 3247/35/38
f 3084/35/196 3272/35/162 3274/35/50
f 3110/35/183 3299/35/184 3300/35/38
f 3132/35/163 3247/35/164 3246/35/38
f 3083/35/165 3273/35/166 3272/35/50
f 3109/35/180 3298/35/181 3299/35/38
f 3131/35/168 3246/35/169 3245/35/38
f 3157/35/177 3235/35/178 3271/35/50
f 3108/35/193 3297/35/1994 3298/35/38
f 3130/35/187 3245/35/1995 3244/35/38
f 3156/35/173 3271/35/174 3270/35/50
f 3107/35/171 3296/35/172 3297/35/38
f 3129/35/125 3244/35/125 3243/35/125
f 3155/35/107 3270/35/108 3269/35/50
f 3106/35/109 3295/35/110 3296/35/38
f 3128/35/183 3243/35/1996 3242/35/38
f 3154/35/113 3269/35/182 3268/35/50
f 3105/35/115 3294/35/1997 3295/35/38
f 3127/35/180 3242/35/181 3241/35/38
f 3153/35/119 3268/35/179 3267/35/50
f 3104/35/123 3293/35/124 3294/35/38
f 3126/35/193 3241/35/1994 3240/35/38
f 3090/35/135 3279/35/136 3280/35/50
f 3139/35/165 3254/35/166 3253/35/50
f 3117/35/153 3306/35/154 3307/35/38
f 3091/35/130 3280/35/131 3281/35/50
f 3140/35/196 3255/35/162 3254/35/50
f 3118/35/148 3307/35/149 3308/35/38
f 3092/35/125 3281/35/125 3282/35/125
f 3141/35/197 3256/35/160 3255/35/50
f 3119/35/144 3308/35/145 3309/35/38
f 3093/35/117 3282/35/118 3283/35/50
f 3142/35/155 3257/35/1998 3256/35/50
f 3082/35/170 3309/35/140 3273/35/38
f 3094/35/111 3283/35/112 3284/35/50
f 3143/35/150 3258/35/167 3257/35/50
f 3095/35/105 3284/35/106 3285/35/50
f 3144/35/146 3259/35/147 3258/35/50
f 3096/35/126 3285/35/127 3286/35/50
f 3145/35/141 3260/35/142 3259/35/50
f 3097/35/119 3286/35/179 3287/35/50
f 3146/35/135 3261/35/136 3260/35/50
f 3121/35/133 3234/35/134 3235/35/38
f 3098/35/113 3287/35/182 3288/35/50
f 3147/35/130 3262/35/131 3261/35/50
f 3120/35/128 3236/35/185 3234/35/38
f 3099/35/107 3288/35/108 3289/35/50
f 3148/35/125 3263/35/125 3262/35/125
f 3122/35/123 3237/35/124 3236/35/38
f 3100/35/173 3289/35/174 3290/35/50
f 3149/35/117 3264/35/118 3263/35/50
f 3123/35/115 3238/35/189 3237/35/38
f 3101/35/177 3290/35/178 3291/35/50
f 3150/35/111 3265/35/112 3264/35/50
f 3124/35/109 3239/35/190 3238/35/38
f 3102/35/133 3291/35/134 3292/35/38
f 3151/35/105 3266/35/106 3265/35/50
f 3125/35/171 3240/35/172 3239/35/38
f 3103/35/128 3292/35/129 3293/35/38
f 3152/35/126 3267/35/127 3266/35/50
s 1
f 3412/232/1999 3418/25/34 3411/233/2000
s 0
f 3415/27/2001 3424/2/37 3423/27/38
s 1
f 3411/233/2000 3416/2/2002 3410/234/2003
f 3408/235/41 3420/11/2004 3412/232/1999
f 3409/236/2005 3413/30/2006 3408/237/41
f 3410/234/2003 3415/27/45 3409/236/2005
s 0
f 3413/30/2007 3422/6/2008 3421/30/38
f 3420/11/48 3421/32/49 3428/11/50
f 3418/25/51 3427/33/52 3426/25/50
f 3416/2/2009 3425/34/2010 3424/2/38
f 3414/6/55 3423/27/56 3422/6/38
f 3419/33/57 3428/11/58 3427/33/50
f 3417/34/59 3426/25/60 3425/34/50
s 1
f 3435/35/2011 3444/35/2012 3443/35/2013
f 3434/35/2014 3441/35/2014 3433/35/2014
f 3432/35/2015 3439/35/2015 3431/35/2015
f 3430/35/69 3438/35/2016 3429/35/68
f 3436/35/2017 3438/35/2018 3444/35/2019
f 3435/35/2020 3442/35/2021 3434/35/2021
f 3433/35/2022 3440/35/2022 3432/35/2023
f 3431/35/2024 3437/35/2025 3430/35/2025
f 3434/35/2026 3451/35/2026 3435/35/2026
f 3432/35/2027 3449/35/2027 3433/35/2027
f 3430/35/2028 3447/35/2029 3431/35/2029
f 3435/35/79 3452/35/79 3436/35/79
f 3433/35/81 3450/35/81 3434/35/81
f 3431/35/82 3448/35/82 3432/35/82
f 3429/35/83 3446/35/83 3430/35/83
f 3436/35/2030 3445/35/2030 3429/35/2030
f 3554/238/2031 3552/239/2032 3551/240/43
f 3554/241/2031 3560/25/34 3553/242/2033
s 0
f 3557/27/36 3566/2/37 3565/27/38
s 1
f 3553/242/2033 3558/2/2034 3552/234/2032
f 3550/235/2035 3562/11/2004 3554/241/2031
f 3551/243/43 3555/30/2006 3550/237/2035
f 3552/234/2032 3557/27/45 3551/243/43
s 0
f 3555/30/2007 3564/6/2008 3563/30/38
f 3562/11/2036 3563/32/2037 3570/11/50
f 3560/25/2038 3569/33/2039 3568/25/50
f 3558/2/53 3567/34/54 3566/2/38
f 3556/6/55 3565/27/2040 3564/6/38
f 3561/33/2041 3570/11/2042 3569/33/50
f 3559/34/2043 3568/25/2044 3567/34/50
s 1
f 3577/35/2045 3586/35/2013 3585/35/2045
f 3576/35/2014 3583/35/2014 3575/35/2014
f 3574/35/2015 3581/35/2015 3573/35/2046
f 3572/35/2047 3580/35/2048 3571/35/2049
f 3578/35/70 3580/35/2050 3586/35/70
f 3577/35/2051 3584/35/2051 3576/35/2021
f 3574/35/2052 3583/35/2022 3582/35/2052
f 3573/35/2053 3579/35/2054 3572/35/2054
f 3576/35/2055 3593/35/2055 3577/35/2055
f 3574/35/2027 3591/35/2027 3575/35/2027
f 3572/35/2056 3589/35/2056 3573/35/2056
f 3577/35/2057 3594/35/2057 3578/35/2057
f 3575/35/2058 3592/35/2058 3576/35/2058
f 3573/35/2059 3590/35/2059 3574/35/2059
f 3571/35/2060 3588/35/2060 3572/35/2060
f 3578/35/2061 3587/35/2061 3571/35/2061
s 0
f 3698/27/2062 3707/2/2063 3706/27/38
s 1
f 3692/244/2064 3702/33/2065 3695/245/2066
f 3694/246/2067 3701/25/2068 3700/34/2069
f 3693/247/2070 3696/30/2071 3692/31/2064
f 3694/246/2067 3698/27/2072 3693/247/2070
s 0
f 3696/30/2073 3705/6/2074 3704/30/38
f 3703/11/2036 3704/32/2037 3711/11/50
f 3701/25/2038 3710/33/2039 3709/25/50
f 3699/2/2075 3708/34/2076 3707/2/38
f 3697/6/2077 3706/27/2078 3705/6/38
f 3702/33/2041 3711/11/2079 3710/33/50
f 3700/34/2080 3709/25/2044 3708/34/50
s 1
f 3718/35/2012 3727/35/2011 3726/35/2081
f 3717/35/2082 3724/35/2083 3716/35/2083
f 3714/35/2084 3723/35/66 3722/35/2085
f 3713/35/2086 3721/35/2086 3712/35/2086
f 3719/35/70 3721/35/70 3727/35/2087
f 3718/35/2088 3725/35/72 3717/35/72
f 3716/35/73 3723/35/2052 3715/35/2052
f 3714/35/74 3720/35/74 3713/35/74
f 3717/35/2026 3734/35/2026 3718/35/2026
f 3716/35/2089 3731/35/2027 3732/35/2089
f 3713/35/2028 3730/35/2090 3714/35/2090
f 3719/35/79 3734/35/79 3735/35/79
f 3717/35/2091 3732/35/2058 3733/35/2091
f 3715/35/82 3730/35/2092 3731/35/82
f 3712/35/2060 3729/35/2060 3713/35/2060
f 3719/35/2061 3728/35/2061 3712/35/2061
s 0
f 3839/27/2093 3848/2/2094 3847/27/38
s 1
f 3835/248/2095 3844/11/2096 3843/33/2097
f 3833/249/2098 3838/6/2099 3832/250/2100
f 3835/248/2095 3841/34/2101 3834/251/2102
f 3836/252/2103 3837/32/2104 3844/11/2105
f 3833/249/2098 3840/2/2106 3839/27/2107
s 0
f 3837/30/2073 3846/6/2074 3845/30/38
f 3844/11/2036 3845/32/2037 3852/11/50
f 3842/25/2108 3851/33/2109 3850/25/50
f 3840/2/2110 3849/34/2111 3848/2/38
f 3838/6/2112 3847/27/2113 3846/6/38
f 3843/33/2041 3852/11/2114 3851/33/50
f 3841/34/2115 3850/25/2116 3849/34/50
s 1
f 3860/35/2013 3867/35/2013 3859/35/2117
f 3857/35/2014 3866/35/2014 3865/35/2014
f 3856/35/2118 3863/35/2119 3855/35/2119
f 3853/35/2120 3861/35/2121 3862/35/2122
f 3853/35/2123 3868/35/2050 3860/35/2050
f 3858/35/2051 3867/35/2124 3866/35/2051
f 3857/35/2022 3864/35/2052 3856/35/2052
f 3854/35/2024 3863/35/2024 3861/35/2024
f 3858/35/2125 3875/35/2125 3859/35/2125
f 3856/35/2126 3873/35/2126 3857/35/2126
f 3854/35/2090 3871/35/2090 3855/35/2090
f 3859/35/79 3876/35/79 3860/35/79
f 3857/35/2127 3874/35/2127 3858/35/2127
f 3855/35/82 3872/35/82 3856/35/82
f 3853/35/2128 3870/35/2128 3854/35/2128
f 3860/35/2129 3869/35/2129 3853/35/2129
f 3978/253/2031 3984/25/2130 3977/254/2131
s 0
f 3981/27/2062 3990/2/2063 3989/27/38
s 1
f 3977/254/2131 3982/2/2132 3976/12/2133
f 3974/28/41 3986/11/2134 3978/253/2031
f 3975/29/2135 3979/30/2136 3974/31/41
f 3976/12/2133 3981/27/45 3975/29/2135
s 0
f 3979/30/2073 3988/6/2074 3987/30/38
f 3986/11/2036 3987/32/2037 3994/11/50
f 3984/25/2137 3993/33/2039 3992/25/50
f 3982/2/2075 3991/34/2076 3990/2/38
f 3980/6/2077 3989/27/2138 3988/6/38
f 3985/33/2041 3994/11/2042 3993/33/50
f 3983/34/2080 3992/25/2044 3991/34/50
s 1
f 4002/35/63 4009/35/63 4001/35/2012
f 4000/35/64 4007/35/2139 3999/35/2139
f 3997/35/66 4006/35/2118 4005/35/66
f 3996/35/2016 4004/35/68 3995/35/68
f 4002/35/70 4004/35/70 4010/35/70
f 4001/35/72 4008/35/72 4000/35/2140
f 3998/35/73 4007/35/73 4006/35/73
f 3997/35/74 4003/35/74 3996/35/74
f 4001/35/2125 4016/35/2125 4017/35/2125
f 3998/35/2027 4015/35/2027 3999/35/2027
f 3996/35/2090 4013/35/2090 3997/35/2090
f 4001/35/79 4018/35/79 4002/35/79
f 3999/35/80 4016/35/80 4000/35/80
f 3997/35/82 4014/35/82 3998/35/82
f 3995/35/2060 4012/35/2060 3996/35/2060
f 4002/35/2141 4011/35/2141 3995/35/2141
f 4119/255/2142 4127/33/2143 4126/25/2144
s 0
f 4123/27/36 4132/2/37 4131/27/38
s 1
f 4117/249/2145 4122/6/2099 4116/256/2146
f 4119/255/2142 4125/34/2147 4118/257/2148
f 4120/258/2149 4121/32/2150 4128/11/2151
f 4117/249/2145 4124/2/2152 4123/27/2153
s 0
f 4121/30/2007 4130/6/2008 4129/30/38
f 4128/11/2036 4129/32/2037 4136/11/50
f 4126/25/2038 4135/33/2039 4134/25/50
f 4124/2/53 4133/34/54 4132/2/38
f 4122/6/55 4131/27/56 4130/6/38
f 4127/33/2041 4136/11/2042 4135/33/50
f 4125/34/2080 4134/25/2044 4133/34/50
s 1
f 4144/35/2012 4151/35/2081 4143/35/2081
f 4141/35/2154 4150/35/2154 4149/35/2154
f 4139/35/2084 4148/35/2084 4147/35/2084
f 4138/35/2016 4146/35/2155 4137/35/2156
f 4144/35/70 4146/35/2017 4152/35/70
f 4143/35/2157 4150/35/2158 4142/35/72
f 4140/35/2159 4149/35/2160 4148/35/2161
f 4139/35/2025 4145/35/2162 4138/35/2162
f 4142/35/2026 4159/35/2026 4143/35/2026
f 4140/35/2027 4157/35/2027 4141/35/2027
f 4138/35/2029 4155/35/2029 4139/35/2029
f 4143/35/2163 4160/35/2163 4144/35/2163
f 4141/35/2164 4158/35/2164 4142/35/2164
f 4139/35/2165 4156/35/2165 4140/35/2165
f 4137/35/83 4154/35/83 4138/35/83
f 4144/35/2061 4153/35/2061 4137/35/2061
f 4263/259/2166 4271/33/2167 4270/25/2168
s 0
f 4267/27/36 4276/2/37 4275/27/38
s 1
f 4263/259/2166 4268/2/2169 4262/234/2170
f 4263/259/2166 4270/25/2168 4269/34/2171
f 4260/235/2172 4272/11/42 4264/260/2173
f 4261/261/2174 4265/30/2175 4260/237/2172
f 4262/234/2170 4267/27/45 4261/261/2174
s 0
f 4265/30/46 4274/6/47 4273/30/38
f 4272/11/2036 4273/32/2037 4280/11/50
f 4270/25/2038 4279/33/2039 4278/25/50
f 4268/2/53 4277/34/54 4276/2/38
f 4266/6/55 4275/27/56 4274/6/38
f 4271/33/2041 4280/11/2042 4279/33/50
f 4269/34/2080 4278/25/2176 4277/34/50
s 1
f 4288/35/2081 4295/35/2012 4287/35/2011
f 4285/35/2154 4294/35/2139 4293/35/2177
f 4283/35/2118 4292/35/66 4291/35/67
f 4282/35/2086 4290/35/2178 4281/35/2179
f 4288/35/70 4290/35/70 4296/35/70
f 4287/35/72 4294/35/2157 4286/35/2157
f 4285/35/73 4292/35/73 4284/35/73
f 4283/35/74 4289/35/74 4282/35/74
f 4286/35/2026 4303/35/2026 4287/35/2026
f 4284/35/2027 4301/35/2027 4285/35/2027
f 4282/35/2029 4299/35/2029 4283/35/2029
f 4287/35/2163 4304/35/2163 4288/35/2163
f 4285/35/81 4302/35/81 4286/35/81
f 4283/35/82 4300/35/82 4284/35/82
f 4281/35/2180 4298/35/2180 4282/35/2180
f 4288/35/2061 4297/35/2061 4281/35/2061
f 4404/262/2181 4410/25/2130 4403/263/2182
s 0
f 4407/27/36 4416/2/37 4415/27/38
s 1
f 4403/263/2182 4408/2/2183 4402/264/2184
f 4402/264/2184 4406/6/2185 4401/265/2186
f 4401/235/2186 4412/11/2187 4404/262/2181
s 0
f 4405/30/2007 4414/6/2008 4413/30/38
f 4412/11/48 4413/32/49 4420/11/50
f 4410/25/51 4419/33/52 4418/25/50
f 4408/2/53 4417/34/54 4416/2/38
f 4406/6/55 4415/27/56 4414/6/38
f 4411/33/2188 4420/11/58 4419/33/50
f 4409/34/59 4418/25/60 4417/34/50
s 1
f 4427/35/2011 4436/35/63 4435/35/2011
f 4426/35/2189 4433/35/64 4425/35/64
f 4423/35/2118 4432/35/66 4431/35/2118
f 4422/35/2190 4430/35/2086 4421/35/2086
f 4428/35/70 4430/35/70 4436/35/2087
f 4427/35/72 4434/35/72 4426/35/72
f 4425/35/73 4432/35/73 4424/35/73
f 4422/35/74 4431/35/74 4429/35/74
f 4427/35/2026 4442/35/2026 4443/35/2026
f 4424/35/2027 4441/35/2027 4425/35/2027
f 4422/35/2029 4439/35/2029 4423/35/2029
f 4428/35/79 4443/35/79 4444/35/79
f 4425/35/81 4442/35/81 4426/35/81
f 4423/35/82 4440/35/82 4424/35/82
f 4422/35/83 4437/35/2060 4438/35/83
f 4428/35/2061 4437/35/2061 4421/35/2061
f 4545/266/2191 4551/25/2192 4544/38/2193
s 0
f 4548/27/36 4557/2/2194 4556/27/38
s 1
f 4544/38/2193 4550/34/2195 4543/267/2196
f 4541/28/2197 4553/11/2198 4545/266/2191
f 4542/268/2199 4546/30/2136 4541/31/2197
f 4543/267/2196 4548/27/2200 4542/268/2199
s 0
f 4546/30/2073 4555/6/2074 4554/30/38
f 4553/11/2036 4554/32/2037 4561/11/50
f 4551/25/2038 4560/33/2039 4559/25/50
f 4549/2/2075 4558/34/2201 4557/2/38
f 4547/6/55 4556/27/2040 4555/6/38
f 4552/33/2041 4561/11/2079 4560/33/50
f 4550/34/2043 4559/25/2044 4558/34/50
s 1
f 4568/35/2013 4577/35/2013 4576/35/2013
f 4567/35/2014 4574/35/2014 4566/35/2014
f 4564/35/2015 4573/35/2202 4572/35/2015
f 4563/35/2048 4571/35/2047 4562/35/2047
f 4569/35/2050 4571/35/2050 4577/35/2050
f 4568/35/2021 4575/35/2051 4567/35/2051
f 4565/35/2022 4574/35/2052 4573/35/2022
f 4564/35/2053 4570/35/2024 4563/35/2024
f 4567/35/2026 4584/35/2026 4568/35/2026
f 4565/35/2027 4582/35/2027 4566/35/2027
f 4563/35/2029 4580/35/2029 4564/35/2029
f 4568/35/79 4585/35/79 4569/35/79
f 4566/35/2058 4583/35/2058 4567/35/2058
f 4564/35/2165 4581/35/2165 4565/35/2165
f 4562/35/83 4579/35/83 4563/35/83
f 4569/35/2061 4578/35/2061 4562/35/2061
f 4687/269/2203 4693/25/2204 4686/255/2205
s 0
f 4690/27/36 4699/2/2194 4698/27/38
s 1
f 4686/255/2205 4692/34/2206 4685/270/2207
f 4683/235/2208 4695/11/2209 4687/269/2203
f 4683/237/2208 4689/6/2210 4688/30/2061
f 4684/271/2211 4691/2/2212 4690/27/2213
s 0
f 4688/30/46 4697/6/47 4696/30/38
f 4695/11/2214 4696/32/2215 4703/11/50
f 4693/25/51 4702/33/52 4701/25/50
f 4691/2/53 4700/34/54 4699/2/38
f 4689/6/55 4698/27/2040 4697/6/38
f 4694/33/57 4703/11/58 4702/33/50
f 4692/34/2216 4701/25/60 4700/34/50
s 1
f 4710/35/63 4719/35/2011 4718/35/63
f 4708/35/2139 4717/35/2139 4716/35/2139
f 4706/35/66 4715/35/2118 4714/35/66
f 4705/35/2086 4713/35/2086 4704/35/68
f 4711/35/70 4713/35/70 4719/35/70
f 4710/35/72 4717/35/72 4709/35/72
f 4708/35/73 4715/35/73 4707/35/73
f 4706/35/74 4712/35/74 4705/35/74
f 4709/35/2026 4726/35/2026 4710/35/2026
f 4707/35/2089 4724/35/2089 4708/35/2089
f 4705/35/2029 4722/35/2029 4706/35/2029
f 4710/35/79 4727/35/79 4711/35/79
f 4708/35/81 4725/35/81 4709/35/81
f 4706/35/82 4723/35/82 4707/35/82
f 4704/35/2060 4721/35/2060 4705/35/2060
f 4711/35/2030 4720/35/2030 4704/35/2030
f 4828/266/2217 4834/25/2130 4827/272/2218
s 0
f 4831/27/36 4840/2/2194 4839/27/38
s 1
f 4827/272/2218 4832/2/2219 4826/273/2220
f 4826/273/2220 4830/6/2221 4825/274/2222
f 4825/28/2222 4836/11/2187 4828/266/2217
s 0
f 4829/30/46 4838/6/47 4837/30/38
f 4836/11/2036 4837/32/2037 4844/11/50
f 4834/25/2038 4843/33/2039 4842/25/50
f 4832/2/53 4841/34/54 4840/2/38
f 4830/6/55 4839/27/56 4838/6/38
f 4835/33/2041 4844/11/2079 4843/33/50
f 4833/34/2080 4842/25/2176 4841/34/50
s 1
f 4851/35/62 4860/35/2012 4859/35/62
f 4850/35/2139 4857/35/2154 4849/35/2154
f 4848/35/66 4855/35/67 4847/35/67
f 4846/35/2086 4854/35/2086 4845/35/2086
f 4852/35/70 4854/35/70 4860/35/70
f 4851/35/72 4858/35/2157 4850/35/2157
f 4848/35/73 4857/35/73 4856/35/73
f 4847/35/74 4853/35/74 4846/35/74
f 4850/35/2223 4867/35/2223 4851/35/2223
f 4849/35/2089 4864/35/2224 4865/35/2089
f 4846/35/2225 4863/35/2225 4847/35/2225
f 4851/35/2226 4868/35/2226 4852/35/2226
f 4849/35/2227 4866/35/2227 4850/35/2227
f 4848/35/2165 4863/35/82 4864/35/2165
f 4845/35/2060 4862/35/2060 4846/35/2060
f 4845/35/2228 4868/35/2030 4861/35/2228
f 4969/275/2229 4975/25/2230 4968/255/2231
s 0
f 4972/27/2232 4981/2/2233 4980/27/38
s 1
f 4966/249/2234 4971/6/2235 4965/276/2236
f 4968/255/2231 4974/34/2206 4967/277/2237
f 4965/235/2236 4977/11/2238 4969/275/2229
f 4966/249/2234 4973/2/2239 4972/27/2107
s 0
f 4970/30/46 4979/6/47 4978/30/38
f 4977/11/2214 4978/32/2215 4985/11/50
f 4975/25/2240 4984/33/2039 4983/25/50
f 4973/2/53 4982/34/54 4981/2/38
f 4971/6/55 4980/27/56 4979/6/38
f 4976/33/2041 4985/11/2042 4984/33/50
f 4974/34/2216 4983/25/60 4982/34/50
s 1
f 4993/35/63 5000/35/63 4992/35/63
f 4991/35/2241 4998/35/2139 4990/35/2139
f 4988/35/2118 4997/35/2118 4996/35/67
f 4987/35/2086 4995/35/2086 4986/35/2086
f 4993/35/71 4995/35/71 5001/35/2242
f 4992/35/72 4999/35/72 4991/35/72
f 4989/35/73 4998/35/73 4997/35/73
f 4988/35/74 4994/35/74 4987/35/74
f 4991/35/2026 5008/35/2026 4992/35/2026
f 4989/35/2027 5006/35/2027 4990/35/2027
f 4987/35/2029 5004/35/2029 4988/35/2029
f 4992/35/79 5009/35/79 4993/35/79
f 4990/35/2091 5007/35/2091 4991/35/2091
f 4988/35/2165 5005/35/2165 4989/35/2165
f 4986/35/2180 5003/35/2180 4987/35/2180
f 4993/35/2061 5002/35/2061 4986/35/2061
f 5111/278/2243 5117/25/34 5110/254/35
s 0
f 5114/27/2232 5123/2/2233 5122/27/38
s 1
f 5110/254/35 5115/2/2034 5109/12/2244
f 5107/28/2035 5119/11/2134 5111/278/2243
f 5108/279/2135 5112/30/2245 5107/31/2035
f 5109/12/2244 5114/27/45 5108/279/2135
s 0
f 5112/30/2007 5121/6/2008 5120/30/38
f 5119/11/2036 5120/32/2037 5127/11/50
f 5117/25/2038 5126/33/2039 5125/25/50
f 5115/2/53 5124/34/54 5123/2/38
f 5113/6/55 5122/27/2040 5121/6/38
f 5118/33/2041 5127/11/2079 5126/33/50
f 5116/34/2043 5125/25/2044 5124/34/50
s 1
f 5134/35/63 5143/35/2011 5142/35/63
f 5133/35/2139 5140/35/2139 5132/35/2082
f 5130/35/66 5139/35/2118 5138/35/66
f 5129/35/2016 5137/35/2086 5128/35/2086
f 5135/35/70 5137/35/70 5143/35/70
f 5134/35/72 5141/35/72 5133/35/72
f 5132/35/2246 5139/35/73 5131/35/73
f 5130/35/74 5136/35/74 5129/35/2247
f 5134/35/2026 5149/35/2248 5150/35/2026
f 5131/35/2027 5148/35/2027 5132/35/2027
f 5129/35/2029 5146/35/2028 5130/35/2028
f 5134/35/2163 5151/35/2249 5135/35/2249
f 5133/35/2250 5148/35/81 5149/35/2251
f 5130/35/82 5147/35/82 5131/35/82
f 5128/35/2060 5145/35/2060 5129/35/2060
f 5135/35/2061 5144/35/2061 5128/35/2061
f 5252/255/2252 5260/33/2143 5259/25/2144
s 0
f 5256/27/36 5265/2/2194 5264/27/38
s 1
f 5252/255/2252 5258/34/2147 5251/280/2253
f 5253/281/2254 5254/32/2255 5261/11/2256
f 5249/237/2257 5255/6/2258 5254/30/2030
f 5251/280/2253 5256/27/2259 5250/282/2260
s 0
f 5254/30/2073 5263/6/2074 5262/30/38
f 5261/11/2036 5262/32/2037 5269/11/50
f 5259/25/2038 5268/33/2039 5267/25/50
f 5257/2/2075 5266/34/2201 5265/2/38
f 5255/6/55 5264/27/2040 5263/6/38
f 5260/33/2041 5269/11/2079 5268/33/50
f 5258/34/2043 5267/25/2044 5266/34/50
s 1
f 5277/35/63 5284/35/63 5276/35/2011
f 5275/35/2261 5282/35/64 5274/35/2262
f 5273/35/2084 5280/35/2084 5272/35/2263
f 5271/35/2264 5279/35/68 5270/35/2265
f 5277/35/2266 5279/35/2019 5285/35/2266
f 5276/35/72 5283/35/72 5275/35/72
f 5273/35/2161 5282/35/2246 5281/35/2267
f 5272/35/74 5278/35/2162 5271/35/2162
f 5275/35/2026 5292/35/2026 5276/35/2026
f 5274/35/2089 5289/35/2027 5290/35/2089
f 5271/35/2090 5288/35/2268 5272/35/2268
f 5276/35/2163 5293/35/2163 5277/35/2163
f 5275/35/81 5290/35/81 5291/35/80
f 5272/35/2165 5289/35/2165 5273/35/2165
f 5270/35/83 5287/35/83 5271/35/83
f 5277/35/2061 5286/35/2061 5270/35/2061
f 5394/278/2269 5400/25/2130 5393/283/2270
s 0
f 5397/27/2062 5406/2/2063 5405/27/38
s 1
f 5393/283/2270 5398/2/2002 5392/12/2271
f 5390/28/2272 5402/11/2209 5394/278/2269
f 5391/29/2273 5395/30/2175 5390/31/2272
f 5392/12/2271 5397/27/2274 5391/29/2273
s 0
f 5395/30/2073 5404/6/2074 5403/30/38
f 5402/11/2036 5403/32/2037 5410/11/50
f 5400/25/2038 5409/33/2039 5408/25/50
f 5398/2/2075 5407/34/2201 5406/2/38
f 5396/6/2077 5405/27/2138 5404/6/38
f 5401/33/2041 5410/11/2042 5409/33/50
f 5399/34/2043 5408/25/2044 5407/34/50
s 1
f 5418/35/63 5425/35/63 5417/35/63
f 5416/35/2139 5423/35/2139 5415/35/2139
f 5414/35/66 5421/35/66 5413/35/66
f 5412/35/2120 5420/35/2016 5411/35/2086
f 5418/35/2242 5420/35/70 5426/35/2019
f 5417/35/2158 5424/35/72 5416/35/72
f 5415/35/73 5422/35/73 5414/35/73
f 5413/35/74 5419/35/74 5412/35/74
f 5416/35/2107 5433/35/2107 5417/35/2107
f 5414/35/2089 5431/35/2089 5415/35/2089
f 5412/35/78 5429/35/78 5413/35/78
f 5417/35/2275 5434/35/2275 5418/35/2275
f 5415/35/81 5432/35/81 5416/35/81
f 5413/35/82 5430/35/82 5414/35/82
f 5411/35/83 5428/35/83 5412/35/83
f 5418/35/2030 5427/35/2030 5411/35/2030
f 5535/284/2276 5541/25/2277 5534/285/2278
s 0
f 5538/27/36 5547/2/37 5546/27/38
s 1
f 5533/12/2279 5540/34/2280 5539/2/2281
f 5534/285/2278 5541/25/2277 5540/34/2282
f 5531/28/2283 5543/11/2284 5535/284/2276
f 5532/286/2285 5536/30/44 5531/31/2283
f 5533/12/2279 5538/27/45 5532/286/2285
s 0
f 5536/30/2007 5545/6/2008 5544/30/38
f 5543/11/48 5544/32/49 5551/11/50
f 5541/25/2240 5550/33/2039 5549/25/50
f 5539/2/53 5548/34/54 5547/2/38
f 5537/6/2286 5546/27/56 5545/6/38
f 5542/33/2041 5551/11/2042 5550/33/50
f 5540/34/2216 5549/25/60 5548/34/50
s 1
f 5559/35/2011 5566/35/2045 5558/35/2045
f 5557/35/2082 5564/35/2287 5556/35/2287
f 5555/35/2015 5562/35/2015 5554/35/2202
f 5553/35/2047 5561/35/2047 5552/35/2047
f 5552/35/2050 5567/35/2288 5559/35/2288
f 5558/35/2020 5565/35/72 5557/35/2158
f 5556/35/2022 5563/35/2052 5555/35/73
f 5554/35/2053 5560/35/2054 5553/35/2054
f 5558/35/2289 5573/35/2026 5574/35/2223
f 5555/35/2089 5572/35/2089 5556/35/2089
f 5553/35/2090 5570/35/2090 5554/35/2090
f 5559/35/79 5574/35/2057 5575/35/79
f 5556/35/81 5573/35/81 5557/35/81
f 5554/35/2165 5571/35/2165 5555/35/2165
f 5552/35/2290 5569/35/2290 5553/35/2290
f 5552/35/2228 5575/35/85 5568/35/2228
f 5677/24/2291 5683/25/2130 5676/283/35
s 0
f 5680/27/36 5689/2/37 5688/27/38
s 1
f 5676/283/35 5681/2/2034 5675/12/2032
f 5673/28/2292 5685/11/2004 5677/24/2291
f 5674/29/2174 5678/30/2293 5673/31/2292
f 5675/12/2032 5680/27/45 5674/29/2174
s 0
f 5678/30/2007 5687/6/2008 5686/30/38
f 5685/11/48 5686/32/49 5693/11/50
f 5683/25/51 5692/33/52 5691/25/50
f 5681/2/2009 5690/34/2010 5689/2/38
f 5679/6/2286 5688/27/56 5687/6/38
f 5684/33/57 5693/11/58 5692/33/50
f 5682/34/59 5691/25/60 5690/34/50
s 1
f 5700/35/63 5709/35/63 5708/35/63
f 5699/35/2139 5706/35/2139 5698/35/2139
f 5696/35/2118 5705/35/66 5704/35/67
f 5695/35/2264 5703/35/68 5694/35/2086
f 5701/35/71 5703/35/70 5709/35/71
f 5700/35/72 5707/35/72 5699/35/72
f 5697/35/73 5706/35/2246 5705/35/73
f 5696/35/74 5702/35/74 5695/35/74
f 5699/35/2026 5716/35/2026 5700/35/2026
f 5697/35/2027 5714/35/2027 5698/35/2027
f 5695/35/2090 5712/35/2090 5696/35/2090
f 5700/35/2163 5717/35/2163 5701/35/2163
f 5698/35/81 5715/35/81 5699/35/81
f 5696/35/82 5713/35/82 5697/35/82
f 5694/35/83 5711/35/83 5695/35/83
f 5701/35/2061 5710/35/2061 5694/35/2061
f 5818/287/2294 5824/25/2204 5817/38/2295
s 0
f 5821/27/36 5830/2/37 5829/27/38
s 1
f 5817/38/2295 5823/34/2296 5816/288/2297
f 5814/28/2298 5826/11/2004 5818/287/2294
f 5815/29/2299 5819/30/2175 5814/31/2298
f 5816/288/2297 5821/27/2300 5815/29/2299
s 0
f 5819/30/2007 5828/6/2008 5827/30/38
f 5826/11/2036 5827/32/2037 5834/11/50
f 5824/25/2038 5833/33/2039 5832/25/50
f 5822/2/53 5831/34/54 5830/2/38
f 5820/6/55 5829/27/56 5828/6/38
f 5825/33/2041 5834/11/2079 5833/33/50
f 5823/34/2043 5832/25/2044 5831/34/50
s 1
f 5/289/2301 4/290/2302 6/291/2303
f 5841/35/63 5850/35/63 5849/35/2304
f 5840/35/64 5847/35/64 5839/35/64
f 5838/35/66 5845/35/66 5837/35/2118
f 5836/35/2120 5844/35/68 5835/35/68
f 5842/35/2019 5844/35/2019 5850/35/2242
f 5841/35/72 5848/35/72 5840/35/2158
f 5838/35/2161 5847/35/73 5846/35/2159
f 5837/35/74 5843/35/74 5836/35/2305
f 5840/35/2026 5857/35/2026 5841/35/2026
f 5838/35/2027 5855/35/2027 5839/35/2027
f 5836/35/2029 5853/35/2029 5837/35/2029
f 5841/35/2163 5858/35/2163 5842/35/2163
f 5839/35/81 5856/35/81 5840/35/81
f 5837/35/2165 5854/35/2165 5838/35/2165
f 5835/35/83 5852/35/83 5836/35/83
f 5842/35/2030 5851/35/2030 5835/35/2030
f 5864/7/2306 5862/292/2306 5865/9/2306
f 5861/123/2307 5876/2/2308 5867/2/2309
f 5863/8/61 5877/7/2310 5864/7/61
f 5868/5/2311 5860/71/2311 5869/37/2311
f 5865/9/2312 5859/10/2313 5866/10/2314
f 5870/25/2315 5861/123/2307 5867/2/2309
f 5869/11/2316 5861/123/2307 5870/25/2315
f 5866/39/2314 5859/52/2313 5863/4/2317
f 5868/6/209 5876/2/2308 5878/6/2318
f 5859/54/2313 5873/7/2308 5874/12/2318
f 5868/5/2319 5871/5/2320 5860/71/2319
f 5860/71/2321 5872/2/2322 5861/123/2307
f 5859/52/2313 5875/4/2320 5863/4/2317
f 5864/7/2306 5873/7/2308 5862/292/2306
f 5875/8/2320 5873/7/2308 5877/7/2310
f 5876/2/2308 5871/6/2320 5878/6/2318
f 5886/121/2323 5892/2/2324 5882/2/2325
f 5879/62/2326 5883/4/2326 5880/5/2326
f 5880/6/2327 5884/7/2328 5882/2/2329
f 5883/8/2330 5893/7/2331 5884/7/2328
f 5879/10/2332 5886/121/2333 5881/15/2334
f 5880/5/2326 5885/3/2326 5879/62/2326
f 5880/6/2327 5892/2/2324 5894/6/2335
f 5879/63/2332 5889/7/2324 5890/12/2336
f 5880/5/2326 5887/5/2320 5885/3/2326
f 5885/3/2337 5888/2/2322 5886/121/2333
f 5879/62/2326 5891/4/2338 5883/4/2326
f 5884/7/2339 5889/7/2324 5881/15/2339
f 5891/8/2338 5889/7/2324 5893/7/2331
f 5892/2/2324 5887/6/2320 5894/6/2335
f 5902/55/2306 5908/2/2340 5898/2/2306
f 5895/135/2341 5899/4/2341 5896/5/2342
f 5896/6/2343 5900/7/2344 5898/2/2345
f 5900/7/2344 5907/8/2346 5909/7/2331
f 5895/10/2347 5902/55/2348 5897/130/2349
f 5896/5/2342 5901/103/2350 5895/135/2341
f 5898/2/2345 5910/6/2351 5896/6/2343
f 5897/130/2349 5906/12/2352 5895/136/2347
f 5896/5/2342 5903/5/2346 5901/103/2350
f 5902/55/2348 5903/5/2346 5904/2/2331
f 5895/135/2341 5907/4/2346 5899/4/2341
f 5900/7/2309 5905/7/2353 5897/130/2309
f 5907/8/2346 5905/7/2353 5909/7/2331
f 5908/2/2340 5903/6/2346 5910/6/2351
f 5918/121/2309 5924/2/2354 5914/2/2309
f 5911/293/2355 5915/4/2356 5912/5/2357
f 5912/6/2358 5916/7/2359 5914/2/2360
f 5915/8/2361 5925/7/2362 5916/7/2359
f 5911/10/2347 5918/121/2348 5913/15/2363
f 5912/5/2357 5917/90/2364 5911/293/2355
f 5912/6/2358 5924/2/2354 5926/6/2365
f 5911/294/2347 5921/7/2354 5922/12/2366
f 5912/5/2357 5919/5/2367 5917/90/2364
f 5917/90/2368 5920/2/2362 5918/121/2348
f 5911/293/2355 5923/4/2367 5915/4/2356
f 5916/7/2369 5921/7/2354 5913/15/2370
f 5923/8/2367 5921/7/2354 5925/7/2362
f 5924/2/2354 5919/6/2367 5926/6/2365
f 2/295/2371 3/296/2372 1/30/2373
f 8/297/2374 9/298/2375 7/299/2376
f 10/300/2377 11/301/2378 9/298/2375
f 12/302/2379 13/303/2380 11/301/2378
f 20/304/2381 21/305/2382 18/306/2383
f 28/307/2384 29/308/2385 26/309/2386
f 30/310/2387 31/311/2388 29/308/2385
f 36/312/2389 1/313/2373 35/314/2390
s 0
f 72/315/2391 134/316/2392 136/315/38
f 98/317/2393 160/318/2394 162/317/38
s 1
f 38/319/61 1/320/2373 3/321/2372
f 39/322/209 2/323/2371 40/324/209
f 38/319/61 3/321/2372 41/325/61
f 39/322/209 4/326/2302 2/323/2371
f 43/327/61 3/321/2372 5/328/2301
f 44/329/209 4/326/2302 42/330/209
f 43/327/61 5/328/2301 45/331/61
f 47/332/61 5/328/2301 7/333/2376
f 48/334/209 6/335/2303 46/336/209
f 49/337/61 7/333/2376 9/338/2375
f 50/339/209 8/340/2374 48/334/209
f 49/337/61 9/338/2375 51/341/61
f 50/339/209 10/342/2377 8/340/2374
f 51/341/61 11/343/2378 53/344/61
f 53/344/61 11/343/2378 55/345/61
f 54/346/209 12/347/2379 10/342/2377
f 57/348/61 11/343/2378 13/349/2380
f 58/350/209 12/347/2379 56/351/209
f 59/352/61 13/349/2380 14/353/2395
f 60/354/209 12/347/2379 58/350/209
f 59/352/61 14/353/2395 61/355/61
f 63/356/61 14/353/2395 16/357/2396
f 64/358/209 15/359/2397 62/360/209
f 63/356/61 16/357/2396 65/361/228
f 67/362/61 16/357/2396 18/363/2383
f 68/364/209 17/365/2398 66/366/209
f 67/362/61 18/363/2383 69/367/61
f 68/364/209 20/368/2381 19/369/2399
f 71/370/61 18/363/2383 21/371/2382
f 72/315/214 20/368/2381 70/316/209
f 71/370/61 22/372/2400 73/373/61
f 72/315/214 23/374/2401 20/368/2381
f 76/375/209 23/374/2401 74/376/214
f 75/377/61 24/378/2402 77/379/61
f 76/375/209 25/380/2403 23/374/2401
f 80/381/209 25/380/2403 78/382/209
f 79/383/61 26/384/2386 81/385/61
f 80/381/209 27/386/2404 25/380/2403
f 81/385/61 26/384/2386 83/387/61
f 82/388/209 28/389/2384 27/386/2404
f 85/390/61 26/384/2386 29/391/2385
f 86/392/209 28/389/2384 84/393/209
f 85/390/61 29/391/2385 87/394/61
f 86/392/209 30/395/2387 28/389/2384
f 89/396/61 29/391/2385 31/397/2388
f 90/398/209 30/395/2387 88/399/209
f 89/396/61 31/397/2388 91/400/61
f 90/398/209 32/401/2405 30/395/2387
f 91/400/61 33/402/2406 93/403/228
f 92/404/214 34/405/2407 32/401/2405
f 96/318/209 34/405/2407 94/406/209
f 95/407/61 35/408/2390 97/409/61
f 98/317/209 34/405/2407 96/318/209
f 99/410/61 35/408/2390 1/320/2373
f 100/411/209 36/412/2389 98/317/209
f 99/410/61 1/320/2373 37/413/61
f 100/411/209 2/323/2371 36/412/2389
f 139/377/2408 242/414/2409 137/373/2410
f 101/413/2411 248/415/2412 163/410/2413
s 0
f 46/336/2414 108/329/2415 110/336/50
f 97/409/2416 163/410/2417 161/409/50
f 71/370/2418 137/373/2419 135/370/50
f 45/331/2420 111/332/2421 109/331/38
f 100/411/2422 162/317/2423 164/411/38
f 74/376/2424 136/315/2425 138/376/38
f 48/334/2426 110/336/2427 112/334/50
f 99/410/2428 101/413/2429 163/410/50
f 73/373/2430 139/377/2431 137/373/50
f 47/332/2432 113/337/2433 111/332/38
f 40/324/2434 164/411/2435 104/324/38
f 76/375/2436 138/376/2437 140/375/38
f 50/339/2438 112/334/2439 114/339/50
f 75/377/2440 141/379/2441 139/377/50
f 49/337/2442 115/341/2443 113/337/38
f 78/382/2444 140/375/2445 142/382/38
f 52/416/2446 114/339/2447 116/416/50
f 77/379/2448 143/383/2449 141/379/50
f 51/341/2450 117/344/2451 115/341/38
f 80/381/2452 142/382/2453 144/381/38
f 54/346/2454 116/416/2455 118/346/50
f 79/383/2456 145/385/2457 143/383/50
f 53/344/2458 119/345/2459 117/344/38
f 82/388/2460 144/381/2461 146/388/38
f 56/351/2462 118/346/2463 120/351/50
f 81/385/2446 147/387/2447 145/385/50
f 55/345/2464 121/348/2465 119/345/38
f 84/393/2442 146/388/2443 148/393/38
f 58/350/2466 120/351/2467 122/350/50
f 83/387/2454 149/390/2455 147/387/50
f 57/348/2468 123/352/2469 121/348/38
f 86/392/2450 148/393/2451 150/392/38
f 60/354/2470 122/350/2471 124/354/50
f 85/390/2462 151/394/2463 149/390/50
f 59/352/2472 125/355/2473 123/352/38
f 88/399/2458 150/392/2459 152/399/38
f 62/360/2474 124/354/2475 126/360/50
f 87/394/2466 153/396/2476 151/394/50
f 61/355/2477 127/356/2478 125/355/38
f 90/398/2464 152/399/2465 154/398/38
f 64/358/2479 126/360/2480 128/358/50
f 89/396/2481 155/400/2482 153/396/50
f 63/356/2483 129/361/2484 127/356/38
f 37/413/2485 102/319/2486 101/413/38
f 92/404/2487 154/398/2488 156/404/38
f 66/366/2489 128/358/2490 130/366/50
f 39/322/2491 104/324/2492 103/322/50
f 91/400/2493 157/403/2494 155/400/50
f 65/361/2495 131/362/2496 129/361/38
f 38/319/2497 105/325/2498 102/319/38
f 94/406/2499 156/404/2500 158/406/38
f 68/364/2501 130/366/2502 132/364/50
f 42/330/2503 103/322/2504 106/330/50
f 93/403/2505 159/407/2506 157/403/50
f 67/362/2507 133/367/2508 131/362/38
f 41/325/2436 107/327/2509 105/325/38
f 96/318/2510 158/406/2511 160/318/38
f 70/316/2512 132/364/2513 134/316/50
f 44/329/2514 106/330/2515 108/329/50
f 95/407/2516 161/409/2517 159/407/50
f 69/367/2518 135/370/2519 133/367/50
f 43/327/2520 109/331/2521 107/327/38
s 1
f 168/417/2522 216/418/2523 167/419/2524
f 186/373/2525 258/420/2526 184/421/2527
f 113/337/2528 236/422/2529 111/332/2530
f 164/411/2531 215/423/2532 104/324/2533
f 138/376/2534 209/424/2535 140/375/2536
f 112/334/2537 203/425/2538 114/339/2539
f 141/379/2540 243/426/2541 139/377/2408
f 115/341/2542 236/422/2529 113/337/2528
f 140/375/2536 210/427/2543 142/382/2544
f 114/339/2539 204/428/2545 116/416/2546
f 143/383/2547 243/426/2541 141/379/2540
f 117/344/2548 237/429/2549 115/341/2542
f 142/382/2544 210/427/2543 144/381/2550
f 116/416/2546 204/428/2545 118/346/2551
f 145/385/2552 244/430/2553 143/383/2547
f 119/345/2554 237/429/2549 117/344/2548
f 144/381/2550 211/431/2555 146/388/2556
f 118/346/2551 205/432/2557 120/351/2558
f 147/387/2559 244/430/2553 145/385/2552
f 121/348/2560 238/433/2561 119/345/2554
f 146/388/2556 211/431/2555 148/393/2562
f 120/351/2558 205/432/2557 122/350/2563
f 149/390/2564 245/434/2565 147/387/2559
f 123/352/2566 238/433/2561 121/348/2560
f 148/393/2562 212/435/2567 150/392/2568
f 122/350/2563 205/432/2557 124/354/2569
f 151/394/2570 245/434/2565 149/390/2564
f 125/355/2571 239/436/2572 123/352/2566
f 150/392/2568 212/435/2567 152/399/2573
f 124/354/2569 206/437/2574 126/360/2575
f 153/396/2576 246/438/2577 151/394/2570
f 127/356/2578 239/436/2572 125/355/2571
f 152/399/2573 213/439/2579 154/398/2580
f 126/360/2575 206/437/2574 128/358/2581
f 155/400/2582 246/438/2577 153/396/2576
f 129/361/2583 240/440/2584 127/356/2578
f 102/319/2585 234/441/2586 101/413/2411
f 154/398/2580 213/439/2579 156/404/2587
f 128/358/2581 207/442/2588 130/366/2589
f 104/324/2533 202/443/2590 103/322/2591
f 157/403/2592 247/444/2593 155/400/2582
f 131/362/2594 240/440/2584 129/361/2583
f 105/325/2595 234/441/2586 102/319/2585
f 156/404/2587 214/445/2596 158/406/2597
f 130/366/2589 207/442/2588 132/364/2598
f 103/322/2591 202/443/2590 106/330/2599
f 159/407/2600 247/444/2593 157/403/2592
f 133/367/2601 241/446/2602 131/362/2594
f 107/327/2603 234/441/2586 105/325/2595
f 158/406/2597 214/445/2596 160/318/2604
f 132/364/2598 208/447/2605 134/316/2606
f 106/330/2599 202/443/2590 108/329/2607
f 161/409/2608 248/415/2412 159/407/2600
f 135/370/2609 241/446/2602 133/367/2601
f 109/331/2610 235/448/2611 107/327/2603
f 160/318/2604 215/423/2532 162/317/2612
f 134/316/2606 208/447/2605 136/315/2613
f 108/329/2607 203/425/2538 110/336/2614
f 163/410/2413 248/415/2412 161/409/2608
f 137/373/2410 242/414/2409 135/370/2609
f 111/332/2530 235/448/2611 109/331/2610
f 162/317/2612 215/423/2532 164/411/2531
f 136/315/2613 209/424/2535 138/376/2534
f 110/336/2614 203/425/2538 112/334/2537
f 193/449/61 211/431/61 192/388/61
f 193/449/61 212/435/61 211/431/61
f 196/450/61 212/435/61 193/449/61
f 196/450/61 213/439/61 212/435/61
f 198/404/61 213/439/61 196/450/61
f 198/404/2615 232/451/2616 199/452/2617
f 182/453/2618 225/454/2619 185/455/2620
f 167/419/2524 218/456/2621 170/457/2622
f 199/452/2617 233/317/2623 201/317/2624
f 201/317/2624 217/458/2625 168/417/2522
f 185/455/2620 226/459/2626 187/460/2627
f 170/457/2622 219/334/2628 172/461/2629
f 187/460/2627 227/462/2630 189/463/2631
f 172/461/2629 220/464/2632 174/465/2633
f 189/463/2631 229/466/2634 192/388/2635
f 174/465/2633 221/467/2636 176/351/2637
f 192/388/2635 229/466/2634 193/449/2638
f 176/351/2637 222/468/2639 178/469/2640
f 193/449/2638 230/470/2641 196/450/2642
f 178/469/2640 223/471/2643 180/472/2644
f 196/450/2642 231/473/2645 198/404/2615
f 180/472/2644 224/366/2646 182/453/2618
f 165/474/209 234/441/209 166/475/209
f 171/476/209 236/422/209 173/477/209
f 173/477/209 236/422/209 237/429/209
f 173/477/209 237/429/209 175/478/209
f 175/478/209 237/429/209 238/433/209
f 175/478/209 238/433/209 177/348/209
f 183/362/209 241/446/209 184/421/209
f 184/421/209 241/446/209 242/414/209
f 184/421/209 242/414/209 186/373/209
f 191/479/209 244/430/209 245/434/209
f 191/479/209 245/434/209 194/390/209
f 200/480/209 248/415/209 165/474/209
f 165/474/209 248/415/209 234/441/209
f 188/481/2647 259/373/2648 186/373/2525
f 173/477/2649 251/482/2650 171/476/2651
f 190/383/2652 260/483/2653 188/481/2647
f 175/478/2654 253/484/2655 173/477/2649
f 191/479/2656 261/485/2657 190/383/2652
f 177/348/2658 254/486/2659 175/478/2654
f 194/390/2660 262/487/2661 191/479/2656
f 179/488/2662 254/486/2659 177/348/2658
f 195/489/2663 262/487/2661 194/390/2660
f 181/490/2664 255/491/2665 179/488/2662
f 197/492/2666 263/493/2667 195/489/2663
f 166/475/2668 249/494/2669 165/474/2670
f 183/362/2671 256/495/2672 181/490/2664
f 200/480/2673 264/496/2674 197/492/2666
f 184/421/2527 257/362/2675 183/362/2671
f 169/327/2676 250/497/2677 166/475/2668
f 171/476/2651 250/497/2677 169/327/2676
f 165/474/2670 266/498/2678 200/480/2673
f 348/31/2061 333/6/2679 331/30/2680
f 347/499/2163 335/27/2681 333/6/2679
f 349/500/2125 337/2/2682 335/27/2681
f 350/12/2091 339/34/2683 337/2/2682
f 351/501/2089 341/25/2684 339/34/2683
f 352/38/82 343/33/2685 341/25/2684
f 353/502/2029 345/11/2686 343/33/2685
f 354/503/2060 331/32/2680 345/11/2686
f 334/504/38 348/505/38 332/505/38
f 334/504/38 349/506/38 347/504/38
f 336/506/38 350/239/38 349/506/38
f 340/507/38 350/239/38 338/239/38
f 340/507/38 352/508/38 351/507/38
f 344/509/38 352/508/38 342/508/38
f 346/510/38 353/509/38 344/509/38
f 346/510/38 348/505/38 354/510/38
s 0
f 364/505/2687 380/510/2688 374/505/38
s 1
f 357/506/2689 372/239/2690 358/239/2691
f 356/505/2692 371/504/2693 355/504/2694
f 363/504/2695 356/505/2692 364/505/2696
f 365/506/2697 371/504/2693 363/504/2695
f 366/239/2698 357/506/2689 365/506/2697
f 367/507/2699 372/239/2690 366/239/2698
f 367/507/2699 360/508/2700 359/507/2701
f 368/508/2702 361/509/2703 360/508/2700
f 370/510/2704 361/509/2703 369/509/2705
f 364/505/2696 362/510/2706 370/510/2704
f 377/507/50 386/508/2707 378/508/50
s 0
f 369/509/2708 378/508/2709 379/509/38
f 367/507/2710 376/239/2711 377/507/50
f 365/506/2712 373/504/2713 375/506/50
f 370/510/2714 379/509/2715 380/510/38
f 368/508/2716 377/507/2717 378/508/38
f 366/239/2718 375/506/2719 376/239/50
f 363/504/2720 374/505/2721 373/504/50
s 1
f 375/506/50 384/239/2722 376/239/50
f 373/504/50 382/505/2723 381/504/2724
f 374/505/50 388/510/2725 382/505/2723
f 378/508/50 387/509/2726 379/509/50
f 377/507/50 384/239/2722 385/507/2727
f 375/506/50 381/504/2724 383/506/2728
f 380/510/50 387/509/2726 388/510/2725
f 398/508/79 395/509/79 399/509/79
f 402/239/2060 393/507/2060 403/507/2060
f 406/504/2165 391/506/2165 407/506/2165
f 399/509/2026 396/510/2026 409/510/2026
f 403/507/2061 394/508/2061 398/508/2061
f 407/506/2090 392/239/2090 402/239/2090
f 412/505/2027 389/504/2027 406/504/2027
f 409/510/81 390/505/81 412/505/81
f 388/510/2725 411/505/81 382/505/2723
f 409/510/38 428/505/38 425/510/38
f 382/505/2723 405/504/2027 381/504/2724
f 410/510/50 416/509/50 426/510/50
f 383/506/2728 401/239/2090 384/239/2722
f 398/508/2729 415/509/38 414/508/2729
f 385/507/2727 397/508/2730 386/508/2707
f 411/505/50 426/510/50 427/505/50
f 387/509/2726 410/510/2026 388/510/2725
f 398/508/2729 419/507/38 403/507/38
f 381/504/2724 408/506/82 383/506/2728
f 397/508/50 416/509/50 400/509/50
f 384/239/2722 404/507/2731 385/507/2727
f 397/508/50 420/507/50 413/508/50
f 386/508/2707 400/509/79 387/509/2726
f 402/239/38 419/507/38 418/239/38
f 426/510/2091 428/505/2091 427/505/2091
f 427/505/2027 422/504/2732 421/504/2732
f 424/506/2029 418/239/2029 417/239/2029
f 420/507/2030 414/508/2030 413/508/2030
f 416/509/2125 425/510/2125 426/510/2125
f 421/504/82 423/506/82 424/506/82
f 417/239/2060 419/507/83 420/507/83
f 413/508/2163 415/509/2163 416/509/2163
f 399/509/38 425/510/38 415/509/38
f 405/504/2733 427/505/50 421/504/2733
f 408/506/50 421/504/2733 424/506/50
f 406/504/38 428/505/38 412/505/38
f 407/506/38 422/504/38 406/504/38
f 401/239/50 424/506/50 417/239/50
f 401/239/50 420/507/50 404/507/50
f 402/239/38 423/506/38 407/506/38
f 3327/31/2061 3312/6/2734 3310/30/2735
f 3326/499/2163 3314/27/2736 3312/6/2734
f 3328/500/2125 3316/2/2737 3314/27/2736
f 3329/12/2091 3318/34/2683 3316/2/2737
f 3330/501/2089 3320/25/2684 3318/34/2683
f 3331/38/82 3322/33/2685 3320/25/2684
f 3332/502/2029 3324/11/2686 3322/33/2685
f 3324/11/2686 3327/28/2060 3310/32/2735
f 3313/504/38 3327/505/38 3311/505/38
f 3313/504/38 3328/506/38 3326/504/38
f 3315/506/38 3329/239/38 3328/506/38
f 3317/239/38 3330/507/38 3329/239/38
f 3319/507/38 3331/508/38 3330/507/38
f 3321/508/38 3332/509/38 3331/508/38
f 3325/510/38 3332/509/38 3323/509/38
f 3325/510/38 3327/505/38 3333/510/38
s 0
f 3343/505/2687 3359/510/2688 3353/505/38
s 1
f 3339/508/2738 3351/509/2739 3340/509/2740
f 3336/506/2741 3350/239/2742 3337/239/2743
f 3343/505/2744 3334/504/2745 3335/505/2746
f 3342/504/2747 3336/506/2741 3334/504/2745
f 3345/239/2748 3336/506/2741 3344/506/2749
f 3346/507/2750 3350/239/2742 3345/239/2748
f 3346/507/2750 3339/508/2738 3338/507/2751
f 3347/508/2752 3351/509/2739 3339/508/2738
f 3349/510/2753 3351/509/2739 3348/509/50
f 3343/505/2744 3341/510/2754 3349/510/2753
f 3356/507/50 3365/508/2755 3357/508/50
s 0
f 3348/509/2708 3357/508/2709 3358/509/38
f 3346/507/2710 3355/239/2711 3356/507/50
f 3344/506/2712 3352/504/2713 3354/506/50
f 3349/510/2714 3358/509/2715 3359/510/38
f 3347/508/2716 3356/507/2717 3357/508/38
f 3345/239/2718 3354/506/2719 3355/239/50
f 3342/504/2720 3353/505/2721 3352/504/50
s 1
f 3354/506/50 3363/239/2722 3355/239/50
f 3352/504/50 3361/505/2723 3360/504/2756
f 3353/505/50 3367/510/2725 3361/505/2723
f 3357/508/50 3366/509/2726 3358/509/50
f 3356/507/50 3363/239/2722 3364/507/2757
f 3354/506/50 3360/504/2756 3362/506/2728
f 3359/510/50 3366/509/2726 3367/510/2725
f 3377/508/79 3374/509/79 3378/509/79
f 3381/239/2060 3372/507/2060 3382/507/2060
f 3385/504/2165 3370/506/2165 3386/506/2165
f 3378/509/2026 3375/510/75 3388/510/2125
f 3382/507/2061 3373/508/2061 3377/508/2061
f 3386/506/2090 3371/239/2090 3381/239/2090
f 3391/505/2732 3368/504/2027 3385/504/2027
f 3388/510/81 3369/505/81 3391/505/81
f 3361/505/2723 3389/510/81 3390/505/81
f 3391/505/38 3404/510/38 3388/510/38
f 3361/505/2723 3384/504/2027 3360/504/2756
f 3389/510/2758 3395/509/50 3405/510/2759
f 3362/506/2728 3380/239/2090 3363/239/2722
f 3377/508/2760 3394/509/38 3393/508/38
f 3364/507/2757 3376/508/85 3365/508/2755
f 3390/505/50 3405/510/2759 3406/505/50
f 3366/509/2726 3389/510/2026 3367/510/2725
f 3382/507/38 3393/508/38 3398/507/38
f 3360/504/2756 3387/506/2165 3362/506/2728
f 3376/508/2761 3395/509/50 3379/509/50
f 3363/239/2722 3383/507/2731 3364/507/2757
f 3376/508/2761 3399/507/2762 3392/508/2763
f 3365/508/2755 3379/509/79 3366/509/2726
f 3381/239/38 3398/507/38 3397/239/38
f 3405/510/2091 3407/505/2091 3406/505/2091
f 3406/505/2089 3401/504/2732 3400/504/2732
f 3403/506/78 3397/239/2029 3396/239/2029
f 3392/508/2030 3398/507/2030 3393/508/2030
f 3405/510/2125 3394/509/2125 3404/510/2125
f 3400/504/82 3402/506/82 3403/506/82
f 3396/239/2060 3398/507/83 3399/507/83
f 3392/508/2163 3394/509/2163 3395/509/2163
f 3388/510/38 3394/509/38 3378/509/38
f 3384/504/50 3406/505/50 3400/504/50
f 3387/506/50 3400/504/50 3403/506/50
f 3385/504/38 3407/505/38 3391/505/38
f 3386/506/38 3401/504/38 3385/504/38
f 3380/239/50 3403/506/50 3396/239/50
f 3380/239/50 3399/507/2762 3383/507/2762
f 3381/239/38 3402/506/38 3386/506/38
f 3470/31/2061 3455/6/2764 3453/30/2735
f 3469/499/79 3457/27/2736 3455/6/2764
f 3471/500/2026 3459/2/2765 3457/27/2736
f 3472/12/2091 3461/34/2766 3459/2/2765
f 3473/501/2089 3463/25/2684 3461/34/2766
f 3474/38/82 3465/33/2685 3463/25/2684
f 3475/502/2029 3467/11/2686 3465/33/2685
f 3476/503/2060 3453/32/2735 3467/11/2686
f 3456/504/38 3470/505/38 3454/505/38
f 3456/504/38 3471/506/38 3469/504/38
f 3460/239/38 3471/506/38 3458/506/38
f 3462/507/38 3472/239/38 3460/239/38
f 3462/507/38 3474/508/38 3473/507/38
f 3466/509/38 3474/508/38 3464/508/38
f 3468/510/38 3475/509/38 3466/509/38
f 3468/510/38 3470/505/38 3476/510/38
s 0
f 3486/505/2687 3501/510/2688 3495/505/38
s 1
f 3482/508/2767 3493/509/2768 3483/509/2769
f 3486/505/2770 3477/504/2771 3478/505/2772
f 3485/504/2773 3479/506/2774 3477/504/2771
f 3488/239/2775 3479/506/2774 3487/506/2776
f 3489/507/2777 3480/239/2778 3488/239/2775
f 3490/508/2779 3481/507/2780 3489/507/2777
f 3490/508/2779 3493/509/2768 3482/508/2767
f 3492/510/2781 3493/509/2768 3491/509/50
f 3486/505/2770 3484/510/2782 3492/510/2781
f 3498/507/50 3507/508/2707 3499/508/2762
s 0
f 3491/509/2708 3499/508/2709 3500/509/38
f 3489/507/2710 3497/239/2711 3498/507/50
f 3487/506/2712 3494/504/2713 3496/506/50
f 3492/510/2714 3500/509/2715 3501/510/38
f 3490/508/2716 3498/507/2717 3499/508/38
f 3488/239/2718 3496/506/2719 3497/239/50
f 3485/504/2720 3495/505/2721 3494/504/50
s 1
f 3496/506/50 3505/239/2722 3497/239/50
f 3494/504/50 3503/505/2723 3502/504/2756
f 3501/510/50 3503/505/2723 3495/505/2762
f 3499/508/2762 3508/509/2726 3500/509/50
f 3498/507/50 3505/239/2722 3506/507/2757
f 3496/506/50 3502/504/2756 3504/506/2783
f 3501/510/50 3508/509/2726 3509/510/2725
f 3519/508/2163 3516/509/2163 3520/509/2163
f 3523/239/2060 3514/507/2060 3524/507/2060
f 3527/504/82 3512/506/82 3528/506/82
f 3520/509/2125 3517/510/2125 3530/510/2125
f 3519/508/2061 3514/507/2061 3515/508/85
f 3528/506/2029 3513/239/2029 3523/239/2029
f 3533/505/2732 3510/504/2027 3527/504/2027
f 3530/510/81 3511/505/81 3533/505/2091
f 3503/505/2723 3531/510/81 3532/505/81
f 3530/510/38 3549/505/38 3546/510/38
f 3503/505/2723 3526/504/2027 3502/504/2756
f 3521/509/50 3547/510/50 3531/510/50
f 3504/506/2783 3522/239/2029 3505/239/2722
f 3519/508/2760 3536/509/38 3535/508/2760
f 3506/507/2757 3518/508/2730 3507/508/2707
f 3531/510/50 3548/505/2762 3532/505/2762
f 3508/509/2726 3531/510/2125 3509/510/2725
f 3519/508/2760 3540/507/38 3524/507/2729
f 3502/504/2756 3529/506/82 3504/506/2783
f 3518/508/50 3537/509/50 3521/509/50
f 3505/239/2722 3525/507/2731 3506/507/2757
f 3518/508/50 3541/507/2733 3534/508/50
f 3507/508/2707 3521/509/2163 3508/509/2726
f 3523/239/38 3540/507/38 3539/239/38
f 3547/510/2091 3549/505/2091 3548/505/2091
f 3548/505/2732 3543/504/2089 3542/504/2089
f 3545/506/2090 3539/239/2090 3538/239/2090
f 3541/507/2129 3535/508/2030 3534/508/2030
f 3537/509/2125 3546/510/2125 3547/510/2125
f 3542/504/2165 3544/506/2165 3545/506/2165
f 3538/239/2784 3540/507/83 3541/507/83
f 3534/508/2163 3536/509/2163 3537/509/2163
f 3520/509/38 3546/510/38 3536/509/38
f 3526/504/50 3548/505/2762 3542/504/50
f 3529/506/50 3542/504/50 3545/506/50
f 3527/504/2729 3549/505/38 3533/505/2760
f 3528/506/38 3543/504/2729 3527/504/2729
f 3522/239/50 3545/506/50 3538/239/50
f 3522/239/50 3541/507/2733 3525/507/2733
f 3523/239/38 3544/506/38 3528/506/38
f 3612/31/2061 3597/6/2764 3595/30/2785
f 3611/499/79 3599/27/2786 3597/6/2764
f 3613/500/2026 3601/2/2682 3599/27/2786
f 3614/12/2091 3603/34/2766 3601/2/2682
f 3615/501/2089 3605/25/2684 3603/34/2766
f 3616/38/2165 3607/33/2685 3605/25/2684
f 3617/502/2090 3609/11/2787 3607/33/2685
f 3618/503/2060 3595/32/2785 3609/11/2787
f 3598/504/38 3612/505/38 3596/505/38
f 3598/504/38 3613/506/38 3611/504/38
f 3602/239/38 3613/506/38 3600/506/38
f 3604/507/38 3614/239/38 3602/239/38
f 3606/508/38 3615/507/38 3604/507/38
f 3608/509/38 3616/508/38 3606/508/38
f 3608/509/38 3618/510/38 3617/509/38
f 3610/510/38 3612/505/38 3618/510/38
s 0
f 3628/505/2687 3643/510/2688 3637/505/38
s 1
f 3620/505/2788 3635/504/2789 3619/504/2790
f 3627/504/2791 3620/505/2788 3628/505/2792
f 3629/506/2793 3635/504/2789 3627/504/2791
f 3630/239/2794 3621/506/2795 3629/506/2793
f 3631/507/2796 3622/239/2797 3630/239/2794
f 3631/507/2796 3624/508/2798 3623/507/2799
f 3632/508/2800 3625/509/2801 3624/508/2798
f 3633/509/2802 3626/510/2803 3625/509/2801
f 3634/510/2804 3620/505/2788 3626/510/2803
f 3641/508/50 3648/507/2805 3649/508/2707
s 0
f 3633/509/2708 3641/508/2709 3642/509/38
f 3631/507/2710 3639/239/2711 3640/507/50
f 3629/506/2137 3636/504/2806 3638/506/50
f 3634/510/2714 3642/509/2715 3643/510/38
f 3632/508/2716 3640/507/2717 3641/508/38
f 3630/239/2718 3638/506/2807 3639/239/50
f 3627/504/2720 3637/505/2721 3636/504/50
s 1
f 3639/239/2733 3646/506/2728 3647/239/2722
f 3637/505/50 3644/504/2756 3636/504/2733
f 3637/505/50 3651/510/2725 3645/505/2723
f 3642/509/50 3649/508/2707 3650/509/2726
f 3640/507/50 3647/239/2722 3648/507/2805
f 3636/504/2733 3646/506/2728 3638/506/50
f 3643/510/2762 3650/509/2726 3651/510/2725
f 3661/508/2163 3658/509/2163 3662/509/2163
f 3665/239/2060 3656/507/2060 3666/507/2060
f 3669/504/82 3654/506/82 3670/506/82
f 3662/509/2125 3659/510/75 3672/510/75
f 3666/507/2061 3657/508/2061 3661/508/85
f 3670/506/2090 3655/239/2029 3665/239/2029
f 3675/505/2732 3652/504/2732 3669/504/2027
f 3672/510/81 3653/505/81 3675/505/81
f 3651/510/2725 3674/505/81 3645/505/2723
f 3672/510/2760 3691/505/38 3688/510/2760
f 3645/505/2723 3668/504/2027 3644/504/2756
f 3663/509/50 3689/510/50 3673/510/50
f 3646/506/2728 3664/239/78 3647/239/2722
f 3661/508/38 3678/509/38 3677/508/38
f 3648/507/2805 3660/508/2808 3649/508/2707
f 3673/510/50 3690/505/50 3674/505/50
f 3650/509/2726 3673/510/2125 3651/510/2725
f 3661/508/38 3682/507/38 3666/507/38
f 3644/504/2756 3671/506/82 3646/506/2728
f 3660/508/50 3679/509/50 3663/509/50
f 3647/239/2722 3667/507/2731 3648/507/2805
f 3660/508/50 3683/507/2733 3676/508/50
f 3649/508/2707 3663/509/2163 3650/509/2726
f 3666/507/38 3681/239/38 3665/239/38
f 3689/510/2091 3691/505/2091 3690/505/2091
f 3690/505/2089 3685/504/2732 3684/504/2027
f 3680/239/2090 3686/506/2809 3681/239/2090
f 3683/507/2030 3677/508/85 3676/508/2061
f 3679/509/2026 3688/510/2107 3689/510/2107
f 3684/504/2165 3686/506/82 3687/506/2810
f 3680/239/83 3682/507/83 3683/507/83
f 3676/508/79 3678/509/79 3679/509/79
f 3662/509/38 3688/510/2760 3678/509/38
f 3674/505/50 3684/504/50 3668/504/50
f 3668/504/50 3687/506/50 3671/506/50
f 3675/505/38 3685/504/38 3691/505/38
f 3669/504/38 3686/506/38 3685/504/38
f 3664/239/50 3687/506/50 3680/239/50
f 3667/507/2733 3680/239/50 3683/507/2733
f 3665/239/38 3686/506/38 3670/506/38
f 3753/31/2030 3738/6/2679 3736/30/2785
f 3752/499/79 3740/27/2681 3738/6/2679
f 3754/500/75 3742/2/2811 3740/27/2681
f 3755/12/2091 3744/34/2766 3742/2/2811
f 3756/501/2089 3746/25/2812 3744/34/2766
f 3757/38/2144 3748/33/2813 3746/25/2812
f 3758/502/2090 3750/11/2686 3748/33/2813
f 3759/503/83 3736/32/2785 3750/11/2686
f 3737/505/38 3752/504/38 3753/505/38
f 3741/506/38 3752/504/38 3739/504/38
f 3741/506/38 3755/239/38 3754/506/38
f 3745/507/38 3755/239/38 3743/239/38
f 3745/507/38 3757/508/38 3756/507/38
f 3749/509/38 3757/508/38 3747/508/38
f 3749/509/38 3759/510/38 3758/509/38
f 3737/505/38 3759/510/38 3751/510/38
s 0
f 3769/505/2687 3783/510/2688 3777/505/38
s 1
f 3768/504/2814 3761/505/2815 3769/505/2816
f 3770/506/2817 3760/504/2818 3768/504/2814
f 3771/239/2819 3762/506/2820 3770/506/2817
f 3772/507/2821 3763/239/2822 3771/239/2819
f 3772/507/2821 3765/508/2823 3764/507/2824
f 3773/508/2825 3766/509/2826 3765/508/2823
f 3774/509/2827 3767/510/2828 3766/509/2826
f 3775/510/2829 3761/505/2815 3767/510/2828
f 3781/508/2733 3788/507/2757 3789/508/2830
s 0
f 3774/509/2708 3781/508/2709 3782/509/38
f 3772/507/2831 3779/239/2832 3780/507/50
f 3770/506/2137 3776/504/2806 3778/506/50
f 3775/510/2714 3782/509/2715 3783/510/38
f 3773/508/2716 3780/507/2833 3781/508/38
f 3771/239/2718 3778/506/2807 3779/239/50
f 3768/504/2720 3777/505/2721 3776/504/50
s 1
f 3779/239/50 3786/506/2728 3787/239/2722
f 3777/505/2762 3784/504/2756 3776/504/50
f 3777/505/2762 3791/510/2725 3785/505/2723
f 3781/508/2733 3790/509/2726 3782/509/50
f 3780/507/50 3787/239/2722 3788/507/2757
f 3776/504/50 3786/506/2728 3778/506/50
f 3783/510/50 3790/509/2726 3791/510/2725
f 3801/508/2163 3798/509/2163 3802/509/2163
f 3806/507/2060 3795/239/2060 3796/507/2060
f 3809/504/82 3794/506/82 3810/506/82
f 3802/509/2125 3799/510/2125 3812/510/2125
f 3806/507/85 3797/508/85 3801/508/85
f 3810/506/2029 3795/239/2029 3805/239/2029
f 3815/505/2089 3792/504/2089 3809/504/2089
f 3812/510/2091 3793/505/2091 3815/505/2091
f 3791/510/2725 3814/505/2091 3785/505/2723
f 3812/510/38 3831/505/38 3828/510/38
f 3785/505/2723 3808/504/2089 3784/504/2756
f 3803/509/50 3829/510/2733 3813/510/2733
f 3786/506/2728 3804/239/2029 3787/239/2722
f 3801/508/38 3818/509/38 3817/508/38
f 3788/507/2757 3800/508/85 3789/508/2830
f 3813/510/2733 3830/505/50 3814/505/50
f 3790/509/2726 3813/510/2125 3791/510/2725
f 3806/507/2729 3817/508/38 3822/507/2729
f 3784/504/2756 3811/506/82 3786/506/2728
f 3800/508/50 3819/509/50 3803/509/50
f 3787/239/2722 3807/507/2060 3788/507/2757
f 3807/507/50 3816/508/50 3800/508/50
f 3789/508/2830 3803/509/2163 3790/509/2726
f 3806/507/2729 3821/239/38 3805/239/38
f 3829/510/81 3831/505/2058 3830/505/2058
f 3830/505/2027 3825/504/2732 3824/504/2732
f 3827/506/2029 3821/239/2029 3820/239/2029
f 3823/507/2030 3817/508/85 3816/508/85
f 3819/509/2026 3828/510/2026 3829/510/2026
f 3827/506/82 3825/504/82 3826/506/82
f 3823/507/83 3821/239/83 3822/507/83
f 3816/508/79 3818/509/2163 3819/509/2163
f 3802/509/38 3828/510/38 3818/509/38
f 3808/504/2762 3830/505/50 3824/504/2762
f 3811/506/50 3824/504/2762 3827/506/50
f 3809/504/38 3831/505/38 3815/505/38
f 3810/506/38 3825/504/38 3809/504/38
f 3804/239/2733 3827/506/50 3820/239/50
f 3807/507/50 3820/239/50 3823/507/2762
f 3805/239/38 3826/506/38 3810/506/38
f 3904/239/2834 3886/507/2835 3884/239/2836
f 3894/31/2061 3879/6/2679 3877/30/2837
f 3893/499/79 3881/27/2786 3879/6/2679
f 3895/500/2026 3883/2/2765 3881/27/2786
f 3896/12/2091 3885/34/2766 3883/2/2765
f 3897/501/2089 3887/25/2812 3885/34/2766
f 3898/38/2165 3889/33/2685 3887/25/2812
f 3899/502/2090 3891/11/2686 3889/33/2685
f 3900/503/2060 3877/32/2837 3891/11/2686
f 3880/504/38 3894/505/38 3878/505/38
f 3880/504/38 3895/506/38 3893/504/38
f 3882/506/38 3896/239/38 3895/506/38
f 3886/507/38 3896/239/38 3884/239/38
f 3886/507/38 3898/508/38 3897/507/38
f 3890/509/38 3898/508/38 3888/508/38
f 3890/509/38 3900/510/38 3899/509/38
f 3892/510/38 3894/505/38 3900/510/38
s 0
f 3910/505/2687 3925/510/2688 3919/505/38
s 1
f 3902/505/2838 3917/504/2839 3901/504/2840
f 3910/505/2841 3917/504/2839 3902/505/2838
f 3911/506/2842 3917/504/2839 3909/504/50
f 3912/239/2843 3903/506/2844 3911/506/2842
f 3913/507/2845 3904/239/2834 3912/239/2843
f 3914/508/2846 3905/507/2847 3913/507/2845
f 3915/509/2848 3906/508/2849 3914/508/2846
f 3915/509/2848 3908/510/2850 3907/509/2851
f 3916/510/2829 3902/505/2838 3908/510/2850
f 3923/508/2762 3930/507/2757 3931/508/2755
s 0
f 3915/509/2708 3923/508/2709 3924/509/38
f 3913/507/2710 3921/239/2711 3922/507/50
f 3911/506/2712 3918/504/2713 3920/506/50
f 3916/510/2714 3924/509/2715 3925/510/38
f 3914/508/2716 3922/507/2717 3923/508/38
f 3912/239/2718 3920/506/2719 3921/239/50
f 3909/504/2720 3919/505/2852 3918/504/50
s 1
f 3920/506/50 3929/239/2853 3921/239/50
f 3919/505/50 3926/504/2756 3918/504/50
f 3919/505/50 3933/510/2725 3927/505/2723
f 3924/509/50 3931/508/2755 3932/509/2726
f 3922/507/50 3929/239/2853 3930/507/2757
f 3918/504/50 3928/506/2728 3920/506/50
f 3925/510/50 3932/509/2726 3933/510/2725
f 3943/508/2163 3940/509/2163 3944/509/2163
f 3947/239/83 3938/507/83 3948/507/83
f 3951/504/82 3936/506/82 3952/506/82
f 3944/509/2125 3941/510/2125 3954/510/2125
f 3948/507/2030 3939/508/2030 3943/508/2030
f 3952/506/78 3937/239/2029 3947/239/2029
f 3957/505/2027 3934/504/2732 3951/504/2732
f 3954/510/81 3935/505/81 3957/505/81
f 3933/510/2725 3956/505/81 3927/505/2723
f 3954/510/2729 3973/505/2760 3970/510/2729
f 3927/505/2723 3950/504/2027 3926/504/2756
f 3945/509/50 3971/510/50 3955/510/50
f 3928/506/2728 3946/239/2029 3929/239/2853
f 3944/509/38 3959/508/38 3943/508/38
f 3930/507/2757 3942/508/2030 3931/508/2755
f 3955/510/50 3972/505/50 3956/505/50
f 3932/509/2726 3955/510/2125 3933/510/2725
f 3943/508/38 3964/507/38 3948/507/38
f 3926/504/2756 3953/506/82 3928/506/2728
f 3945/509/50 3958/508/50 3961/509/50
f 3929/239/2853 3949/507/83 3930/507/2757
f 3942/508/50 3965/507/50 3958/508/50
f 3931/508/2755 3945/509/2163 3932/509/2726
f 3948/507/38 3963/239/38 3947/239/38
f 3971/510/2091 3973/505/2091 3972/505/2091
f 3972/505/2089 3967/504/2027 3966/504/2027
f 3969/506/2029 3963/239/2090 3962/239/2056
f 3965/507/2030 3959/508/2061 3958/508/2061
f 3961/509/2125 3970/510/2125 3971/510/2125
f 3966/504/82 3968/506/2165 3969/506/2165
f 3962/239/83 3964/507/83 3965/507/83
f 3958/508/79 3960/509/2163 3961/509/2163
f 3944/509/38 3970/510/2729 3960/509/38
f 3956/505/50 3966/504/50 3950/504/50
f 3950/504/50 3969/506/50 3953/506/50
f 3957/505/2760 3967/504/38 3973/505/2760
f 3951/504/38 3968/506/38 3967/504/38
f 3946/239/50 3969/506/50 3962/239/50
f 3949/507/50 3962/239/50 3965/507/50
f 3947/239/38 3968/506/38 3952/506/38
f 4046/239/2854 4028/507/2855 4026/239/2856
f 4036/31/2061 4021/6/2679 4019/30/2857
f 4035/499/79 4023/27/2681 4021/6/2679
f 4037/500/2026 4025/2/2682 4023/27/2681
f 4038/12/2091 4027/34/2766 4025/2/2682
f 4039/501/2089 4029/25/2684 4027/34/2766
f 4040/38/82 4031/33/2813 4029/25/2684
f 4041/502/2029 4033/11/2686 4031/33/2813
f 4042/503/2060 4019/32/2857 4033/11/2686
f 4022/504/38 4036/505/38 4020/505/38
f 4022/504/38 4037/506/38 4035/504/38
f 4024/506/38 4038/239/38 4037/506/38
f 4026/239/38 4039/507/38 4038/239/38
f 4030/508/38 4039/507/38 4028/507/38
f 4032/509/38 4040/508/38 4030/508/38
f 4034/510/38 4041/509/38 4032/509/38
f 4034/510/38 4036/505/38 4042/510/38
s 0
f 4052/505/2687 4067/510/2688 4061/505/38
s 1
f 4045/506/2858 4059/239/2859 4046/239/2860
f 4051/504/2861 4044/505/2862 4052/505/2863
f 4053/506/2864 4043/504/2865 4051/504/2861
f 4053/506/2864 4059/239/2859 4045/506/2858
f 4055/507/2866 4059/239/2859 4054/239/50
f 4056/508/2867 4047/507/2868 4055/507/2866
f 4057/509/2869 4048/508/2870 4056/508/2867
f 4058/510/2871 4049/509/2872 4057/509/2869
f 4052/505/2863 4050/510/2873 4058/510/2871
f 4064/507/50 4073/508/2755 4065/508/50
s 0
f 4057/509/2708 4065/508/2709 4066/509/38
f 4055/507/2710 4063/239/2711 4064/507/50
f 4053/506/2712 4060/504/2713 4062/506/50
f 4058/510/2714 4066/509/2715 4067/510/38
f 4056/508/2716 4064/507/2717 4065/508/38
f 4054/239/2718 4062/506/2719 4063/239/50
f 4051/504/2720 4061/505/2721 4060/504/50
s 1
f 4062/506/50 4071/239/2874 4063/239/50
f 4060/504/50 4069/505/2875 4068/504/2756
f 4061/505/2762 4075/510/2725 4069/505/2875
f 4065/508/50 4074/509/2726 4066/509/50
f 4063/239/50 4072/507/2757 4064/507/50
f 4062/506/50 4068/504/2756 4070/506/2728
f 4067/510/50 4074/509/2726 4075/510/2725
f 4085/508/2163 4082/509/2163 4086/509/2163
f 4089/239/83 4080/507/83 4090/507/83
f 4094/506/82 4076/504/82 4078/506/82
f 4086/509/2125 4083/510/2125 4096/510/2125
f 4090/507/2030 4081/508/2030 4085/508/2030
f 4094/506/2029 4079/239/78 4089/239/78
f 4093/504/2732 4077/505/2027 4076/504/2089
f 4096/510/81 4077/505/81 4099/505/81
f 4075/510/2725 4098/505/81 4069/505/2875
f 4096/510/38 4115/505/38 4112/510/38
f 4069/505/2875 4092/504/2732 4068/504/2756
f 4097/510/50 4103/509/50 4113/510/50
f 4070/506/2728 4088/239/2029 4071/239/2874
f 4086/509/38 4101/508/2760 4085/508/38
f 4072/507/2757 4084/508/2030 4073/508/2755
f 4097/510/50 4114/505/50 4098/505/2733
f 4074/509/2726 4097/510/2125 4075/510/2725
f 4085/508/38 4106/507/38 4090/507/2729
f 4068/504/2756 4095/506/82 4070/506/2728
f 4087/509/50 4100/508/50 4103/509/50
f 4071/239/2874 4091/507/83 4072/507/2757
f 4084/508/50 4107/507/50 4100/508/50
f 4073/508/2755 4087/509/2163 4074/509/2726
f 4089/239/38 4106/507/38 4105/239/38
f 4113/510/2091 4115/505/81 4114/505/81
f 4114/505/2089 4109/504/2089 4108/504/2089
f 4111/506/2090 4105/239/2090 4104/239/2090
f 4107/507/2030 4101/508/2030 4100/508/2030
f 4103/509/2125 4112/510/2289 4113/510/2125
f 4108/504/82 4110/506/2165 4111/506/2876
f 4104/239/83 4106/507/2060 4107/507/2060
f 4100/508/79 4102/509/2163 4103/509/2163
f 4086/509/38 4112/510/38 4102/509/38
f 4092/504/2762 4114/505/50 4108/504/2762
f 4092/504/2762 4111/506/50 4095/506/50
f 4093/504/38 4115/505/38 4099/505/38
f 4093/504/38 4110/506/38 4109/504/38
f 4095/506/50 4104/239/50 4088/239/50
f 4088/239/50 4107/507/50 4091/507/50
f 4094/506/38 4105/239/38 4110/506/38
f 4178/31/2061 4163/6/2764 4161/30/2857
f 4177/499/79 4165/27/2681 4163/6/2764
f 4179/500/2026 4167/2/2765 4165/27/2681
f 4180/12/2091 4169/34/2683 4167/2/2765
f 4181/501/2089 4171/25/2812 4169/34/2683
f 4182/38/82 4173/33/2685 4171/25/2812
f 4183/502/2029 4175/11/2686 4173/33/2685
f 4184/503/2060 4161/32/2857 4175/11/2686
f 4164/504/38 4178/505/38 4162/505/38
f 4164/504/38 4179/506/38 4177/504/38
f 4166/506/38 4180/239/38 4179/506/38
f 4170/507/38 4180/239/38 4168/239/38
f 4172/508/38 4181/507/38 4170/507/38
f 4174/509/38 4182/508/38 4172/508/38
f 4176/510/38 4183/509/38 4174/509/38
f 4176/510/38 4178/505/38 4184/510/38
s 0
f 4194/505/2687 4211/510/2688 4205/505/38
s 1
f 4185/504/2877 4201/506/2878 4187/506/2879
f 4191/509/2880 4203/510/2881 4192/510/2882
f 4189/507/2883 4202/508/2884 4190/508/2885
f 4193/504/2886 4186/505/2887 4194/505/2888
f 4193/504/2886 4201/506/2878 4185/504/2877
f 4196/239/2889 4201/506/2878 4195/506/50
f 4196/239/2889 4189/507/2883 4188/239/2890
f 4198/508/2891 4189/507/2883 4197/507/2892
f 4199/509/2893 4202/508/2884 4198/508/2891
f 4200/510/2894 4191/509/2880 4199/509/2893
f 4194/505/2888 4203/510/2881 4200/510/2894
f 4208/507/50 4217/508/2755 4209/508/50
s 0
f 4199/509/2708 4209/508/2709 4210/509/38
f 4197/507/2710 4207/239/2711 4208/507/50
f 4195/506/2712 4204/504/2713 4206/506/50
f 4200/510/2714 4210/509/2715 4211/510/38
f 4198/508/2716 4208/507/2717 4209/508/38
f 4196/239/2718 4206/506/2719 4207/239/50
f 4193/504/2720 4205/505/2721 4204/504/50
s 1
f 4207/239/50 4214/506/2728 4215/239/2722
f 4205/505/2733 4212/504/2895 4204/504/50
f 4205/505/2733 4219/510/2725 4213/505/2723
f 4210/509/50 4217/508/2755 4218/509/2726
f 4208/507/50 4215/239/2722 4216/507/2757
f 4204/504/50 4214/506/2728 4206/506/50
f 4211/510/50 4218/509/2726 4219/510/2725
f 4229/508/79 4226/509/79 4230/509/2163
f 4233/239/2060 4224/507/2060 4234/507/2060
f 4237/504/2165 4222/506/2165 4238/506/2165
f 4230/509/2026 4227/510/75 4240/510/75
f 4234/507/85 4225/508/2061 4229/508/2061
f 4238/506/2090 4223/239/2090 4233/239/2090
f 4243/505/2732 4220/504/2027 4237/504/2027
f 4240/510/81 4221/505/81 4243/505/81
f 4219/510/2725 4242/505/81 4213/505/2723
f 4240/510/38 4259/505/38 4256/510/38
f 4213/505/2723 4236/504/2027 4212/504/2895
f 4231/509/50 4257/510/50 4241/510/50
f 4214/506/2728 4232/239/2090 4215/239/2722
f 4230/509/38 4245/508/2729 4229/508/38
f 4216/507/2757 4228/508/2061 4217/508/2755
f 4241/510/50 4258/505/50 4242/505/50
f 4218/509/2726 4241/510/2026 4219/510/2725
f 4229/508/38 4250/507/38 4234/507/2760
f 4212/504/2895 4239/506/2165 4214/506/2728
f 4231/509/50 4244/508/50 4247/509/50
f 4215/239/2722 4235/507/2060 4216/507/2757
f 4228/508/50 4251/507/50 4244/508/50
f 4217/508/2755 4231/509/79 4218/509/2726
f 4233/239/38 4250/507/38 4249/239/38
f 4257/510/2091 4259/505/2091 4258/505/2091
f 4258/505/2089 4253/504/2027 4252/504/2027
f 4255/506/2090 4249/239/2090 4248/239/2090
f 4251/507/2030 4245/508/2061 4244/508/2061
f 4247/509/2026 4256/510/2125 4257/510/2125
f 4252/504/82 4254/506/2165 4255/506/2165
f 4248/239/83 4250/507/2060 4251/507/2060
f 4244/508/79 4246/509/2163 4247/509/2163
f 4230/509/38 4256/510/38 4246/509/38
f 4236/504/50 4258/505/50 4252/504/50
f 4239/506/50 4252/504/50 4255/506/2733
f 4237/504/38 4259/505/38 4243/505/38
f 4238/506/38 4253/504/38 4237/504/38
f 4239/506/50 4248/239/50 4232/239/50
f 4232/239/50 4251/507/50 4235/507/50
f 4238/506/38 4249/239/38 4254/506/38
f 4322/31/2061 4307/6/2679 4305/30/2837
f 4321/499/2163 4309/27/2736 4307/6/2679
f 4323/500/2125 4311/2/2682 4309/27/2736
f 4324/12/81 4313/34/2683 4311/2/2682
f 4325/501/2027 4315/25/2812 4313/34/2683
f 4326/38/82 4317/33/2896 4315/25/2812
f 4327/502/2029 4319/11/2686 4317/33/2896
f 4328/503/2060 4305/32/2837 4319/11/2686
f 4308/504/38 4322/505/38 4306/505/38
f 4308/504/38 4323/506/38 4321/504/38
f 4312/239/38 4323/506/38 4310/506/38
f 4314/507/38 4324/239/38 4312/239/38
f 4314/507/38 4326/508/38 4325/507/38
f 4316/508/38 4327/509/38 4326/508/38
f 4320/510/38 4327/509/38 4318/509/38
f 4320/510/38 4322/505/38 4328/510/38
s 0
f 4338/505/2687 4352/510/2688 4346/505/38
s 1
f 4337/504/2897 4330/505/2898 4338/505/2899
f 4339/506/2900 4329/504/2901 4337/504/2897
f 4339/506/2900 4332/239/2902 4331/506/2903
f 4340/239/2904 4333/507/2905 4332/239/2902
f 4342/508/2906 4333/507/2905 4341/507/2907
f 4343/509/2908 4334/508/2909 4342/508/2906
f 4343/509/2908 4336/510/2910 4335/509/2911
f 4344/510/2912 4330/505/2898 4336/510/2910
f 4350/508/50 4357/507/2757 4358/508/2830
s 0
f 4343/509/2708 4350/508/2709 4351/509/38
f 4341/507/2710 4348/239/2711 4349/507/50
f 4339/506/2712 4345/504/2713 4347/506/50
f 4344/510/2714 4351/509/2715 4352/510/38
f 4342/508/2716 4349/507/2717 4350/508/38
f 4340/239/2718 4347/506/2719 4348/239/50
f 4337/504/2720 4346/505/2721 4345/504/50
s 1
f 4347/506/50 4356/239/2722 4348/239/50
f 4345/504/50 4354/505/2723 4353/504/2895
f 4352/510/50 4354/505/2723 4346/505/2762
f 4351/509/2733 4358/508/2830 4359/509/2913
f 4348/239/50 4357/507/2757 4349/507/50
f 4347/506/50 4353/504/2895 4355/506/2783
f 4351/509/2733 4360/510/2725 4352/510/50
f 4370/508/79 4367/509/79 4371/509/79
f 4374/239/2060 4365/507/2060 4375/507/2060
f 4378/504/2165 4363/506/2165 4379/506/2165
f 4371/509/2026 4368/510/2026 4381/510/2026
f 4375/507/2061 4366/508/2061 4370/508/2061
f 4379/506/2090 4364/239/2090 4374/239/78
f 4384/505/2027 4361/504/2732 4378/504/2732
f 4381/510/81 4362/505/81 4384/505/81
f 4360/510/2725 4383/505/81 4354/505/2723
f 4381/510/38 4400/505/38 4397/510/38
f 4354/505/2723 4377/504/2732 4353/504/2895
f 4372/509/50 4398/510/50 4382/510/50
f 4355/506/2783 4373/239/2090 4356/239/2722
f 4371/509/38 4386/508/2729 4370/508/2729
f 4357/507/2757 4369/508/2061 4358/508/2830
f 4382/510/50 4399/505/50 4383/505/2733
f 4359/509/2913 4382/510/2026 4360/510/2725
f 4370/508/2729 4391/507/38 4375/507/2760
f 4353/504/2895 4380/506/2165 4355/506/2783
f 4372/509/50 4385/508/50 4388/509/50
f 4356/239/2722 4376/507/2060 4357/507/2757
f 4369/508/50 4392/507/50 4385/508/50
f 4358/508/2830 4372/509/79 4359/509/2913
f 4374/239/2729 4391/507/38 4390/239/2729
f 4398/510/2091 4400/505/2091 4399/505/2091
f 4399/505/2089 4394/504/2732 4393/504/2732
f 4396/506/2029 4390/239/2029 4389/239/2029
f 4392/507/2030 4386/508/85 4385/508/85
f 4388/509/75 4397/510/2125 4398/510/2125
f 4393/504/82 4395/506/2914 4396/506/2914
f 4389/239/2060 4391/507/83 4392/507/83
f 4385/508/79 4387/509/2163 4388/509/2163
f 4371/509/38 4397/510/38 4387/509/38
f 4377/504/2762 4399/505/50 4393/504/2762
f 4380/506/50 4393/504/2762 4396/506/50
f 4378/504/38 4400/505/38 4384/505/38
f 4379/506/38 4394/504/38 4378/504/38
f 4380/506/50 4389/239/50 4373/239/50
f 4373/239/50 4392/507/50 4376/507/50
f 4379/506/38 4390/239/2729 4395/506/38
f 4462/31/2061 4447/6/2764 4445/30/2915
f 4461/499/79 4449/27/2786 4447/6/2764
f 4463/500/2026 4451/2/2682 4449/27/2786
f 4464/12/81 4453/34/2766 4451/2/2682
f 4465/501/2027 4455/25/2812 4453/34/2766
f 4466/38/2165 4457/33/2685 4455/25/2812
f 4467/502/2090 4459/11/2787 4457/33/2685
f 4468/503/2060 4445/32/2915 4459/11/2787
f 4448/504/38 4462/505/38 4446/505/38
f 4448/504/38 4463/506/38 4461/504/38
f 4452/239/38 4463/506/38 4450/506/38
f 4454/507/38 4464/239/38 4452/239/38
f 4454/507/38 4466/508/38 4465/507/38
f 4456/508/38 4467/509/38 4466/508/38
f 4460/510/38 4467/509/38 4458/509/38
f 4460/510/38 4462/505/38 4468/510/38
s 0
f 4478/505/2687 4492/510/2688 4486/505/38
s 1
f 4477/504/2916 4470/505/2917 4478/505/2918
f 4479/506/2919 4469/504/2920 4477/504/2916
f 4479/506/2919 4472/239/2921 4471/506/2922
f 4480/239/2923 4473/507/2924 4472/239/2921
f 4481/507/2925 4474/508/2926 4473/507/2924
f 4483/509/2927 4474/508/2926 4482/508/2928
f 4484/510/2929 4475/509/2930 4483/509/2927
f 4478/505/2918 4476/510/2931 4484/510/2929
f 4490/508/2733 4497/507/2757 4498/508/2932
s 0
f 4483/509/2708 4490/508/2709 4491/509/38
f 4481/507/2710 4488/239/2711 4489/507/50
f 4479/506/2137 4485/504/2806 4487/506/50
f 4484/510/2714 4491/509/2715 4492/510/38
f 4482/508/2716 4489/507/2717 4490/508/38
f 4480/239/2718 4487/506/2807 4488/239/50
f 4477/504/2720 4486/505/2721 4485/504/50
s 1
f 4488/239/50 4495/506/2728 4496/239/2722
f 4485/504/50 4494/505/2723 4493/504/2756
f 4492/510/2762 4494/505/2723 4486/505/50
f 4491/509/50 4498/508/2932 4499/509/2726
f 4488/239/50 4497/507/2757 4489/507/2762
f 4487/506/50 4493/504/2756 4495/506/2728
f 4491/509/50 4500/510/2725 4492/510/2762
f 4510/508/79 4507/509/79 4511/509/79
f 4514/239/2060 4505/507/2060 4515/507/2060
f 4518/504/82 4503/506/82 4519/506/82
f 4511/509/2026 4508/510/2026 4521/510/2026
f 4515/507/2061 4506/508/2061 4510/508/2061
f 4519/506/78 4504/239/78 4514/239/78
f 4524/505/2027 4501/504/2027 4518/504/2732
f 4521/510/81 4502/505/81 4524/505/81
f 4500/510/2725 4523/505/81 4494/505/2723
f 4521/510/38 4540/505/38 4537/510/38
f 4494/505/2723 4517/504/2027 4493/504/2756
f 4512/509/50 4538/510/50 4522/510/50
f 4495/506/2728 4513/239/2029 4496/239/2722
f 4511/509/38 4526/508/2729 4510/508/2729
f 4497/507/2757 4509/508/2061 4498/508/2932
f 4522/510/50 4539/505/50 4523/505/2733
f 4500/510/2725 4512/509/2026 4522/510/2026
f 4510/508/2729 4531/507/38 4515/507/2760
f 4493/504/2756 4520/506/82 4495/506/2728
f 4512/509/50 4525/508/50 4528/509/50
f 4496/239/2722 4516/507/2060 4497/507/2757
f 4509/508/50 4532/507/50 4525/508/50
f 4498/508/2932 4512/509/79 4499/509/2726
f 4514/239/38 4531/507/38 4530/239/2729
f 4538/510/2091 4540/505/2091 4539/505/2091
f 4533/504/2089 4540/505/2089 4534/504/2089
f 4536/506/2029 4530/239/2029 4529/239/2029
f 4532/507/2030 4526/508/2061 4525/508/2061
f 4538/510/2026 4527/509/2026 4537/510/2026
f 4533/504/82 4535/506/2165 4536/506/2165
f 4529/239/83 4531/507/83 4532/507/83
f 4525/508/79 4527/509/2163 4528/509/2163
f 4511/509/38 4537/510/38 4527/509/38
f 4517/504/2762 4539/505/50 4533/504/2762
f 4520/506/50 4533/504/2762 4536/506/50
f 4518/504/38 4540/505/38 4524/505/38
f 4519/506/38 4534/504/38 4518/504/38
f 4520/506/50 4529/239/2733 4513/239/2733
f 4513/239/2733 4532/507/50 4516/507/50
f 4519/506/38 4530/239/2729 4535/506/38
f 4603/31/2061 4588/6/2734 4586/30/2680
f 4588/6/2734 4604/500/2163 4590/27/2736
f 4604/500/2125 4592/2/2682 4590/27/2736
f 4592/2/2682 4606/501/81 4594/34/2683
f 4606/501/2027 4596/25/2684 4594/34/2683
f 4607/38/82 4598/33/2896 4596/25/2684
f 4608/502/2029 4600/11/2787 4598/33/2896
f 4609/503/2060 4586/32/2680 4600/11/2787
f 4589/504/38 4603/505/38 4587/505/38
f 4589/504/38 4604/506/38 4602/504/38
f 4593/239/38 4604/506/38 4591/506/38
f 4593/239/38 4606/507/38 4605/239/38
f 4595/507/38 4607/508/38 4606/507/38
f 4597/508/38 4608/509/38 4607/508/38
f 4601/510/38 4608/509/38 4599/509/38
f 4601/510/38 4603/505/38 4609/510/38
s 0
f 4619/505/2687 4634/510/2688 4628/505/38
s 1
f 4616/509/2933 4626/510/2934 4617/510/2882
f 4619/505/2935 4610/504/2936 4611/505/2937
f 4618/504/2938 4612/506/2939 4610/504/2936
f 4621/239/2940 4612/506/2939 4620/506/2941
f 4622/507/2942 4613/239/2943 4621/239/2940
f 4622/507/2942 4615/508/2944 4614/507/2945
f 4623/508/2946 4616/509/2933 4615/508/2944
f 4625/510/2947 4616/509/2933 4624/509/2948
f 4619/505/2935 4626/510/2934 4625/510/2947
f 4631/507/50 4640/508/2755 4632/508/50
s 0
f 4624/509/2708 4632/508/2709 4633/509/38
f 4622/507/2710 4630/239/2711 4631/507/50
f 4620/506/2712 4627/504/2713 4629/506/50
f 4625/510/2714 4633/509/2715 4634/510/38
f 4623/508/2716 4631/507/2717 4632/508/38
f 4621/239/2718 4629/506/2719 4630/239/50
f 4618/504/2720 4628/505/2721 4627/504/50
s 1
f 4629/506/50 4638/239/2722 4630/239/50
f 4627/504/50 4636/505/2723 4635/504/2756
f 4628/505/50 4642/510/2725 4636/505/2723
f 4632/508/50 4641/509/2726 4633/509/50
f 4630/239/50 4639/507/2757 4631/507/50
f 4629/506/50 4635/504/2756 4637/506/2728
f 4634/510/50 4641/509/2726 4642/510/2725
f 4652/508/79 4649/509/79 4653/509/79
f 4656/239/2060 4647/507/2060 4657/507/2060
f 4660/504/2165 4645/506/2165 4661/506/2165
f 4653/509/2026 4650/510/75 4663/510/75
f 4657/507/85 4648/508/2061 4652/508/2061
f 4661/506/78 4646/239/2090 4656/239/2090
f 4666/505/2732 4643/504/2027 4660/504/2027
f 4663/510/81 4644/505/81 4666/505/81
f 4636/505/2723 4664/510/81 4665/505/81
f 4666/505/38 4679/510/38 4663/510/38
f 4636/505/2723 4659/504/2027 4635/504/2756
f 4664/510/50 4670/509/50 4680/510/50
f 4637/506/2728 4655/239/2090 4638/239/2722
f 4652/508/38 4669/509/38 4668/508/38
f 4639/507/2757 4651/508/85 4640/508/2755
f 4665/505/50 4680/510/50 4681/505/50
f 4641/509/2726 4664/510/2026 4642/510/2725
f 4657/507/2760 4668/508/38 4673/507/2760
f 4635/504/2756 4662/506/2165 4637/506/2728
f 4651/508/2733 4670/509/50 4654/509/50
f 4638/239/2722 4658/507/2060 4639/507/2757
f 4658/507/50 4667/508/2733 4651/508/2733
f 4641/509/2726 4651/508/79 4654/509/79
f 4656/239/38 4673/507/2760 4672/239/2729
f 4680/510/2091 4682/505/2091 4681/505/2091
f 4681/505/2126 4676/504/2089 4675/504/2089
f 4678/506/2090 4672/239/78 4671/239/2029
f 4674/507/85 4668/508/2030 4667/508/2030
f 4670/509/2125 4679/510/2026 4680/510/2026
f 4675/504/2165 4677/506/82 4678/506/82
f 4671/239/83 4673/507/83 4674/507/83
f 4667/508/2163 4669/509/79 4670/509/79
f 4663/510/38 4669/509/38 4653/509/38
f 4659/504/50 4681/505/50 4675/504/2733
f 4662/506/50 4675/504/2733 4678/506/50
f 4660/504/2729 4682/505/38 4666/505/38
f 4661/506/38 4676/504/2729 4660/504/2729
f 4662/506/50 4671/239/2762 4655/239/50
f 4655/239/50 4674/507/50 4658/507/50
f 4661/506/38 4672/239/2729 4677/506/38
f 4745/31/2061 4730/6/2679 4728/30/2785
f 4744/499/79 4732/27/2786 4730/6/2679
f 4746/500/2026 4734/2/2737 4732/27/2786
f 4747/12/81 4736/34/2683 4734/2/2737
f 4736/34/2683 4749/38/2027 4738/25/2949
f 4738/25/2949 4750/502/82 4740/33/2896
f 4750/502/2029 4742/11/2686 4740/33/2896
f 4751/503/2060 4728/32/2785 4742/11/2686
f 4731/504/38 4745/505/38 4729/505/38
f 4731/504/38 4746/506/38 4744/504/38
f 4735/239/38 4746/506/38 4733/506/38
f 4737/507/38 4747/239/38 4735/239/38
f 4737/507/38 4749/508/38 4748/507/38
f 4739/508/38 4750/509/38 4749/508/38
f 4741/509/38 4751/510/38 4750/509/38
f 4743/510/38 4745/505/38 4751/510/38
s 0
f 4761/505/2687 4776/510/2688 4770/505/38
s 1
f 4755/239/2950 4768/507/2951 4756/507/2952
f 4761/505/2953 4752/504/2954 4753/505/2955
f 4760/504/2956 4754/506/2957 4752/504/2954
f 4762/506/2958 4755/239/2950 4754/506/2957
f 4763/239/2959 4768/507/2951 4755/239/2950
f 4765/508/2960 4768/507/2951 4764/507/50
f 4766/509/2961 4757/508/2962 4765/508/2960
f 4767/510/2963 4758/509/2964 4766/509/2961
f 4767/510/2963 4753/505/2955 4759/510/2965
f 4773/507/2762 4782/508/2932 4774/508/2733
s 0
f 4766/509/2708 4774/508/2709 4775/509/38
f 4764/507/2710 4772/239/2711 4773/507/50
f 4762/506/2712 4769/504/2713 4771/506/50
f 4767/510/2714 4775/509/2715 4776/510/38
f 4765/508/2716 4773/507/2717 4774/508/38
f 4763/239/2718 4771/506/2719 4772/239/50
f 4760/504/2720 4770/505/2721 4769/504/50
s 1
f 4771/506/50 4780/239/2722 4772/239/50
f 4769/504/2762 4778/505/2723 4777/504/2966
f 4770/505/2733 4784/510/2725 4778/505/2723
f 4774/508/2733 4783/509/2726 4775/509/50
f 4772/239/50 4781/507/2805 4773/507/2762
f 4771/506/50 4777/504/2966 4779/506/2728
f 4776/510/2762 4783/509/2726 4784/510/2725
f 4794/508/79 4791/509/79 4795/509/79
f 4798/239/2060 4789/507/2060 4799/507/2060
f 4802/504/2165 4787/506/2165 4803/506/2165
f 4795/509/2026 4792/510/2026 4805/510/2026
f 4799/507/2061 4790/508/2061 4794/508/85
f 4803/506/2090 4788/239/2090 4798/239/2090
f 4802/504/2732 4786/505/2732 4785/504/2732
f 4805/510/81 4786/505/81 4808/505/81
f 4784/510/2725 4807/505/81 4778/505/2723
f 4805/510/38 4824/505/38 4821/510/38
f 4778/505/2723 4801/504/2027 4777/504/2966
f 4806/510/50 4812/509/50 4822/510/50
f 4779/506/2728 4797/239/2090 4780/239/2722
f 4794/508/38 4811/509/38 4810/508/38
f 4781/507/2805 4793/508/2061 4782/508/2932
f 4807/505/2762 4822/510/50 4823/505/2762
f 4783/509/2726 4806/510/75 4784/510/2725
f 4799/507/38 4810/508/38 4815/507/38
f 4777/504/2966 4804/506/2165 4779/506/2728
f 4793/508/2733 4812/509/50 4796/509/50
f 4780/239/2722 4800/507/2060 4781/507/2805
f 4800/507/2762 4809/508/2733 4793/508/2733
f 4782/508/2932 4796/509/79 4783/509/2726
f 4798/239/2760 4815/507/38 4814/239/2760
f 4822/510/2091 4824/505/2091 4823/505/2091
f 4823/505/2732 4818/504/2089 4817/504/2089
f 4820/506/78 4814/239/2090 4813/239/2090
f 4816/507/2030 4810/508/85 4809/508/2061
f 4812/509/2125 4821/510/2289 4822/510/2289
f 4817/504/2165 4819/506/2165 4820/506/2165
f 4813/239/2128 4815/507/83 4816/507/83
f 4809/508/2163 4811/509/79 4812/509/2967
f 4795/509/38 4821/510/38 4811/509/38
f 4801/504/50 4823/505/2762 4817/504/50
f 4804/506/50 4817/504/50 4820/506/50
f 4802/504/2729 4824/505/38 4808/505/38
f 4803/506/38 4818/504/2729 4802/504/2729
f 4804/506/50 4813/239/50 4797/239/50
f 4797/239/50 4816/507/2762 4800/507/2762
f 4803/506/38 4814/239/2760 4819/506/38
f 4886/31/2061 4871/6/2734 4869/30/2837
f 4885/499/2163 4873/27/2681 4871/6/2734
f 4887/500/2125 4875/2/2737 4873/27/2681
f 4875/2/2737 4889/501/81 4877/34/2968
f 4877/34/2968 4890/38/2027 4879/25/2812
f 4890/38/82 4881/33/2896 4879/25/2812
f 4891/502/2029 4883/11/2686 4881/33/2896
f 4892/503/2060 4869/32/2837 4883/11/2686
f 4872/504/38 4886/505/38 4870/505/38
f 4872/504/38 4887/506/38 4885/504/38
f 4874/506/38 4888/239/38 4887/506/38
f 4878/507/38 4888/239/38 4876/239/38
f 4878/507/38 4890/508/38 4889/507/38
f 4882/509/38 4890/508/38 4880/508/38
f 4884/510/38 4891/509/38 4882/509/38
f 4884/510/38 4886/505/38 4892/510/38
s 0
f 4902/505/2687 4916/510/2688 4910/505/38
s 1
f 4902/505/2969 4893/504/2970 4894/505/2971
f 4901/504/2972 4895/506/2973 4893/504/2970
f 4903/506/2974 4896/239/2975 4895/506/2973
f 4904/239/2976 4897/507/2977 4896/239/2975
f 4906/508/2978 4897/507/2977 4905/507/2979
f 4907/509/2980 4898/508/2981 4906/508/2978
f 4908/510/2982 4899/509/2983 4907/509/2980
f 4902/505/2969 4900/510/2984 4908/510/2982
f 4913/507/50 4922/508/2755 4914/508/50
s 0
f 4907/509/2708 4914/508/2709 4915/509/38
f 4905/507/2710 4912/239/2711 4913/507/50
f 4903/506/2712 4909/504/2713 4911/506/50
f 4908/510/2714 4915/509/2715 4916/510/38
f 4906/508/2716 4913/507/2717 4914/508/38
f 4904/239/2718 4911/506/2719 4912/239/50
f 4901/504/2720 4910/505/2721 4909/504/50
s 1
f 4911/506/50 4920/239/2722 4912/239/50
f 4909/504/50 4918/505/2723 4917/504/2895
f 4910/505/50 4924/510/2985 4918/505/2723
f 4915/509/2762 4922/508/2755 4923/509/2726
f 4912/239/50 4921/507/2757 4913/507/50
f 4911/506/50 4917/504/2895 4919/506/2728
f 4916/510/50 4923/509/2726 4924/510/2985
f 4934/508/79 4931/509/79 4935/509/2163
f 4938/239/2060 4929/507/2060 4939/507/2060
f 4942/504/2165 4927/506/2165 4943/506/2165
f 4935/509/2026 4932/510/75 4945/510/75
f 4939/507/2061 4930/508/2061 4934/508/2061
f 4943/506/78 4928/239/2090 4938/239/2090
f 4948/505/2732 4925/504/2027 4942/504/2027
f 4945/510/81 4926/505/81 4948/505/81
f 4924/510/2985 4947/505/81 4918/505/2723
f 4945/510/38 4964/505/2760 4961/510/38
f 4918/505/2723 4941/504/2732 4917/504/2895
f 4936/509/50 4962/510/50 4946/510/50
f 4919/506/2728 4937/239/2090 4920/239/2722
f 4935/509/38 4950/508/38 4934/508/38
f 4921/507/2757 4933/508/2061 4922/508/2755
f 4946/510/50 4963/505/50 4947/505/50
f 4923/509/2726 4946/510/2026 4924/510/2985
f 4934/508/38 4955/507/38 4939/507/38
f 4917/504/2895 4944/506/2165 4919/506/2728
f 4936/509/50 4949/508/50 4952/509/50
f 4920/239/2722 4940/507/2060 4921/507/2757
f 4933/508/50 4956/507/50 4949/508/50
f 4922/508/2755 4936/509/79 4923/509/2726
f 4938/239/2760 4955/507/38 4954/239/2760
f 4962/510/2091 4964/505/2091 4963/505/2091
f 4963/505/2732 4958/504/2089 4957/504/2089
f 4960/506/2029 4954/239/2029 4953/239/2029
f 4949/508/2030 4955/507/85 4950/508/2030
f 4952/509/2026 4961/510/2026 4962/510/2026
f 4957/504/82 4959/506/82 4960/506/82
f 4956/507/2060 4954/239/83 4955/507/2060
f 4949/508/79 4951/509/79 4952/509/79
f 4935/509/38 4961/510/38 4951/509/38
f 4941/504/2762 4963/505/50 4957/504/2762
f 4944/506/50 4957/504/2762 4960/506/50
f 4942/504/38 4964/505/2760 4948/505/2760
f 4943/506/38 4958/504/38 4942/504/38
f 4944/506/50 4953/239/2733 4937/239/50
f 4937/239/50 4956/507/50 4940/507/2762
f 4943/506/38 4954/239/2760 4959/506/2729
f 5037/239/2986 5019/507/2835 5017/239/2836
f 5027/31/2061 5012/6/2679 5010/30/2735
f 5026/499/79 5014/27/2736 5012/6/2679
f 5028/500/2026 5016/2/2987 5014/27/2736
f 5029/12/2091 5018/34/2683 5016/2/2987
f 5030/501/2089 5020/25/2684 5018/34/2683
f 5031/38/82 5022/33/2685 5020/25/2684
f 5032/502/2029 5024/11/2686 5022/33/2685
f 5033/503/2060 5010/32/2735 5024/11/2686
f 5013/504/38 5027/505/38 5011/505/38
f 5013/504/38 5028/506/38 5026/504/38
f 5015/506/38 5029/239/38 5028/506/38
f 5017/239/38 5030/507/38 5029/239/38
f 5021/508/38 5030/507/38 5019/507/38
f 5023/509/38 5031/508/38 5021/508/38
f 5023/509/38 5033/510/38 5032/509/38
f 5025/510/38 5027/505/38 5033/510/38
s 0
f 5043/505/2687 5058/510/2688 5052/505/38
s 1
f 5034/504/2988 5050/506/2989 5036/506/2990
f 5043/505/2991 5034/504/2988 5035/505/2992
f 5042/504/2993 5050/506/2989 5034/504/2988
f 5045/239/2994 5050/506/2989 5044/506/50
f 5046/507/2995 5037/239/2986 5045/239/2994
f 5047/508/2996 5038/507/2997 5046/507/2995
f 5048/509/2998 5039/508/2999 5047/508/2996
f 5049/510/3000 5040/509/2964 5048/509/2998
f 5043/505/2991 5041/510/3001 5049/510/3000
f 5055/507/50 5064/508/2755 5056/508/50
s 0
f 5048/509/2708 5056/508/2709 5057/509/38
f 5046/507/2710 5054/239/2711 5055/507/50
f 5044/506/2712 5051/504/2713 5053/506/50
f 5049/510/2714 5057/509/2715 5058/510/38
f 5047/508/2716 5055/507/2717 5056/508/38
f 5045/239/2718 5053/506/2719 5054/239/50
f 5042/504/2720 5052/505/2721 5051/504/50
s 1
f 5054/239/50 5061/506/2728 5062/239/2874
f 5052/505/50 5059/504/2756 5051/504/50
f 5052/505/50 5066/510/2985 5060/505/2723
f 5057/509/50 5064/508/2755 5065/509/2726
f 5055/507/50 5062/239/2874 5063/507/2757
f 5051/504/50 5061/506/2728 5053/506/50
f 5058/510/50 5065/509/2726 5066/510/2985
f 5076/508/79 5073/509/79 5077/509/79
f 5080/239/83 5071/507/83 5081/507/83
f 5084/504/2165 5069/506/2165 5085/506/2165
f 5077/509/2026 5074/510/75 5087/510/75
f 5081/507/2030 5072/508/2030 5076/508/85
f 5085/506/2090 5070/239/2090 5080/239/2090
f 5090/505/2732 5067/504/2027 5084/504/2027
f 5087/510/81 5068/505/81 5090/505/81
f 5066/510/2985 5089/505/81 5060/505/2723
f 5087/510/38 5106/505/38 5103/510/38
f 5060/505/2723 5083/504/2027 5059/504/2756
f 5078/509/50 5104/510/50 5088/510/50
f 5061/506/2728 5079/239/2090 5062/239/2874
f 5077/509/38 5092/508/38 5076/508/38
f 5063/507/2757 5075/508/2030 5064/508/2755
f 5088/510/50 5105/505/50 5089/505/50
f 5065/509/2726 5088/510/2026 5066/510/2985
f 5076/508/38 5097/507/2729 5081/507/2729
f 5059/504/2756 5086/506/2165 5061/506/2728
f 5078/509/50 5091/508/2762 5094/509/50
f 5062/239/2874 5082/507/83 5063/507/2757
f 5075/508/2762 5098/507/50 5091/508/2762
f 5064/508/2755 5078/509/79 5065/509/2726
f 5080/239/38 5097/507/2729 5096/239/38
f 5104/510/2091 5106/505/2091 5105/505/2091
f 5105/505/2089 5100/504/2027 5099/504/2027
f 5102/506/2090 5096/239/2090 5095/239/3002
f 5091/508/2030 5097/507/2061 5092/508/2030
f 5094/509/2026 5103/510/2125 5104/510/2125
f 5099/504/82 5101/506/2165 5102/506/2876
f 5098/507/83 5096/239/83 5097/507/83
f 5091/508/79 5093/509/2163 5094/509/2163
f 5077/509/38 5103/510/38 5093/509/2760
f 5083/504/2733 5105/505/50 5099/504/2733
f 5086/506/50 5099/504/2733 5102/506/50
f 5084/504/2760 5106/505/38 5090/505/2729
f 5085/506/38 5100/504/2760 5084/504/2760
f 5086/506/50 5095/239/50 5079/239/50
f 5079/239/50 5098/507/50 5082/507/2733
f 5085/506/38 5096/239/38 5101/506/38
f 5169/31/2061 5154/6/2764 5152/30/2857
f 5168/499/3003 5156/27/2736 5154/6/2764
f 5170/500/3004 5158/2/2987 5156/27/2736
f 5158/2/2987 5172/501/3005 5160/34/2766
f 5160/34/2766 5173/38/2089 5162/25/2684
f 5173/38/2165 5164/33/2685 5162/25/2684
f 5174/502/2090 5166/11/2686 5164/33/2685
f 5175/503/2060 5152/32/2857 5166/11/2686
f 5155/504/38 5169/505/38 5153/505/38
f 5155/504/38 5170/506/38 5168/504/38
f 5159/239/38 5170/506/38 5157/506/38
f 5159/239/38 5172/507/38 5171/239/38
f 5163/508/38 5172/507/38 5161/507/38
f 5165/509/38 5173/508/38 5163/508/38
f 5167/510/38 5174/509/38 5165/509/38
f 5167/510/38 5169/505/38 5175/510/38
s 0
f 5185/505/2687 5200/510/2688 5194/505/38
s 1
f 5177/505/3006 5192/504/3007 5176/504/3008
f 5184/504/3009 5177/505/3006 5185/505/3010
f 5186/506/3011 5192/504/3007 5184/504/3009
f 5187/239/3012 5178/506/3013 5186/506/3011
f 5188/507/3014 5179/239/3015 5187/239/3012
f 5189/508/3016 5180/507/3017 5188/507/3014
f 5190/509/3018 5181/508/3019 5189/508/3016
f 5190/509/3018 5183/510/3020 5182/509/3021
f 5191/510/3022 5177/505/3006 5183/510/3020
f 5198/508/2762 5205/507/2757 5206/508/2755
s 0
f 5190/509/2708 5198/508/2709 5199/509/38
f 5188/507/2831 5196/239/2711 5197/507/50
f 5186/506/2137 5193/504/2806 5195/506/50
f 5191/510/2714 5199/509/2715 5200/510/38
f 5189/508/2716 5197/507/2717 5198/508/38
f 5187/239/2718 5195/506/2807 5196/239/50
f 5184/504/2720 5194/505/2721 5193/504/50
s 1
f 5196/239/2762 5203/506/2728 5204/239/3023
f 5194/505/50 5201/504/2756 5193/504/2733
f 5194/505/50 5208/510/2725 5202/505/2723
f 5199/509/2733 5206/508/2755 5207/509/2913
f 5197/507/50 5204/239/3023 5205/507/2757
f 5193/504/2733 5203/506/2728 5195/506/50
f 5199/509/2733 5208/510/2725 5200/510/50
f 5218/508/79 5215/509/79 5219/509/2163
f 5222/239/83 5213/507/83 5223/507/2060
f 5226/504/82 5211/506/82 5227/506/82
f 5219/509/2026 5216/510/2026 5229/510/75
f 5223/507/2030 5214/508/2030 5218/508/2030
f 5227/506/2029 5212/239/78 5222/239/78
f 5232/505/2027 5209/504/2027 5226/504/2027
f 5229/510/81 5210/505/81 5232/505/81
f 5208/510/2725 5231/505/81 5202/505/2723
f 5229/510/38 5248/505/38 5245/510/38
f 5202/505/2723 5225/504/2027 5201/504/2756
f 5220/509/50 5246/510/50 5230/510/50
f 5203/506/2728 5221/239/2029 5204/239/3023
f 5218/508/38 5235/509/38 5234/508/38
f 5205/507/2757 5217/508/2030 5206/508/2755
f 5230/510/50 5247/505/2733 5231/505/2733
f 5207/509/2913 5230/510/2026 5208/510/2725
f 5223/507/38 5234/508/38 5239/507/38
f 5201/504/2756 5228/506/82 5203/506/2728
f 5217/508/50 5236/509/2733 5220/509/50
f 5204/239/3023 5224/507/83 5205/507/2757
f 5224/507/50 5233/508/50 5217/508/50
f 5206/508/2755 5220/509/79 5207/509/2913
f 5223/507/38 5238/239/38 5222/239/38
f 5246/510/2091 5248/505/2091 5247/505/2091
f 5247/505/2027 5242/504/2089 5241/504/2089
f 5244/506/78 5238/239/2029 5237/239/2029
f 5240/507/2030 5234/508/2030 5233/508/2030
f 5236/509/75 5245/510/2026 5246/510/2026
f 5241/504/82 5243/506/82 5244/506/82
f 5237/239/2060 5239/507/83 5240/507/83
f 5233/508/2163 5235/509/79 5236/509/2275
f 5219/509/38 5245/510/38 5235/509/38
f 5225/504/50 5247/505/2733 5241/504/50
f 5225/504/50 5244/506/50 5228/506/50
f 5226/504/38 5248/505/38 5232/505/38
f 5226/504/38 5243/506/38 5242/504/38
f 5221/239/50 5244/506/50 5237/239/50
f 5224/507/50 5237/239/50 5240/507/50
f 5222/239/38 5243/506/38 5227/506/38
f 5311/31/2061 5296/6/2764 5294/30/2857
f 5310/499/79 5298/27/2681 5296/6/2764
f 5312/500/2026 5300/2/2765 5298/27/2681
f 5313/12/2091 5302/34/3024 5300/2/2765
f 5314/501/2089 5304/25/2684 5302/34/3024
f 5315/38/2165 5306/33/2813 5304/25/2684
f 5316/502/2090 5308/11/2686 5306/33/2813
f 5317/503/2060 5294/32/2857 5308/11/2686
f 5297/504/38 5311/505/38 5295/505/38
f 5299/506/38 5310/504/38 5297/504/38
f 5299/506/38 5313/239/38 5312/506/38
f 5303/507/38 5313/239/38 5301/239/38
f 5303/507/38 5315/508/38 5314/507/38
f 5307/509/38 5315/508/38 5305/508/38
f 5309/510/38 5316/509/38 5307/509/38
f 5309/510/38 5311/505/38 5317/510/38
s 0
f 5327/505/2687 5341/510/2688 5335/505/38
s 1
f 5326/504/3025 5319/505/3026 5327/505/3027
f 5328/506/3028 5318/504/3029 5326/504/3025
f 5329/239/3030 5320/506/3031 5328/506/3028
f 5330/507/3032 5321/239/3033 5329/239/3030
f 5330/507/3032 5323/508/3034 5322/507/3035
f 5331/508/3036 5324/509/3037 5323/508/3034
f 5333/510/3038 5324/509/3037 5332/509/3039
f 5327/505/3027 5325/510/3040 5333/510/3038
f 5338/507/50 5347/508/2830 5339/508/50
s 0
f 5332/509/2708 5339/508/2709 5340/509/38
f 5330/507/2710 5337/239/2711 5338/507/50
f 5328/506/2137 5334/504/2806 5336/506/50
f 5333/510/2714 5340/509/2715 5341/510/38
f 5331/508/2716 5338/507/2717 5339/508/38
f 5329/239/2718 5336/506/2807 5337/239/50
f 5326/504/2720 5335/505/2721 5334/504/50
s 1
f 5337/239/50 5344/506/2728 5345/239/2853
f 5334/504/2733 5343/505/2723 5342/504/2756
f 5335/505/2762 5349/510/2725 5343/505/2723
f 5339/508/50 5348/509/2726 5340/509/50
f 5338/507/50 5345/239/2853 5346/507/2757
f 5336/506/50 5342/504/2756 5344/506/2728
f 5341/510/50 5348/509/2726 5349/510/2725
f 5359/508/2163 5356/509/2163 5360/509/2163
f 5363/239/83 5354/507/83 5364/507/83
f 5367/504/82 5352/506/82 5368/506/82
f 5360/509/2125 5357/510/2125 5370/510/2125
f 5364/507/2030 5355/508/2030 5359/508/2030
f 5368/506/78 5353/239/2029 5363/239/2029
f 5373/505/2027 5350/504/2027 5367/504/2027
f 5373/505/81 5357/510/81 5351/505/81
f 5349/510/2725 5372/505/81 5343/505/2723
f 5373/505/38 5386/510/38 5370/510/38
f 5343/505/2723 5366/504/2027 5342/504/2756
f 5361/509/50 5387/510/50 5371/510/50
f 5344/506/2728 5362/239/78 5345/239/2853
f 5359/508/38 5376/509/38 5375/508/38
f 5346/507/2757 5358/508/2030 5347/508/2830
f 5371/510/50 5388/505/50 5372/505/50
f 5348/509/2726 5371/510/2125 5349/510/2725
f 5364/507/38 5375/508/38 5380/507/38
f 5342/504/2756 5369/506/82 5344/506/2728
f 5358/508/50 5377/509/50 5361/509/50
f 5345/239/2853 5365/507/83 5346/507/2757
f 5365/507/50 5374/508/50 5358/508/50
f 5347/508/2830 5361/509/2163 5348/509/2726
f 5364/507/38 5379/239/38 5363/239/38
f 5387/510/2091 5389/505/2091 5388/505/2091
f 5388/505/2089 5383/504/2089 5382/504/2089
f 5385/506/78 5379/239/2090 5378/239/2090
f 5381/507/2030 5375/508/2030 5374/508/2030
f 5377/509/2026 5386/510/2125 5387/510/2125
f 5382/504/2165 5384/506/2165 5385/506/2165
f 5378/239/2784 5380/507/83 5381/507/83
f 5374/508/2163 5376/509/2163 5377/509/2163
f 5370/510/38 5376/509/38 5360/509/38
f 5366/504/50 5388/505/50 5382/504/50
f 5369/506/50 5382/504/50 5385/506/50
f 5367/504/38 5389/505/38 5373/505/38
f 5368/506/38 5383/504/38 5367/504/38
f 5362/239/50 5385/506/50 5378/239/50
f 5365/507/50 5378/239/50 5381/507/50
f 5363/239/38 5384/506/38 5368/506/38
f 5452/31/2061 5437/6/2764 5435/30/2785
f 5451/499/3041 5439/27/2736 5437/6/2764
f 5453/500/3042 5441/2/2765 5439/27/2736
f 5454/12/2091 5443/34/2766 5441/2/2765
f 5455/501/2089 5445/25/2812 5443/34/2766
f 5445/25/2812 5457/502/2165 5447/33/2685
f 5457/502/2090 5449/11/2686 5447/33/2685
f 5449/11/2686 5452/28/3043 5435/32/2785
f 5438/504/2729 5452/505/2729 5436/505/38
f 5438/504/2729 5453/506/38 5451/504/3044
f 5440/506/2729 5454/239/38 5453/506/38
f 5444/507/38 5454/239/38 5442/239/38
f 5446/508/38 5455/507/38 5444/507/38
f 5448/509/3045 5456/508/38 5446/508/38
f 5450/510/2729 5457/509/3045 5448/509/3045
f 5450/510/2729 5452/505/2729 5458/510/3046
s 0
f 5468/505/2687 5482/510/2688 5476/505/38
s 1
f 5467/504/3047 5460/505/3048 5468/505/3049
f 5469/506/3050 5459/504/3051 5467/504/3047
f 5470/239/2794 5461/506/3052 5469/506/3050
f 5471/507/3053 5462/239/2797 5470/239/2794
f 5471/507/3053 5464/508/3054 5463/507/3055
f 5472/508/3056 5465/509/3057 5464/508/3054
f 5474/510/3058 5465/509/3057 5473/509/2705
f 5468/505/3049 5466/510/3059 5474/510/3058
f 5479/507/2762 5488/508/3060 5480/508/3061
s 0
f 5473/509/2708 5480/508/2709 5481/509/38
f 5471/507/2710 5478/239/2711 5479/507/50
f 5469/506/2137 5475/504/2806 5477/506/50
f 5474/510/2714 5481/509/2715 5482/510/38
f 5472/508/2716 5479/507/2717 5480/508/38
f 5470/239/2718 5477/506/2807 5478/239/50
f 5467/504/2720 5476/505/2721 5475/504/50
s 1
f 5478/239/3062 5485/506/3063 5486/239/3064
f 5475/504/3065 5484/505/3066 5483/504/3067
f 5476/505/3068 5490/510/3069 5484/505/3066
f 5481/509/3062 5488/508/3060 5489/509/3070
f 5479/507/2762 5486/239/3064 5487/507/3071
f 5477/506/3072 5483/504/3067 5485/506/3063
f 5481/509/3062 5490/510/3069 5482/510/3073
f 5500/508/79 5497/509/79 5501/509/79
f 5504/239/2060 5495/507/2060 5505/507/2060
f 5508/504/82 5493/506/82 5509/506/82
f 5501/509/2026 5498/510/2026 5511/510/75
f 5505/507/2061 5496/508/2061 5500/508/2061
f 5509/506/78 5494/239/78 5504/239/78
f 5514/505/3074 5491/504/2027 5508/504/2027
f 5511/510/81 5492/505/81 5514/505/3075
f 5490/510/3069 5513/505/81 5484/505/3066
f 5511/510/38 5530/505/38 5527/510/38
f 5484/505/3066 5507/504/2027 5483/504/3067
f 5502/509/50 5528/510/50 5512/510/50
f 5485/506/3063 5503/239/2029 5486/239/3064
f 5500/508/38 5517/509/38 5516/508/38
f 5487/507/3071 5499/508/2808 5488/508/3060
f 5512/510/50 5529/505/50 5513/505/50
f 5489/509/3070 5512/510/2026 5490/510/3069
f 5500/508/38 5521/507/38 5505/507/38
f 5483/504/3067 5510/506/82 5485/506/3063
f 5499/508/50 5518/509/50 5502/509/50
f 5486/239/3064 5506/507/2731 5487/507/3071
f 5506/507/50 5515/508/50 5499/508/50
f 5488/508/3060 5502/509/79 5489/509/3070
f 5505/507/38 5520/239/38 5504/239/38
f 5529/505/3076 5527/510/2091 5530/505/3077
f 5523/504/2027 5530/505/3078 5524/504/2027
f 5526/506/78 5520/239/2029 5519/239/2029
f 5522/507/2061 5516/508/2030 5515/508/2030
f 5518/509/75 5527/510/2026 5528/510/2026
f 5523/504/82 5525/506/82 5526/506/82
f 5519/239/2060 5521/507/83 5522/507/83
f 5515/508/2163 5517/509/79 5518/509/79
f 5501/509/38 5527/510/38 5517/509/38
f 5507/504/50 5529/505/50 5523/504/2762
f 5510/506/50 5523/504/2762 5526/506/50
f 5508/504/38 5530/505/38 5514/505/38
f 5509/506/38 5524/504/38 5508/504/38
f 5503/239/50 5526/506/50 5519/239/50
f 5506/507/50 5519/239/50 5522/507/50
f 5504/239/38 5525/506/38 5509/506/38
f 5603/239/3079 5585/507/2855 5583/239/3080
f 5593/31/2061 5578/6/2734 5576/30/2735
f 5592/499/2163 5580/27/2736 5578/6/2734
f 5594/500/2125 5582/2/2737 5580/27/2736
f 5595/12/2091 5584/34/2766 5582/2/2737
f 5596/501/2089 5586/25/2684 5584/34/2766
f 5597/38/82 5588/33/2685 5586/25/2684
f 5598/502/2029 5590/11/2686 5588/33/2685
f 5599/503/2060 5576/32/2735 5590/11/2686
f 5579/504/38 5593/505/38 5577/505/38
f 5579/504/38 5594/506/38 5592/504/38
f 5581/506/38 5595/239/38 5594/506/38
f 5583/239/38 5596/507/38 5595/239/38
f 5585/507/38 5597/508/38 5596/507/38
f 5589/509/38 5597/508/38 5587/508/38
f 5591/510/38 5598/509/38 5589/509/38
f 5591/510/38 5593/505/38 5599/510/38
s 0
f 5609/505/2687 5624/510/2688 5618/505/38
s 1
f 5602/506/3081 5616/239/3082 5603/239/2743
f 5609/505/3083 5600/504/3084 5601/505/3085
f 5608/504/3086 5602/506/3081 5600/504/3084
f 5611/239/3087 5602/506/3081 5610/506/3088
f 5612/507/3089 5616/239/3082 5611/239/3087
f 5613/508/3090 5604/507/3091 5612/507/3089
f 5614/509/3092 5605/508/3093 5613/508/3090
f 5614/509/3092 5607/510/3094 5606/509/3095
f 5615/510/3000 5601/505/3085 5607/510/3094
f 5621/507/50 5630/508/2932 5622/508/2733
s 0
f 5614/509/2708 5622/508/2709 5623/509/38
f 5612/507/2710 5620/239/2711 5621/507/50
f 5610/506/2712 5617/504/2713 5619/506/50
f 5615/510/2714 5623/509/2715 5624/510/38
f 5613/508/2716 5621/507/2717 5622/508/38
f 5611/239/2718 5619/506/2719 5620/239/50
f 5608/504/2720 5618/505/2721 5617/504/50
s 1
f 5619/506/50 5628/239/2722 5620/239/50
f 5617/504/50 5626/505/2723 5625/504/2895
f 5624/510/50 5626/505/2723 5618/505/50
f 5622/508/2733 5631/509/2726 5623/509/50
f 5621/507/50 5628/239/2722 5629/507/2757
f 5619/506/50 5625/504/2895 5627/506/2728
f 5623/509/50 5632/510/2725 5624/510/50
f 5642/508/79 5639/509/79 5643/509/79
f 5646/239/2060 5637/507/2060 5647/507/2060
f 5650/504/2165 5635/506/2165 5651/506/2165
f 5653/510/75 5639/509/75 5640/510/75
f 5642/508/2061 5637/507/85 5638/508/2061
f 5651/506/2090 5636/239/2090 5646/239/2090
f 5656/505/2732 5633/504/2732 5650/504/2732
f 5656/505/81 5640/510/81 5634/505/81
f 5632/510/2725 5655/505/81 5626/505/2723
f 5656/505/2760 5669/510/38 5653/510/38
f 5626/505/2723 5649/504/2027 5625/504/2895
f 5654/510/50 5660/509/50 5670/510/50
f 5627/506/2728 5645/239/2090 5628/239/2722
f 5642/508/38 5659/509/38 5658/508/38
f 5629/507/2757 5641/508/2730 5630/508/2932
f 5654/510/50 5671/505/50 5655/505/50
f 5631/509/2726 5654/510/2026 5632/510/2725
f 5642/508/38 5663/507/2729 5647/507/2729
f 5625/504/2895 5652/506/2165 5627/506/2728
f 5641/508/50 5660/509/50 5644/509/50
f 5628/239/2722 5648/507/2731 5629/507/2757
f 5641/508/50 5664/507/50 5657/508/50
f 5630/508/2932 5644/509/79 5631/509/2726
f 5646/239/38 5663/507/2729 5662/239/38
f 5670/510/2091 5672/505/2091 5671/505/2091
f 5671/505/2732 5666/504/2089 5665/504/2089
f 5661/239/2029 5667/506/2029 5662/239/2029
f 5657/508/2030 5663/507/85 5658/508/2030
f 5670/510/2125 5659/509/2125 5669/510/2125
f 5665/504/82 5667/506/82 5668/506/82
f 5661/239/83 5663/507/2060 5664/507/2060
f 5657/508/2163 5659/509/2163 5660/509/2163
f 5653/510/38 5659/509/38 5643/509/38
f 5649/504/50 5671/505/50 5665/504/2762
f 5652/506/50 5665/504/2762 5668/506/50
f 5650/504/38 5672/505/2760 5656/505/2760
f 5651/506/38 5666/504/38 5650/504/38
f 5645/239/50 5668/506/50 5661/239/50
f 5645/239/50 5664/507/50 5648/507/50
f 5646/239/38 5667/506/38 5651/506/38
f 5735/31/2061 5720/6/3096 5718/30/2785
f 5734/499/79 5722/27/3097 5720/6/3096
f 5736/500/2026 5724/2/2765 5722/27/3097
f 5737/12/2091 5726/34/2766 5724/2/2765
f 5738/501/2089 5728/25/2812 5726/34/2766
f 5739/38/3098 5730/33/2813 5728/25/2812
f 5740/502/3099 5732/11/2787 5730/33/2813
f 5741/503/2060 5718/32/2785 5732/11/2787
f 5721/504/38 5735/505/38 5719/505/38
f 5721/504/38 5736/506/38 5734/504/38
f 5723/506/38 5737/239/38 5736/506/38
f 5727/507/38 5737/239/38 5725/239/38
f 5727/507/38 5739/508/38 5738/507/38
f 5731/509/38 5739/508/38 5729/508/38
f 5733/510/38 5740/509/38 5731/509/38
f 5733/510/38 5735/505/38 5741/510/38
s 0
f 5751/505/2687 5765/510/2688 5759/505/38
s 1
f 5750/504/3100 5743/505/3101 5751/505/3102
f 5752/506/3103 5742/504/3104 5750/504/3100
f 5753/239/3105 5744/506/3106 5752/506/3103
f 5754/507/3107 5745/239/3108 5753/239/3105
f 5754/507/3107 5747/508/3109 5746/507/3110
f 5755/508/3111 5748/509/3112 5747/508/3109
f 5757/510/3113 5748/509/3112 5756/509/3114
f 5751/505/3102 5749/510/3115 5757/510/3113
f 5762/507/50 5771/508/2830 5763/508/50
s 0
f 5756/509/2708 5763/508/2709 5764/509/38
f 5754/507/2710 5761/239/2711 5762/507/50
f 5752/506/2712 5758/504/2713 5760/506/50
f 5757/510/2714 5764/509/2715 5765/510/38
f 5755/508/2716 5762/507/2717 5763/508/38
f 5753/239/2718 5760/506/2719 5761/239/50
f 5750/504/2720 5759/505/2721 5758/504/50
s 1
f 5760/506/50 5769/239/2722 5761/239/50
f 5758/504/50 5767/505/3116 5766/504/2756
f 5759/505/2733 5773/510/2725 5767/505/3116
f 5763/508/50 5772/509/2726 5764/509/50
f 5762/507/50 5769/239/2722 5770/507/3117
f 5760/506/50 5766/504/2756 5768/506/2728
f 5765/510/50 5772/509/2726 5773/510/2725
f 5783/508/2163 5780/509/2163 5784/509/2163
f 5787/239/2060 5778/507/2060 5788/507/2060
f 5791/504/82 5776/506/82 5792/506/82
f 5784/509/2125 5781/510/2125 5794/510/2125
f 5788/507/2061 5779/508/2061 5783/508/2061
f 5792/506/78 5777/239/2029 5787/239/2029
f 5797/505/2027 5774/504/2732 5791/504/2732
f 5794/510/81 5775/505/81 5797/505/81
f 5773/510/2725 5796/505/81 5767/505/3116
f 5794/510/2760 5813/505/38 5810/510/2760
f 5767/505/3116 5790/504/2027 5766/504/2756
f 5785/509/50 5811/510/50 5795/510/50
f 5768/506/2728 5786/239/78 5769/239/2722
f 5783/508/38 5800/509/38 5799/508/38
f 5770/507/3117 5782/508/85 5771/508/2830
f 5795/510/50 5812/505/50 5796/505/50
f 5772/509/2726 5795/510/2125 5773/510/2725
f 5783/508/38 5804/507/38 5788/507/38
f 5766/504/2756 5793/506/82 5768/506/2728
f 5782/508/2762 5801/509/50 5785/509/50
f 5769/239/2722 5789/507/2731 5770/507/3117
f 5782/508/2762 5805/507/50 5798/508/2762
f 5772/509/2726 5782/508/2163 5785/509/2163
f 5787/239/2729 5804/507/38 5803/239/2729
f 5811/510/2091 5813/505/2091 5812/505/2091
f 5812/505/2089 5807/504/2089 5806/504/2089
f 5809/506/2090 5803/239/2090 5802/239/2028
f 5798/508/2030 5804/507/2030 5799/508/2030
f 5811/510/2125 5800/509/2125 5810/510/2125
f 5806/504/2165 5808/506/2165 5809/506/2092
f 5802/239/83 5804/507/83 5805/507/83
f 5798/508/2163 5800/509/2163 5801/509/2163
f 5784/509/38 5810/510/2760 5800/509/38
f 5790/504/50 5812/505/50 5806/504/2762
f 5793/506/50 5806/504/2762 5809/506/50
f 5791/504/38 5813/505/38 5797/505/38
f 5792/506/38 5807/504/38 5791/504/38
f 5786/239/2733 5809/506/50 5802/239/2733
f 5786/239/2733 5805/507/50 5789/507/50
f 5787/239/2729 5808/506/38 5792/506/38
f 5941/511/3118 5939/28/3119 5940/35/3119
f 5957/511/3120 5955/28/3121 5956/35/3121
f 274/1/1 276/2/16 280/2/2
f 268/6/5 271/8/27 272/7/6
f 270/2/1 272/7/17 269/9/17
f 272/7/6 271/8/27 279/8/8
f 267/3/3 273/14/4 271/4/4
f 269/9/17 274/1/1 270/2/1
f 270/2/7 280/2/2 282/6/14
f 269/9/10 277/7/18 278/12/15
f 268/5/3 282/5/14 275/5/8
f 274/1/13 267/3/12 275/5/8
f 273/14/4 278/4/15 279/4/8
f 272/7/17 281/7/9 277/7/18
f 279/8/8 278/8/15 277/7/18
f 280/2/2 276/2/16 275/6/8
f 290/1/19 292/2/9 296/2/18
f 284/6/5 287/8/27 288/7/6
f 286/2/19 288/7/24 285/15/24
f 288/7/6 287/8/27 295/8/8
f 283/10/21 289/11/22 290/1/22
f 285/15/24 290/1/19 286/2/19
f 286/2/7 296/2/18 298/6/15
f 285/15/23 293/7/18 294/12/15
f 284/5/3 298/5/15 291/5/8
f 290/1/22 289/3/22 291/5/8
f 283/14/3 294/4/15 295/4/8
f 288/7/24 297/7/20 293/7/18
f 295/8/8 294/8/15 293/7/18
f 296/2/18 292/2/9 291/6/8
f 306/16/25 308/2/9 312/2/18
f 300/6/7 303/8/27 304/7/6
f 302/2/26 304/7/29 301/18/29
f 303/8/27 311/8/8 313/7/9
f 299/17/4 305/20/3 303/4/3
f 301/18/29 306/16/25 302/2/26
f 300/6/7 302/2/7 312/2/18
f 305/19/21 301/18/23 309/7/18
f 300/5/4 314/5/15 307/5/8
f 299/17/28 307/5/8 308/2/9
f 305/20/3 310/4/15 311/4/8
f 304/7/29 313/7/9 309/7/18
f 311/8/8 310/8/15 309/7/18
f 312/2/18 308/2/9 307/6/8
f 318/7/6 320/2/32 316/6/32
f 322/21/30 324/2/9 328/2/18
f 316/6/32 319/8/27 318/7/6
f 318/7/6 319/8/27 327/8/8
f 315/10/21 321/11/22 322/21/22
f 317/22/31 322/21/30 320/2/30
f 320/2/32 328/2/18 330/6/15
f 317/22/23 325/7/18 326/12/15
f 316/5/3 330/5/15 323/5/8
f 322/21/22 321/23/22 323/5/8
f 315/20/3 326/4/15 327/4/8
f 318/7/31 329/7/20 325/7/18
f 327/8/8 326/8/15 325/7/18
f 328/2/18 324/2/9 323/6/8
f 429/505/41 432/512/35 431/239/40
f 433/24/3122 440/33/3123 439/25/3124
s 0
f 436/27/2114 437/2/50 445/2/2041
s 1
f 432/26/2033 438/34/3125 437/2/2002
f 433/24/3122 441/11/3126 440/33/3123
f 430/29/3127 436/27/3128 435/6/3129
f 432/26/2033 439/25/3130 438/34/3125
f 429/28/2292 434/32/83 441/11/2209
f 430/29/3127 435/6/3129 434/30/2293
f 431/12/40 437/2/2153 436/27/45
f 444/513/38 446/514/38 448/515/38
s 0
f 434/30/2176 435/6/50 443/6/2080
f 441/11/2201 434/32/38 442/32/2075
f 439/25/2138 440/33/38 448/33/2077
f 437/2/2037 438/34/50 446/34/2036
f 435/6/3131 436/27/50 444/27/2038
f 440/33/2063 441/11/38 449/11/2062
f 438/34/3132 439/25/38 447/25/3133
s 1
f 463/35/50 465/35/50 458/35/50
f 456/35/62 457/35/63 465/35/63
f 455/35/64 463/35/2139 462/35/65
f 453/35/66 461/35/66 460/35/66
f 450/35/68 451/35/69 458/35/69
f 457/35/70 450/35/70 459/35/70
f 456/35/72 464/35/72 463/35/72
f 454/35/73 462/35/73 461/35/73
f 452/35/74 460/35/74 458/35/74
f 455/35/75 471/35/75 472/35/75
f 453/35/2027 469/35/2027 470/35/2027
f 452/35/78 451/35/78 467/35/78
f 456/35/79 472/35/79 473/35/79
f 454/35/81 470/35/81 471/35/81
f 452/35/82 468/35/82 469/35/82
f 451/35/83 450/35/3134 466/35/83
f 457/35/85 473/35/85 466/35/3135
f 476/25/87 483/2/92 487/2/88
f 475/6/90 478/8/91 479/7/91
f 477/36/87 479/7/87 476/25/87
f 478/8/91 486/8/97 488/7/92
f 474/37/89 480/39/89 478/4/89
f 476/25/93 481/9/94 480/10/94
f 477/36/90 487/2/88 489/6/95
f 481/9/94 484/7/98 485/12/95
f 475/5/89 489/5/95 482/5/96
f 474/37/93 482/5/96 483/2/92
f 480/39/89 485/4/95 486/4/97
f 479/7/87 488/7/92 484/7/98
f 486/8/97 485/8/95 484/7/98
f 487/2/88 483/2/92 482/6/96
f 492/25/87 499/2/92 503/2/88
f 491/6/90 494/8/99 495/7/99
f 493/2/87 495/7/87 492/25/87
f 494/8/99 502/8/97 504/7/92
f 492/25/93 497/9/94 490/10/94
f 490/10/94 496/11/93 492/25/93
f 493/2/90 503/2/88 505/6/100
f 497/9/94 500/7/88 501/12/100
f 491/5/89 505/5/100 498/5/96
f 496/37/93 498/5/96 499/2/92
f 490/39/89 501/4/100 502/4/97
f 495/7/87 504/7/92 500/7/88
f 502/8/97 501/8/100 500/7/88
f 503/2/88 499/2/92 498/6/96
f 513/25/87 515/2/92 519/2/88
f 507/6/90 510/8/99 511/7/99
f 509/2/87 511/7/87 508/9/87
f 510/8/99 518/8/97 520/7/101
f 506/37/89 512/39/89 510/4/89
f 508/9/87 513/25/87 509/2/87
f 509/2/90 519/2/88 521/6/100
f 508/9/94 516/7/88 517/12/102
f 507/5/89 521/5/100 514/5/96
f 506/37/93 514/5/96 515/2/92
f 512/39/89 517/4/102 518/4/97
f 511/7/87 520/7/101 516/7/88
f 518/8/97 517/8/102 516/7/88
f 519/2/88 515/2/92 514/6/96
f 529/25/87 531/2/104 535/2/88
f 523/6/90 526/8/99 527/7/99
f 525/2/87 527/7/87 524/9/87
f 526/8/99 534/8/97 536/7/92
f 522/37/89 528/39/89 526/4/89
f 524/9/87 529/25/87 525/2/87
f 525/2/90 535/2/88 537/6/100
f 524/9/103 532/7/98 533/12/95
f 523/5/89 537/5/100 530/5/97
f 522/37/93 530/5/97 531/2/104
f 528/39/89 533/4/95 534/4/97
f 527/7/87 536/7/92 532/7/98
f 534/8/97 533/8/95 532/7/98
f 535/2/88 531/2/104 530/6/97
f 576/35/61 540/35/61 539/35/61
f 578/35/61 541/35/61 540/35/61
f 579/35/61 542/35/61 541/35/61
f 581/35/61 542/35/61 580/35/61
f 543/35/61 582/35/61 544/35/61
f 583/35/61 544/35/61 582/35/61
f 583/35/61 546/35/61 545/35/61
f 584/35/61 547/35/61 546/35/61
f 585/35/61 548/35/61 547/35/61
f 548/35/61 587/35/61 549/35/61
f 549/35/61 588/35/61 550/35/61
f 588/35/61 551/35/61 550/35/61
f 589/35/61 552/35/61 551/35/61
f 590/35/61 553/35/61 552/35/61
f 553/35/61 592/35/61 554/35/61
f 554/35/61 593/35/61 555/35/61
f 594/35/61 555/35/61 593/35/61
f 556/35/61 595/35/61 557/35/61
f 596/35/61 557/35/61 595/35/61
f 558/35/61 597/35/61 559/35/61
f 598/35/61 559/35/61 597/35/61
f 598/35/61 561/35/61 560/35/61
f 561/35/61 600/35/61 562/35/61
f 562/35/61 601/35/61 563/35/61
f 563/35/61 602/35/61 564/35/61
f 602/35/61 565/35/61 564/35/61
f 603/35/61 566/35/61 565/35/61
f 566/35/61 605/35/61 567/35/61
f 606/35/61 567/35/61 605/35/61
f 606/35/61 569/35/61 568/35/61
f 607/35/61 570/35/61 569/35/61
f 609/35/61 572/35/61 571/35/61
s 0
f 683/35/164 684/35/38 764/35/163
s 1
f 610/35/61 573/35/61 572/35/61
f 611/35/61 574/35/61 573/35/61
f 612/35/61 575/35/61 574/35/61
f 613/35/61 538/35/61 575/35/61
f 561/35/3136 676/35/3136 675/35/3136
s 0
f 631/35/149 630/35/38 710/35/148
f 656/35/151 657/35/50 737/35/150
f 682/35/169 683/35/38 763/35/168
f 630/35/1992 629/35/38 709/35/153
f 655/35/156 656/35/50 736/35/155
f 681/35/188 682/35/38 762/35/187
f 629/35/1993 628/35/38 708/35/157
f 571/35/138 685/35/38 765/35/137
f 654/35/160 655/35/50 735/35/197
f 680/35/125 681/35/125 761/35/125
f 628/35/192 627/35/38 707/35/191
f 652/35/162 654/35/50 734/35/196
f 679/35/184 680/35/38 760/35/183
f 627/35/164 626/35/38 706/35/163
f 653/35/166 652/35/50 732/35/165
f 678/35/181 679/35/38 759/35/180
f 626/35/169 625/35/38 705/35/168
f 684/35/122 570/35/38 693/35/121
f 615/35/178 651/35/50 731/35/177
f 677/35/1994 678/35/38 758/35/193
f 625/35/1995 624/35/38 704/35/187
f 651/35/174 650/35/50 730/35/173
f 676/35/172 677/35/38 757/35/171
f 624/35/125 623/35/125 703/35/125
f 650/35/108 649/35/50 729/35/107
f 675/35/110 676/35/38 756/35/109
f 623/35/1996 622/35/38 702/35/183
f 649/35/182 648/35/50 728/35/113
f 674/35/1997 675/35/38 755/35/115
f 622/35/181 621/35/38 701/35/180
f 648/35/179 647/35/50 727/35/119
f 673/35/124 674/35/38 754/35/123
f 621/35/1994 620/35/38 700/35/193
f 672/35/129 673/35/38 753/35/128
f 620/35/172 619/35/38 699/35/171
f 646/35/106 645/35/50 725/35/105
f 671/35/134 672/35/38 752/35/133
f 619/35/190 618/35/38 698/35/109
s 1
f 612/35/3137 649/35/3138 650/35/3137
f 586/35/87 623/35/87 624/35/87
f 562/35/373 677/35/399 676/35/373
f 613/35/3139 650/35/3140 651/35/3139
f 625/35/3141 586/35/3141 624/35/3141
f 563/35/3142 678/35/3142 677/35/3142
f 615/35/3143 613/35/3144 651/35/3144
f 588/35/3145 625/35/3145 626/35/3145
f 564/35/3146 679/35/3146 678/35/3146
f 538/35/3147 652/35/3147 653/35/3147
f 589/35/3148 626/35/3149 627/35/3150
f 679/35/3151 566/35/3151 680/35/3151
f 652/35/3152 540/35/3152 654/35/3152
f 628/35/3153 589/35/3153 627/35/3153
f 566/35/87 681/35/87 680/35/87
f 540/35/3154 655/35/3155 654/35/3154
f 629/35/3156 590/35/3156 628/35/3156
f 567/35/3141 682/35/3141 681/35/3141
f 541/35/3157 656/35/3157 655/35/3157
f 630/35/3158 591/35/3158 629/35/3158
f 568/35/3145 683/35/3145 682/35/3145
f 656/35/3159 543/35/3159 657/35/3159
f 631/35/3160 592/35/3160 630/35/3160
f 683/35/3161 570/35/3150 684/35/3150
f 543/35/408 658/35/384 657/35/408
f 632/35/3162 593/35/3162 631/35/3162
f 544/35/3163 659/35/3163 658/35/3163
s 0
f 645/35/112 644/35/50 724/35/111
s 1
f 595/35/3164 632/35/3165 633/35/3164
f 685/35/3156 572/35/3156 686/35/3156
f 545/35/3166 660/35/3166 659/35/3166
f 596/35/3167 633/35/3167 634/35/3167
f 686/35/3158 573/35/3168 687/35/3168
f 546/35/3169 661/35/3169 660/35/3169
f 635/35/3152 596/35/3152 634/35/3152
f 687/35/3170 574/35/3160 688/35/3160
f 547/35/89 662/35/89 661/35/89
f 598/35/3155 635/35/3155 636/35/3155
f 688/35/3162 575/35/3162 689/35/3162
f 548/35/3171 663/35/3171 662/35/3171
f 637/35/3172 598/35/3172 636/35/3172
f 575/35/3165 653/35/3165 689/35/3165
f 663/35/3173 550/35/3173 664/35/3173
f 638/35/3159 599/35/3159 637/35/3159
f 664/35/3174 551/35/3174 665/35/3174
f 639/35/384 600/35/408 638/35/408
f 551/35/3175 666/35/3176 665/35/3175
f 640/35/3177 601/35/3163 639/35/3163
f 552/35/3178 667/35/3178 666/35/3178
f 603/35/3166 640/35/3166 641/35/3166
f 614/35/3179 577/35/3179 615/35/3180
f 553/35/3181 668/35/3181 667/35/3181
f 642/35/3169 603/35/3169 641/35/3169
f 578/35/3182 614/35/3183 616/35/3182
f 668/35/3137 555/35/3138 669/35/3138
f 605/35/89 642/35/89 643/35/89
f 579/35/3184 616/35/3184 617/35/3184
f 555/35/3140 670/35/3185 669/35/3140
f 606/35/3171 643/35/3171 644/35/3171
f 580/35/3186 617/35/498 618/35/3186
f 556/35/3143 671/35/3144 670/35/3143
f 607/35/3173 644/35/3173 645/35/3173
f 581/35/3136 618/35/3136 619/35/3136
f 671/35/3180 558/35/3179 672/35/3179
f 608/35/3174 645/35/3174 646/35/3174
f 582/35/399 619/35/399 620/35/399
f 558/35/3183 673/35/3187 672/35/3183
f 583/35/3188 620/35/3189 621/35/3188
s 0
f 670/35/178 671/35/50 751/35/177
s 1
f 559/35/3190 674/35/3184 673/35/3190
f 610/35/3191 647/35/3178 648/35/3191
f 622/35/3146 583/35/3146 621/35/3146
f 560/35/498 675/35/498 674/35/498
f 611/35/3181 648/35/3181 649/35/3181
f 585/35/3151 622/35/3151 623/35/3151
f 691/35/61 692/35/61 693/35/61
f 732/35/209 695/35/209 733/35/209
f 734/35/209 694/35/209 732/35/209
f 735/35/209 696/35/209 734/35/209
f 736/35/209 697/35/209 735/35/209
f 699/35/209 736/35/209 737/35/209
f 737/35/209 700/35/209 699/35/209
f 701/35/209 738/35/209 739/35/209
f 740/35/209 701/35/209 739/35/209
f 741/35/209 702/35/209 740/35/209
f 742/35/209 703/35/209 741/35/209
f 742/35/209 705/35/209 704/35/209
f 743/35/209 706/35/209 705/35/209
f 745/35/209 706/35/209 744/35/209
f 746/35/209 707/35/209 745/35/209
f 747/35/209 708/35/209 746/35/209
f 747/35/209 710/35/209 709/35/209
f 748/35/209 711/35/209 710/35/209
f 750/35/209 711/35/209 749/35/209
f 750/35/209 713/35/209 712/35/209
f 714/35/209 751/35/209 752/35/209
f 752/35/209 715/35/209 714/35/209
f 716/35/209 753/35/209 754/35/209
f 755/35/209 716/35/209 754/35/209
f 755/35/209 718/35/209 717/35/209
f 756/35/209 719/35/209 718/35/209
f 757/35/209 720/35/209 719/35/209
f 759/35/209 720/35/209 758/35/209
f 760/35/209 721/35/209 759/35/209
f 760/35/209 723/35/209 722/35/209
f 724/35/209 761/35/209 762/35/209
f 763/35/209 724/35/209 762/35/209
f 764/35/209 725/35/209 763/35/209
f 765/35/209 726/35/209 764/35/209
f 766/35/209 727/35/209 765/35/209
f 767/35/209 728/35/209 766/35/209
f 768/35/209 729/35/209 767/35/209
f 769/35/209 730/35/209 768/35/209
f 733/35/209 731/35/209 769/35/209
f 764/35/3192 692/35/3153 765/35/3153
f 690/35/3176 726/35/3175 727/35/3176
f 3196/35/209 3159/35/209 3197/35/209
s 0
f 657/35/147 658/35/50 738/35/146
f 632/35/145 631/35/38 711/35/144
f 658/35/142 659/35/50 739/35/1991
f 633/35/140 632/35/38 712/35/170
f 685/35/158 686/35/38 766/35/195
f 659/35/136 660/35/50 740/35/135
f 634/35/166 633/35/50 713/35/165
f 686/35/154 687/35/38 767/35/153
f 660/35/131 661/35/50 741/35/130
f 635/35/162 634/35/50 714/35/196
f 570/35/156 608/35/50 691/35/155
f 687/35/149 688/35/38 768/35/148
f 661/35/125 662/35/125 742/35/125
f 636/35/160 635/35/50 715/35/197
f 609/35/190 571/35/38 692/35/109
f 688/35/145 689/35/38 769/35/144
f 662/35/118 663/35/50 743/35/117
f 637/35/1998 636/35/50 716/35/155
f 689/35/140 653/35/38 733/35/170
f 663/35/112 664/35/50 744/35/111
f 638/35/167 637/35/50 717/35/150
f 664/35/106 665/35/50 745/35/105
f 639/35/147 638/35/50 718/35/146
f 608/35/138 646/35/38 726/35/137
f 665/35/127 666/35/50 746/35/126
f 640/35/142 639/35/50 719/35/141
f 666/35/179 667/35/50 747/35/119
f 641/35/136 640/35/50 720/35/135
f 614/35/134 615/35/38 695/35/133
f 667/35/182 668/35/50 748/35/113
f 642/35/131 641/35/50 721/35/130
f 616/35/185 614/35/38 694/35/128
f 647/35/122 609/35/38 690/35/121
f 668/35/108 669/35/50 749/35/107
f 643/35/125 642/35/125 722/35/125
f 617/35/124 616/35/38 696/35/123
f 669/35/174 670/35/50 750/35/173
f 644/35/118 643/35/50 723/35/117
f 618/35/189 617/35/38 697/35/115
s 1
f 772/25/3193 783/2/201 786/2/201
f 774/8/61 785/8/61 787/7/61
f 776/9/3194 773/9/220 770/10/213
f 780/11/3195 771/11/3196 772/25/211
f 778/2/209 786/2/209 788/6/209
f 770/38/213 773/9/220 784/7/214
f 779/5/215 788/5/215 782/5/215
f 772/25/211 771/37/3196 782/5/61
f 775/7/201 787/7/201 784/7/201
f 770/39/204 789/4/215 785/4/215
f 797/16/201 799/2/201 802/2/201
f 791/6/216 794/8/217 795/7/217
f 793/2/201 795/7/201 792/41/201
f 795/7/217 794/8/217 801/8/219
f 790/10/220 796/11/3197 797/16/221
f 792/41/201 797/16/201 793/2/201
f 793/2/216 802/2/231 804/6/231
f 791/5/215 804/5/215 798/5/215
f 797/16/221 796/37/3197 798/5/61
f 790/40/215 800/4/215 801/4/215
f 795/7/201 803/7/201 792/41/201
f 792/41/3198 805/7/3199 800/12/3199
f 813/25/201 815/2/201 819/2/201
f 807/6/224 810/8/227 811/7/225
f 809/2/201 811/7/201 808/9/201
f 810/8/3200 818/8/61 820/7/61
f 806/10/229 812/11/232 813/25/230
f 808/9/201 813/25/201 809/2/201
f 807/5/215 821/5/215 814/5/215
f 807/6/224 809/2/226 819/2/214
f 806/13/229 808/9/229 816/7/231
f 812/23/3196 814/5/61 815/2/61
f 806/14/215 817/4/215 818/4/215
f 811/7/201 820/7/201 816/7/201
f 829/16/201 831/2/201 835/2/201
f 823/6/236 826/8/237 827/7/237
f 825/2/235 827/7/241 824/18/243
f 827/7/237 826/8/237 834/8/61
f 822/10/229 828/11/3201 829/16/239
f 824/18/243 829/16/233 825/2/235
f 825/2/216 835/2/209 837/6/209
f 824/18/229 832/7/214 833/12/214
f 823/5/215 837/5/215 830/5/215
f 829/16/239 828/43/3201 830/5/228
f 822/14/222 833/4/222 834/4/222
f 827/7/201 836/7/201 832/7/201
f 844/44/244 847/2/261 851/2/245
f 839/50/259 842/8/253 841/45/254
f 845/7/250 842/8/253 850/8/251
f 841/45/246 845/7/262 840/48/262
f 838/10/255 843/11/3202 844/44/256
f 840/48/262 844/44/244 841/45/246
f 841/45/254 851/2/245 853/6/258
f 840/48/257 848/7/245 849/12/258
f 839/47/249 853/5/258 846/5/260
f 844/44/256 843/49/3202 846/5/260
f 838/46/247 849/4/258 850/4/251
f 845/7/262 852/7/252 848/7/245
f 850/8/251 849/8/258 848/7/245
f 851/2/245 847/2/261 846/6/260
f 861/1/263 863/2/271 867/2/264
f 855/6/267 858/8/3203 859/7/268
f 857/2/263 859/7/278 856/53/278
f 859/7/268 858/8/3203 866/8/270
f 854/10/272 860/11/3204 861/1/273
f 856/53/278 861/1/263 857/2/263
f 857/2/269 867/2/264 869/6/275
f 856/53/274 864/7/279 865/12/276
f 855/5/266 869/5/275 862/5/277
f 861/1/273 860/17/3204 862/5/277
f 854/52/265 865/4/276 866/4/270
f 859/7/278 868/7/271 864/7/279
f 866/8/270 865/8/276 864/7/279
f 867/2/264 863/2/271 862/6/277
f 877/55/280 879/2/252 883/2/245
f 871/6/267 874/8/3205 875/7/282
f 873/2/280 875/7/288 872/15/288
f 875/7/282 874/8/3205 882/8/251
f 870/10/284 876/11/3206 877/55/285
f 872/15/288 877/55/280 873/2/280
f 873/2/269 883/2/245 885/6/258
f 872/15/286 880/7/245 881/12/258
f 871/5/266 885/5/258 878/5/251
f 877/55/285 876/3/3206 878/5/251
f 870/52/265 881/4/258 882/4/251
f 875/7/288 884/7/283 880/7/245
f 882/8/251 881/8/258 880/7/245
f 883/2/245 879/2/252 878/6/251
f 893/44/289 895/2/298 899/2/279
f 887/6/291 890/8/3207 891/7/292
f 889/2/289 891/7/299 888/57/301
f 891/7/292 890/8/3207 898/8/270
f 886/10/255 892/11/3208 893/44/273
f 888/57/301 893/44/289 889/2/289
f 889/2/293 899/2/279 901/6/296
f 888/57/295 896/7/300 897/12/297
f 887/5/290 901/5/296 894/5/270
f 893/44/273 892/49/3208 894/5/270
f 886/56/265 897/4/297 898/4/270
f 891/7/299 900/7/294 896/7/300
f 898/8/270 897/8/297 896/7/300
f 899/2/279 895/2/298 894/6/270
f 904/60/3209 915/2/351 919/2/351
f 906/8/228 918/8/228 920/7/228
f 908/9/307 905/59/3210 902/10/313
f 912/11/3211 903/11/315 904/60/316
f 911/6/209 910/2/209 919/2/214
f 902/63/313 905/59/3210 916/7/209
f 911/5/349 921/5/349 914/5/349
f 903/61/340 914/5/61 915/2/61
f 902/62/3212 917/4/312 918/4/312
f 907/7/342 920/7/342 916/7/342
f 929/64/342 931/2/342 935/2/342
f 923/6/322 926/8/3213 927/7/323
f 925/2/321 927/7/329 924/66/330
f 927/7/323 926/8/3213 934/8/61
f 922/10/325 928/11/3214 929/64/326
f 924/66/330 929/64/319 925/2/321
f 925/2/344 935/2/209 937/6/209
f 924/66/3215 932/7/231 933/12/231
f 923/5/312 937/5/312 930/5/312
f 929/64/326 928/67/3214 930/5/228
f 922/65/3216 933/4/3216 934/4/3216
f 927/7/342 936/7/342 932/7/342
f 945/69/318 947/2/318 951/2/318
f 939/6/333 942/8/336 943/7/334
f 941/2/318 943/7/342 940/41/343
f 942/8/3217 950/8/61 952/7/61
f 938/10/337 944/11/340 945/69/326
f 940/41/343 945/69/318 941/2/318
f 939/6/333 941/2/335 951/2/209
f 938/72/337 940/41/338 948/7/231
f 939/5/3218 953/5/3218 946/5/3218
f 944/71/3219 946/5/61 947/2/61
f 938/70/3218 949/4/3218 950/4/3218
f 943/7/342 952/7/342 948/7/342
f 961/1/320 962/2/351 957/2/321
f 955/6/344 958/8/3220 959/7/345
f 957/2/321 959/7/331 956/15/331
f 959/7/345 958/8/3220 964/8/61
f 954/10/346 960/11/347 961/1/347
f 956/15/331 961/1/320 957/2/321
f 959/7/342 968/7/342 963/7/342
f 955/5/349 969/5/349 965/5/349
f 956/15/348 963/7/214 954/38/346
f 954/39/332 966/4/332 964/4/332
f 962/2/61 960/17/3221 965/5/61
f 957/2/344 967/2/209 969/6/209
f 977/25/353 979/2/362 983/2/354
f 971/6/358 974/8/361 975/7/359
f 973/2/355 975/7/371 972/73/372
f 974/8/361 982/8/370 984/7/362
f 970/10/363 976/11/369 977/25/364
f 972/73/372 977/25/353 973/2/355
f 971/6/358 973/2/360 983/2/354
f 970/63/363 972/73/365 980/7/367
f 971/5/357 985/5/366 978/5/368
f 976/74/369 978/5/368 979/2/362
f 970/62/356 981/4/366 982/4/370
f 975/7/371 984/7/362 980/7/367
f 982/8/370 981/8/366 980/7/367
f 983/2/354 979/2/362 978/6/368
f 993/69/373 995/2/362 999/2/367
f 987/6/358 990/8/361 991/7/359
f 989/2/373 991/7/380 988/73/382
f 991/7/359 990/8/361 998/8/376
f 986/10/377 992/11/378 993/69/378
f 988/73/382 993/69/373 989/2/373
f 989/2/358 999/2/367 1001/6/366
f 988/73/379 996/7/381 997/12/366
f 987/5/375 1001/5/366 994/5/376
f 993/69/378 992/75/378 994/5/376
f 986/62/374 997/4/366 998/4/376
f 991/7/380 1000/7/362 996/7/381
f 998/8/376 997/8/366 996/7/381
f 999/2/367 995/2/362 994/6/376
f 1009/76/373 1011/2/389 1015/2/383
f 1003/6/386 1006/8/3222 1007/7/387
f 1005/2/373 1007/7/395 1004/78/396
f 1007/7/387 1006/8/3222 1014/8/368
f 1002/10/390 1008/11/3223 1009/76/391
f 1004/78/396 1009/76/373 1005/2/373
f 1005/2/388 1015/2/383 1017/6/392
f 1004/78/365 1012/7/367 1013/12/393
f 1003/5/385 1017/5/392 1010/5/394
f 1009/76/391 1008/79/3223 1010/5/394
f 1002/77/384 1013/4/393 1014/4/368
f 1007/7/395 1016/7/389 1012/7/367
f 1014/8/368 1013/8/393 1012/7/367
f 1015/2/383 1011/2/389 1010/6/394
f 1025/81/397 1027/2/405 1031/2/398
f 1019/6/402 1022/8/404 1023/7/403
f 1021/2/399 1023/7/382 1020/83/413
f 1022/8/404 1030/8/412 1032/7/405
f 1018/10/406 1024/11/407 1025/81/407
f 1020/83/413 1025/81/397 1021/2/399
f 1019/6/402 1021/2/358 1031/2/398
f 1018/85/406 1020/83/406 1028/7/410
f 1019/5/375 1033/5/409 1026/5/412
f 1024/84/407 1026/5/412 1027/2/405
f 1018/82/400 1029/4/411 1030/4/412
f 1023/7/382 1032/7/405 1028/7/410
f 1030/8/412 1029/8/411 1028/7/410
f 1031/2/398 1027/2/405 1026/6/412
f 1036/87/3224 1047/2/429 1051/2/429
f 1039/7/61 1038/8/61 1050/8/61
f 1040/9/3225 1037/86/424 1034/10/425
f 1044/11/3226 1035/11/3227 1036/87/427
f 1042/2/209 1051/2/209 1053/6/209
f 1037/86/3228 1048/7/209 1049/12/209
f 1043/5/440 1053/5/440 1046/5/440
f 1036/87/427 1035/88/3227 1046/5/61
f 1034/39/425 1049/4/426 1050/4/426
f 1039/7/429 1052/7/429 1048/7/429
f 1061/55/416 1063/2/416 1067/2/416
f 1055/6/433 1058/8/436 1059/7/434
f 1057/2/430 1059/7/442 1056/15/429
f 1058/8/3229 1066/8/61 1068/7/61
f 1054/10/437 1060/11/441 1061/55/438
f 1056/15/429 1061/55/430 1057/2/430
f 1055/6/433 1057/2/435 1067/2/209
f 1054/91/437 1056/15/439 1064/7/209
f 1055/5/426 1069/5/426 1062/5/426
f 1060/90/3230 1062/5/61 1063/2/61
f 1054/89/440 1065/4/440 1066/4/440
f 1059/7/416 1068/7/416 1064/7/416
f 1077/92/416 1079/2/416 1083/2/416
f 1071/6/448 1074/8/451 1075/7/449
f 1073/2/443 1075/7/456 1072/94/456
f 1074/8/3229 1082/8/61 1084/7/61
f 1070/10/452 1076/11/455 1077/92/453
f 1072/94/456 1077/92/443 1073/2/443
f 1073/2/3231 1083/2/209 1085/6/209
f 1072/94/3232 1080/7/214 1081/12/214
f 1071/5/440 1085/5/440 1078/5/440
f 1076/95/453 1078/5/228 1079/2/228
f 1070/93/440 1081/4/440 1082/4/440
f 1075/7/3233 1084/7/3233 1080/7/3233
f 1093/97/429 1095/2/429 1099/2/429
f 1087/6/462 1090/8/464 1091/7/463
f 1089/2/458 1091/7/414 1088/15/470
f 1090/8/3229 1098/8/228 1100/7/228
f 1086/10/465 1092/11/455 1093/97/466
f 1088/15/470 1093/97/458 1089/2/458
f 1087/6/462 1089/2/450 1099/2/214
f 1086/91/465 1088/15/467 1096/7/214
f 1087/5/426 1101/5/426 1094/5/426
f 1092/90/3234 1094/5/228 1095/2/228
f 1086/89/426 1097/4/426 1098/4/426
f 1091/7/429 1100/7/429 1096/7/429
f 1109/55/471 1111/2/483 1115/2/472
f 1103/6/474 1106/8/3235 1107/7/475
f 1105/2/471 1107/7/484 1104/15/484
f 1107/7/475 1106/8/3235 1114/8/477
f 1102/10/479 1108/11/3236 1109/55/480
f 1104/15/484 1109/55/471 1105/2/471
f 1105/2/476 1115/2/472 1117/6/482
f 1104/15/481 1112/7/485 1113/12/482
f 1103/5/473 1117/5/482 1110/5/477
f 1109/55/480 1108/90/3236 1110/5/477
f 1102/98/473 1113/4/482 1114/4/477
f 1107/7/484 1116/7/478 1112/7/485
f 1114/8/477 1113/8/482 1112/7/485
f 1115/2/472 1111/2/483 1110/6/477
f 1125/100/471 1127/2/492 1131/2/486
f 1119/6/489 1122/8/3237 1123/7/490
f 1121/2/471 1123/7/498 1120/102/498
f 1123/7/490 1122/8/3237 1130/8/477
f 1118/10/493 1124/11/3238 1125/100/494
f 1120/102/498 1125/100/471 1121/2/471
f 1121/2/491 1131/2/486 1133/6/482
f 1120/102/495 1128/7/486 1129/12/497
f 1119/5/488 1133/5/482 1126/5/477
f 1125/100/494 1124/103/3238 1126/5/477
f 1118/101/487 1129/4/497 1130/4/477
f 1123/7/498 1132/7/492 1128/7/486
f 1130/8/477 1129/8/497 1128/7/486
f 1131/2/486 1127/2/492 1126/6/477
f 1141/76/499 1143/2/483 1147/2/500
f 1135/6/503 1138/8/506 1139/7/504
f 1137/2/499 1139/7/515 1136/73/515
f 1138/8/506 1146/8/477 1148/7/507
f 1134/10/508 1140/11/514 1141/76/509
f 1136/73/515 1141/76/499 1137/2/499
f 1135/6/503 1137/2/505 1147/2/500
f 1134/91/508 1136/73/510 1144/7/500
f 1135/5/502 1149/5/512 1142/5/513
f 1140/103/514 1142/5/513 1143/2/483
f 1134/89/501 1145/4/497 1146/4/477
f 1139/7/515 1148/7/507 1144/7/500
f 1146/8/477 1145/8/497 1144/7/500
f 1147/2/500 1143/2/483 1142/6/513
f 1157/25/515 1159/2/529 1163/2/516
f 1151/6/520 1154/8/522 1155/7/521
f 1153/2/515 1155/7/471 1152/105/471
f 1154/8/522 1162/8/527 1164/7/523
f 1150/10/508 1156/11/528 1157/25/509
f 1152/105/471 1157/25/515 1153/2/515
f 1151/6/520 1153/2/491 1163/2/516
f 1150/19/508 1152/105/510 1160/7/525
f 1151/5/519 1165/5/524 1158/5/527
f 1156/71/528 1158/5/527 1159/2/529
f 1150/20/517 1161/4/526 1162/4/527
f 1155/7/471 1164/7/523 1160/7/525
f 1162/8/527 1161/8/526 1160/7/525
f 1163/2/516 1159/2/529 1158/6/527
f 1168/106/3239 1179/2/575 1183/2/575
f 1171/7/61 1170/8/61 1182/8/228
f 1172/9/3240 1169/83/541 1166/10/542
f 1176/11/3241 1167/11/3242 1168/106/546
f 1174/2/209 1183/2/209 1185/6/209
f 1169/83/3243 1180/7/214 1181/12/214
f 1175/5/557 1185/5/557 1178/5/557
f 1168/106/546 1167/90/3242 1178/5/61
f 1166/89/3244 1181/4/571 1182/4/571
f 1171/7/579 1184/7/579 1180/7/579
f 1193/107/575 1195/2/575 1199/2/575
f 1187/6/552 1190/8/3245 1191/7/553
f 1189/2/549 1191/7/558 1188/9/558
f 1191/7/553 1190/8/3245 1198/8/61
f 1186/10/541 1192/11/3246 1193/107/555
f 1188/9/558 1193/107/549 1189/2/549
f 1189/2/3247 1199/2/209 1201/6/209
f 1188/9/3243 1196/7/209 1197/12/209
f 1187/5/557 1201/5/557 1194/5/557
f 1193/107/555 1192/108/3246 1194/5/61
f 1186/62/571 1197/4/571 1198/4/571
f 1191/7/575 1200/7/575 1196/7/575
f 1209/55/575 1211/2/575 1215/2/575
f 1203/6/565 1206/8/566 1207/7/566
f 1205/2/562 1207/7/572 1204/15/572
f 1207/7/566 1206/8/566 1214/8/61
f 1202/10/568 1208/11/3248 1209/55/569
f 1204/15/572 1209/55/560 1205/2/562
f 1205/2/554 1215/2/209 1217/6/209
f 1204/15/3249 1212/7/209 1213/12/209
f 1203/5/3250 1217/5/3250 1210/5/3250
f 1209/55/569 1208/88/3248 1210/5/228
f 1202/109/571 1213/4/571 1214/4/571
f 1207/7/3251 1216/7/3251 1212/7/3251
f 1225/111/575 1227/2/575 1231/2/575
f 1219/6/576 1222/8/3252 1223/7/577
f 1221/2/574 1223/7/574 1220/112/574
f 1223/7/577 1222/8/3252 1230/8/61
f 1218/10/568 1224/11/3253 1225/111/578
f 1220/112/574 1225/111/574 1221/2/574
f 1221/2/554 1231/2/209 1233/6/209
f 1220/112/556 1228/7/209 1229/12/209
f 1219/5/543 1233/5/543 1226/5/543
f 1225/111/578 1224/3/3253 1226/5/61
f 1218/98/540 1229/4/540 1230/4/540
f 1223/7/3251 1232/7/3251 1228/7/3251
f 1241/111/580 1243/2/595 1247/2/581
f 1235/6/584 1238/8/3254 1239/7/585
f 1237/2/580 1239/7/580 1236/9/580
f 1239/7/585 1238/8/3254 1246/8/587
f 1234/10/589 1240/11/3255 1241/111/590
f 1236/9/580 1241/111/580 1237/2/580
f 1237/2/586 1247/2/581 1249/6/593
f 1236/9/591 1244/7/596 1245/12/594
f 1235/5/583 1249/5/593 1242/5/587
f 1241/111/590 1240/113/3255 1242/5/587
f 1234/39/582 1245/4/594 1246/4/587
f 1239/7/580 1248/7/588 1244/7/596
f 1246/8/587 1245/8/594 1244/7/596
f 1247/2/581 1243/2/595 1242/6/587
f 1257/111/597 1259/2/616 1263/2/598
f 1251/6/602 1254/8/605 1255/7/603
f 1253/2/597 1255/7/618 1252/115/618
f 1254/8/605 1262/8/617 1264/7/606
f 1250/10/607 1256/11/615 1257/111/608
f 1252/115/618 1257/111/597 1253/2/597
f 1251/6/602 1253/2/604 1263/2/598
f 1250/116/607 1252/115/609 1260/7/612
f 1251/5/601 1265/5/611 1258/5/614
f 1256/37/615 1258/5/614 1259/2/616
f 1250/114/599 1261/4/613 1262/4/617
f 1255/7/618 1264/7/606 1260/7/612
f 1262/8/617 1261/8/613 1260/7/612
f 1263/2/598 1259/2/616 1258/6/614
f 1273/25/619 1275/2/630 1279/2/620
f 1267/6/622 1270/8/625 1271/7/623
f 1269/2/619 1271/7/632 1268/9/632
f 1270/8/625 1278/8/631 1280/7/626
f 1266/10/589 1272/11/629 1273/25/590
f 1268/9/632 1273/25/619 1269/2/619
f 1267/6/622 1269/2/624 1279/2/620
f 1266/38/589 1268/9/591 1276/7/627
f 1267/5/601 1281/5/593 1274/5/587
f 1272/37/629 1274/5/587 1275/2/630
f 1266/39/621 1277/4/628 1278/4/631
f 1271/7/632 1280/7/626 1276/7/627
f 1278/8/631 1277/8/628 1276/7/627
f 1279/2/620 1275/2/630 1274/6/587
f 1289/69/597 1291/2/606 1295/2/612
f 1283/6/602 1286/8/605 1287/7/603
f 1285/2/597 1287/7/618 1284/86/618
f 1287/7/603 1286/8/605 1294/8/636
f 1282/10/607 1288/11/615 1289/69/608
f 1284/86/618 1289/69/597 1285/2/597
f 1285/2/635 1295/2/612 1297/6/611
f 1284/86/638 1292/7/598 1293/12/611
f 1283/5/634 1297/5/611 1290/5/636
f 1289/69/608 1288/117/615 1290/5/636
f 1282/14/633 1293/4/611 1294/4/636
f 1287/7/618 1296/7/637 1292/7/598
f 1294/8/636 1293/8/611 1292/7/598
f 1295/2/612 1291/2/606 1290/6/636
f 1300/55/641 1311/2/656 1315/2/642
f 1302/8/61 1314/8/657 1316/7/644
f 1304/9/646 1301/15/3256 1298/10/647
f 1308/11/646 1299/11/655 1300/55/641
f 1307/6/209 1306/2/209 1315/2/642
f 1298/119/647 1301/15/3256 1312/7/652
f 1307/5/653 1317/5/651 1310/5/654
f 1299/90/655 1310/5/654 1311/2/656
f 1298/118/647 1313/4/651 1314/4/657
f 1303/7/658 1316/7/644 1312/7/652
f 1314/8/657 1313/8/651 1312/7/652
f 1315/2/642 1311/2/656 1310/6/654
f 1325/25/659 1327/2/669 1331/2/652
f 1319/6/662 1322/8/665 1323/7/663
f 1321/2/660 1323/7/643 1320/18/643
f 1322/8/665 1330/8/654 1332/7/644
f 1318/10/666 1324/11/668 1325/25/667
f 1320/18/643 1325/25/659 1321/2/660
f 1319/6/662 1321/2/664 1331/2/652
f 1318/54/666 1320/18/666 1328/7/642
f 1319/5/661 1333/5/651 1326/5/654
f 1324/75/668 1326/5/654 1327/2/669
f 1318/52/661 1329/4/651 1330/4/654
f 1323/7/643 1332/7/644 1328/7/642
f 1330/8/654 1329/8/651 1328/7/642
f 1331/2/652 1327/2/669 1326/6/654
f 1341/25/643 1343/2/669 1347/2/652
f 1335/6/662 1338/8/675 1339/7/674
f 1337/2/670 1339/7/640 1336/9/681
f 1338/8/675 1346/8/654 1348/7/644
f 1334/10/666 1340/11/680 1341/25/676
f 1336/9/681 1341/25/643 1337/2/670
f 1335/6/662 1337/2/664 1347/2/652
f 1334/54/666 1336/9/677 1344/7/642
f 1335/5/673 1349/5/651 1342/5/654
f 1340/23/680 1342/5/654 1343/2/669
f 1334/52/671 1345/4/679 1346/4/654
f 1339/7/640 1348/7/644 1344/7/642
f 1346/8/654 1345/8/679 1344/7/642
f 1347/2/652 1343/2/669 1342/6/654
f 1357/25/643 1359/2/644 1363/2/642
f 1351/6/662 1354/8/665 1355/7/665
f 1353/2/643 1355/7/658 1352/22/658
f 1355/7/665 1354/8/665 1362/8/654
f 1350/10/666 1356/11/680 1357/25/676
f 1352/22/658 1357/25/643 1353/2/643
f 1353/2/662 1363/2/642 1365/6/679
f 1352/22/666 1360/7/652 1361/12/651
f 1351/5/683 1365/5/679 1358/5/654
f 1357/25/676 1356/75/680 1358/5/654
f 1350/39/682 1361/4/651 1362/4/654
f 1355/7/658 1364/7/669 1360/7/652
f 1362/8/654 1361/8/651 1360/7/652
f 1363/2/642 1359/2/644 1358/6/654
f 1373/16/684 1375/2/695 1379/2/685
f 1367/6/687 1370/8/688 1371/7/688
f 1369/2/684 1371/7/684 1368/120/684
f 1370/8/688 1378/8/694 1380/7/689
f 1366/10/690 1372/11/691 1373/16/691
f 1368/120/684 1373/16/684 1369/2/684
f 1367/6/687 1369/2/687 1379/2/685
f 1366/63/690 1368/120/690 1376/7/693
f 1367/5/686 1381/5/692 1374/5/694
f 1372/37/691 1374/5/694 1375/2/695
f 1366/62/686 1377/4/692 1378/4/694
f 1371/7/684 1380/7/689 1376/7/693
f 1378/8/694 1377/8/692 1376/7/693
f 1379/2/685 1375/2/695 1374/6/694
f 1389/121/696 1391/2/689 1395/2/697
f 1383/6/687 1386/8/688 1387/7/688
f 1385/2/696 1387/7/696 1384/15/696
f 1386/8/688 1394/8/694 1396/7/689
f 1382/10/690 1388/11/700 1389/121/700
f 1384/15/696 1389/121/696 1385/2/696
f 1383/6/687 1385/2/687 1395/2/697
f 1382/110/690 1384/15/690 1392/7/693
f 1383/5/699 1397/5/702 1390/5/694
f 1388/122/700 1390/5/694 1391/2/689
f 1382/109/698 1393/4/702 1394/4/694
f 1387/7/696 1396/7/689 1392/7/693
f 1394/8/694 1393/8/702 1392/7/693
f 1395/2/697 1391/2/689 1390/6/694
f 1405/55/703 1407/2/689 1411/2/693
f 1398/71/686 1402/14/686 1403/4/686
f 1399/6/687 1403/8/688 1404/7/688
f 1401/2/696 1404/7/696 1400/15/696
f 1403/8/688 1410/8/694 1412/7/689
f 1400/15/696 1405/55/703 1401/2/696
f 1399/6/687 1401/2/687 1411/2/693
f 1402/13/690 1400/15/690 1408/7/693
f 1399/5/686 1413/5/702 1406/5/694
f 1398/71/700 1406/5/694 1407/2/689
f 1402/14/686 1409/4/692 1410/4/694
f 1404/7/696 1412/7/689 1408/7/693
f 1410/8/694 1409/8/692 1408/7/693
f 1411/2/693 1407/2/689 1406/6/694
f 1421/123/704 1423/2/707 1427/2/693
f 1415/6/687 1418/8/688 1419/7/688
f 1417/2/705 1419/7/708 1416/125/709
f 1418/8/688 1426/8/694 1428/7/695
f 1414/10/690 1420/11/691 1421/123/691
f 1416/125/709 1421/123/704 1417/2/705
f 1415/6/687 1417/2/687 1427/2/693
f 1414/127/690 1416/125/690 1424/7/693
f 1415/5/706 1429/5/692 1422/5/694
f 1420/126/691 1422/5/694 1423/2/707
f 1414/124/686 1425/4/692 1426/4/694
f 1419/7/708 1428/7/695 1424/7/693
f 1426/8/694 1425/8/692 1424/7/693
f 1427/2/693 1423/2/707 1422/6/694
f 1432/55/3257 1443/2/728 1447/2/728
f 1435/7/61 1434/8/61 1446/8/61
f 1436/9/3258 1433/94/722 1430/10/723
f 1440/11/720 1431/11/3259 1432/55/712
f 1438/2/209 1447/2/209 1449/6/209
f 1433/94/746 1444/7/209 1445/12/209
f 1439/5/755 1449/5/755 1442/5/755
f 1432/55/712 1431/37/3259 1442/5/61
f 1430/89/723 1445/4/721 1446/4/721
f 1435/7/3260 1448/7/3260 1444/7/3260
f 1457/121/724 1459/2/724 1463/2/724
f 1451/6/732 1454/8/735 1455/7/733
f 1453/2/729 1455/7/738 1452/9/738
f 1454/8/735 1462/8/61 1464/7/61
f 1450/10/722 1456/11/736 1457/121/736
f 1452/9/738 1457/121/727 1453/2/729
f 1451/6/732 1453/2/734 1463/2/209
f 1450/129/722 1452/9/722 1460/7/209
f 1451/5/721 1465/5/721 1458/5/721
f 1456/90/3261 1458/5/61 1459/2/61
f 1450/128/755 1461/4/755 1462/4/755
f 1455/7/728 1464/7/728 1460/7/728
f 1473/111/728 1475/2/728 1479/2/728
f 1467/6/732 1470/8/3262 1471/7/744
f 1469/2/741 1471/7/749 1468/130/750
f 1471/7/744 1470/8/3262 1478/8/61
f 1466/10/746 1472/11/736 1473/111/736
f 1468/130/750 1473/111/739 1469/2/741
f 1469/2/3263 1479/2/209 1481/6/209
f 1468/130/3264 1476/7/209 1477/12/209
f 1467/5/721 1481/5/721 1474/5/721
f 1473/111/736 1472/113/736 1474/5/61
f 1466/89/721 1477/4/721 1478/4/721
f 1471/7/724 1480/7/724 1476/7/724
f 1489/121/724 1491/2/724 1495/2/724
f 1483/6/752 1486/8/735 1487/7/753
f 1485/2/741 1487/7/749 1484/130/757
f 1486/8/735 1494/8/61 1496/7/61
f 1482/10/746 1488/11/736 1489/121/754
f 1484/130/757 1489/121/741 1485/2/741
f 1483/6/752 1485/2/745 1495/2/209
f 1482/129/746 1484/130/746 1492/7/209
f 1483/5/755 1497/5/755 1490/5/755
f 1488/75/3265 1490/5/61 1491/2/61
f 1482/128/715 1493/4/715 1494/4/715
f 1487/7/3260 1496/7/3260 1492/7/3260
f 1505/131/758 1507/2/765 1511/2/759
f 1499/6/761 1502/8/764 1503/7/762
f 1501/2/758 1503/7/771 1500/9/771
f 1502/8/764 1510/8/770 1512/7/765
f 1498/10/766 1504/11/767 1505/131/767
f 1500/9/771 1505/131/758 1501/2/758
f 1499/6/761 1501/2/763 1511/2/759
f 1498/110/766 1500/9/768 1508/7/759
f 1499/5/760 1513/5/769 1506/5/770
f 1504/132/767 1506/5/770 1507/2/765
f 1498/109/760 1509/4/769 1510/4/770
f 1503/7/771 1512/7/765 1508/7/759
f 1510/8/770 1509/8/769 1508/7/759
f 1511/2/759 1507/2/765 1506/6/770
f 1521/133/772 1523/2/779 1527/2/773
f 1515/6/775 1518/8/3266 1519/7/776
f 1517/2/772 1519/7/783 1516/134/784
f 1519/7/776 1518/8/3266 1526/8/778
f 1514/10/766 1520/11/767 1521/133/767
f 1516/134/784 1521/133/772 1517/2/772
f 1517/2/777 1527/2/773 1529/6/780
f 1516/134/768 1524/7/773 1525/12/781
f 1515/5/760 1529/5/780 1522/5/782
f 1521/133/767 1520/122/767 1522/5/782
f 1514/89/774 1525/4/781 1526/4/778
f 1519/7/783 1528/7/779 1524/7/773
f 1526/8/778 1525/8/781 1524/7/773
f 1527/2/773 1523/2/779 1522/6/782
f 1537/25/772 1539/2/796 1543/2/773
f 1531/6/788 1534/8/3266 1535/7/776
f 1533/2/772 1535/7/797 1532/15/797
f 1535/7/776 1534/8/3266 1542/8/790
f 1530/10/792 1536/11/3267 1537/25/793
f 1532/15/797 1537/25/772 1533/2/772
f 1533/2/789 1543/2/773 1545/6/795
f 1532/15/794 1540/7/798 1541/12/795
f 1531/5/787 1545/5/795 1538/5/790
f 1537/25/793 1536/113/3267 1538/5/790
f 1530/39/785 1541/4/795 1542/4/790
f 1535/7/797 1544/7/791 1540/7/798
f 1542/8/790 1541/8/795 1540/7/798
f 1543/2/773 1539/2/796 1538/6/790
f 1553/69/758 1555/2/812 1559/2/799
f 1547/6/801 1550/8/802 1551/7/762
f 1549/2/758 1551/7/771 1548/102/814
f 1550/8/802 1558/8/813 1560/7/803
f 1546/10/804 1552/11/811 1553/69/805
f 1548/102/814 1553/69/758 1549/2/758
f 1549/2/763 1559/2/799 1561/6/808
f 1548/102/806 1556/7/759 1557/12/809
f 1547/5/786 1561/5/808 1554/5/810
f 1552/37/811 1554/5/810 1555/2/812
f 1546/135/800 1557/4/809 1558/4/813
f 1551/7/771 1560/7/803 1556/7/759
f 1558/8/813 1557/8/809 1556/7/759
f 1559/2/799 1555/2/812 1554/6/810
f 1564/25/828 1575/2/847 1579/2/847
f 1566/8/61 1578/8/61 1580/7/61
f 1568/9/3268 1565/94/3269 1562/10/825
f 1572/11/3270 1563/11/827 1564/25/828
f 1571/6/209 1570/2/209 1579/2/209
f 1562/38/825 1565/94/3269 1576/7/209
f 1571/5/833 1581/5/833 1574/5/833
f 1563/90/3271 1574/5/61 1575/2/61
f 1562/39/3272 1577/4/833 1578/4/833
f 1567/7/847 1580/7/847 1576/7/847
f 1589/100/831 1591/2/831 1595/2/831
f 1583/6/834 1586/8/835 1587/7/835
f 1585/2/831 1587/7/839 1584/138/839
f 1587/7/835 1586/8/835 1594/8/61
f 1582/10/837 1588/11/838 1589/100/838
f 1584/138/839 1589/100/831 1585/2/831
f 1585/2/834 1595/2/209 1597/6/209
f 1584/138/3273 1592/7/209 1593/12/209
f 1583/5/832 1597/5/832 1590/5/832
f 1589/100/838 1588/139/838 1590/5/61
f 1582/137/833 1593/4/833 1594/4/833
f 1587/7/3274 1596/7/3274 1592/7/3274
f 1605/55/831 1607/2/831 1611/2/831
f 1599/6/834 1602/8/842 1603/7/841
f 1601/2/831 1603/7/847 1600/141/847
f 1602/8/3275 1610/8/228 1612/7/228
f 1598/10/843 1604/11/846 1605/55/844
f 1600/141/847 1605/55/831 1601/2/831
f 1601/2/834 1611/2/209 1613/6/209
f 1600/141/3276 1608/7/214 1609/12/214
f 1599/5/832 1613/5/832 1606/5/832
f 1604/122/838 1606/5/228 1607/2/228
f 1598/109/833 1609/4/833 1610/4/833
f 1603/7/847 1612/7/847 1608/7/847
f 1621/111/839 1623/2/839 1627/2/839
f 1615/6/834 1618/8/835 1619/7/848
f 1617/2/831 1619/7/847 1616/9/847
f 1619/7/848 1618/8/835 1626/8/61
f 1614/10/837 1620/11/838 1621/111/846
f 1616/9/847 1621/111/831 1617/2/831
f 1617/2/834 1627/2/209 1629/6/209
f 1616/9/3273 1624/7/209 1625/12/209
f 1615/5/832 1629/5/832 1622/5/832
f 1621/111/846 1620/37/838 1622/5/61
f 1614/89/3277 1625/4/3277 1626/4/3277
f 1619/7/3274 1628/7/3274 1624/7/3274
f 1637/142/850 1639/2/863 1643/2/851
f 1631/6/854 1634/8/855 1635/7/855
f 1633/2/850 1635/7/864 1632/144/864
f 1635/7/855 1634/8/855 1642/8/856
f 1630/10/858 1636/11/3278 1637/142/859
f 1632/144/864 1637/142/850 1633/2/850
f 1633/2/854 1643/2/851 1645/6/861
f 1632/144/860 1640/7/865 1641/12/862
f 1631/5/853 1645/5/861 1638/5/856
f 1637/142/859 1636/145/3278 1638/5/856
f 1630/143/852 1641/4/862 1642/4/856
f 1635/7/864 1644/7/857 1640/7/865
f 1642/8/856 1641/8/862 1640/7/865
f 1643/2/851 1639/2/863 1638/6/856
f 1653/87/866 1655/2/863 1659/2/867
f 1647/6/870 1650/8/3279 1651/7/871
f 1649/2/866 1651/7/877 1648/147/864
f 1651/7/871 1650/8/3279 1658/8/873
f 1646/10/875 1652/11/876 1653/87/876
f 1648/147/864 1653/87/866 1649/2/866
f 1649/2/872 1659/2/867 1661/6/862
f 1648/147/875 1656/7/878 1657/12/862
f 1647/5/869 1661/5/862 1654/5/873
f 1653/87/876 1652/148/876 1654/5/873
f 1646/89/868 1657/4/862 1658/4/873
f 1651/7/877 1660/7/874 1656/7/878
f 1658/8/873 1657/8/862 1656/7/878
f 1659/2/867 1655/2/863 1654/6/873
f 1669/142/879 1671/2/891 1675/2/851
f 1663/6/882 1666/8/883 1667/7/883
f 1665/2/879 1667/7/893 1664/53/893
f 1666/8/883 1674/8/892 1676/7/884
f 1662/10/885 1668/11/3280 1669/142/886
f 1664/53/893 1669/142/879 1665/2/879
f 1665/2/854 1675/2/851 1677/6/861
f 1662/146/885 1664/53/887 1672/7/889
f 1663/5/881 1677/5/861 1670/5/856
f 1669/142/886 1668/145/3280 1670/5/856
f 1662/143/852 1673/4/890 1674/4/892
f 1667/7/893 1676/7/884 1672/7/889
f 1674/8/892 1673/8/890 1672/7/889
f 1675/2/851 1671/2/891 1670/6/856
f 1685/106/850 1687/2/898 1691/2/851
f 1679/6/882 1682/8/883 1683/7/883
f 1681/2/850 1683/7/900 1680/112/900
f 1682/8/883 1690/8/899 1692/7/895
f 1678/10/875 1684/11/876 1685/106/876
f 1680/112/900 1685/106/850 1681/2/850
f 1679/6/882 1681/2/882 1691/2/851
f 1678/91/875 1680/112/875 1688/7/878
f 1679/5/853 1693/5/896 1686/5/897
f 1684/148/876 1686/5/897 1687/2/898
f 1678/89/894 1689/4/890 1690/4/899
f 1683/7/900 1692/7/895 1688/7/878
f 1690/8/899 1689/8/890 1688/7/878
f 1691/2/851 1687/2/898 1686/6/897
f 1696/107/3281 1707/2/937 1711/2/937
f 1699/7/228 1698/8/228 1710/8/61
f 1700/9/3282 1697/149/910 1694/10/906
f 1704/11/3283 1695/11/3284 1696/107/912
f 1702/2/231 1711/2/231 1713/6/231
f 1697/149/3285 1708/7/209 1709/12/209
f 1703/5/913 1713/5/913 1706/5/913
f 1696/107/912 1695/37/3284 1706/5/61
f 1694/150/906 1709/4/913 1710/4/913
f 1699/7/949 1712/7/949 1708/7/949
f 1721/25/949 1723/2/949 1727/2/949
f 1715/6/918 1718/8/921 1719/7/919
f 1717/2/917 1719/7/927 1716/59/927
f 1718/8/3286 1726/8/61 1728/7/61
f 1714/10/922 1720/11/925 1721/25/923
f 1716/59/927 1721/25/915 1717/2/917
f 1715/6/918 1717/2/920 1727/2/214
f 1714/129/922 1716/59/922 1724/7/209
f 1715/5/924 1729/5/924 1722/5/924
f 1720/152/3287 1722/5/61 1723/2/61
f 1714/128/911 1725/4/911 1726/4/911
f 1719/7/949 1728/7/949 1724/7/949
f 1737/100/937 1739/2/937 1743/2/937
f 1731/6/930 1734/8/3286 1735/7/931
f 1733/2/929 1735/7/936 1732/154/936
f 1735/7/931 1734/8/3286 1742/8/61
f 1730/10/910 1736/11/923 1737/100/933
f 1732/154/936 1737/100/929 1733/2/929
f 1733/2/3288 1743/2/214 1745/6/214
f 1732/154/944 1740/7/209 1741/12/209
f 1731/5/911 1745/5/911 1738/5/911
f 1737/100/933 1736/103/923 1738/5/61
f 1730/153/924 1741/4/924 1742/4/924
f 1735/7/903 1744/7/903 1740/7/903
f 1753/1/949 1755/2/949 1759/2/949
f 1747/6/941 1750/8/3289 1751/7/942
f 1749/2/938 1751/7/949 1748/94/949
f 1751/7/942 1750/8/3289 1758/8/61
f 1746/10/944 1752/11/923 1753/1/945
f 1748/94/949 1753/1/938 1749/2/938
f 1749/2/930 1759/2/209 1761/6/209
f 1748/94/3290 1756/7/209 1757/12/209
f 1747/5/913 1761/5/913 1754/5/913
f 1753/1/945 1752/156/923 1754/5/61
f 1746/124/913 1757/4/913 1758/4/913
f 1751/7/938 1760/7/938 1756/7/938
f 1769/25/950 1771/2/964 1775/2/951
f 1763/6/954 1766/8/957 1767/7/955
f 1765/2/950 1767/7/965 1764/22/965
f 1766/8/957 1774/8/963 1776/7/958
f 1762/10/959 1768/11/960 1769/25/960
f 1764/22/965 1769/25/950 1765/2/950
f 1765/2/956 1775/2/951 1777/6/962
f 1764/22/961 1772/7/966 1773/12/962
f 1763/5/953 1777/5/962 1770/5/963
f 1768/75/960 1770/5/963 1771/2/964
f 1762/62/952 1773/4/962 1774/4/963
f 1767/7/965 1776/7/958 1772/7/966
f 1774/8/963 1773/8/962 1772/7/966
f 1775/2/951 1771/2/964 1770/6/963
f 1785/1/967 1787/2/964 1791/2/966
f 1779/6/970 1782/8/971 1783/7/971
f 1781/2/967 1783/7/965 1780/157/978
f 1782/8/971 1790/8/963 1792/7/972
f 1778/10/973 1784/11/977 1785/1/974
f 1780/157/978 1785/1/967 1781/2/967
f 1779/6/970 1781/2/970 1791/2/966
f 1778/13/973 1780/157/975 1788/7/951
f 1779/5/969 1793/5/962 1786/5/963
f 1784/37/977 1786/5/963 1787/2/964
f 1778/14/968 1789/4/962 1790/4/963
f 1783/7/965 1792/7/972 1788/7/951
f 1790/8/963 1789/8/962 1788/7/951
f 1791/2/966 1787/2/964 1786/6/963
f 1801/69/979 1803/2/987 1807/2/966
f 1795/6/954 1798/8/982 1799/7/955
f 1797/2/967 1799/7/965 1796/94/965
f 1798/8/982 1806/8/988 1808/7/964
f 1794/10/983 1800/11/984 1801/69/984
f 1796/94/965 1801/69/979 1797/2/967
f 1797/2/956 1807/2/966 1809/6/986
f 1796/94/985 1804/7/989 1805/12/962
f 1795/5/981 1809/5/986 1802/5/963
f 1800/3/984 1802/5/963 1803/2/987
f 1794/14/980 1805/4/962 1806/4/988
f 1799/7/965 1808/7/964 1804/7/989
f 1806/8/988 1805/8/962 1804/7/989
f 1807/2/966 1803/2/987 1802/6/963
f 1817/69/979 1819/2/997 1823/2/989
f 1811/6/954 1814/8/982 1815/7/955
f 1813/2/967 1815/7/998 1812/22/998
f 1815/7/955 1814/8/982 1822/8/991
f 1810/10/973 1816/11/993 1817/69/993
f 1812/22/998 1817/69/979 1813/2/967
f 1813/2/956 1823/2/989 1825/6/994
f 1812/22/985 1820/7/999 1821/12/995
f 1811/5/981 1825/5/994 1818/5/996
f 1817/69/993 1816/113/993 1818/5/996
f 1810/62/990 1821/4/995 1822/4/991
f 1815/7/998 1824/7/992 1820/7/999
f 1822/8/991 1821/8/995 1820/7/999
f 1823/2/989 1819/2/997 1818/6/996
f 1828/158/3291 1839/2/1015 1842/2/1015
f 1831/7/228 1830/8/228 1841/8/61
f 1832/9/3292 1829/157/3293 1826/10/1014
f 1836/11/3294 1827/11/3295 1828/158/1012
f 1834/2/209 1842/2/209 1844/6/209
f 1829/157/3293 1840/7/209 1826/161/1014
f 1835/5/1010 1844/5/1010 1838/5/1010
f 1828/158/1012 1827/159/3295 1838/5/61
f 1831/7/1015 1843/7/1015 1840/7/1015
f 1826/160/3296 1845/4/1011 1841/4/1011
f 1853/142/1015 1855/2/1015 1859/2/1015
f 1847/6/1016 1850/8/1040 1851/7/1017
f 1849/2/1015 1851/7/1022 1848/163/1022
f 1851/7/1017 1850/8/1040 1858/8/61
f 1846/10/1019 1852/11/1020 1853/142/1020
f 1848/163/1022 1853/142/1015 1849/2/1015
f 1849/2/1039 1859/2/209 1861/6/209
f 1848/163/1019 1856/7/214 1857/12/214
f 1847/5/1011 1861/5/1011 1854/5/1011
f 1853/142/1020 1852/164/1020 1854/5/61
f 1846/162/1010 1857/4/1010 1858/4/1010
f 1851/7/1015 1860/7/1015 1856/7/1015
f 1869/16/1022 1871/2/1022 1875/2/1022
f 1863/6/1028 1866/8/1029 1867/7/1029
f 1865/2/1026 1867/7/1033 1864/157/1034
f 1867/7/1029 1866/8/1029 1874/8/61
f 1862/10/1031 1868/11/3297 1869/16/1032
f 1864/157/1034 1869/16/1024 1865/2/1026
f 1867/7/1022 1877/7/1022 1872/7/1022
f 1865/2/1039 1875/2/209 1876/6/209
f 1864/157/3298 1872/7/209 1873/12/209
f 1863/5/1010 1876/5/1010 1870/5/1010
f 1869/16/1032 1868/61/3297 1870/5/219
f 1862/20/3299 1873/4/1011 1874/4/1011
f 1885/69/1022 1887/2/1022 1891/2/1022
f 1879/6/1037 1882/8/1040 1883/7/1038
f 1881/2/1035 1883/7/1022 1880/22/1022
f 1882/8/1040 1890/8/61 1892/7/61
f 1878/10/1019 1884/11/1041 1885/69/1041
f 1880/22/1022 1885/69/1035 1881/2/1035
f 1881/2/1039 1891/2/214 1893/6/214
f 1880/22/3300 1888/7/209 1889/12/209
f 1879/5/1010 1893/5/1010 1886/5/1010
f 1884/23/1041 1886/5/228 1887/2/228
f 1878/20/1010 1889/4/1010 1890/4/1010
f 1883/7/1015 1892/7/1015 1888/7/1015
f 1901/166/1045 1903/2/1058 1907/2/1046
f 1895/6/1049 1898/8/3301 1899/7/1050
f 1897/2/1045 1899/7/1059 1896/163/1059
f 1899/7/1050 1898/8/3301 1906/8/1052
f 1894/10/1054 1900/11/3302 1901/166/1055
f 1896/163/1059 1901/166/1045 1897/2/1045
f 1897/2/1051 1907/2/1046 1909/6/1057
f 1896/163/1056 1904/7/1046 1905/12/1057
f 1895/5/1048 1909/5/1057 1902/5/1052
f 1901/166/1055 1900/37/3302 1902/5/1052
f 1894/167/1047 1905/4/1057 1906/4/1052
f 1899/7/1059 1908/7/1053 1904/7/1046
f 1906/8/1052 1905/8/1057 1904/7/1046
f 1907/2/1046 1903/2/1058 1902/6/1052
f 1917/166/1045 1919/2/1066 1923/2/1060
f 1911/6/1063 1914/8/3303 1915/7/1064
f 1913/2/1045 1915/7/1071 1912/163/1059
f 1915/7/1064 1914/8/3303 1922/8/1065
f 1910/10/1054 1916/11/1067 1917/166/1067
f 1912/163/1059 1917/166/1045 1913/2/1045
f 1913/2/1051 1923/2/1060 1925/6/1069
f 1912/163/1068 1920/7/1060 1921/12/1070
f 1911/5/1062 1925/5/1069 1918/5/1065
f 1917/166/1067 1916/159/1067 1918/5/1065
f 1914/4/1061 1910/167/1061 1921/4/1070
f 1915/7/1071 1924/7/1066 1920/7/1060
f 1922/8/1065 1921/8/1070 1920/7/1060
f 1923/2/1060 1919/2/1066 1918/6/1065
f 1933/16/1045 1935/2/1084 1939/2/1072
f 1927/6/1074 1930/8/3304 1931/7/1064
f 1929/2/1045 1931/7/1059 1928/41/1059
f 1931/7/1064 1930/8/3304 1938/8/1052
f 1926/10/1077 1932/11/3305 1933/16/1078
f 1928/41/1059 1933/16/1045 1929/2/1045
f 1929/2/1075 1939/2/1072 1941/6/1081
f 1928/41/1079 1936/7/1085 1937/12/1082
f 1927/5/1048 1941/5/1081 1934/5/1083
f 1933/16/1078 1932/159/3305 1934/5/1083
f 1926/39/1073 1937/4/1082 1938/4/1052
f 1931/7/1059 1940/7/1076 1936/7/1085
f 1938/8/1052 1937/8/1082 1936/7/1085
f 1939/2/1072 1935/2/1084 1934/6/1083
f 1949/169/1045 1951/2/1093 1955/2/1060
f 1943/6/1088 1946/8/3304 1947/7/1064
f 1945/2/1045 1947/7/1059 1944/170/1059
f 1947/7/1064 1946/8/3304 1954/8/1083
f 1942/10/1054 1948/11/1067 1949/169/1090
f 1944/170/1059 1949/169/1045 1945/2/1045
f 1945/2/1089 1955/2/1060 1957/6/1091
f 1944/170/1068 1952/7/1094 1953/12/1092
f 1943/5/1087 1957/5/1091 1950/5/1052
f 1949/169/1090 1948/159/1067 1950/5/1052
f 1942/167/1086 1953/4/1092 1954/4/1083
f 1947/7/1059 1956/7/1058 1952/7/1094
f 1954/8/1083 1953/8/1092 1952/7/1094
f 1955/2/1060 1951/2/1093 1950/6/1052
f 1960/169/1096 1971/2/1113 1975/2/1097
f 1962/8/61 1974/8/1114 1976/7/1113
f 1964/9/1105 1961/9/3306 1958/10/1102
f 1968/11/1105 1959/11/1112 1960/169/1096
f 1967/6/209 1966/2/209 1975/2/1097
f 1958/38/1102 1961/9/3306 1972/7/1108
f 1967/5/1110 1977/5/1107 1970/5/1111
f 1959/37/1112 1970/5/1111 1971/2/1113
f 1958/39/1102 1973/4/1109 1974/4/1114
f 1963/7/1115 1976/7/1113 1972/7/1108
f 1974/8/1114 1973/8/1109 1972/7/1108
f 1975/2/1097 1971/2/1113 1970/6/1111
f 1985/169/1098 1987/2/1123 1991/2/1108
f 1979/6/1116 1982/8/3307 1983/7/1117
f 1981/2/1098 1983/7/1115 1980/170/1115
f 1983/7/1117 1982/8/3307 1990/8/1118
f 1978/10/1120 1984/11/1112 1985/169/1112
f 1980/170/1115 1985/169/1098 1981/2/1098
f 1981/2/1116 1991/2/1108 1993/6/1109
f 1980/170/1121 1988/7/1108 1989/12/1109
f 1979/5/1110 1993/5/1109 1986/5/1122
f 1985/169/1112 1984/159/1112 1986/5/1122
f 1978/167/1106 1989/4/1109 1990/4/1118
f 1983/7/1115 1992/7/1119 1988/7/1108
f 1990/8/1118 1989/8/1109 1988/7/1108
f 1991/2/1108 1987/2/1123 1986/6/1122
f 2001/25/1124 2003/2/1136 2007/2/1125
f 1995/6/1126 1998/8/1128 1999/7/1127
f 1997/2/1124 1999/7/1137 1996/170/1137
f 1998/8/1128 2006/8/1135 2008/7/1129
f 1994/10/1130 2000/11/1131 2001/25/1131
f 1996/170/1137 2001/25/1124 1997/2/1124
f 1995/6/1126 1997/2/1126 2007/2/1125
f 1994/38/1130 1996/170/1132 2004/7/1108
f 1995/5/1110 2009/5/1133 2002/5/1135
f 2000/37/1131 2002/5/1135 2003/2/1136
f 1994/39/1106 2005/4/1134 2006/4/1135
f 1999/7/1137 2008/7/1129 2004/7/1108
f 2006/8/1135 2005/8/1134 2004/7/1108
f 2007/2/1125 2003/2/1136 2002/6/1135
f 2017/25/1098 2019/2/1148 2023/2/1138
f 2011/6/1140 2014/8/1142 2015/7/1141
f 2013/2/1098 2015/7/1115 2012/170/1115
f 2014/8/1142 2022/8/1135 2024/7/1143
f 2010/10/1120 2016/11/1147 2017/25/1112
f 2012/170/1115 2017/25/1098 2013/2/1098
f 2011/6/1140 2013/2/1126 2023/2/1138
f 2010/168/1120 2012/170/1121 2020/7/1145
f 2011/5/1139 2025/5/1144 2018/5/1146
f 2016/37/1147 2018/5/1146 2019/2/1148
f 2010/167/1100 2021/4/1144 2022/4/1135
f 2015/7/1115 2024/7/1143 2020/7/1145
f 2022/8/1135 2021/8/1144 2020/7/1145
f 2023/2/1138 2019/2/1148 2018/6/1146
f 2033/25/1149 2035/2/1165 2039/2/1150
f 2027/6/1153 2030/8/1156 2031/7/1154
f 2029/2/1149 2031/7/1149 2028/9/1149
f 2030/8/1156 2038/8/1166 2040/7/1157
f 2026/10/1158 2032/11/1164 2033/25/1159
f 2028/9/1149 2033/25/1149 2029/2/1149
f 2027/6/1153 2029/2/1155 2039/2/1150
f 2026/165/1158 2028/9/1160 2036/7/1162
f 2027/5/1152 2041/5/1161 2034/5/1163
f 2032/171/1164 2034/5/1163 2035/2/1165
f 2026/162/1151 2037/4/1161 2038/4/1166
f 2031/7/1149 2040/7/1157 2036/7/1162
f 2038/8/1166 2037/8/1161 2036/7/1162
f 2039/2/1150 2035/2/1165 2034/6/1163
f 2049/169/1167 2051/2/1157 2055/2/1162
f 2043/6/1170 2046/8/3308 2047/7/1171
f 2045/2/1167 2047/7/1177 2044/170/1177
f 2047/7/1171 2046/8/3308 2054/8/1163
f 2042/10/1174 2048/11/1164 2049/169/1175
f 2044/170/1177 2049/169/1167 2045/2/1167
f 2045/2/1172 2055/2/1162 2057/6/1176
f 2044/170/1174 2052/7/1162 2053/12/1161
f 2043/5/1169 2057/5/1176 2050/5/1166
f 2049/169/1175 2048/171/1164 2050/5/1166
f 2042/162/1168 2053/4/1161 2054/4/1163
f 2047/7/1177 2056/7/1173 2052/7/1162
f 2054/8/1163 2053/8/1161 2052/7/1162
f 2055/2/1162 2051/2/1157 2050/6/1166
f 2065/169/1167 2067/2/1157 2071/2/1178
f 2059/6/1179 2062/8/3309 2063/7/1154
f 2061/2/1167 2063/7/1177 2060/170/1177
f 2063/7/1154 2062/8/3309 2070/8/1166
f 2058/10/1174 2064/11/3310 2065/169/1175
f 2060/170/1177 2065/169/1167 2061/2/1167
f 2061/2/1180 2071/2/1178 2073/6/1181
f 2060/170/1174 2068/7/1162 2069/12/1176
f 2059/5/1152 2073/5/1181 2066/5/1182
f 2065/169/1175 2064/159/3310 2066/5/1182
f 2058/167/1151 2069/4/1176 2070/4/1166
f 2063/7/1177 2072/7/1157 2068/7/1162
f 2070/8/1166 2069/8/1176 2068/7/1162
f 2071/2/1178 2067/2/1157 2066/6/1182
f 2081/166/1167 2083/2/1165 2087/2/1183
f 2075/6/1179 2078/8/1171 2079/7/1171
f 2077/2/1167 2079/7/1167 2076/172/1167
f 2079/7/1171 2078/8/1171 2086/8/1166
f 2074/10/1174 2080/11/3311 2081/166/1185
f 2076/172/1167 2081/166/1167 2077/2/1167
f 2077/2/1180 2087/2/1183 2089/6/1161
f 2076/172/1174 2084/7/1150 2085/12/1176
f 2075/5/1152 2089/5/1161 2082/5/1163
f 2081/166/1185 2080/159/3311 2082/5/1163
f 2074/39/1169 2085/4/1176 2086/4/1166
f 2079/7/1167 2088/7/1184 2084/7/1150
f 2086/8/1166 2085/8/1176 2084/7/1150
f 2087/2/1183 2083/2/1165 2082/6/1163
f 2092/21/3312 2103/2/1186 2106/2/1186
f 2096/9/1194 2093/120/1196 2090/10/1197
f 2100/11/3313 2091/11/3314 2092/21/1199
f 2098/2/214 2106/2/214 2108/6/214
f 2093/120/3315 2104/7/231 2105/12/231
f 2099/5/1201 2108/5/1201 2102/5/1201
f 2092/21/1199 2091/171/3314 2102/5/61
f 2090/52/1191 2105/4/1201 2094/4/1195
f 2095/7/3316 2107/7/3316 2104/7/3316
f 2107/7/61 2094/8/61 2109/8/61
f 2117/21/1186 2119/2/1211 2113/2/1186
f 2111/6/1203 2114/8/1206 2115/7/1204
f 2113/2/1186 2115/7/1186 2112/18/1186
f 2114/8/1206 2122/8/228 2123/7/228
f 2110/10/1207 2116/11/1210 2117/21/1208
f 2112/18/1186 2117/21/1186 2113/2/1186
f 2110/54/1207 2112/18/1209 2120/7/231
f 2111/5/3317 2124/5/3317 2118/5/3317
f 2116/171/1210 2118/5/61 2119/2/61
f 2110/52/1201 2121/4/1201 2122/4/1201
f 2115/7/1218 2123/7/1218 2120/7/1218
f 2124/6/209 2113/2/3318 2125/2/209
f 2133/21/1186 2135/2/1186 2139/2/1186
f 2127/6/1212 2130/8/1215 2131/7/1213
f 2129/2/1186 2131/7/1218 2128/170/1218
f 2130/8/3319 2138/8/61 2140/7/61
f 2126/10/1207 2132/11/1217 2133/21/1216
f 2128/170/1218 2133/21/1186 2129/2/1186
f 2127/6/1212 2129/2/1214 2139/2/214
f 2126/54/1207 2128/170/1209 2136/7/209
f 2127/5/3320 2141/5/3320 2134/5/3320
f 2132/37/3321 2134/5/61 2135/2/61
f 2126/52/1201 2137/4/1201 2138/4/1201
f 2131/7/1218 2140/7/1218 2136/7/1218
f 2149/25/1218 2151/2/1218 2155/2/1218
f 2143/6/1212 2146/8/1222 2147/7/1221
f 2145/2/1219 2147/7/1223 2144/9/1218
f 2146/8/1206 2154/8/228 2156/7/228
f 2142/10/1207 2148/11/1210 2149/25/1216
f 2144/9/1218 2149/25/1219 2145/2/1219
f 2143/6/1212 2145/2/1205 2155/2/214
f 2142/13/1207 2144/9/1209 2152/7/209
f 2143/5/1201 2157/5/1201 2150/5/1201
f 2148/171/3322 2150/5/219 2151/2/219
f 2142/14/1201 2153/4/1201 2154/4/1201
f 2147/7/1218 2156/7/1218 2152/7/1218
f 2165/173/1225 2167/2/1233 2171/2/1226
f 2159/6/1229 2162/8/3323 2163/7/1230
f 2161/2/1225 2163/7/1238 2160/22/1238
f 2163/7/1230 2162/8/3323 2170/8/1232
f 2158/10/1234 2164/11/3324 2165/173/1235
f 2160/22/1238 2165/173/1225 2161/2/1225
f 2161/2/1231 2171/2/1226 2173/6/1236
f 2160/22/1234 2168/7/1226 2169/12/1237
f 2159/5/1228 2173/5/1236 2166/5/1232
f 2165/173/1235 2164/174/3324 2166/5/1232
f 2158/150/1227 2169/4/1237 2170/4/1232
f 2163/7/1238 2172/7/1233 2168/7/1226
f 2170/8/1232 2169/8/1237 2168/7/1226
f 2171/2/1226 2167/2/1233 2166/6/1232
f 2181/173/1239 2183/2/1253 2187/2/1240
f 2175/6/1242 2178/8/1244 2179/7/1243
f 2177/2/1241 2179/7/1254 2176/176/1254
f 2178/8/1244 2186/8/1251 2188/7/1245
f 2174/10/1246 2180/11/1252 2181/173/1247
f 2176/176/1254 2181/173/1239 2177/2/1241
f 2175/6/1242 2177/2/1231 2187/2/1240
f 2174/177/1246 2176/176/1248 2184/7/1240
f 2175/5/1227 2189/5/1249 2182/5/1251
f 2180/159/1252 2182/5/1251 2183/2/1253
f 2178/4/1227 2174/175/1227 2185/4/1250
f 2179/7/1254 2188/7/1245 2184/7/1240
f 2186/8/1251 2185/8/1250 2184/7/1240
f 2187/2/1240 2183/2/1253 2182/6/1251
f 2197/173/1255 2199/2/1233 2203/2/1226
f 2191/6/1257 2194/8/1259 2195/7/1230
f 2193/2/1255 2195/7/1255 2192/22/1255
f 2194/8/1259 2202/8/1232 2204/7/1260
f 2190/10/1261 2196/11/1264 2197/173/1262
f 2192/22/1255 2197/173/1255 2193/2/1255
f 2191/6/1257 2193/2/1258 2203/2/1226
f 2190/146/1261 2192/22/1263 2200/7/1226
f 2191/5/1228 2205/5/1237 2198/5/1232
f 2196/178/1264 2198/5/1232 2199/2/1233
f 2190/143/1256 2201/4/1237 2202/4/1232
f 2195/7/1255 2204/7/1260 2200/7/1226
f 2202/8/1232 2201/8/1237 2200/7/1226
f 2203/2/1226 2199/2/1233 2198/6/1232
f 2213/21/1241 2215/2/1275 2219/2/1240
f 2207/6/1266 2210/8/1267 2211/7/1267
f 2209/2/1241 2211/7/1254 2208/120/1254
f 2211/7/1267 2210/8/1267 2218/8/1269
f 2206/10/1270 2212/11/3325 2213/21/1271
f 2208/120/1254 2213/21/1241 2209/2/1241
f 2209/2/1268 2219/2/1240 2221/6/1273
f 2208/120/1272 2216/7/1240 2217/12/1274
f 2207/5/1227 2221/5/1273 2214/5/1269
f 2213/21/1271 2212/174/3325 2214/5/1269
f 2206/179/1265 2217/4/1274 2218/4/1269
f 2211/7/1254 2220/7/1260 2216/7/1240
f 2218/8/1269 2217/8/1274 2216/7/1240
f 2219/2/1240 2215/2/1275 2214/6/1269
f 2224/181/1277 2235/2/1293 2239/2/1278
f 2226/8/61 2238/8/1294 2240/7/1295
f 2228/9/3326 2225/170/3327 2222/10/1283
f 2232/11/3328 2223/11/1292 2224/181/1277
f 2231/6/214 2230/2/214 2239/2/1278
f 2222/119/1283 2225/170/3327 2236/7/1278
f 2231/5/1290 2241/5/1288 2234/5/1291
f 2223/182/1292 2234/5/1291 2235/2/1293
f 2222/118/1283 2237/4/1289 2238/4/1294
f 2227/7/1276 2240/7/1295 2236/7/1278
f 2238/8/1294 2237/8/1289 2236/7/1278
f 2239/2/1278 2235/2/1293 2234/6/1291
f 2249/123/1296 2251/2/1313 2255/2/1297
f 2243/6/1301 2246/8/1304 2247/7/1302
f 2245/2/1298 2247/7/1315 2244/154/1315
f 2246/8/1304 2254/8/1314 2256/7/1305
f 2242/10/1306 2248/11/1312 2249/123/1307
f 2244/154/1315 2249/123/1296 2245/2/1298
f 2243/6/1301 2245/2/1303 2255/2/1297
f 2242/54/1306 2244/154/1308 2252/7/1310
f 2243/5/1300 2257/5/1309 2250/5/1311
f 2248/113/1312 2250/5/1311 2251/2/1313
f 2242/52/1299 2253/4/1309 2254/4/1314
f 2247/7/1315 2256/7/1305 2252/7/1310
f 2254/8/1314 2253/8/1309 2252/7/1310
f 2255/2/1297 2251/2/1313 2250/6/1311
f 2265/169/1298 2267/2/1322 2271/2/1316
f 2259/6/1318 2262/8/3329 2263/7/1319
f 2261/2/1298 2263/7/1315 2260/184/1315
f 2263/7/1319 2262/8/3329 2270/8/1321
f 2258/10/1323 2264/11/1324 2265/169/1324
f 2260/184/1315 2265/169/1298 2261/2/1298
f 2261/2/1320 2271/2/1316 2273/6/1325
f 2260/184/1323 2268/7/1326 2269/12/1325
f 2259/5/1317 2273/5/1325 2266/5/1311
f 2265/169/1324 2264/185/1324 2266/5/1311
f 2258/183/1317 2269/4/1325 2270/4/1321
f 2263/7/1315 2272/7/1322 2268/7/1326
f 2270/8/1321 2269/8/1325 2268/7/1326
f 2271/2/1316 2267/2/1322 2266/6/1311
f 2281/123/1327 2283/2/1343 2287/2/1328
f 2275/6/1333 2278/8/1336 2279/7/1334
f 2277/2/1329 2279/7/1344 2276/66/1344
f 2278/8/1336 2286/8/1291 2288/7/1337
f 2274/10/1338 2280/11/1312 2281/123/1312
f 2276/66/1344 2281/123/1327 2277/2/1329
f 2275/6/1333 2277/2/1335 2287/2/1328
f 2274/54/1338 2276/66/1323 2284/7/1340
f 2275/5/1332 2289/5/1309 2282/5/1342
f 2280/182/1312 2282/5/1342 2283/2/1343
f 2274/52/1330 2285/4/1341 2286/4/1291
f 2279/7/1344 2288/7/1337 2284/7/1340
f 2286/8/1291 2285/8/1341 2284/7/1340
f 2287/2/1328 2283/2/1343 2282/6/1342
f 2297/21/1345 2299/2/1357 2303/2/1346
f 2291/6/1348 2294/8/1390 2295/7/1349
f 2293/2/1345 2295/7/1358 2292/9/1358
f 2295/7/1349 2294/8/1390 2302/8/1350
f 2290/10/1352 2296/11/3330 2297/21/1353
f 2292/9/1358 2297/21/1345 2293/2/1345
f 2293/2/1348 2303/2/1346 2305/6/1355
f 2292/9/1354 2300/7/1359 2301/12/1355
f 2291/5/1347 2305/5/1355 2298/5/1356
f 2297/21/1353 2296/187/3330 2298/5/1356
f 2294/4/1347 2290/52/1347 2301/4/1355
f 2295/7/1358 2304/7/1351 2300/7/1359
f 2302/8/1350 2301/8/1355 2300/7/1359
f 2303/2/1346 2299/2/1357 2298/6/1356
f 2313/188/1358 2315/2/1370 2319/2/1360
f 2307/6/1348 2310/8/1390 2311/7/1349
f 2309/2/1358 2311/7/1371 2308/94/1345
f 2311/7/1349 2310/8/1390 2318/8/1363
f 2306/10/1365 2312/11/3330 2313/188/1353
f 2308/94/1345 2313/188/1358 2309/2/1358
f 2309/2/1348 2319/2/1360 2321/6/1367
f 2308/94/1354 2316/7/1372 2317/12/1368
f 2307/5/1362 2321/5/1367 2314/5/1369
f 2313/188/1353 2312/117/3330 2314/5/1369
f 2306/124/1361 2317/4/1368 2318/4/1363
f 2311/7/1371 2320/7/1364 2316/7/1372
f 2318/8/1363 2317/8/1368 2316/7/1372
f 2319/2/1360 2315/2/1370 2314/6/1369
f 2329/123/1373 2331/2/1351 2335/2/1374
f 2323/6/1376 2326/8/3331 2327/7/1377
f 2325/2/1373 2327/7/1358 2324/22/1358
f 2327/7/1377 2326/8/3331 2334/8/1363
f 2322/10/1380 2328/11/1381 2329/123/1381
f 2324/22/1358 2329/123/1373 2325/2/1373
f 2325/2/1378 2335/2/1374 2337/6/1383
f 2324/22/1382 2332/7/1385 2333/12/1384
f 2323/5/1375 2337/5/1383 2330/5/1369
f 2329/123/1381 2328/189/1381 2330/5/1369
f 2322/118/1375 2333/4/1384 2334/4/1363
f 2327/7/1358 2336/7/1379 2332/7/1385
f 2334/8/1363 2333/8/1384 2332/7/1385
f 2335/2/1374 2331/2/1351 2330/6/1369
f 2345/190/1386 2347/2/1391 2351/2/1385
f 2339/6/1348 2342/8/1349 2343/7/1390
f 2341/2/1387 2343/7/1396 2340/176/1396
f 2342/8/1349 2350/8/1395 2352/7/1391
f 2338/10/1392 2344/11/1381 2345/190/1381
f 2340/176/1396 2345/190/1386 2341/2/1387
f 2339/6/1348 2341/2/1348 2351/2/1385
f 2338/192/1392 2340/176/1392 2348/7/1393
f 2339/5/1389 2353/5/1384 2346/5/1363
f 2344/148/1381 2346/5/1363 2347/2/1391
f 2338/191/1388 2349/4/1394 2350/4/1395
f 2343/7/1396 2352/7/1391 2348/7/1393
f 2350/8/1395 2349/8/1394 2348/7/1393
f 2351/2/1385 2347/2/1391 2346/6/1363
f 2356/21/3332 2367/2/1400 2371/2/1400
f 2358/8/61 2370/8/61 2372/7/61
f 2360/9/1402 2357/18/3333 2354/10/1403
f 2364/11/1402 2355/11/1409 2356/21/1410
f 2363/6/209 2362/2/209 2371/2/214
f 2354/119/1403 2357/18/3333 2368/7/209
f 2363/5/1401 2373/5/1401 2366/5/1401
f 2355/145/3334 2366/5/61 2367/2/61
f 2354/118/3335 2369/4/1407 2370/4/1407
f 2359/7/1400 2372/7/1412 2368/7/1412
f 2381/133/1413 2383/2/1413 2387/2/1413
f 2375/6/1416 2378/8/1419 2379/7/1417
f 2377/2/1413 2379/7/1425 2376/193/1426
f 2378/8/3336 2386/8/228 2388/7/228
f 2374/10/1420 2380/11/1409 2381/133/1421
f 2376/193/1426 2381/133/1412 2377/2/1413
f 2377/2/1418 2387/2/209 2389/6/209
f 2376/193/3337 2384/7/214 2385/12/214
f 2375/5/1438 2389/5/1438 2382/5/1438
f 2380/174/3334 2382/5/61 2383/2/61
f 2374/135/1414 2385/4/1414 2386/4/1414
f 2379/7/1399 2388/7/1399 2384/7/1399
f 2397/133/1413 2399/2/1413 2403/2/1413
f 2391/6/1428 2394/8/1417 2395/7/1429
f 2393/2/1413 2395/7/1400 2392/194/1400
f 2394/8/3336 2402/8/61 2404/7/61
f 2390/10/1431 2396/11/1432 2397/133/1432
f 2392/194/1400 2397/133/1413 2393/2/1413
f 2391/6/1428 2393/2/1430 2403/2/209
f 2390/99/1431 2392/194/1433 2400/7/209
f 2391/5/1414 2405/5/1414 2398/5/1414
f 2396/17/3338 2398/5/228 2399/2/228
f 2390/98/1414 2401/4/1414 2402/4/1414
f 2395/7/1399 2404/7/1399 2400/7/1399
f 2413/195/1400 2415/2/1400 2419/2/1400
f 2407/6/1428 2410/8/1419 2411/7/1419
f 2409/2/1437 2411/7/1425 2408/22/1425
f 2410/8/3336 2418/8/61 2420/7/61
f 2406/10/1441 2412/11/1432 2413/195/1432
f 2408/22/1425 2413/195/1436 2409/2/1437
f 2407/6/1428 2409/2/1440 2419/2/209
f 2406/13/1441 2408/22/1442 2416/7/209
f 2407/5/1438 2421/5/1438 2414/5/1438
f 2412/145/3338 2414/5/228 2415/2/228
f 2406/14/1414 2417/4/1414 2418/4/1414
f 2411/7/1399 2420/7/1399 2416/7/1399
f 2429/100/1445 2431/2/1461 2435/2/1446
f 2423/6/1450 2426/8/3339 2427/7/1451
f 2425/2/1447 2427/7/1462 2424/196/1462
f 2427/7/1451 2426/8/3339 2434/8/1453
f 2422/10/1455 2428/11/1456 2429/100/1456
f 2424/196/1462 2429/100/1445 2425/2/1447
f 2425/2/1452 2435/2/1446 2437/6/1458
f 2424/196/1455 2432/7/1463 2433/12/1459
f 2423/5/1449 2437/5/1458 2430/5/1460
f 2429/100/1456 2428/23/1456 2430/5/1460
f 2422/118/1448 2433/4/1459 2434/4/1453
f 2427/7/1462 2436/7/1454 2432/7/1463
f 2434/8/1453 2433/8/1459 2432/7/1463
f 2435/2/1446 2431/2/1461 2430/6/1460
f 2445/111/1464 2447/2/1478 2451/2/1465
f 2439/6/1450 2442/8/1471 2443/7/1469
f 2441/2/1466 2443/7/1445 2440/194/1445
f 2442/8/1471 2450/8/1479 2452/7/1472
f 2438/10/1455 2444/11/1456 2445/111/1456
f 2440/194/1445 2445/111/1464 2441/2/1466
f 2439/6/1450 2441/2/1470 2451/2/1465
f 2438/19/1455 2440/194/1455 2448/7/1475
f 2439/5/1468 2453/5/1474 2446/5/1477
f 2444/126/1456 2446/5/1477 2447/2/1478
f 2438/20/1467 2449/4/1476 2450/4/1479
f 2443/7/1445 2452/7/1472 2448/7/1475
f 2450/8/1479 2449/8/1476 2448/7/1475
f 2451/2/1465 2447/2/1478 2446/6/1477
f 2461/25/1447 2463/2/1454 2467/2/1446
f 2455/6/1450 2458/8/1483 2459/7/1469
f 2457/2/1447 2459/7/1462 2456/120/1462
f 2458/8/1483 2466/8/1453 2468/7/1461
f 2454/10/1455 2460/11/1456 2461/25/1456
f 2456/120/1462 2461/25/1447 2457/2/1447
f 2455/6/1450 2457/2/1470 2467/2/1446
f 2454/13/1455 2456/120/1455 2464/7/1446
f 2455/5/1482 2469/5/1484 2462/5/1453
f 2460/122/1456 2462/5/1453 2463/2/1454
f 2454/14/1480 2465/4/1474 2466/4/1453
f 2459/7/1462 2468/7/1461 2464/7/1446
f 2466/8/1453 2465/8/1474 2464/7/1446
f 2467/2/1446 2463/2/1454 2462/6/1453
f 2477/16/1462 2479/2/1492 2483/2/1485
f 2471/6/1450 2474/8/1487 2475/7/1469
f 2473/2/1462 2475/7/1445 2472/102/1495
f 2474/8/1487 2482/8/1493 2484/7/1488
f 2470/10/1455 2476/11/1456 2477/16/1456
f 2472/102/1495 2477/16/1462 2473/2/1462
f 2473/2/1452 2483/2/1485 2485/6/1489
f 2472/102/1455 2480/7/1494 2481/12/1490
f 2471/5/1486 2485/5/1489 2478/5/1491
f 2476/75/1456 2478/5/1491 2479/2/1492
f 2470/14/1467 2481/4/1490 2482/4/1493
f 2475/7/1445 2484/7/1488 2480/7/1494
f 2482/8/1493 2481/8/1490 2480/7/1494
f 2483/2/1485 2479/2/1492 2478/6/1491
f 2488/16/1499 2499/2/1514 2503/2/1500
f 2490/8/61 2502/8/1512 2504/7/1516
f 2492/9/3340 2489/22/3341 2486/10/1505
f 2496/11/3342 2487/11/1513 2488/16/1499
f 2495/6/209 2494/2/209 2503/2/1500
f 2486/19/1505 2489/22/3341 2500/7/1510
f 2495/5/1511 2505/5/1509 2498/5/1512
f 2487/75/1513 2498/5/1512 2499/2/1514
f 2486/20/1505 2501/4/1509 2502/4/1512
f 2491/7/1515 2504/7/1516 2500/7/1510
f 2502/8/1512 2501/8/1509 2500/7/1510
f 2503/2/1500 2499/2/1514 2498/6/1512
f 2513/16/1517 2515/2/1526 2519/2/1518
f 2507/6/1522 2510/8/1525 2511/7/1523
f 2509/2/1519 2511/7/1534 2508/18/1535
f 2510/8/1525 2518/8/1533 2520/7/1526
f 2506/10/1527 2512/11/1513 2513/16/1528
f 2508/18/1535 2513/16/1517 2509/2/1519
f 2507/6/1522 2509/2/1524 2519/2/1518
f 2506/54/1527 2508/18/1529 2516/7/1518
f 2507/5/1521 2521/5/1530 2514/5/1532
f 2512/37/1513 2514/5/1532 2515/2/1526
f 2506/52/1520 2517/4/1531 2518/4/1533
f 2511/7/1534 2520/7/1526 2516/7/1518
f 2518/8/1533 2517/8/1531 2516/7/1518
f 2519/2/1518 2515/2/1526 2514/6/1532
f 2529/111/1536 2531/2/1526 2535/2/1537
f 2523/6/1540 2526/8/3343 2527/7/1541
f 2525/2/1536 2527/7/1548 2524/22/1549
f 2527/7/1541 2526/8/3343 2534/8/1532
f 2522/10/1543 2528/11/3344 2529/111/1544
f 2524/22/1549 2529/111/1536 2525/2/1536
f 2525/2/1542 2535/2/1537 2537/6/1547
f 2524/22/1545 2532/7/1537 2533/12/1530
f 2523/5/1539 2537/5/1547 2530/5/1532
f 2529/111/1544 2528/37/3344 2530/5/1532
f 2522/89/1538 2533/4/1530 2534/4/1532
f 2527/7/1548 2536/7/1526 2532/7/1537
f 2534/8/1532 2533/8/1530 2532/7/1537
f 2535/2/1537 2531/2/1526 2530/6/1532
f 2545/111/1550 2547/2/1516 2551/2/1551
f 2539/6/1552 2542/8/1554 2543/7/1553
f 2541/2/1550 2543/7/1557 2540/120/1557
f 2542/8/1554 2550/8/1512 2552/7/1514
f 2538/10/1543 2544/11/1513 2545/111/1555
f 2540/120/1557 2545/111/1550 2541/2/1550
f 2539/6/1552 2541/2/1524 2551/2/1551
f 2538/63/1543 2540/120/1556 2548/7/1551
f 2539/5/1521 2553/5/1509 2546/5/1512
f 2544/113/1513 2546/5/1512 2547/2/1516
f 2538/62/1520 2549/4/1509 2550/4/1512
f 2543/7/1557 2552/7/1514 2548/7/1551
f 2550/8/1512 2549/8/1509 2548/7/1551
f 2551/2/1551 2547/2/1516 2546/6/1512
f 2561/111/1558 2563/2/1573 2567/2/1559
f 2555/6/1562 2558/8/1612 2559/7/1563
f 2557/2/1558 2559/7/1574 2556/59/1574
f 2559/7/1563 2558/8/1612 2566/8/1565
f 2554/10/1567 2560/11/3345 2561/111/1568
f 2556/59/1574 2561/111/1558 2557/2/1558
f 2557/2/1564 2567/2/1559 2569/6/1570
f 2556/59/1569 2564/7/1559 2565/12/1571
f 2555/5/1561 2569/5/1570 2562/5/1572
f 2561/111/1568 2560/88/3345 2562/5/1572
f 2554/20/1560 2565/4/1571 2566/4/1565
f 2559/7/1574 2568/7/1566 2564/7/1559
f 2566/8/1565 2565/8/1571 2564/7/1559
f 2567/2/1559 2563/2/1573 2562/6/1572
f 2577/111/1575 2579/2/1566 2583/2/1576
f 2571/6/1579 2574/8/1582 2575/7/1580
f 2573/2/1575 2575/7/1589 2572/59/1589
f 2574/8/1582 2582/8/1587 2584/7/1566
f 2570/10/1583 2576/11/1588 2577/111/1584
f 2572/59/1589 2577/111/1575 2573/2/1575
f 2571/6/1579 2573/2/1581 2583/2/1576
f 2570/198/1583 2572/59/1569 2580/7/1586
f 2571/5/1578 2585/5/1585 2578/5/1587
f 2576/187/1588 2578/5/1587 2579/2/1566
f 2570/197/1577 2581/4/1585 2582/4/1587
f 2575/7/1589 2584/7/1566 2580/7/1586
f 2582/8/1587 2581/8/1585 2580/7/1586
f 2583/2/1576 2579/2/1566 2578/6/1587
f 2593/25/1590 2595/2/1605 2599/2/1591
f 2587/6/1594 2590/8/1582 2591/7/1595
f 2589/2/1590 2591/7/1606 2588/15/1606
f 2590/8/1582 2598/8/1603 2600/7/1597
f 2586/10/1598 2592/11/1604 2593/25/1599
f 2588/15/1606 2593/25/1590 2589/2/1590
f 2587/6/1594 2589/2/1596 2599/2/1591
f 2586/119/1598 2588/15/1600 2596/7/1591
f 2587/5/1593 2601/5/1601 2594/5/1603
f 2592/23/1604 2594/5/1603 2595/2/1605
f 2586/118/1592 2597/4/1602 2598/4/1603
f 2591/7/1606 2600/7/1597 2596/7/1591
f 2598/8/1603 2597/8/1602 2596/7/1591
f 2599/2/1591 2595/2/1605 2594/6/1603
f 2609/16/1607 2611/2/1617 2615/2/1608
f 2603/6/1610 2606/8/1612 2607/7/1563
f 2605/2/1609 2607/7/1618 2604/15/1618
f 2606/8/1612 2614/8/1565 2616/7/1613
f 2602/10/1614 2608/11/1588 2609/16/1615
f 2604/15/1618 2609/16/1607 2605/2/1609
f 2603/6/1610 2605/2/1611 2615/2/1608
f 2602/13/1614 2604/15/1569 2612/7/1616
f 2603/5/1561 2617/5/1571 2610/5/1565
f 2608/37/1588 2610/5/1565 2611/2/1617
f 2602/14/1560 2613/4/1571 2614/4/1565
f 2607/7/1618 2616/7/1613 2612/7/1616
f 2614/8/1565 2613/8/1571 2612/7/1616
f 2615/2/1608 2611/2/1617 2610/6/1565
f 2620/97/1620 2631/2/1635 2635/2/1621
f 2622/8/61 2634/8/1633 2636/7/1637
f 2624/9/1629 2621/199/3346 2618/10/1626
f 2628/11/1625 2619/11/1634 2620/97/1620
f 2627/6/214 2626/2/214 2635/2/1621
f 2618/198/1626 2621/199/3346 2632/7/1631
f 2627/5/1632 2637/5/1630 2630/5/1633
f 2619/3/1634 2630/5/1633 2631/2/1635
f 2618/197/1626 2633/4/1630 2634/4/1633
f 2623/7/1636 2636/7/1637 2632/7/1631
f 2634/8/1633 2633/8/1630 2632/7/1631
f 2635/2/1621 2631/2/1635 2630/6/1633
f 2645/200/1638 2647/2/1643 2651/2/1621
f 2639/6/1641 2642/8/1642 2643/7/1642
f 2641/2/1638 2643/7/1622 2640/202/1622
f 2642/8/1642 2650/8/1647 2652/7/1643
f 2638/10/1644 2644/11/1645 2645/200/1645
f 2640/202/1622 2645/200/1638 2641/2/1638
f 2639/6/1641 2641/2/1641 2651/2/1621
f 2638/204/1644 2640/202/1644 2648/7/1621
f 2639/5/1640 2653/5/1646 2646/5/1647
f 2644/203/1645 2646/5/1647 2647/2/1643
f 2638/201/1639 2649/4/1646 2650/4/1647
f 2643/7/1622 2652/7/1643 2648/7/1621
f 2650/8/1647 2649/8/1646 2648/7/1621
f 2651/2/1621 2647/2/1643 2646/6/1647
f 2661/25/1648 2663/2/1635 2667/2/1631
f 2655/6/1641 2658/8/1642 2659/7/1642
f 2657/2/1648 2659/7/1648 2656/94/1648
f 2659/7/1642 2658/8/1642 2666/8/1650
f 2654/10/1644 2660/11/1645 2661/25/1651
f 2656/94/1648 2661/25/1648 2657/2/1648
f 2655/6/1641 2657/2/1641 2667/2/1631
f 2654/119/1644 2656/94/1652 2664/7/1631
f 2655/5/1649 2669/5/1646 2662/5/1650
f 2661/25/1651 2660/90/1645 2662/5/1650
f 2654/118/1649 2665/4/1646 2666/4/1650
f 2659/7/1648 2668/7/1635 2664/7/1631
f 2666/8/1650 2665/8/1646 2664/7/1631
f 2667/2/1631 2663/2/1635 2662/6/1650
f 2677/107/1653 2679/2/1643 2683/2/1621
f 2671/6/1641 2674/8/1642 2675/7/1642
f 2673/2/1653 2675/7/1656 2672/205/1658
f 2675/7/1642 2674/8/1642 2682/8/1647
f 2670/10/1654 2676/11/1645 2677/107/1645
f 2672/205/1658 2677/107/1653 2673/2/1653
f 2673/2/1641 2683/2/1621 2685/6/1646
f 2672/205/1654 2680/7/1657 2681/12/1655
f 2671/5/1624 2685/5/1646 2678/5/1647
f 2677/107/1645 2676/3/1645 2678/5/1647
f 2670/197/1624 2681/4/1655 2682/4/1647
f 2675/7/1656 2684/7/1643 2680/7/1657
f 2682/8/1647 2681/8/1655 2680/7/1657
f 2683/2/1621 2679/2/1643 2678/6/1647
f 2693/106/1659 2695/2/1668 2699/2/1660
f 2687/6/1664 2690/8/1667 2691/7/1665
f 2689/2/1659 2691/7/1677 2688/205/1678
f 2690/8/1667 2698/8/1675 2700/7/1668
f 2686/10/1669 2692/11/1676 2693/106/1670
f 2688/205/1678 2693/106/1659 2689/2/1659
f 2687/6/1664 2689/2/1666 2699/2/1660
f 2686/63/1669 2688/205/1671 2696/7/1674
f 2687/5/1663 2701/5/1673 2694/5/1675
f 2692/71/1676 2694/5/1675 2695/2/1668
f 2686/62/1661 2697/4/1673 2698/4/1675
f 2691/7/1677 2700/7/1668 2696/7/1674
f 2698/8/1675 2697/8/1673 2696/7/1674
f 2699/2/1660 2695/2/1668 2694/6/1675
f 2709/25/1679 2711/2/1696 2715/2/1680
f 2703/6/1683 2706/8/1686 2707/7/1684
f 2705/2/1681 2707/7/1698 2704/207/1698
f 2706/8/1686 2714/8/1697 2716/7/1687
f 2702/10/1688 2708/11/1695 2709/25/1689
f 2704/207/1698 2709/25/1679 2705/2/1681
f 2705/2/1685 2715/2/1680 2717/6/1692
f 2704/207/1690 2712/7/1699 2713/12/1693
f 2703/5/1682 2717/5/1692 2710/5/1694
f 2708/71/1695 2710/5/1694 2711/2/1696
f 2702/206/1662 2713/4/1693 2714/4/1697
f 2707/7/1698 2716/7/1687 2712/7/1699
f 2714/8/1697 2713/8/1693 2712/7/1699
f 2715/2/1680 2711/2/1696 2710/6/1694
f 2725/209/1677 2727/2/1704 2731/2/1699
f 2719/6/1702 2722/8/1665 2723/7/1703
f 2721/2/1677 2723/7/1677 2720/83/1678
f 2723/7/1703 2722/8/1665 2730/8/1694
f 2718/10/1705 2724/11/1676 2725/209/1706
f 2720/83/1678 2725/209/1677 2721/2/1677
f 2721/2/1702 2731/2/1699 2733/6/1708
f 2720/83/1707 2728/7/1680 2729/12/1708
f 2719/5/1701 2733/5/1708 2726/5/1709
f 2725/209/1706 2724/210/1676 2726/5/1709
f 2718/82/1662 2729/4/1708 2730/4/1694
f 2723/7/1677 2732/7/1704 2728/7/1680
f 2730/8/1694 2729/8/1708 2728/7/1680
f 2731/2/1699 2727/2/1704 2726/6/1709
f 2741/181/1710 2743/2/1668 2747/2/1674
f 2735/6/1683 2738/8/1686 2739/7/1684
f 2737/2/1711 2739/7/1715 2736/134/1715
f 2738/8/1686 2746/8/1675 2748/7/1668
f 2734/10/1669 2740/11/1676 2741/181/1712
f 2736/134/1715 2741/181/1710 2737/2/1711
f 2735/6/1683 2737/2/1666 2747/2/1674
f 2734/212/1669 2736/134/1707 2744/7/1674
f 2735/5/1691 2749/5/1714 2742/5/1675
f 2740/189/1676 2742/5/1675 2743/2/1668
f 2734/211/1662 2745/4/1673 2746/4/1675
f 2739/7/1715 2748/7/1668 2744/7/1674
f 2746/8/1675 2745/8/1673 2744/7/1674
f 2747/2/1674 2743/2/1668 2742/6/1675
f 2752/213/1717 2763/2/1720 2767/2/1718
f 2755/7/228 2754/8/228 2766/8/1719
f 2756/9/3347 2753/66/1729 2750/10/1723
f 2760/11/1722 2751/11/3348 2752/213/1717
f 2758/2/209 2767/2/1718 2769/6/1733
f 2753/66/1729 2764/7/1718 2765/12/1730
f 2759/5/1731 2769/5/1733 2762/5/1732
f 2752/213/1717 2751/214/3348 2762/5/1732
f 2750/109/1723 2765/4/1730 2766/4/1719
f 2755/7/1716 2768/7/1720 2764/7/1718
f 2766/8/1719 2765/8/1730 2764/7/1718
f 2767/2/1718 2763/2/1720 2762/6/1732
f 2777/111/1734 2779/2/1747 2783/2/1718
f 2771/6/1737 2774/8/1740 2775/7/1738
f 2773/2/1734 2775/7/1748 2772/73/1748
f 2774/8/1740 2782/8/1732 2784/7/1741
f 2770/10/1742 2776/11/1743 2777/111/1743
f 2772/73/1748 2777/111/1734 2773/2/1734
f 2771/6/1737 2773/2/1739 2783/2/1718
f 2770/116/1742 2772/73/1744 2780/7/1746
f 2771/5/1736 2785/5/1745 2778/5/1732
f 2776/17/1743 2778/5/1732 2779/2/1747
f 2770/114/1735 2781/4/1733 2782/4/1732
f 2775/7/1748 2784/7/1741 2780/7/1746
f 2782/8/1732 2781/8/1733 2780/7/1746
f 2783/2/1718 2779/2/1747 2778/6/1732
f 2793/215/1749 2795/2/1759 2799/2/1750
f 2787/6/1737 2790/8/1740 2791/7/1738
f 2789/2/1749 2791/7/1748 2788/112/1748
f 2791/7/1738 2790/8/1740 2798/8/1754
f 2786/10/1755 2792/11/1769 2793/215/1756
f 2788/112/1748 2793/215/1749 2789/2/1749
f 2789/2/1753 2799/2/1750 2801/6/1733
f 2788/112/1757 2796/7/1718 2797/12/1758
f 2787/5/1752 2801/5/1733 2794/5/1732
f 2793/215/1756 2792/90/1769 2794/5/1732
f 2786/89/1751 2797/4/1758 2798/4/1754
f 2791/7/1748 2800/7/1720 2796/7/1718
f 2798/8/1754 2797/8/1758 2796/7/1718
f 2799/2/1750 2795/2/1759 2794/6/1732
f 2809/216/1749 2811/2/1763 2815/2/1760
f 2803/6/1737 2806/8/1740 2807/7/1738
f 2805/2/1749 2807/7/1748 2804/217/1748
f 2806/8/1740 2814/8/1770 2816/7/1763
f 2802/10/1764 2808/11/1769 2809/216/1765
f 2804/217/1748 2809/216/1749 2805/2/1749
f 2805/2/1739 2815/2/1760 2817/6/1733
f 2804/217/1766 2812/7/1771 2813/12/1767
f 2803/5/1752 2817/5/1733 2810/5/1768
f 2808/122/1769 2810/5/1768 2811/2/1763
f 2802/109/1761 2813/4/1767 2814/4/1770
f 2807/7/1748 2816/7/1763 2812/7/1771
f 2814/8/1770 2813/8/1767 2812/7/1771
f 2815/2/1760 2811/2/1763 2810/6/1768
f 2825/69/1772 2827/2/1788 2831/2/1773
f 2819/6/1776 2822/8/1779 2823/7/1777
f 2821/2/1772 2823/7/1790 2820/22/1791
f 2822/8/1779 2830/8/1789 2832/7/1780
f 2820/22/1781 2818/10/1785 2824/11/1782
f 2820/22/1791 2825/69/1772 2821/2/1772
f 2819/6/1776 2821/2/1778 2831/2/1773
f 2818/212/1785 2820/22/1781 2828/7/1773
f 2819/5/1775 2833/5/1784 2826/5/1787
f 2824/84/1782 2826/5/1787 2827/2/1788
f 2818/211/1774 2829/4/1786 2830/4/1789
f 2823/7/1790 2832/7/1780 2828/7/1773
f 2830/8/1789 2829/8/1786 2828/7/1773
f 2831/2/1773 2827/2/1788 2826/6/1787
f 2841/16/1792 2843/2/1805 2847/2/1793
f 2835/6/1778 2838/8/1779 2839/7/1777
f 2837/2/1792 2839/7/1790 2836/78/1791
f 2838/8/1779 2846/8/1804 2848/7/1797
f 2834/10/1798 2840/11/1799 2841/16/1799
f 2836/78/1791 2841/16/1792 2837/2/1792
f 2835/6/1778 2837/2/1796 2847/2/1793
f 2834/220/1798 2836/78/1798 2844/7/1802
f 2835/5/1795 2849/5/1801 2842/5/1804
f 2840/219/1799 2842/5/1804 2843/2/1805
f 2834/218/1794 2845/4/1803 2846/4/1804
f 2839/7/1790 2848/7/1797 2844/7/1802
f 2846/8/1804 2845/8/1803 2844/7/1802
f 2847/2/1793 2843/2/1805 2842/6/1804
f 2857/221/1772 2859/2/1780 2863/2/1806
f 2851/6/1809 2854/8/1810 2855/7/1777
f 2853/2/1772 2855/7/1817 2852/18/1817
f 2854/8/1810 2862/8/1816 2864/7/1811
f 2850/10/1812 2856/11/1799 2857/221/1799
f 2852/18/1817 2857/221/1772 2853/2/1772
f 2851/6/1809 2853/2/1778 2863/2/1806
f 2850/85/1812 2852/18/1813 2860/7/1773
f 2851/5/1808 2865/5/1815 2858/5/1787
f 2856/182/1799 2858/5/1787 2859/2/1780
f 2850/82/1807 2861/4/1786 2862/4/1816
f 2855/7/1817 2864/7/1811 2860/7/1773
f 2862/8/1816 2861/8/1786 2860/7/1773
f 2863/2/1806 2859/2/1780 2858/6/1787
f 2873/222/1772 2875/2/1825 2879/2/1818
f 2867/6/1819 2870/8/1779 2871/7/1820
f 2869/2/1772 2871/7/1790 2868/224/1791
f 2871/7/1820 2870/8/1779 2878/8/1787
f 2866/10/1822 2872/11/1799 2873/222/1799
f 2868/224/1791 2873/222/1772 2869/2/1772
f 2869/2/1821 2879/2/1818 2881/6/1784
f 2868/224/1798 2876/7/1826 2877/12/1824
f 2867/5/1814 2881/5/1784 2874/5/1787
f 2873/222/1799 2872/103/1799 2874/5/1787
f 2866/223/1775 2877/4/1824 2878/4/1787
f 2871/7/1790 2880/7/1788 2876/7/1826
f 2878/8/1787 2877/8/1824 2876/7/1826
f 2879/2/1818 2875/2/1825 2874/6/1787
f 2884/64/1828 2895/2/1831 2899/2/1829
f 2887/7/61 2886/8/61 2898/8/1830
f 2888/9/1837 2885/226/1840 2882/10/1834
f 2892/11/1837 2883/11/3349 2884/64/1828
f 2890/2/209 2899/2/1829 2901/6/1844
f 2885/226/1840 2896/7/1843 2897/12/1839
f 2891/5/1841 2901/5/1844 2894/5/1830
f 2884/64/1828 2883/113/3349 2894/5/1830
f 2882/39/1834 2897/4/1839 2898/4/1830
f 2887/7/1842 2900/7/1831 2896/7/1843
f 2898/8/1830 2897/8/1839 2896/7/1843
f 2899/2/1829 2895/2/1831 2894/6/1830
f 2909/55/1827 2911/2/1831 2915/2/1843
f 2903/6/1846 2906/8/1849 2907/7/1847
f 2905/2/1827 2907/7/1827 2904/125/1827
f 2906/8/1849 2914/8/1854 2916/7/1831
f 2902/10/1850 2908/11/1853 2909/55/1851
f 2904/125/1827 2909/55/1827 2905/2/1827
f 2903/6/1846 2905/2/1848 2915/2/1843
f 2902/13/1850 2904/125/1840 2912/7/1829
f 2903/5/1841 2917/5/1844 2910/5/1830
f 2908/23/1853 2910/5/1830 2911/2/1831
f 2902/14/1845 2913/4/1852 2914/4/1854
f 2907/7/1827 2916/7/1831 2912/7/1829
f 2914/8/1854 2913/8/1852 2912/7/1829
f 2915/2/1843 2911/2/1831 2910/6/1830
f 2925/123/1827 2927/2/1864 2931/2/1855
f 2919/6/1857 2922/8/1858 2923/7/1858
f 2921/2/1827 2923/7/1865 2920/125/1865
f 2923/7/1858 2922/8/1858 2930/8/1859
f 2918/10/1850 2924/11/1853 2925/123/1851
f 2920/125/1865 2925/123/1827 2921/2/1827
f 2921/2/1857 2931/2/1855 2933/6/1861
f 2920/125/1840 2928/7/1855 2929/12/1862
f 2919/5/1856 2933/5/1861 2926/5/1863
f 2925/123/1851 2924/23/1853 2926/5/1863
f 2918/14/1845 2929/4/1862 2930/4/1859
f 2923/7/1865 2932/7/1860 2928/7/1855
f 2930/8/1859 2929/8/1862 2928/7/1855
f 2931/2/1855 2927/2/1864 2926/6/1863
f 2941/1/1866 2943/2/1870 2947/2/1867
f 2935/6/1869 2938/8/1858 2939/7/1858
f 2937/2/1866 2939/7/1876 2936/57/1876
f 2938/8/1858 2946/8/1830 2948/7/1870
f 2934/10/1871 2940/11/1875 2941/1/1872
f 2936/57/1876 2941/1/1866 2937/2/1866
f 2935/6/1869 2937/2/1869 2947/2/1867
f 2934/119/1871 2936/57/1873 2944/7/1867
f 2935/5/1856 2949/5/1874 2942/5/1830
f 2940/122/1875 2942/5/1830 2943/2/1870
f 2934/118/1868 2945/4/1874 2946/4/1830
f 2939/7/1876 2948/7/1870 2944/7/1867
f 2946/8/1830 2945/8/1874 2944/7/1867
f 2947/2/1867 2943/2/1870 2942/6/1830
f 2957/69/1877 2959/2/1886 2963/2/1878
f 2951/6/1882 2954/8/1885 2955/7/1883
f 2953/2/1877 2955/7/1896 2952/41/1896
f 2954/8/1885 2962/8/1895 2964/7/1886
f 2950/10/1887 2956/11/1894 2957/69/1888
f 2952/41/1896 2957/69/1877 2953/2/1877
f 2951/6/1882 2953/2/1884 2963/2/1878
f 2950/228/1887 2952/41/1889 2960/7/1891
f 2951/5/1881 2965/5/1890 2958/5/1893
f 2956/3/1894 2958/5/1893 2959/2/1886
f 2950/227/1879 2961/4/1892 2962/4/1895
f 2955/7/1896 2964/7/1886 2960/7/1891
f 2962/8/1895 2961/8/1892 2960/7/1891
f 2963/2/1878 2959/2/1886 2958/6/1893
f 2973/21/1897 2975/2/1886 2979/2/1891
f 2967/6/1899 2970/8/3350 2971/7/1900
f 2969/2/1898 2971/7/1904 2968/229/1905
f 2971/7/1900 2970/8/3350 2978/8/1895
f 2966/10/1902 2972/11/3351 2973/21/1888
f 2968/229/1905 2973/21/1897 2969/2/1898
f 2969/2/1901 2979/2/1891 2981/6/1892
f 2968/229/1889 2976/7/1878 2977/12/1903
f 2967/5/1880 2981/5/1892 2974/5/1893
f 2973/21/1888 2972/159/3351 2974/5/1893
f 2966/52/1881 2977/4/1903 2978/4/1895
f 2971/7/1904 2980/7/1886 2976/7/1878
f 2978/8/1895 2977/8/1903 2976/7/1878
f 2979/2/1891 2975/2/1886 2974/6/1893
f 2989/16/1906 2991/2/1915 2995/2/1907
f 2983/6/1899 2986/8/1909 2987/7/1909
f 2985/2/1906 2987/7/1916 2984/41/1896
f 2987/7/1909 2986/8/1909 2994/8/1911
f 2982/10/1902 2988/11/3351 2989/16/1888
f 2984/41/1896 2989/16/1906 2985/2/1906
f 2985/2/1910 2995/2/1907 2997/6/1913
f 2984/41/1902 2992/7/1907 2993/12/1914
f 2983/5/1881 2997/5/1913 2990/5/1911
f 2989/16/1888 2988/3/3351 2990/5/1911
f 2982/227/1880 2993/4/1914 2994/4/1911
f 2987/7/1916 2996/7/1912 2992/7/1907
f 2994/8/1911 2993/8/1914 2992/7/1907
f 2995/2/1907 2991/2/1915 2990/6/1911
f 3005/69/1896 3007/2/1927 3011/2/1891
f 2999/6/1882 3002/8/1920 3003/7/1909
f 3001/2/1896 3003/7/1896 3000/41/1896
f 3002/8/1920 3010/8/1928 3012/7/1886
f 2998/10/1921 3004/11/1926 3005/69/1922
f 3000/41/1896 3005/69/1896 3001/2/1896
f 2999/6/1882 3001/2/1884 3011/2/1891
f 2998/231/1921 3000/41/1923 3008/7/1878
f 2999/5/1919 3013/5/1924 3006/5/1925
f 3004/3/1926 3006/5/1925 3007/2/1927
f 2998/230/1917 3009/4/1892 3010/4/1928
f 3003/7/1896 3012/7/1886 3008/7/1878
f 3010/8/1928 3009/8/1892 3008/7/1878
f 3011/2/1891 3007/2/1927 3006/6/1925
f 3016/44/1930 3027/2/1935 3031/2/1931
f 3019/7/1933 3018/8/1933 3030/8/1934
f 3020/9/3352 3017/229/1944 3014/10/1938
f 3024/11/1941 3015/11/3353 3016/44/1930
f 3022/2/209 3031/2/1931 3033/6/1943
f 3017/229/1944 3028/7/1931 3029/12/1945
f 3023/5/1946 3033/5/1943 3026/5/1947
f 3016/44/1930 3015/37/3353 3026/5/1947
f 3014/39/1938 3029/4/1945 3030/4/1934
f 3019/7/1949 3032/7/1935 3028/7/1931
f 3030/8/1934 3029/8/1945 3028/7/1931
f 3031/2/1931 3027/2/1935 3026/6/1947
f 3041/25/1951 3043/2/1965 3047/2/1931
f 3035/6/1953 3038/8/1956 3039/7/1954
f 3037/2/1951 3039/7/1966 3036/18/1966
f 3038/8/1956 3046/8/1934 3048/7/1957
f 3034/10/1958 3040/11/1964 3041/25/1959
f 3036/18/1966 3041/25/1951 3037/2/1951
f 3035/6/1953 3037/2/1955 3047/2/1931
f 3034/54/1958 3036/18/1960 3044/7/1963
f 3035/5/1952 3049/5/1962 3042/5/1934
f 3040/37/1964 3042/5/1934 3043/2/1965
f 3034/52/1942 3045/4/1962 3046/4/1934
f 3039/7/1966 3048/7/1957 3044/7/1963
f 3046/8/1934 3045/8/1962 3044/7/1963
f 3047/2/1931 3043/2/1965 3042/6/1934
f 3057/25/1932 3059/2/1957 3063/2/1963
f 3051/6/1968 3054/8/1970 3055/7/1954
f 3053/2/1967 3055/7/1979 3052/9/1980
f 3054/8/1970 3062/8/1978 3064/7/1971
f 3050/10/1972 3056/11/1977 3057/25/1973
f 3052/9/1980 3057/25/1932 3053/2/1967
f 3051/6/1968 3053/2/1969 3063/2/1963
f 3050/54/1972 3052/9/1974 3060/7/1975
f 3051/5/1952 3065/5/1962 3058/5/1934
f 3056/23/1977 3058/5/1934 3059/2/1957
f 3050/52/1942 3061/4/1976 3062/4/1978
f 3055/7/1979 3064/7/1971 3060/7/1975
f 3062/8/1978 3061/8/1976 3060/7/1975
f 3063/2/1963 3059/2/1957 3058/6/1934
f 3073/44/1932 3075/2/1957 3079/2/1963
f 3067/6/1983 3070/8/1986 3071/7/1984
f 3069/2/1932 3071/7/1979 3068/41/1980
f 3070/8/1986 3078/8/1934 3080/7/1957
f 3066/10/1987 3072/11/1977 3073/44/1973
f 3068/41/1980 3073/44/1932 3069/2/1932
f 3067/6/1983 3069/2/1985 3079/2/1963
f 3066/225/1987 3068/41/1960 3076/7/1989
f 3067/5/1982 3081/5/1943 3074/5/1934
f 3072/23/1977 3074/5/1934 3075/2/1957
f 3066/223/1981 3077/4/1990 3078/4/1934
f 3071/7/1979 3080/7/1957 3076/7/1989
f 3078/8/1934 3077/8/1990 3076/7/1989
f 3079/2/1963 3075/2/1957 3074/6/1934
s 0
f 3116/35/179 3115/35/50 3305/35/119
f 3138/35/178 3139/35/50 3253/35/177
f 3089/35/176 3088/35/38 3278/35/175
f 3115/35/127 3114/35/50 3304/35/126
f 3137/35/174 3138/35/50 3252/35/173
f 3088/35/172 3087/35/38 3277/35/171
f 3114/35/106 3113/35/50 3303/35/105
f 3136/35/108 3137/35/50 3251/35/107
f 3087/35/110 3086/35/38 3276/35/109
f 3113/35/112 3112/35/50 3302/35/111
f 3135/35/114 3136/35/50 3250/35/113
f 3086/35/116 3085/35/38 3275/35/115
f 3112/35/118 3111/35/50 3301/35/117
f 3134/35/120 3135/35/50 3249/35/119
f 3085/35/124 3084/35/38 3274/35/123
f 3111/35/125 3110/35/125 3300/35/125
f 3133/35/127 3134/35/50 3248/35/126
f 3084/35/129 3083/35/38 3272/35/128
f 3110/35/131 3109/35/50 3299/35/130
f 3132/35/132 3133/35/50 3247/35/105
f 3083/35/134 3082/35/38 3273/35/133
f 3109/35/136 3108/35/50 3298/35/135
f 3131/35/112 3132/35/50 3246/35/111
f 3157/35/140 3121/35/38 3235/35/139
f 3108/35/142 3107/35/50 3297/35/141
f 3130/35/118 3131/35/50 3245/35/143
f 3156/35/145 3157/35/38 3271/35/144
f 3107/35/147 3106/35/50 3296/35/146
f 3129/35/125 3130/35/125 3244/35/125
f 3155/35/149 3156/35/38 3270/35/148
f 3106/35/151 3105/35/50 3295/35/150
f 3128/35/152 3129/35/50 3243/35/130
f 3154/35/154 3155/35/38 3269/35/153
f 3105/35/156 3104/35/50 3294/35/155
f 3127/35/136 3128/35/50 3242/35/135
f 3153/35/158 3154/35/38 3268/35/157
f 3104/35/160 3103/35/50 3293/35/197
f 3126/35/142 3127/35/50 3241/35/141
s 1
f 3198/35/209 3158/35/209 3196/35/209
f 3199/35/209 3160/35/209 3198/35/209
f 3200/35/209 3161/35/209 3199/35/209
f 3163/35/209 3200/35/209 3201/35/209
f 3201/35/209 3164/35/209 3163/35/209
f 3165/35/209 3202/35/209 3203/35/209
f 3204/35/209 3165/35/209 3203/35/209
f 3205/35/209 3166/35/209 3204/35/209
f 3206/35/209 3167/35/209 3205/35/209
f 3206/35/209 3169/35/209 3168/35/209
f 3207/35/209 3170/35/209 3169/35/209
f 3209/35/209 3170/35/209 3208/35/209
f 3210/35/209 3171/35/209 3209/35/209
f 3211/35/209 3172/35/209 3210/35/209
f 3211/35/209 3174/35/209 3173/35/209
f 3212/35/209 3175/35/209 3174/35/209
f 3214/35/209 3175/35/209 3213/35/209
f 3177/35/209 3214/35/209 3215/35/209
f 3215/35/209 3178/35/209 3177/35/209
f 3179/35/209 3216/35/209 3217/35/209
f 3180/35/209 3217/35/209 3218/35/209
f 3219/35/209 3180/35/209 3218/35/209
f 3219/35/209 3182/35/209 3181/35/209
f 3220/35/209 3183/35/209 3182/35/209
f 3221/35/209 3184/35/209 3183/35/209
f 3223/35/209 3184/35/209 3222/35/209
f 3224/35/209 3185/35/209 3223/35/209
f 3224/35/209 3187/35/209 3186/35/209
f 3188/35/209 3225/35/209 3226/35/209
f 3227/35/209 3188/35/209 3226/35/209
f 3228/35/209 3189/35/209 3227/35/209
f 3229/35/209 3190/35/209 3228/35/209
f 3230/35/209 3191/35/209 3229/35/209
f 3231/35/209 3192/35/209 3230/35/209
f 3232/35/209 3193/35/209 3231/35/209
f 3233/35/209 3194/35/209 3232/35/209
f 3197/35/209 3195/35/209 3233/35/209
f 3105/35/3354 3220/35/3136 3219/35/3354
f 3194/35/3137 3155/35/3138 3193/35/3138
f 3130/35/87 3167/35/87 3168/35/87
f 3106/35/373 3221/35/399 3220/35/373
f 3157/35/3140 3194/35/3140 3195/35/3140
f 3131/35/3141 3168/35/3141 3169/35/3141
f 3107/35/3189 3222/35/3189 3221/35/3189
f 3121/35/3143 3195/35/3144 3159/35/3143
f 3132/35/3145 3169/35/3145 3170/35/3145
f 3222/35/3146 3109/35/3146 3223/35/3146
f 3082/35/3167 3196/35/3147 3197/35/3167
f 3133/35/3149 3170/35/3149 3171/35/3149
f 3109/35/3151 3224/35/3151 3223/35/3151
f 3083/35/3152 3198/35/3355 3196/35/3152
f 3134/35/3153 3171/35/3153 3172/35/3153
f 3110/35/87 3225/35/87 3224/35/87
f 3084/35/3154 3199/35/3155 3198/35/3154
f 3135/35/3156 3172/35/3156 3173/35/3156
f 3225/35/3141 3112/35/3141 3226/35/3141
f 3085/35/3157 3200/35/3157 3199/35/3157
f 3136/35/3158 3173/35/3158 3174/35/3158
f 3112/35/3145 3227/35/3145 3226/35/3145
f 3086/35/3159 3201/35/3159 3200/35/3159
f 3175/35/3160 3136/35/3160 3174/35/3160
f 3113/35/3161 3228/35/3161 3227/35/3161
f 3087/35/408 3202/35/384 3201/35/408
f 3138/35/3162 3175/35/3162 3176/35/3162
f 3114/35/3153 3229/35/3192 3228/35/3153
f 3088/35/3163 3203/35/3163 3202/35/3163
f 3177/35/3165 3138/35/3164 3176/35/3164
f 3115/35/3156 3230/35/3156 3229/35/3156
f 3089/35/3166 3204/35/3166 3203/35/3166
f 3140/35/3167 3177/35/3167 3178/35/3167
f 3116/35/3158 3231/35/3356 3230/35/3168
f 3205/35/3169 3090/35/3169 3091/35/3169
f 3179/35/3152 3140/35/3152 3178/35/3152
f 3117/35/3160 3232/35/3170 3231/35/3160
f 3091/35/89 3206/35/89 3205/35/89
f 3142/35/3155 3179/35/3155 3180/35/3155
f 3118/35/3162 3233/35/3162 3232/35/3162
f 3206/35/3171 3093/35/3171 3207/35/3171
f 3143/35/3172 3180/35/3172 3181/35/3172
f 3119/35/3165 3197/35/3165 3233/35/3165
f 3093/35/3173 3208/35/3173 3207/35/3173
f 3144/35/3159 3181/35/3159 3182/35/3159
f 3094/35/3174 3209/35/3174 3208/35/3174
f 3145/35/384 3182/35/384 3183/35/384
f 3095/35/3176 3210/35/3175 3209/35/3176
f 3146/35/3357 3183/35/3177 3184/35/3357
f 3096/35/3178 3211/35/3178 3210/35/3178
f 3185/35/3166 3146/35/3166 3184/35/3166
f 3120/35/3179 3159/35/3180 3158/35/3358
f 3097/35/3181 3212/35/3181 3211/35/3181
f 3148/35/3169 3185/35/3169 3186/35/3169
f 3122/35/3182 3158/35/3183 3160/35/3182
f 3098/35/3138 3213/35/3138 3212/35/3138
f 3149/35/89 3186/35/89 3187/35/89
f 3161/35/3184 3122/35/3184 3160/35/3184
f 3213/35/3140 3100/35/3185 3214/35/3185
f 3187/35/3171 3150/35/3171 3149/35/3171
f 3162/35/3186 3123/35/3359 3161/35/3359
f 3214/35/3144 3101/35/3143 3215/35/3143
f 3151/35/3173 3188/35/3173 3189/35/3173
f 3163/35/3136 3124/35/3136 3162/35/3136
f 3101/35/3179 3216/35/3180 3215/35/3179
f 3190/35/3174 3151/35/3174 3189/35/3360
f 3126/35/373 3163/35/399 3164/35/373
f 3102/35/3183 3217/35/3187 3216/35/3183
f 3153/35/3176 3190/35/3176 3191/35/3176
f 3127/35/3189 3164/35/3189 3165/35/3188
f 3103/35/3190 3218/35/3184 3217/35/3190
f 3192/35/3178 3153/35/3178 3191/35/3178
f 3166/35/3146 3127/35/3146 3165/35/3146
f 3104/35/498 3219/35/498 3218/35/498
f 3155/35/3361 3192/35/3181 3193/35/3361
f 3167/35/3151 3128/35/3151 3166/35/3151
f 3235/35/61 3272/35/61 3273/35/61
f 3234/35/61 3274/35/61 3272/35/61
f 3236/35/61 3275/35/61 3274/35/61
f 3237/35/61 3276/35/61 3275/35/61
f 3239/35/61 3276/35/61 3238/35/61
f 3277/35/61 3240/35/61 3278/35/61
f 3241/35/61 3278/35/61 3240/35/61
f 3241/35/61 3280/35/61 3279/35/61
f 3242/35/61 3281/35/61 3280/35/61
f 3243/35/61 3282/35/61 3281/35/61
f 3282/35/61 3245/35/61 3283/35/61
f 3283/35/61 3246/35/61 3284/35/61
f 3246/35/61 3285/35/61 3284/35/61
f 3247/35/61 3286/35/61 3285/35/61
f 3248/35/61 3287/35/61 3286/35/61
f 3287/35/61 3250/35/61 3288/35/61
f 3288/35/61 3251/35/61 3289/35/61
f 3251/35/61 3290/35/61 3289/35/61
f 3253/35/61 3290/35/61 3252/35/61
f 3291/35/61 3254/35/61 3292/35/61
f 3255/35/61 3292/35/61 3254/35/61
f 3256/35/61 3293/35/61 3255/35/61
f 3256/35/61 3295/35/61 3294/35/61
f 3295/35/61 3258/35/61 3296/35/61
f 3296/35/61 3259/35/61 3297/35/61
f 3297/35/61 3260/35/61 3298/35/61
f 3260/35/61 3299/35/61 3298/35/61
f 3261/35/61 3300/35/61 3299/35/61
f 3300/35/61 3263/35/61 3301/35/61
f 3264/35/61 3301/35/61 3263/35/61
f 3264/35/61 3303/35/61 3302/35/61
f 3265/35/61 3304/35/61 3303/35/61
f 3266/35/61 3305/35/61 3304/35/61
f 3267/35/61 3306/35/61 3305/35/61
f 3268/35/61 3307/35/61 3306/35/61
f 3269/35/61 3308/35/61 3307/35/61
f 3270/35/61 3309/35/61 3308/35/61
f 3271/35/61 3273/35/61 3309/35/61
s 0
f 3090/35/181 3089/35/38 3279/35/180
f 3139/35/134 3140/35/38 3254/35/133
f 3117/35/182 3116/35/50 3306/35/113
f 3091/35/184 3090/35/38 3280/35/183
f 3140/35/185 3141/35/38 3255/35/128
f 3118/35/108 3117/35/50 3307/35/107
f 3092/35/125 3091/35/125 3281/35/125
f 3141/35/124 3142/35/38 3256/35/123
f 3119/35/174 3118/35/50 3308/35/173
f 3093/35/188 3092/35/38 3282/35/187
f 3142/35/189 3143/35/38 3257/35/115
f 3082/35/178 3119/35/50 3309/35/177
f 3094/35/169 3093/35/38 3283/35/168
f 3143/35/190 3144/35/38 3258/35/109
f 3095/35/164 3094/35/38 3284/35/163
f 3144/35/172 3145/35/38 3259/35/171
f 3096/35/192 3095/35/38 3285/35/191
f 3145/35/194 3146/35/38 3260/35/193
f 3097/35/158 3096/35/38 3286/35/195
f 3146/35/181 3147/35/38 3261/35/180
f 3121/35/166 3120/35/50 3234/35/165
f 3098/35/154 3097/35/38 3287/35/153
f 3147/35/184 3148/35/38 3262/35/183
f 3120/35/162 3122/35/50 3236/35/196
f 3099/35/149 3098/35/38 3288/35/148
f 3148/35/125 3149/35/125 3263/35/125
f 3122/35/160 3123/35/50 3237/35/197
f 3100/35/145 3099/35/38 3289/35/144
f 3149/35/188 3150/35/38 3264/35/187
f 3123/35/198 3124/35/50 3238/35/155
f 3101/35/140 3100/35/38 3290/35/170
f 3150/35/169 3151/35/38 3265/35/168
f 3124/35/167 3125/35/50 3239/35/150
f 3102/35/166 3101/35/50 3291/35/165
f 3151/35/164 3152/35/38 3266/35/163
f 3125/35/147 3126/35/50 3240/35/146
f 3103/35/162 3102/35/50 3292/35/196
f 3152/35/192 3153/35/38 3267/35/3362
s 1
f 3408/505/41 3411/516/2000 3410/239/2003
f 3412/232/33 3419/33/3363 3418/25/3364
s 0
f 3415/27/2114 3416/2/50 3424/2/2041
s 1
f 3411/233/2033 3417/34/3365 3416/2/3366
f 3412/232/33 3420/11/3367 3419/33/3363
f 3409/236/3368 3415/27/3128 3414/6/3369
f 3411/233/2033 3418/25/3370 3417/34/3365
f 3408/235/2292 3413/32/83 3420/11/2004
f 3409/236/3368 3414/6/3369 3413/30/3371
f 3410/234/3372 3416/2/2107 3415/27/3373
f 3423/513/2729 3425/514/2729 3427/515/38
s 0
f 3413/30/2044 3414/6/50 3422/6/2043
f 3420/11/2201 3413/32/38 3421/32/2075
f 3418/25/2138 3419/33/38 3427/33/2077
f 3416/2/3374 3417/34/50 3425/34/3375
f 3414/6/3131 3415/27/50 3423/27/3376
f 3419/33/2063 3420/11/38 3428/11/2062
f 3417/34/3132 3418/25/38 3426/25/3133
s 1
f 3442/35/50 3444/35/50 3437/35/50
f 3435/35/2011 3436/35/2081 3444/35/2012
f 3434/35/2014 3442/35/2014 3441/35/2014
f 3432/35/2015 3440/35/2015 3439/35/2015
f 3430/35/69 3437/35/2156 3438/35/2016
f 3436/35/2017 3429/35/3377 3438/35/2018
f 3435/35/2020 3443/35/2020 3442/35/2021
f 3433/35/2022 3441/35/2052 3440/35/2022
f 3431/35/2024 3439/35/2024 3437/35/2025
f 3434/35/2026 3450/35/2026 3451/35/2026
f 3432/35/2027 3448/35/2027 3449/35/2027
f 3430/35/2029 3446/35/2029 3447/35/2029
f 3435/35/2226 3451/35/2226 3452/35/79
f 3433/35/81 3449/35/81 3450/35/81
f 3431/35/82 3447/35/82 3448/35/82
f 3429/35/83 3445/35/83 3446/35/83
f 3436/35/2030 3452/35/2030 3445/35/2030
f 3554/241/2243 3561/33/3123 3560/25/3378
s 0
f 3557/27/2114 3558/2/50 3566/2/2041
s 1
f 3553/242/2270 3559/34/3379 3558/2/3380
f 3554/241/2243 3562/11/3381 3561/33/3123
f 3551/243/3382 3557/27/3128 3556/6/3369
f 3553/242/2270 3560/25/3383 3559/34/3379
f 3550/235/2292 3555/32/2784 3562/11/2134
f 3551/243/3382 3556/6/3369 3555/30/3371
f 3552/234/3384 3558/2/2153 3557/27/45
f 3565/513/2729 3567/514/2729 3569/515/2729
s 0
f 3555/30/2044 3556/6/50 3564/6/2043
f 3562/11/54 3555/32/38 3563/32/53
f 3560/25/2113 3561/33/38 3569/33/55
f 3558/2/2037 3559/34/50 3567/34/2036
f 3556/6/3131 3557/27/50 3565/27/3376
f 3561/33/3385 3562/11/38 3570/11/2232
f 3559/34/2008 3560/25/38 3568/25/2007
s 1
f 3584/35/50 3586/35/50 3579/35/50
f 3577/35/2045 3578/35/2013 3586/35/2013
f 3576/35/2014 3584/35/2014 3583/35/2014
f 3574/35/2015 3582/35/2015 3581/35/2015
f 3572/35/2047 3579/35/2047 3580/35/2048
f 3578/35/70 3571/35/3386 3580/35/2050
f 3577/35/2051 3585/35/2020 3584/35/2051
f 3574/35/2052 3575/35/3387 3583/35/2022
f 3573/35/2053 3581/35/3388 3579/35/2054
f 3576/35/2026 3592/35/2026 3593/35/2026
f 3574/35/2089 3590/35/2089 3591/35/2089
f 3572/35/2029 3588/35/2029 3589/35/2029
f 3577/35/79 3593/35/79 3594/35/79
f 3575/35/2091 3591/35/2091 3592/35/2091
f 3573/35/82 3589/35/82 3590/35/82
f 3571/35/83 3587/35/83 3588/35/83
f 3578/35/2030 3594/35/2030 3587/35/2030
f 3692/517/2064 3695/518/2066 3693/519/2070
f 3695/518/2066 3694/520/2067 3693/519/2070
f 3695/245/2066 3702/33/3389 3701/25/2068
s 0
f 3698/27/58 3699/2/50 3707/2/57
s 1
f 3694/246/3390 3700/34/3391 3699/2/3392
f 3692/244/3393 3703/11/3394 3702/33/3395
f 3693/247/3396 3698/27/3397 3697/6/3398
f 3694/246/2067 3695/245/2066 3701/25/2068
f 3692/244/3393 3696/32/3399 3703/11/3394
f 3693/247/3396 3697/6/3398 3696/30/3400
f 3694/246/3390 3699/2/3392 3698/27/3401
f 3708/514/2729 3710/515/38 3704/521/2760
s 0
f 3696/30/60 3697/6/50 3705/6/2216
f 3703/11/54 3696/32/38 3704/32/53
f 3701/25/2113 3702/33/38 3710/33/55
f 3699/2/2215 3700/34/50 3708/34/2214
f 3697/6/3402 3698/27/50 3706/27/3403
f 3702/33/2233 3703/11/38 3711/11/2232
f 3700/34/47 3701/25/38 3709/25/46
s 1
f 3720/35/50 3723/35/50 3725/35/50
f 3718/35/2012 3719/35/2011 3727/35/2011
f 3717/35/2082 3725/35/2082 3724/35/2083
f 3714/35/2084 3715/35/66 3723/35/66
f 3713/35/2086 3720/35/2047 3721/35/2086
f 3719/35/70 3712/35/70 3721/35/70
f 3718/35/2088 3726/35/3404 3725/35/72
f 3716/35/73 3724/35/73 3723/35/2052
f 3714/35/74 3722/35/2162 3720/35/74
f 3717/35/2026 3733/35/2026 3734/35/2026
f 3716/35/2089 3715/35/2027 3731/35/2027
f 3713/35/2029 3729/35/2029 3730/35/2029
f 3719/35/79 3718/35/79 3734/35/79
f 3717/35/2091 3716/35/2058 3732/35/2058
f 3715/35/82 3714/35/2144 3730/35/2092
f 3712/35/83 3728/35/83 3729/35/83
f 3719/35/2030 3735/35/2030 3728/35/2030
f 3832/522/2100 3835/523/2095 3834/524/2102
f 3835/248/3405 3843/33/3406 3842/25/3407
s 0
f 3839/27/3408 3840/2/50 3848/2/3409
s 1
f 3834/251/2102 3841/34/3410 3840/2/2106
f 3835/248/2095 3836/252/2103 3844/11/2096
f 3833/249/3411 3839/27/2275 3838/6/3412
f 3835/248/3405 3842/25/3407 3841/34/2069
f 3836/252/2103 3832/235/2100 3837/32/2104
f 3832/250/2100 3838/6/3413 3837/30/2104
f 3833/249/2098 3834/251/2102 3840/2/2106
f 3845/521/2760 3847/513/38 3849/514/2729
s 0
f 3837/30/60 3838/6/50 3846/6/2216
f 3844/11/54 3837/32/38 3845/32/53
f 3842/25/3414 3843/33/38 3851/33/3415
f 3840/2/3416 3841/34/50 3849/34/3417
f 3838/6/2039 3839/27/50 3847/27/2137
f 3843/33/37 3844/11/38 3852/11/36
f 3841/34/3418 3842/25/38 3850/25/3419
s 1
f 3864/35/50 3866/35/50 3868/35/50
f 3860/35/2013 3868/35/2013 3867/35/2013
f 3857/35/2014 3858/35/2014 3866/35/2014
f 3856/35/2118 3864/35/2118 3863/35/2119
f 3853/35/2120 3854/35/2121 3861/35/2121
f 3853/35/2123 3862/35/3420 3868/35/2050
f 3858/35/2051 3859/35/2124 3867/35/2124
f 3857/35/2022 3865/35/2023 3864/35/2052
f 3854/35/2024 3855/35/2024 3863/35/2024
f 3858/35/2026 3874/35/2026 3875/35/2026
f 3856/35/3421 3872/35/3421 3873/35/3421
f 3854/35/2029 3870/35/2029 3871/35/2029
f 3859/35/2163 3875/35/2163 3876/35/2163
f 3857/35/80 3873/35/80 3874/35/80
f 3855/35/2165 3871/35/2165 3872/35/2165
f 3853/35/3422 3869/35/3422 3870/35/3422
f 3860/35/3423 3876/35/3423 3869/35/3423
f 3978/525/2031 3976/239/2133 3975/526/2135
f 3978/253/3424 3985/33/3425 3984/25/3124
s 0
f 3981/27/58 3982/2/50 3990/2/57
s 1
f 3977/254/2270 3983/34/3365 3982/2/3380
f 3978/253/3424 3986/11/3426 3985/33/3425
f 3975/29/2285 3981/27/3427 3980/6/3428
f 3977/254/2270 3984/25/3383 3983/34/3365
f 3974/28/3429 3979/32/2290 3986/11/2209
f 3975/29/2285 3980/6/3428 3979/30/2293
f 3976/12/3430 3982/2/3431 3981/27/2274
f 3991/514/2760 3993/515/2760 3987/521/38
s 0
f 3979/30/60 3980/6/50 3988/6/2216
f 3986/11/54 3979/32/38 3987/32/53
f 3984/25/2113 3985/33/38 3993/33/2112
f 3982/2/2215 3983/34/50 3991/34/2214
f 3980/6/3432 3981/27/50 3989/27/51
f 3985/33/37 3986/11/38 3994/11/36
f 3983/34/47 3984/25/38 3992/25/46
s 1
f 4003/35/50 4006/35/50 4008/35/50
f 4002/35/63 4010/35/63 4009/35/63
f 4000/35/64 4008/35/64 4007/35/2139
f 3997/35/66 3998/35/2118 4006/35/2118
f 3996/35/2016 4003/35/2264 4004/35/68
f 4002/35/70 3995/35/70 4004/35/70
f 4001/35/72 4009/35/2158 4008/35/72
f 3998/35/73 3999/35/73 4007/35/73
f 3997/35/74 4005/35/74 4003/35/74
f 4001/35/2125 4000/35/2125 4016/35/2125
f 3998/35/2089 4014/35/2089 4015/35/2089
f 3996/35/2029 4012/35/2029 4013/35/2029
f 4001/35/2163 4017/35/2163 4018/35/2163
f 3999/35/2091 4015/35/2091 4016/35/2091
f 3997/35/82 4013/35/82 4014/35/82
f 3995/35/2060 4011/35/2060 4012/35/2060
f 4002/35/2129 4018/35/2129 4011/35/2129
f 4117/506/2145 4120/527/2149 4119/508/2142
f 4119/255/2142 4120/258/2149 4127/33/2143
s 0
f 4123/27/2114 4124/2/50 4132/2/2041
s 1
f 4118/257/2148 4125/34/3433 4124/2/2152
f 4120/258/2149 4128/11/3381 4127/33/2143
f 4117/249/3434 4123/27/2057 4122/6/2099
f 4119/255/3435 4126/25/77 4125/34/2206
f 4120/258/2149 4116/235/2146 4121/32/2150
f 4116/256/2146 4122/6/3436 4121/30/2150
f 4117/249/2145 4118/257/2148 4124/2/2152
f 4129/521/2729 4131/513/38 4133/514/2729
s 0
f 4121/30/2044 4122/6/50 4130/6/2043
f 4128/11/54 4121/32/38 4129/32/53
f 4126/25/2113 4127/33/38 4135/33/55
f 4124/2/2037 4125/34/50 4133/34/2036
f 4122/6/3131 4123/27/50 4131/27/3376
f 4127/33/2194 4128/11/38 4136/11/2232
f 4125/34/47 4126/25/38 4134/25/46
s 1
f 4145/35/50 4148/35/50 4150/35/50
f 4144/35/2012 4152/35/2012 4151/35/2081
f 4141/35/2154 4142/35/3437 4150/35/2154
f 4139/35/2084 4140/35/2084 4148/35/2084
f 4138/35/2016 4145/35/2120 4146/35/2155
f 4144/35/70 4137/35/2017 4146/35/2017
f 4143/35/2157 4151/35/2157 4150/35/2158
f 4140/35/2159 4141/35/2160 4149/35/2160
f 4139/35/2025 4147/35/2025 4145/35/2162
f 4142/35/2125 4158/35/2125 4159/35/2125
f 4140/35/77 4156/35/77 4157/35/77
f 4138/35/2029 4154/35/2029 4155/35/2029
f 4143/35/2163 4159/35/2163 4160/35/2163
f 4141/35/81 4157/35/81 4158/35/81
f 4139/35/82 4155/35/82 4156/35/82
f 4137/35/2060 4153/35/2060 4154/35/2060
f 4144/35/2061 4160/35/2061 4153/35/2061
f 4264/528/2173 4262/239/2170 4261/529/2174
f 4263/259/2166 4264/260/2173 4271/33/2167
s 0
f 4267/27/2114 4268/2/50 4276/2/2041
s 1
f 4263/259/3438 4269/34/3439 4268/2/3440
f 4264/260/2173 4272/11/3441 4271/33/2167
f 4261/261/3442 4267/27/3128 4266/6/3369
f 4260/235/3443 4265/32/2060 4272/11/3444
f 4261/261/3442 4266/6/3369 4265/30/3371
f 4262/234/3445 4268/2/2055 4267/27/45
f 4277/514/2760 4279/515/2760 4273/521/2729
s 0
f 4265/30/2044 4266/6/50 4274/6/2080
f 4272/11/54 4265/32/38 4273/32/53
f 4270/25/2113 4271/33/38 4279/33/55
f 4268/2/2037 4269/34/50 4277/34/2036
f 4266/6/3131 4267/27/50 4275/27/2038
f 4271/33/37 4272/11/38 4280/11/36
f 4269/34/47 4270/25/38 4278/25/3446
s 1
f 4289/35/50 4292/35/50 4294/35/50
f 4288/35/2081 4296/35/2081 4295/35/2012
f 4285/35/2154 4286/35/2139 4294/35/2139
f 4283/35/2118 4284/35/66 4292/35/66
f 4282/35/2086 4289/35/2086 4290/35/2178
f 4288/35/70 4281/35/70 4290/35/70
f 4287/35/72 4295/35/72 4294/35/2157
f 4285/35/73 4293/35/73 4292/35/73
f 4283/35/74 4291/35/74 4289/35/74
f 4286/35/3447 4302/35/3447 4303/35/3042
f 4284/35/3448 4300/35/3448 4301/35/3448
f 4282/35/2029 4298/35/2029 4299/35/2029
f 4287/35/2163 4303/35/2163 4304/35/2163
f 4285/35/3449 4301/35/3449 4302/35/3449
f 4283/35/2165 4299/35/2165 4300/35/2165
f 4281/35/2180 4297/35/2180 4298/35/2180
f 4288/35/2061 4304/35/2061 4297/35/2061
f 4401/530/2186 4404/531/2181 4402/532/2184
f 4404/531/2181 4403/533/2182 4402/532/2184
f 4404/262/2181 4411/33/3363 4410/25/34
s 0
f 4407/27/2114 4408/2/50 4416/2/2041
s 1
f 4403/263/3450 4409/34/3125 4408/2/3451
f 4404/262/2181 4412/11/3452 4411/33/3363
f 4402/264/2220 4407/27/3453 4406/6/3454
f 4403/263/3450 4410/25/3130 4409/34/3125
f 4401/235/3455 4405/32/3456 4412/11/3457
f 4401/265/3455 4406/6/3458 4405/30/3456
f 4402/264/2220 4408/2/3459 4407/27/3453
f 4419/515/2760 4413/521/3044 4415/513/38
s 0
f 4405/30/2044 4406/6/50 4414/6/2043
f 4412/11/2201 4405/32/38 4413/32/2110
f 4410/25/2138 4411/33/38 4419/33/2077
f 4408/2/2037 4409/34/50 4417/34/2036
f 4406/6/3131 4407/27/50 4415/27/3376
f 4411/33/3460 4412/11/38 4420/11/2062
f 4409/34/3132 4410/25/38 4418/25/3133
s 1
f 4429/35/50 4432/35/50 4434/35/50
f 4427/35/2011 4428/35/63 4436/35/63
f 4426/35/2189 4434/35/2189 4433/35/64
f 4423/35/2118 4424/35/66 4432/35/66
f 4422/35/2190 4429/35/3461 4430/35/2086
f 4428/35/70 4421/35/71 4430/35/70
f 4427/35/72 4435/35/72 4434/35/72
f 4425/35/73 4433/35/73 4432/35/73
f 4422/35/74 4423/35/74 4431/35/74
f 4427/35/2026 4426/35/2026 4442/35/2026
f 4424/35/2027 4440/35/2027 4441/35/2027
f 4422/35/2029 4438/35/2029 4439/35/2029
f 4428/35/79 4427/35/79 4443/35/79
f 4425/35/2091 4441/35/2091 4442/35/2091
f 4423/35/82 4439/35/82 4440/35/82
f 4422/35/83 4421/35/2060 4437/35/2060
f 4428/35/3423 4444/35/3423 4437/35/3423
f 4545/534/2191 4543/535/2196 4542/536/2199
f 4545/266/3462 4552/33/3123 4551/25/3463
s 0
f 4548/27/2114 4549/2/50 4557/2/2041
s 1
f 4543/267/3464 4550/34/3465 4549/2/3466
f 4545/266/3462 4553/11/3381 4552/33/3123
f 4542/268/3467 4548/27/3468 4547/6/3398
f 4544/38/3469 4551/25/3470 4550/34/2147
f 4541/28/3471 4546/32/2060 4553/11/2134
f 4542/268/3467 4547/6/3398 4546/30/3472
f 4543/267/3464 4549/2/3466 4548/27/2259
f 4556/513/2760 4558/514/2729 4560/515/2760
s 0
f 4546/30/60 4547/6/50 4555/6/2216
f 4553/11/54 4546/32/38 4554/32/53
f 4551/25/56 4552/33/38 4560/33/55
f 4549/2/49 4550/34/50 4558/34/48
f 4547/6/3131 4548/27/50 4556/27/2038
f 4552/33/3385 4553/11/38 4561/11/2232
f 4550/34/2008 4551/25/38 4559/25/2007
s 1
f 4570/35/50 4573/35/50 4575/35/50
f 4568/35/2013 4569/35/2013 4577/35/2013
f 4567/35/2014 4575/35/2014 4574/35/2014
f 4564/35/2015 4565/35/2118 4573/35/2202
f 4563/35/2048 4570/35/2120 4571/35/2047
f 4569/35/2050 4562/35/2050 4571/35/2050
f 4568/35/2021 4576/35/2021 4575/35/2051
f 4565/35/2022 4566/35/2052 4574/35/2052
f 4564/35/2053 4572/35/2053 4570/35/2024
f 4567/35/2125 4583/35/2125 4584/35/2125
f 4565/35/2089 4581/35/3448 4582/35/2089
f 4563/35/2090 4579/35/2090 4580/35/2090
f 4568/35/79 4584/35/79 4585/35/79
f 4566/35/2091 4582/35/3473 4583/35/2091
f 4564/35/2165 4580/35/2165 4581/35/2165
f 4562/35/3474 4578/35/3474 4579/35/3474
f 4569/35/2061 4585/35/2061 4578/35/2061
f 4684/537/2211 4687/534/2203 4686/508/2205
f 4687/269/3462 4694/33/3425 4693/25/2230
s 0
f 4690/27/2114 4691/2/50 4699/2/2041
s 1
f 4685/270/2207 4692/34/3475 4691/2/2212
f 4687/269/3462 4695/11/3476 4694/33/3425
f 4684/271/2211 4690/27/3128 4689/6/2210
f 4686/255/3477 4693/25/2224 4692/34/2206
f 4683/235/3478 4688/32/3474 4695/11/2134
f 4683/237/2208 4684/271/2211 4689/6/2210
f 4684/271/2211 4685/270/2207 4691/2/2212
f 4702/515/3479 4696/521/2729 4698/513/3044
s 0
f 4688/30/2176 4689/6/50 4697/6/2080
f 4695/11/2076 4688/32/38 4696/32/2075
f 4693/25/2138 4694/33/38 4702/33/2077
f 4691/2/2037 4692/34/50 4700/34/2036
f 4689/6/3131 4690/27/50 4698/27/2038
f 4694/33/2063 4695/11/38 4703/11/2062
f 4692/34/2074 4693/25/38 4701/25/2073
s 1
f 4712/35/50 4715/35/50 4717/35/50
f 4710/35/63 4711/35/2011 4719/35/2011
f 4708/35/2139 4709/35/2082 4717/35/2139
f 4706/35/66 4707/35/2118 4715/35/2118
f 4705/35/2086 4712/35/2086 4713/35/2086
f 4711/35/70 4704/35/70 4713/35/70
f 4710/35/72 4718/35/72 4717/35/72
f 4708/35/73 4716/35/73 4715/35/73
f 4706/35/74 4714/35/74 4712/35/74
f 4709/35/2125 4725/35/2125 4726/35/2125
f 4707/35/2224 4723/35/2224 4724/35/2224
f 4705/35/2090 4721/35/2090 4722/35/2090
f 4710/35/2163 4726/35/2163 4727/35/2163
f 4708/35/81 4724/35/81 4725/35/81
f 4706/35/2165 4722/35/2165 4723/35/2165
f 4704/35/2060 4720/35/2060 4721/35/2060
f 4711/35/2228 4727/35/2228 4720/35/2228
f 4826/538/2220 4825/539/2222 4828/534/2217
f 4827/540/2218 4826/538/2220 4828/534/2217
f 4828/266/3480 4835/33/3425 4834/25/3481
s 0
f 4831/27/2114 4832/2/50 4840/2/2041
s 1
f 4827/272/2182 4833/34/3379 4832/2/3482
f 4828/266/3480 4836/11/3483 4835/33/3425
f 4826/273/3484 4831/27/3485 4830/6/2185
f 4827/272/2182 4834/25/3383 4833/34/3379
f 4825/28/3486 4829/32/3487 4836/11/3457
f 4825/274/3486 4830/6/3488 4829/30/3487
f 4826/273/3484 4832/2/3489 4831/27/3485
f 4843/515/2729 4837/521/38 4839/513/38
s 0
f 4829/30/2044 4830/6/50 4838/6/2080
f 4836/11/54 4829/32/38 4837/32/53
f 4834/25/2113 4835/33/38 4843/33/55
f 4832/2/2037 4833/34/50 4841/34/2036
f 4830/6/3131 4831/27/50 4839/27/2038
f 4835/33/2233 4836/11/38 4844/11/2232
f 4833/34/47 4834/25/38 4842/25/46
s 1
f 4853/35/50 4856/35/50 4858/35/50
f 4851/35/62 4852/35/2081 4860/35/2012
f 4850/35/2139 4858/35/2139 4857/35/2154
f 4848/35/66 4856/35/66 4855/35/67
f 4846/35/2086 4853/35/2086 4854/35/2086
f 4852/35/70 4845/35/70 4854/35/70
f 4851/35/72 4859/35/72 4858/35/2157
f 4848/35/73 4849/35/2052 4857/35/73
f 4847/35/74 4855/35/74 4853/35/74
f 4850/35/2125 4866/35/2125 4867/35/2125
f 4849/35/2089 4848/35/2224 4864/35/2224
f 4846/35/2090 4862/35/2090 4863/35/2090
f 4851/35/2163 4867/35/2163 4868/35/2163
f 4849/35/81 4865/35/81 4866/35/81
f 4848/35/2165 4847/35/82 4863/35/82
f 4845/35/2060 4861/35/2060 4862/35/2060
f 4845/35/2228 4852/35/2030 4868/35/2030
f 4969/541/2229 4967/542/2237 4966/506/2234
f 4969/275/3490 4976/33/3491 4975/25/2192
s 0
f 4972/27/2114 4973/2/50 4981/2/2041
s 1
f 4967/277/2237 4974/34/3475 4973/2/2239
f 4969/275/3490 4977/11/3381 4976/33/3491
f 4966/249/3492 4972/27/2967 4971/6/3493
f 4968/255/3494 4975/25/77 4974/34/2195
f 4965/235/3495 4970/32/3496 4977/11/3497
f 4965/276/3495 4971/6/3488 4970/30/3496
f 4966/249/2234 4967/277/2237 4973/2/2239
f 4984/515/3044 4978/521/3044 4980/513/2760
s 0
f 4970/30/2176 4971/6/50 4979/6/2080
f 4977/11/2076 4970/32/38 4978/32/2075
f 4975/25/2113 4976/33/38 4984/33/55
f 4973/2/2037 4974/34/50 4982/34/2036
f 4971/6/3131 4972/27/50 4980/27/2038
f 4976/33/2194 4977/11/38 4985/11/2232
f 4974/34/2074 4975/25/38 4983/25/2073
s 1
f 4994/35/50 4997/35/50 4999/35/50
f 4993/35/63 5001/35/63 5000/35/63
f 4991/35/2241 4999/35/2241 4998/35/2139
f 4988/35/2118 4989/35/2118 4997/35/2118
f 4987/35/2086 4994/35/2047 4995/35/2086
f 4993/35/71 4986/35/71 4995/35/71
f 4992/35/72 5000/35/2158 4999/35/72
f 4989/35/73 4990/35/73 4998/35/73
f 4988/35/74 4996/35/74 4994/35/74
f 4991/35/2026 5007/35/2026 5008/35/2026
f 4989/35/3448 5005/35/3448 5006/35/2027
f 4987/35/2029 5003/35/2029 5004/35/2029
f 4992/35/79 5008/35/79 5009/35/79
f 4990/35/81 5006/35/81 5007/35/81
f 4988/35/82 5004/35/82 5005/35/82
f 4986/35/2180 5002/35/2180 5003/35/2180
f 4993/35/3498 5009/35/3498 5002/35/2061
f 5108/543/2135 5111/544/2243 5110/545/35
f 5111/278/1999 5118/33/3123 5117/25/3378
s 0
f 5114/27/2114 5115/2/50 5123/2/2041
s 1
f 5110/254/2270 5116/34/3379 5115/2/3499
f 5111/278/1999 5119/11/3381 5118/33/3123
f 5108/279/3127 5114/27/3500 5113/6/3369
f 5110/254/2270 5117/25/3383 5116/34/3379
f 5107/28/3501 5112/32/2784 5119/11/2209
f 5108/279/3127 5113/6/3369 5112/30/2006
f 5109/12/3384 5115/2/3502 5114/27/3503
f 5120/521/2760 5122/513/2729 5124/514/38
s 0
f 5112/30/2044 5113/6/50 5121/6/2043
f 5119/11/54 5112/32/38 5120/32/53
f 5117/25/2113 5118/33/38 5126/33/55
f 5115/2/2037 5116/34/50 5124/34/2036
f 5113/6/3131 5114/27/50 5122/27/2038
f 5118/33/2233 5119/11/38 5127/11/2232
f 5116/34/2008 5117/25/38 5125/25/2007
s 1
f 5136/35/50 5139/35/50 5141/35/50
f 5134/35/63 5135/35/2011 5143/35/2011
f 5133/35/2139 5141/35/2139 5140/35/2139
f 5130/35/66 5131/35/2118 5139/35/2118
f 5129/35/2016 5136/35/2264 5137/35/2086
f 5135/35/70 5128/35/70 5137/35/70
f 5134/35/72 5142/35/72 5141/35/72
f 5132/35/2246 5140/35/2160 5139/35/73
f 5130/35/74 5138/35/74 5136/35/74
f 5134/35/2026 5133/35/2248 5149/35/2248
f 5131/35/77 5147/35/77 5148/35/2027
f 5129/35/2029 5145/35/2029 5146/35/2029
f 5134/35/79 5150/35/79 5151/35/79
f 5133/35/2250 5132/35/81 5148/35/81
f 5130/35/2165 5146/35/2165 5147/35/2165
f 5128/35/2060 5144/35/2060 5145/35/2060
f 5135/35/3504 5151/35/3504 5144/35/3505
f 5253/546/2254 5251/547/2253 5250/548/2260
f 5252/255/2252 5253/281/2254 5260/33/2143
s 0
f 5256/27/2114 5257/2/50 5265/2/2041
s 1
f 5251/280/3506 5258/34/3507 5257/2/3508
f 5253/281/2254 5261/11/3426 5260/33/2143
f 5250/282/2260 5256/27/3509 5255/6/2258
f 5252/255/3510 5259/25/3511 5258/34/2206
f 5253/281/2254 5249/235/2257 5254/32/2255
f 5249/237/2257 5250/282/2260 5255/6/2258
f 5251/280/3506 5257/2/3508 5256/27/3512
f 5262/521/38 5264/513/2760 5266/514/2760
s 0
f 5254/30/60 5255/6/50 5263/6/2216
f 5261/11/54 5254/32/38 5262/32/53
f 5259/25/2113 5260/33/38 5268/33/55
f 5257/2/49 5258/34/50 5266/34/48
f 5255/6/3131 5256/27/50 5264/27/2038
f 5260/33/3385 5261/11/38 5269/11/2232
f 5258/34/2008 5259/25/38 5267/25/2007
s 1
f 5278/35/50 5281/35/50 5283/35/50
f 5277/35/63 5285/35/63 5284/35/63
f 5275/35/2261 5283/35/2241 5282/35/64
f 5273/35/2084 5281/35/2085 5280/35/2084
f 5271/35/2264 5278/35/2048 5279/35/68
f 5277/35/2266 5270/35/3513 5279/35/2019
f 5276/35/72 5284/35/72 5283/35/72
f 5273/35/2161 5274/35/2246 5282/35/2246
f 5272/35/74 5280/35/74 5278/35/2162
f 5275/35/2026 5291/35/2026 5292/35/2026
f 5274/35/2089 5273/35/2027 5289/35/2027
f 5271/35/2029 5287/35/2029 5288/35/2029
f 5276/35/79 5292/35/79 5293/35/79
f 5275/35/81 5274/35/2250 5290/35/81
f 5272/35/2165 5288/35/2165 5289/35/2165
f 5270/35/83 5286/35/83 5287/35/83
f 5277/35/3498 5293/35/3498 5286/35/2061
f 5394/544/2269 5392/239/2271 5391/549/2273
f 5394/278/33 5401/33/3425 5400/25/3481
s 0
f 5397/27/58 5398/2/50 5406/2/57
s 1
f 5393/283/2033 5399/34/3514 5398/2/39
f 5394/278/33 5402/11/3515 5401/33/3425
f 5391/29/3442 5397/27/3427 5396/6/3398
f 5393/283/2033 5400/25/3383 5399/34/3514
f 5390/28/3516 5395/32/2784 5402/11/2209
f 5391/29/3442 5396/6/3398 5395/30/44
f 5392/12/3430 5398/2/2055 5397/27/2274
f 5407/514/2729 5409/515/2729 5403/521/2760
s 0
f 5395/30/60 5396/6/50 5404/6/2216
f 5402/11/54 5395/32/38 5403/32/53
f 5400/25/2113 5401/33/38 5409/33/55
f 5398/2/49 5399/34/50 5407/34/48
f 5396/6/52 5397/27/50 5405/27/51
f 5401/33/2194 5402/11/38 5410/11/2232
f 5399/34/2008 5400/25/38 5408/25/2007
s 1
f 5426/35/50 5419/35/50 5422/35/50
f 5418/35/63 5426/35/63 5425/35/63
f 5416/35/2139 5424/35/2139 5423/35/2139
f 5414/35/66 5422/35/66 5421/35/66
f 5412/35/2120 5419/35/2016 5420/35/2016
f 5418/35/2242 5411/35/70 5420/35/70
f 5417/35/2158 5425/35/2158 5424/35/72
f 5415/35/73 5423/35/73 5422/35/73
f 5413/35/74 5421/35/74 5419/35/74
f 5416/35/2125 5432/35/2125 5433/35/2125
f 5414/35/2027 5430/35/2027 5431/35/2027
f 5412/35/2090 5428/35/2090 5429/35/2090
f 5417/35/2057 5433/35/2057 5434/35/2057
f 5415/35/2058 5431/35/2058 5432/35/2058
f 5413/35/2165 5429/35/2165 5430/35/2165
f 5411/35/3517 5427/35/3517 5428/35/3517
f 5418/35/2061 5434/35/2061 5427/35/2061
f 5535/550/2276 5533/239/2279 5532/551/2285
f 5535/284/2276 5542/33/3123 5541/25/2277
s 0
f 5538/27/2114 5539/2/50 5547/2/2041
s 1
f 5533/12/2279 5534/285/2278 5540/34/2280
f 5535/284/2276 5543/11/3381 5542/33/3123
f 5532/286/3518 5538/27/3397 5537/6/3369
f 5531/28/3429 5536/32/2784 5543/11/2198
f 5532/286/3518 5537/6/3369 5536/30/2006
f 5533/12/3519 5539/2/3520 5538/27/3521
f 5548/514/2760 5550/515/2729 5544/521/3044
s 0
f 5536/30/2044 5537/6/50 5545/6/2043
f 5543/11/2201 5536/32/38 5544/32/2075
f 5541/25/2113 5542/33/38 5550/33/55
f 5539/2/2037 5540/34/50 5548/34/2036
f 5537/6/3131 5538/27/50 5546/27/3376
f 5542/33/2194 5543/11/38 5551/11/2232
f 5540/34/2074 5541/25/38 5549/25/2073
s 1
f 5560/35/50 5563/35/50 5565/35/50
f 5559/35/2011 5567/35/2011 5566/35/2045
f 5557/35/2082 5565/35/2082 5564/35/2287
f 5555/35/2015 5563/35/2015 5562/35/2015
f 5553/35/2047 5560/35/2049 5561/35/2047
f 5552/35/2050 5561/35/2050 5567/35/2288
f 5558/35/2020 5566/35/2021 5565/35/72
f 5556/35/2022 5564/35/2022 5563/35/2052
f 5554/35/2053 5562/35/2053 5560/35/2054
f 5558/35/2289 5557/35/2026 5573/35/2026
f 5555/35/2224 5571/35/2224 5572/35/2224
f 5553/35/2090 5569/35/2090 5570/35/2090
f 5559/35/79 5558/35/2057 5574/35/2057
f 5556/35/81 5572/35/81 5573/35/81
f 5554/35/2092 5570/35/2092 5571/35/2165
f 5552/35/2060 5568/35/2060 5569/35/2060
f 5552/35/2228 5559/35/85 5575/35/85
f 5677/552/2291 5675/239/2032 5674/553/2174
f 5677/24/1999 5684/33/3425 5683/25/2130
s 0
f 5680/27/2114 5681/2/50 5689/2/2041
s 1
f 5676/283/3522 5682/34/3365 5681/2/2002
f 5677/24/1999 5685/11/3476 5684/33/3425
f 5674/29/3442 5680/27/3397 5679/6/3369
f 5676/283/3522 5683/25/3130 5682/34/3365
f 5673/28/2035 5678/32/2105 5685/11/2284
f 5674/29/3442 5679/6/3369 5678/30/3371
f 5675/12/3523 5681/2/2107 5680/27/45
f 5688/513/2760 5690/514/38 5692/515/38
s 0
f 5678/30/2044 5679/6/50 5687/6/2043
f 5685/11/2201 5678/32/38 5686/32/2075
f 5683/25/2138 5684/33/38 5692/33/2077
f 5681/2/3374 5682/34/50 5690/34/3375
f 5679/6/3131 5680/27/50 5688/27/3376
f 5684/33/2063 5685/11/38 5693/11/2062
f 5682/34/3132 5683/25/38 5691/25/3133
s 1
f 5702/35/50 5705/35/50 5707/35/50
f 5700/35/63 5701/35/63 5709/35/63
f 5699/35/2139 5707/35/2082 5706/35/2139
f 5696/35/2118 5697/35/66 5705/35/66
f 5695/35/2264 5702/35/2264 5703/35/68
f 5701/35/71 5694/35/70 5703/35/70
f 5700/35/72 5708/35/2158 5707/35/72
f 5697/35/73 5698/35/2246 5706/35/2246
f 5696/35/74 5704/35/2305 5702/35/74
f 5699/35/3524 5715/35/3524 5716/35/3525
f 5697/35/2027 5713/35/2027 5714/35/2027
f 5695/35/2029 5711/35/2029 5712/35/2029
f 5700/35/3526 5716/35/3526 5717/35/3527
f 5698/35/81 5714/35/81 5715/35/81
f 5696/35/82 5712/35/82 5713/35/82
f 5694/35/83 5710/35/83 5711/35/83
f 5701/35/85 5717/35/85 5710/35/85
f 5818/554/2294 5816/555/2297 5815/549/2299
f 5818/287/3462 5825/33/3123 5824/25/2230
s 0
f 5821/27/2114 5822/2/50 5830/2/2041
s 1
f 5816/288/3528 5823/34/3529 5822/2/3530
f 5818/287/3462 5826/11/3381 5825/33/3123
f 5815/29/3531 5821/27/3128 5820/6/3129
f 5817/38/3532 5824/25/2089 5823/34/3533
f 5814/28/3516 5819/32/2784 5826/11/2134
f 5815/29/3531 5820/6/3129 5819/30/2293
f 5816/288/3528 5822/2/3530 5821/27/2200
f 5827/521/38 5829/513/2729 5831/514/2729
s 0
f 5819/30/2044 5820/6/50 5828/6/2043
f 5826/11/54 5819/32/38 5827/32/53
f 5824/25/2113 5825/33/38 5833/33/55
f 5822/2/2037 5823/34/50 5831/34/2036
f 5820/6/3131 5821/27/50 5829/27/3376
f 5825/33/2233 5826/11/38 5834/11/2232
f 5823/34/2008 5824/25/38 5832/25/2007
s 1
f 5848/35/50 5850/35/50 5843/35/50
f 5841/35/63 5842/35/63 5850/35/63
f 5840/35/64 5848/35/64 5847/35/64
f 5838/35/66 5846/35/66 5845/35/66
f 5836/35/2120 5843/35/2120 5844/35/68
f 5842/35/2019 5835/35/70 5844/35/2019
f 5841/35/72 5849/35/72 5848/35/72
f 5838/35/2161 5839/35/73 5847/35/73
f 5837/35/74 5845/35/74 5843/35/74
f 5840/35/2125 5856/35/2125 5857/35/2125
f 5838/35/3448 5854/35/3448 5855/35/3448
f 5836/35/2029 5852/35/2029 5853/35/2029
f 5841/35/2163 5857/35/2163 5858/35/2163
f 5839/35/81 5855/35/81 5856/35/81
f 5837/35/82 5853/35/82 5854/35/82
f 5835/35/83 5851/35/83 5852/35/83
f 5842/35/85 5858/35/85 5851/35/85
f 5861/123/2307 5872/2/2322 5876/2/2308
f 5863/8/61 5875/8/2320 5877/7/2310
f 5865/9/2316 5862/292/3534 5859/10/2313
f 5869/11/2312 5860/11/2321 5861/123/2307
f 5868/6/209 5867/2/209 5876/2/2308
f 5859/54/2313 5862/292/3534 5873/7/2308
f 5868/5/2319 5878/5/2318 5871/5/2320
f 5860/71/2321 5871/5/2320 5872/2/2322
f 5859/52/2313 5874/4/2318 5875/4/2320
f 5864/7/2306 5877/7/2310 5873/7/2308
f 5875/8/2320 5874/8/2318 5873/7/2308
f 5876/2/2308 5872/2/2322 5871/6/2320
f 5886/121/2323 5888/2/2322 5892/2/2324
f 5880/6/2327 5883/8/2330 5884/7/2328
f 5882/2/2325 5884/7/2339 5881/15/2339
f 5883/8/2330 5891/8/2338 5893/7/2331
f 5879/10/2332 5885/11/2337 5886/121/2333
f 5881/15/2339 5886/121/2323 5882/2/2325
f 5880/6/2327 5882/2/2329 5892/2/2324
f 5879/63/2332 5881/15/2334 5889/7/2324
f 5880/5/2326 5894/5/2335 5887/5/2320
f 5885/3/2337 5887/5/2320 5888/2/2322
f 5879/62/2326 5890/4/2336 5891/4/2338
f 5884/7/2339 5893/7/2331 5889/7/2324
f 5891/8/2338 5890/8/2336 5889/7/2324
f 5892/2/2324 5888/2/2322 5887/6/2320
f 5902/55/2306 5904/2/2331 5908/2/2340
f 5896/6/2343 5899/8/2361 5900/7/2344
f 5898/2/2306 5900/7/2309 5897/130/2309
f 5900/7/2344 5899/8/2361 5907/8/2346
f 5895/10/2347 5901/11/2368 5902/55/2348
f 5897/130/2309 5902/55/2306 5898/2/2306
f 5898/2/2345 5908/2/2340 5910/6/2351
f 5897/130/2349 5905/7/2353 5906/12/2352
f 5896/5/2342 5910/5/2351 5903/5/2346
f 5902/55/2348 5901/103/2368 5903/5/2346
f 5895/135/2341 5906/4/2352 5907/4/2346
f 5900/7/2309 5909/7/2331 5905/7/2353
f 5907/8/2346 5906/8/2352 5905/7/2353
f 5908/2/2340 5904/2/2331 5903/6/2346
f 5918/121/2309 5920/2/2362 5924/2/2354
f 5912/6/2358 5915/8/2361 5916/7/2359
f 5914/2/2309 5916/7/2369 5913/15/2370
f 5915/8/2361 5923/8/2367 5925/7/2362
f 5911/10/2347 5917/11/2368 5918/121/2348
f 5913/15/2370 5918/121/2309 5914/2/2309
f 5912/6/2358 5914/2/2360 5924/2/2354
f 5911/294/2347 5913/15/2363 5921/7/2354
f 5912/5/2357 5926/5/2365 5919/5/2367
f 5917/90/2368 5919/5/2367 5920/2/2362
f 5911/293/2355 5922/4/2366 5923/4/2367
f 5916/7/2369 5925/7/2362 5921/7/2354
f 5923/8/2367 5922/8/2366 5921/7/2354
f 5924/2/2354 5920/2/2362 5919/6/2367
f 2/295/2371 4/290/2302 3/296/2372
f 7/299/2376 6/291/2303 8/297/2374
f 13/303/2380 15/556/2397 14/557/2395
f 8/297/2374 10/300/2377 9/298/2375
f 10/300/2377 12/302/2379 11/301/2378
f 16/558/2396 15/556/2397 17/559/2398
f 16/558/2396 19/560/2399 18/306/2383
f 21/305/2382 23/561/2401 22/562/2400
f 19/560/2399 20/304/2381 18/306/2383
f 24/563/2402 23/561/2401 25/564/2403
f 24/563/2402 27/565/2404 26/309/2386
f 33/566/2406 32/567/2405 34/568/2407
f 27/565/2404 28/307/2384 26/309/2386
f 28/307/2384 30/310/2387 29/308/2385
f 30/310/2387 32/567/2405 31/311/2388
f 35/314/2390 34/568/2407 36/312/2389
f 202/443/61 168/417/61 167/419/61
f 36/312/2389 2/28/2371 1/313/2373
s 0
f 72/315/2519 70/316/50 134/316/2518
f 98/317/2517 96/318/50 160/318/2516
s 1
f 38/319/61 37/413/61 1/320/2373
f 39/322/209 42/330/209 4/326/2302
f 43/327/61 41/325/61 3/321/2372
f 44/329/209 6/335/2303 4/326/2302
f 44/329/209 46/336/209 6/335/2303
f 47/332/61 45/331/61 5/328/2301
f 48/334/209 8/340/2374 6/335/2303
f 49/337/61 47/332/61 7/333/2376
f 50/339/209 52/416/209 10/342/2377
f 51/341/61 9/338/2375 11/343/2378
f 52/416/209 54/346/209 10/342/2377
f 54/346/209 56/351/209 12/347/2379
f 57/348/61 55/345/61 11/343/2378
f 59/352/61 57/348/61 13/349/2380
f 60/354/209 15/359/2397 12/347/2379
f 60/354/209 62/360/209 15/359/2397
f 63/356/61 61/355/61 14/353/2395
f 64/358/209 17/365/2398 15/359/2397
f 64/358/209 66/366/209 17/365/2398
f 67/362/61 65/361/228 16/357/2396
f 68/364/209 19/369/2399 17/365/2398
f 68/364/209 70/316/209 20/368/2381
f 71/370/61 69/367/61 18/363/2383
f 71/370/61 21/371/2382 22/372/2400
f 72/315/214 74/376/214 23/374/2401
f 75/377/61 73/373/61 22/372/2400
f 75/377/61 22/372/2400 24/378/2402
f 76/375/209 78/382/209 25/380/2403
f 79/383/61 77/379/61 24/378/2402
f 79/383/61 24/378/2402 26/384/2386
f 80/381/209 82/388/209 27/386/2404
f 82/388/209 84/393/209 28/389/2384
f 85/390/61 83/387/61 26/384/2386
f 86/392/209 88/399/209 30/395/2387
f 89/396/61 87/394/61 29/391/2385
f 90/398/209 92/404/214 32/401/2405
f 91/400/61 31/397/2388 33/402/2406
f 92/404/214 94/406/209 34/405/2407
f 95/407/61 93/403/228 33/402/2406
f 95/407/61 33/402/2406 35/408/2390
f 98/317/209 36/412/2389 34/405/2407
f 99/410/61 97/409/61 35/408/2390
f 100/411/209 40/324/209 2/323/2371
f 139/377/2408 243/426/2541 242/414/2409
f 101/413/2411 234/441/2586 248/415/2412
s 0
f 46/336/2521 44/329/38 108/329/2520
f 97/409/3535 99/410/38 163/410/3536
f 71/370/2425 73/373/38 137/373/3537
f 45/331/2427 47/332/50 111/332/2426
f 100/411/3538 98/317/50 162/317/3539
f 74/376/3540 72/315/50 136/315/3541
f 48/334/2421 46/336/38 110/336/2420
f 99/410/2435 37/413/38 101/413/2434
f 73/373/2437 75/377/38 139/377/2436
f 47/332/2439 49/337/50 113/337/2438
f 40/324/2429 100/411/50 164/411/3542
f 76/375/2431 74/376/50 138/376/2430
f 50/339/2433 48/334/38 112/334/2432
f 75/377/3543 77/379/38 141/379/2444
f 49/337/2447 51/341/50 115/341/2446
f 78/382/2441 76/375/50 140/375/2440
f 52/416/2443 50/339/38 114/339/2442
f 77/379/2453 79/383/38 143/383/2452
f 51/341/2455 53/344/50 117/344/2454
f 80/381/3544 78/382/50 142/382/2448
f 54/346/2451 52/416/38 116/416/2450
f 79/383/2461 81/385/38 145/385/3545
f 53/344/2463 55/345/50 119/345/2462
f 82/388/3546 80/381/50 144/381/3547
f 56/351/2459 54/346/38 118/346/2458
f 81/385/2443 83/387/38 147/387/2442
f 55/345/2467 57/348/50 121/348/2466
f 84/393/2447 82/388/50 146/388/2446
f 58/350/2465 56/351/38 120/351/2464
f 83/387/2451 85/390/38 149/390/2450
f 57/348/2471 59/352/50 123/352/2470
f 86/392/2455 84/393/50 148/393/2454
f 60/354/2469 58/350/38 122/350/2468
f 85/390/2459 87/394/38 151/394/2458
f 59/352/2475 61/355/50 125/355/2474
f 88/399/2463 86/392/50 150/392/2462
f 62/360/2473 60/354/38 124/354/2472
f 87/394/2465 89/396/38 153/396/2464
f 61/355/2480 63/356/50 127/356/2479
f 90/398/2476 88/399/50 152/399/2466
f 64/358/2478 62/360/38 126/360/2477
f 89/396/3548 91/400/38 155/400/3549
f 63/356/3550 65/361/50 129/361/3551
f 37/413/2492 38/319/50 102/319/3552
f 92/404/2482 90/398/50 154/398/2481
f 66/366/2484 64/358/38 128/358/2483
f 39/322/2486 40/324/38 104/324/2485
f 91/400/2500 93/403/38 157/403/2499
f 65/361/3553 67/362/50 131/362/3554
f 38/319/3555 41/325/50 105/325/2503
f 94/406/2494 92/404/50 156/404/2493
f 68/364/3556 66/366/38 130/366/2495
f 42/330/3557 39/322/38 103/322/2497
f 93/403/3558 95/407/38 159/407/3559
f 67/362/2513 69/367/50 133/367/3560
f 41/325/2515 43/327/50 107/327/2514
f 96/318/2506 94/406/50 158/406/2505
f 70/316/2508 68/364/38 132/364/2507
f 44/329/2509 42/330/38 106/330/2436
f 95/407/2394 97/409/38 161/409/2393
f 69/367/2392 71/370/38 135/370/3561
f 43/327/2415 45/331/50 109/331/2414
s 1
f 168/417/2522 217/458/2625 216/418/2523
f 186/373/2525 259/373/2648 258/420/2526
f 115/341/2542 237/429/2549 236/422/2529
f 140/375/2536 209/424/2535 210/427/2543
f 114/339/2539 203/425/2538 204/428/2545
f 143/383/2547 244/430/2553 243/426/2541
f 119/345/2554 238/433/2561 237/429/2549
f 144/381/2550 210/427/2543 211/431/2555
f 118/346/2551 204/428/2545 205/432/2557
f 147/387/2559 245/434/2565 244/430/2553
f 123/352/2566 239/436/2572 238/433/2561
f 148/393/2562 211/431/2555 212/435/2567
f 151/394/2570 246/438/2577 245/434/2565
f 124/354/2569 205/432/2557 206/437/2574
f 127/356/2578 240/440/2584 239/436/2572
f 152/399/2573 212/435/2567 213/439/2579
f 155/400/2582 247/444/2593 246/438/2577
f 128/358/2581 206/437/2574 207/442/2588
f 104/324/2533 215/423/2532 202/443/2590
f 131/362/2594 241/446/2602 240/440/2584
f 156/404/2587 213/439/2579 214/445/2596
f 159/407/2600 248/415/2412 247/444/2593
f 107/327/2603 235/448/2611 234/441/2586
f 132/364/2598 207/442/2588 208/447/2605
f 135/370/2609 242/414/2409 241/446/2602
f 160/318/2604 214/445/2596 215/423/2532
f 108/329/2607 202/443/2590 203/425/2538
f 111/332/2530 236/422/2529 235/448/2611
f 136/315/2613 208/447/2605 209/424/2535
f 172/461/61 204/428/61 203/425/61
f 167/419/61 170/457/61 202/443/61
f 170/457/61 203/425/61 202/443/61
f 170/457/61 172/461/61 203/425/61
f 204/428/61 176/351/61 205/432/61
f 178/469/61 206/437/61 205/432/61
f 176/351/61 178/469/61 205/432/61
f 180/472/61 207/442/228 206/437/61
f 182/453/61 208/447/61 207/442/228
f 185/455/61 209/424/61 208/447/61
f 187/460/61 210/427/61 209/424/61
f 210/427/61 192/388/61 211/431/61
f 198/404/61 214/445/61 213/439/61
f 214/445/61 201/317/61 215/423/61
f 201/317/61 168/417/61 215/423/61
f 216/418/2523 227/462/2630 223/471/2643
f 169/327/209 234/441/209 235/448/209
f 198/404/2615 231/473/2645 232/451/2616
f 182/453/2618 224/366/2646 225/454/2619
f 167/419/2524 216/418/2523 218/456/2621
f 199/452/2617 232/451/2616 233/317/2623
f 185/455/2620 225/454/2619 226/459/2626
f 201/317/2624 233/317/2623 217/458/2625
f 170/457/2622 218/456/2621 219/334/2628
f 187/460/2627 226/459/2626 227/462/2630
f 172/461/2629 219/334/2628 220/464/2632
f 189/463/2631 227/462/2630 228/381/3562
f 174/465/2633 220/464/2632 221/467/2636
f 189/463/2631 228/381/3562 229/466/2634
f 176/351/2637 221/467/2636 222/468/2639
f 193/449/2638 229/466/2634 230/470/2641
f 178/469/2640 222/468/2639 223/471/2643
f 196/450/2642 230/470/2641 231/473/2645
f 180/472/2644 223/471/2643 224/366/2646
f 239/436/209 177/348/209 238/433/209
f 171/476/209 169/327/209 235/448/209
f 171/476/209 235/448/209 236/422/209
f 181/490/209 239/436/209 240/440/209
f 240/440/209 183/362/209 181/490/209
f 243/426/209 186/373/209 242/414/209
f 190/383/209 243/426/209 244/430/209
f 246/438/209 194/390/209 245/434/209
f 191/479/209 190/383/209 244/430/209
f 246/438/209 197/492/209 195/489/209
f 200/480/209 247/444/209 248/415/209
f 260/483/61 250/497/2677 254/486/2659
f 358/239/3563 340/507/3564 338/239/3080
f 165/474/2670 249/494/2669 266/498/2678
f 188/481/2647 260/483/2653 259/373/2648
f 173/477/2649 252/337/3565 251/482/2650
f 173/477/2649 253/484/2655 252/337/3565
f 190/383/2652 261/485/2657 260/483/2653
f 175/478/2654 254/486/2659 253/484/2655
f 191/479/2656 262/487/2661 261/485/2657
f 179/488/2662 255/491/2665 254/486/2659
f 195/489/2663 263/493/2667 262/487/2661
f 181/490/2664 256/495/2672 255/491/2665
f 197/492/2666 264/496/2674 263/493/2667
f 183/362/2671 257/362/2675 256/495/2672
f 166/475/2668 250/497/2677 249/494/2669
f 200/480/2673 265/407/3566 264/496/2674
f 184/421/2527 258/420/2526 257/362/2675
f 200/480/2673 266/498/2678 265/407/3566
f 171/476/2651 251/482/2650 250/497/2677
f 348/31/2061 347/499/2061 333/6/2679
f 347/499/2163 349/500/2163 335/27/2681
f 349/500/2125 350/12/2125 337/2/2682
f 350/12/2091 351/501/2091 339/34/2683
f 351/501/2089 352/38/2089 341/25/2684
f 352/38/82 353/502/82 343/33/2685
f 355/504/3567 336/506/3568 334/504/3569
f 353/502/2029 354/503/2029 345/11/2686
f 354/503/2060 348/28/2060 331/32/2680
f 334/504/38 347/504/38 348/505/38
f 334/504/38 336/506/38 349/506/38
f 336/506/38 338/239/38 350/239/38
f 340/507/38 351/507/38 350/239/38
f 340/507/38 342/508/38 352/508/38
f 344/509/38 353/509/38 352/508/38
f 346/510/38 354/510/38 353/509/38
f 346/510/38 332/505/38 348/505/38
f 362/510/2706 344/509/3570 361/509/2703
f 360/508/2700 340/507/3571 359/507/2701
f 358/239/2691 336/506/3572 357/506/2689
f 355/504/2694 332/505/3573 356/505/2692
f 356/505/2692 346/510/3574 362/510/2706
f 361/509/2703 342/508/3575 360/508/2700
s 0
f 364/505/2711 370/510/50 380/510/2710
s 1
f 358/239/3563 372/239/3576 359/507/3577
f 355/504/3567 371/504/3578 357/506/3579
f 363/504/2695 371/504/2693 356/505/2692
f 365/506/2697 357/506/2689 371/504/2693
f 366/239/2698 372/239/2690 357/506/2689
f 367/507/2699 359/507/2701 372/239/2690
f 367/507/2699 368/508/2702 360/508/2700
f 368/508/2702 369/509/2705 361/509/2703
f 370/510/2704 362/510/2706 361/509/2703
f 364/505/2696 356/505/2692 362/510/2706
f 377/507/50 385/507/2727 386/508/2707
s 0
f 369/509/2806 368/508/50 378/508/2137
f 367/507/2688 366/239/38 376/239/2687
f 365/506/2709 363/504/38 373/504/2708
f 370/510/2807 369/509/50 379/509/2718
f 368/508/2721 367/507/50 377/507/2720
f 366/239/2715 365/506/38 375/506/2714
f 363/504/2717 364/505/38 374/505/2716
s 1
f 375/506/50 383/506/2728 384/239/2722
f 373/504/50 374/505/50 382/505/2723
f 374/505/50 380/510/50 388/510/2725
f 378/508/50 386/508/2707 387/509/2726
f 377/507/50 376/239/50 384/239/2722
f 375/506/50 373/504/50 381/504/2724
f 380/510/50 379/509/50 387/509/2726
f 398/508/79 394/508/79 395/509/79
f 389/504/50 396/510/50 394/508/50
f 402/239/2060 392/239/2060 393/507/2060
f 406/504/2165 389/504/2165 391/506/2165
f 399/509/2026 395/509/2026 396/510/2026
f 403/507/2061 393/507/2061 394/508/2061
f 407/506/2090 391/506/2090 392/239/2090
f 412/505/2027 390/505/2027 389/504/2027
f 409/510/81 396/510/81 390/505/81
f 388/510/2725 410/510/81 411/505/81
f 409/510/38 412/505/38 428/505/38
f 382/505/2723 411/505/2027 405/504/2027
f 410/510/50 400/509/50 416/509/50
f 383/506/2728 408/506/2090 401/239/2090
f 398/508/2729 399/509/38 415/509/38
f 385/507/2727 404/507/3580 397/508/2730
f 411/505/50 410/510/50 426/510/50
f 387/509/2726 400/509/75 410/510/2026
f 398/508/2729 414/508/2729 419/507/38
f 381/504/2724 405/504/3098 408/506/82
f 397/508/50 413/508/50 416/509/50
f 384/239/2722 401/239/2060 404/507/2731
f 397/508/50 404/507/50 420/507/50
f 386/508/2707 397/508/79 400/509/79
f 402/239/38 403/507/38 419/507/38
f 426/510/2091 425/510/2091 428/505/2091
f 427/505/2027 428/505/2027 422/504/2732
f 424/506/2029 423/506/2029 418/239/2029
f 420/507/2030 419/507/2030 414/508/2030
f 416/509/2125 415/509/2125 425/510/2125
f 421/504/82 422/504/82 423/506/82
f 417/239/2060 418/239/2060 419/507/83
f 413/508/2163 414/508/2163 415/509/2163
f 399/509/38 409/510/38 425/510/38
f 405/504/2733 411/505/50 427/505/50
f 408/506/50 405/504/2733 421/504/2733
f 406/504/38 422/504/38 428/505/38
f 407/506/38 423/506/38 422/504/38
f 401/239/50 408/506/50 424/506/50
f 401/239/50 417/239/50 420/507/50
f 402/239/38 418/239/38 423/506/38
f 335/513/2681 339/514/2683 343/515/2685
f 3337/239/3563 3319/507/3564 3317/239/3080
f 3327/31/2061 3326/499/2228 3312/6/2734
f 3326/499/2163 3328/500/2163 3314/27/2736
f 3328/500/2125 3329/12/2125 3316/2/2737
f 3329/12/2091 3330/501/2091 3318/34/2683
f 3330/501/2089 3331/38/2089 3320/25/2684
f 3331/38/82 3332/502/82 3322/33/2685
f 3334/504/2745 3315/506/3581 3313/504/3582
f 3332/502/2029 3333/503/2029 3324/11/2686
f 3324/11/2686 3333/503/2060 3327/28/2060
f 3313/504/38 3326/504/38 3327/505/38
f 3313/504/38 3315/506/38 3328/506/38
f 3315/506/38 3317/239/38 3329/239/38
f 3317/239/38 3319/507/38 3330/507/38
f 3319/507/38 3321/508/38 3331/508/38
f 3321/508/38 3323/509/38 3332/509/38
f 3325/510/38 3333/510/38 3332/509/38
f 3325/510/38 3311/505/38 3327/505/38
f 3340/509/3583 3325/510/3584 3323/509/3585
f 3339/508/2738 3319/507/3586 3338/507/2751
f 3337/239/2743 3315/506/3587 3336/506/2741
f 3334/504/2745 3311/505/3588 3335/505/2746
f 3335/505/2746 3325/510/3589 3341/510/2754
f 3340/509/2740 3321/508/3590 3339/508/2738
s 0
f 3343/505/2711 3349/510/50 3359/510/2710
s 1
f 3338/507/2751 3337/239/3563 3350/239/2742
f 3340/509/3583 3351/509/3591 3341/510/3592
f 3343/505/2744 3342/504/2747 3334/504/2745
f 3342/504/2747 3344/506/2749 3336/506/2741
f 3345/239/2748 3350/239/2742 3336/506/2741
f 3346/507/2750 3338/507/2751 3350/239/2742
f 3346/507/2750 3347/508/2752 3339/508/2738
f 3347/508/2752 3348/509/50 3351/509/2739
f 3349/510/2753 3341/510/2754 3351/509/2739
f 3343/505/2744 3335/505/2746 3341/510/2754
f 3356/507/50 3364/507/2757 3365/508/2755
s 0
f 3348/509/2806 3347/508/50 3357/508/2137
f 3346/507/2688 3345/239/38 3355/239/2687
f 3344/506/2709 3342/504/38 3352/504/2708
f 3349/510/2807 3348/509/50 3358/509/2718
f 3347/508/2721 3346/507/50 3356/507/2720
f 3345/239/2715 3344/506/38 3354/506/2714
f 3342/504/2717 3343/505/38 3353/505/2716
s 1
f 3354/506/50 3362/506/2728 3363/239/2722
f 3352/504/50 3353/505/50 3361/505/2723
f 3353/505/50 3359/510/50 3367/510/2725
f 3357/508/50 3365/508/2755 3366/509/2726
f 3356/507/50 3355/239/50 3363/239/2722
f 3354/506/50 3352/504/50 3360/504/2756
f 3359/510/50 3358/509/50 3366/509/2726
f 3377/508/79 3373/508/79 3374/509/79
f 3368/504/50 3375/510/50 3373/508/50
f 3381/239/2060 3371/239/2060 3372/507/2060
f 3385/504/2165 3368/504/2165 3370/506/2165
f 3378/509/2026 3374/509/2026 3375/510/75
f 3382/507/2061 3372/507/2061 3373/508/2061
f 3386/506/2090 3370/506/2090 3371/239/2090
f 3391/505/2732 3369/505/2732 3368/504/2027
f 3388/510/81 3375/510/81 3369/505/81
f 3361/505/2723 3367/510/2725 3389/510/81
f 3391/505/38 3407/505/38 3404/510/38
f 3361/505/2723 3390/505/2027 3384/504/2027
f 3389/510/2758 3379/509/50 3395/509/50
f 3362/506/2728 3387/506/2090 3380/239/2090
f 3377/508/2760 3378/509/38 3394/509/38
f 3364/507/2757 3383/507/2808 3376/508/85
f 3390/505/50 3389/510/2758 3405/510/2759
f 3366/509/2726 3379/509/2026 3389/510/2026
f 3382/507/38 3377/508/2760 3393/508/38
f 3360/504/2756 3384/504/2165 3387/506/2165
f 3376/508/2761 3392/508/2763 3395/509/50
f 3363/239/2722 3380/239/2060 3383/507/2731
f 3376/508/2761 3383/507/2762 3399/507/2762
f 3365/508/2755 3376/508/79 3379/509/79
f 3381/239/38 3382/507/38 3398/507/38
f 3405/510/2091 3404/510/2091 3407/505/2091
f 3406/505/2089 3407/505/2089 3401/504/2732
f 3403/506/78 3402/506/78 3397/239/2029
f 3392/508/2030 3399/507/2030 3398/507/2030
f 3405/510/2125 3395/509/2125 3394/509/2125
f 3400/504/82 3401/504/82 3402/506/82
f 3396/239/2060 3397/239/2060 3398/507/83
f 3392/508/2163 3393/508/79 3394/509/2163
f 3388/510/38 3404/510/38 3394/509/38
f 3384/504/50 3390/505/50 3406/505/50
f 3387/506/50 3384/504/50 3400/504/50
f 3385/504/38 3401/504/38 3407/505/38
f 3386/506/38 3402/506/38 3401/504/38
f 3380/239/50 3387/506/50 3403/506/50
f 3380/239/50 3396/239/50 3399/507/2762
f 3381/239/38 3397/239/38 3402/506/38
f 3314/513/2736 3318/514/2683 3322/515/2685
f 3480/239/2778 3462/507/3593 3460/239/3594
f 3470/31/2061 3469/499/2061 3455/6/2764
f 3469/499/79 3471/500/79 3457/27/2736
f 3471/500/2026 3472/12/2026 3459/2/2765
f 3472/12/2091 3473/501/2091 3461/34/2766
f 3473/501/2089 3474/38/2089 3463/25/2684
f 3474/38/82 3475/502/82 3465/33/2685
f 3479/506/2774 3456/504/3595 3477/504/2771
f 3475/502/2029 3476/503/2029 3467/11/2686
f 3476/503/2060 3470/28/2060 3453/32/2735
f 3456/504/38 3469/504/38 3470/505/38
f 3456/504/38 3458/506/38 3471/506/38
f 3460/239/38 3472/239/38 3471/506/38
f 3462/507/38 3473/507/38 3472/239/38
f 3462/507/38 3464/508/38 3474/508/38
f 3466/509/38 3475/509/38 3474/508/38
f 3468/510/38 3476/510/38 3475/509/38
f 3468/510/38 3454/505/38 3470/505/38
f 3483/509/3596 3468/510/3584 3466/509/3585
f 3481/507/2780 3464/508/3597 3462/507/3598
f 3480/239/2778 3458/506/3599 3479/506/2774
f 3477/504/2771 3454/505/3600 3478/505/2772
f 3478/505/2772 3468/510/3589 3484/510/2782
f 3483/509/2769 3464/508/3601 3482/508/2767
s 0
f 3486/505/2711 3492/510/50 3501/510/2710
s 1
f 3483/509/3596 3493/509/3602 3484/510/3592
f 3486/505/2770 3485/504/2773 3477/504/2771
f 3485/504/2773 3487/506/2776 3479/506/2774
f 3488/239/2775 3480/239/2778 3479/506/2774
f 3489/507/2777 3481/507/2780 3480/239/2778
f 3490/508/2779 3482/508/2767 3481/507/2780
f 3490/508/2779 3491/509/50 3493/509/2768
f 3492/510/2781 3484/510/2782 3493/509/2768
f 3486/505/2770 3478/505/2772 3484/510/2782
f 3498/507/50 3506/507/2757 3507/508/2707
s 0
f 3491/509/2713 3490/508/50 3499/508/2712
f 3489/507/2688 3488/239/38 3497/239/2687
f 3487/506/2709 3485/504/38 3494/504/2708
f 3492/510/2719 3491/509/50 3500/509/2718
f 3490/508/2721 3489/507/50 3498/507/2720
f 3488/239/2715 3487/506/38 3496/506/2714
f 3485/504/2717 3486/505/38 3495/505/2716
s 1
f 3496/506/50 3504/506/2783 3505/239/2722
f 3494/504/50 3495/505/2762 3503/505/2723
f 3501/510/50 3509/510/2725 3503/505/2723
f 3499/508/2762 3507/508/2707 3508/509/2726
f 3498/507/50 3497/239/50 3505/239/2722
f 3496/506/50 3494/504/50 3502/504/2756
f 3501/510/50 3500/509/50 3508/509/2726
f 3519/508/2163 3515/508/2163 3516/509/2163
f 3510/504/50 3517/510/50 3515/508/50
f 3523/239/2060 3513/239/2060 3514/507/2060
f 3527/504/82 3510/504/82 3512/506/82
f 3520/509/2125 3516/509/75 3517/510/2125
f 3519/508/2061 3524/507/2061 3514/507/2061
f 3528/506/2029 3512/506/2029 3513/239/2029
f 3533/505/2732 3511/505/2732 3510/504/2027
f 3530/510/81 3517/510/81 3511/505/81
f 3503/505/2723 3509/510/2725 3531/510/81
f 3530/510/38 3533/505/2760 3549/505/38
f 3503/505/2723 3532/505/2027 3526/504/2027
f 3521/509/50 3537/509/50 3547/510/50
f 3504/506/2783 3529/506/78 3522/239/2029
f 3519/508/2760 3520/509/38 3536/509/38
f 3506/507/2757 3525/507/2808 3518/508/2730
f 3531/510/50 3547/510/50 3548/505/2762
f 3508/509/2726 3521/509/2125 3531/510/2125
f 3519/508/2760 3535/508/2760 3540/507/38
f 3502/504/2756 3526/504/82 3529/506/82
f 3518/508/50 3534/508/50 3537/509/50
f 3505/239/2722 3522/239/2060 3525/507/2731
f 3518/508/50 3525/507/2733 3541/507/2733
f 3507/508/2707 3518/508/2163 3521/509/2163
f 3523/239/38 3524/507/2729 3540/507/38
f 3547/510/2091 3546/510/2091 3549/505/2091
f 3548/505/2732 3549/505/2027 3543/504/2089
f 3545/506/2090 3544/506/2090 3539/239/2090
f 3541/507/2129 3540/507/2061 3535/508/2030
f 3537/509/2125 3536/509/2125 3546/510/2125
f 3542/504/2165 3543/504/2165 3544/506/2165
f 3538/239/2784 3539/239/83 3540/507/83
f 3534/508/2163 3535/508/2163 3536/509/2163
f 3520/509/38 3530/510/38 3546/510/38
f 3526/504/50 3532/505/2762 3548/505/2762
f 3529/506/50 3526/504/50 3542/504/50
f 3527/504/2729 3543/504/2729 3549/505/38
f 3528/506/38 3544/506/38 3543/504/2729
f 3522/239/50 3529/506/50 3545/506/50
f 3522/239/50 3538/239/50 3541/507/2733
f 3523/239/38 3539/239/38 3544/506/38
f 3457/513/2736 3461/514/2766 3465/515/2685
f 3623/507/2799 3602/239/3603 3622/239/2797
f 3612/31/2061 3611/499/2061 3597/6/2764
f 3611/499/79 3613/500/79 3599/27/2786
f 3613/500/2026 3614/12/2026 3601/2/2682
f 3614/12/2091 3615/501/2091 3603/34/2766
f 3615/501/2089 3616/38/2089 3605/25/2684
f 3616/38/2165 3617/502/2165 3607/33/2685
f 3619/504/3604 3600/506/3605 3598/504/3569
f 3617/502/2090 3618/503/2090 3609/11/2787
f 3618/503/2060 3612/28/2060 3595/32/2785
f 3598/504/38 3611/504/38 3612/505/38
f 3598/504/38 3600/506/38 3613/506/38
f 3602/239/38 3614/239/38 3613/506/38
f 3604/507/38 3615/507/38 3614/239/38
f 3606/508/38 3616/508/38 3615/507/38
f 3608/509/38 3617/509/38 3616/508/38
f 3608/509/38 3610/510/38 3618/510/38
f 3610/510/38 3596/505/38 3612/505/38
f 3626/510/2803 3608/509/3606 3625/509/2801
f 3624/508/2798 3604/507/3607 3623/507/2799
f 3621/506/2795 3602/239/3608 3600/506/3609
f 3619/504/2790 3596/505/3610 3620/505/2788
f 3626/510/2803 3596/505/3611 3610/510/3612
f 3625/509/2801 3606/508/3613 3624/508/2798
s 0
f 3628/505/2711 3634/510/50 3643/510/2710
s 1
f 3619/504/3604 3635/504/3614 3621/506/3615
f 3627/504/2791 3635/504/2789 3620/505/2788
f 3629/506/2793 3621/506/2795 3635/504/2789
f 3630/239/2794 3622/239/2797 3621/506/2795
f 3631/507/2796 3623/507/2799 3622/239/2797
f 3631/507/2796 3632/508/2800 3624/508/2798
f 3632/508/2800 3633/509/2802 3625/509/2801
f 3633/509/2802 3634/510/2804 3626/510/2803
f 3634/510/2804 3628/505/2792 3620/505/2788
f 3641/508/50 3640/507/50 3648/507/2805
s 0
f 3633/509/2713 3632/508/50 3641/508/2712
f 3631/507/2688 3630/239/38 3639/239/2687
f 3629/506/2709 3627/504/38 3636/504/2708
f 3634/510/2719 3633/509/50 3642/509/2718
f 3632/508/2721 3631/507/50 3640/507/2720
f 3630/239/2715 3629/506/38 3638/506/2714
f 3627/504/2717 3628/505/38 3637/505/2716
s 1
f 3639/239/2733 3638/506/50 3646/506/2728
f 3637/505/50 3645/505/2723 3644/504/2756
f 3637/505/50 3643/510/2762 3651/510/2725
f 3642/509/50 3641/508/50 3649/508/2707
f 3640/507/50 3639/239/2733 3647/239/2722
f 3636/504/2733 3644/504/2756 3646/506/2728
f 3643/510/2762 3642/509/50 3650/509/2726
f 3661/508/2163 3657/508/2163 3658/509/2163
f 3657/508/50 3655/239/50 3652/504/50
f 3665/239/2060 3655/239/2060 3656/507/2060
f 3669/504/82 3652/504/82 3654/506/82
f 3662/509/2125 3658/509/2125 3659/510/75
f 3666/507/2061 3656/507/2061 3657/508/2061
f 3670/506/2090 3654/506/2090 3655/239/2029
f 3675/505/2732 3653/505/2732 3652/504/2732
f 3672/510/81 3659/510/81 3653/505/81
f 3651/510/2725 3673/510/81 3674/505/81
f 3672/510/2760 3675/505/38 3691/505/38
f 3645/505/2723 3674/505/2732 3668/504/2027
f 3663/509/50 3679/509/50 3689/510/50
f 3646/506/2728 3671/506/2029 3664/239/78
f 3661/508/38 3662/509/38 3678/509/38
f 3648/507/2805 3667/507/2730 3660/508/2808
f 3673/510/50 3689/510/50 3690/505/50
f 3650/509/2726 3663/509/2125 3673/510/2125
f 3661/508/38 3677/508/38 3682/507/38
f 3644/504/2756 3668/504/82 3671/506/82
f 3660/508/50 3676/508/50 3679/509/50
f 3647/239/2722 3664/239/2060 3667/507/2731
f 3660/508/50 3667/507/2733 3683/507/2733
f 3649/508/2707 3660/508/2163 3663/509/2163
f 3666/507/38 3682/507/38 3681/239/38
f 3689/510/2091 3688/510/2091 3691/505/2091
f 3690/505/2089 3691/505/2089 3685/504/2732
f 3680/239/2090 3687/506/3616 3686/506/2809
f 3683/507/2030 3682/507/2030 3677/508/85
f 3679/509/2026 3678/509/2026 3688/510/2107
f 3684/504/2165 3685/504/2165 3686/506/82
f 3680/239/83 3681/239/83 3682/507/83
f 3676/508/79 3677/508/79 3678/509/79
f 3662/509/38 3672/510/2760 3688/510/2760
f 3674/505/50 3690/505/50 3684/504/50
f 3668/504/50 3684/504/50 3687/506/50
f 3675/505/38 3669/504/38 3685/504/38
f 3669/504/38 3670/506/38 3686/506/38
f 3664/239/50 3671/506/50 3687/506/50
f 3667/507/2733 3664/239/50 3680/239/50
f 3665/239/38 3681/239/38 3686/506/38
f 3764/507/2824 3743/239/3617 3763/239/2822
f 3595/521/2785 3599/513/2786 3603/514/2766
f 3753/31/2030 3752/499/2030 3738/6/2679
f 3752/499/79 3754/500/79 3740/27/2681
f 3754/500/75 3755/12/2026 3742/2/2811
f 3755/12/2091 3756/501/2091 3744/34/2766
f 3756/501/2089 3757/38/3618 3746/25/2812
f 3757/38/2144 3758/502/2144 3748/33/2813
f 3760/504/2818 3741/506/3619 3739/504/3620
f 3758/502/2090 3759/503/2090 3750/11/2686
f 3759/503/83 3753/28/2784 3736/32/2785
f 3737/505/38 3739/504/38 3752/504/38
f 3741/506/38 3754/506/38 3752/504/38
f 3741/506/38 3743/239/38 3755/239/38
f 3745/507/38 3756/507/38 3755/239/38
f 3745/507/38 3747/508/38 3757/508/38
f 3749/509/38 3758/509/38 3757/508/38
f 3749/509/38 3751/510/38 3759/510/38
f 3737/505/38 3753/505/38 3759/510/38
f 3767/510/2828 3749/509/3606 3766/509/2826
f 3764/507/2824 3747/508/3621 3745/507/3622
f 3762/506/2820 3743/239/3623 3741/506/3624
f 3761/505/2815 3739/504/3625 3737/505/3626
f 3767/510/2828 3737/505/3627 3751/510/3612
f 3766/509/2826 3747/508/3628 3765/508/2823
s 0
f 3769/505/2711 3775/510/50 3783/510/2710
s 1
f 3768/504/2814 3760/504/2818 3761/505/2815
f 3770/506/2817 3762/506/2820 3760/504/2818
f 3771/239/2819 3763/239/2822 3762/506/2820
f 3772/507/2821 3764/507/2824 3763/239/2822
f 3772/507/2821 3773/508/2825 3765/508/2823
f 3773/508/2825 3774/509/2827 3766/509/2826
f 3774/509/2827 3775/510/2829 3767/510/2828
f 3775/510/2829 3769/505/2816 3761/505/2815
f 3781/508/2733 3780/507/50 3788/507/2757
s 0
f 3774/509/2713 3773/508/50 3781/508/2712
f 3772/507/2688 3771/239/38 3779/239/2687
f 3770/506/2709 3768/504/38 3776/504/2708
f 3775/510/2719 3774/509/50 3782/509/2718
f 3773/508/2721 3772/507/50 3780/507/2720
f 3771/239/2715 3770/506/38 3778/506/2714
f 3768/504/2717 3769/505/38 3777/505/2716
s 1
f 3779/239/50 3778/506/50 3786/506/2728
f 3777/505/2762 3785/505/2723 3784/504/2756
f 3777/505/2762 3783/510/50 3791/510/2725
f 3781/508/2733 3789/508/2830 3790/509/2726
f 3780/507/50 3779/239/50 3787/239/2722
f 3776/504/50 3784/504/2756 3786/506/2728
f 3783/510/50 3782/509/50 3790/509/2726
f 3801/508/2163 3797/508/2163 3798/509/2163
f 3792/504/50 3799/510/50 3797/508/50
f 3806/507/2060 3805/239/2060 3795/239/2060
f 3809/504/82 3792/504/82 3794/506/82
f 3802/509/2125 3798/509/2125 3799/510/2125
f 3806/507/85 3796/507/2061 3797/508/85
f 3810/506/2029 3794/506/2029 3795/239/2029
f 3815/505/2089 3793/505/2089 3792/504/2089
f 3812/510/2091 3799/510/2091 3793/505/2091
f 3791/510/2725 3813/510/2091 3814/505/2091
f 3812/510/38 3815/505/38 3831/505/38
f 3785/505/2723 3814/505/2089 3808/504/2089
f 3803/509/50 3819/509/50 3829/510/2733
f 3786/506/2728 3811/506/78 3804/239/2029
f 3801/508/38 3802/509/38 3818/509/38
f 3788/507/2757 3807/507/2061 3800/508/85
f 3813/510/2733 3829/510/2733 3830/505/50
f 3790/509/2726 3803/509/2125 3813/510/2125
f 3806/507/2729 3801/508/38 3817/508/38
f 3784/504/2756 3808/504/82 3811/506/82
f 3800/508/50 3816/508/50 3819/509/50
f 3787/239/2722 3804/239/2060 3807/507/2060
f 3807/507/50 3823/507/2762 3816/508/50
f 3789/508/2830 3800/508/2163 3803/509/2163
f 3806/507/2729 3822/507/2729 3821/239/38
f 3829/510/81 3828/510/81 3831/505/2058
f 3830/505/2027 3831/505/2027 3825/504/2732
f 3827/506/2029 3826/506/2029 3821/239/2029
f 3823/507/2030 3822/507/2030 3817/508/85
f 3819/509/2026 3818/509/2026 3828/510/2026
f 3827/506/82 3824/504/82 3825/504/82
f 3823/507/83 3820/239/83 3821/239/83
f 3816/508/79 3817/508/79 3818/509/2163
f 3802/509/38 3812/510/38 3828/510/38
f 3808/504/2762 3814/505/50 3830/505/50
f 3811/506/50 3808/504/2762 3824/504/2762
f 3809/504/38 3825/504/38 3831/505/38
f 3810/506/38 3826/506/38 3825/504/38
f 3804/239/2733 3811/506/50 3827/506/50
f 3807/507/50 3804/239/2733 3820/239/50
f 3805/239/38 3821/239/38 3826/506/38
f 3748/515/2813 3736/521/2785 3740/513/2681
f 3894/31/2061 3893/499/2228 3879/6/2679
f 3893/499/79 3895/500/79 3881/27/2786
f 3895/500/2026 3896/12/2026 3883/2/2765
f 3896/12/2091 3897/501/2091 3885/34/2766
f 3897/501/2089 3898/38/2089 3887/25/2812
f 3898/38/2165 3899/502/2165 3889/33/2685
f 3901/504/3604 3882/506/3605 3880/504/3629
f 3899/502/2090 3900/503/2090 3891/11/2686
f 3900/503/2060 3894/28/2060 3877/32/2837
f 3880/504/38 3893/504/38 3894/505/38
f 3880/504/38 3882/506/38 3895/506/38
f 3882/506/38 3884/239/38 3896/239/38
f 3886/507/38 3897/507/38 3896/239/38
f 3886/507/38 3888/508/38 3898/508/38
f 3890/509/38 3899/509/38 3898/508/38
f 3890/509/38 3892/510/38 3900/510/38
f 3892/510/38 3878/505/38 3894/505/38
f 3908/510/2850 3890/509/3630 3907/509/2851
f 3905/507/2847 3888/508/3631 3886/507/3598
f 3903/506/2844 3884/239/3632 3882/506/3633
f 3901/504/2840 3878/505/3634 3902/505/2838
f 3902/505/2838 3892/510/3635 3908/510/2850
f 3907/509/2851 3888/508/3636 3906/508/2849
s 0
f 3910/505/2711 3916/510/50 3925/510/2710
s 1
f 3901/504/3604 3917/504/3614 3903/506/3637
f 3910/505/2841 3909/504/50 3917/504/2839
f 3911/506/2842 3903/506/2844 3917/504/2839
f 3912/239/2843 3904/239/2834 3903/506/2844
f 3913/507/2845 3905/507/2847 3904/239/2834
f 3914/508/2846 3906/508/2849 3905/507/2847
f 3915/509/2848 3907/509/2851 3906/508/2849
f 3915/509/2848 3916/510/2829 3908/510/2850
f 3916/510/2829 3910/505/2841 3902/505/2838
f 3923/508/2762 3922/507/50 3930/507/2757
s 0
f 3915/509/2713 3914/508/50 3923/508/2712
f 3913/507/2688 3912/239/38 3921/239/2687
f 3911/506/2709 3909/504/38 3918/504/2708
f 3916/510/2719 3915/509/50 3924/509/2718
f 3914/508/2721 3913/507/50 3922/507/2720
f 3912/239/2715 3911/506/38 3920/506/2714
f 3909/504/2717 3910/505/38 3919/505/2716
s 1
f 3920/506/50 3928/506/2728 3929/239/2853
f 3919/505/50 3927/505/2723 3926/504/2756
f 3919/505/50 3925/510/50 3933/510/2725
f 3924/509/50 3923/508/2762 3931/508/2755
f 3922/507/50 3921/239/50 3929/239/2853
f 3918/504/50 3926/504/2756 3928/506/2728
f 3925/510/50 3924/509/50 3932/509/2726
f 3943/508/2163 3939/508/2163 3940/509/2163
f 3939/508/50 3937/239/50 3934/504/50
f 3947/239/83 3937/239/83 3938/507/83
f 3951/504/82 3934/504/82 3936/506/82
f 3944/509/2125 3940/509/2125 3941/510/2125
f 3948/507/2030 3938/507/85 3939/508/2030
f 3952/506/78 3936/506/78 3937/239/2029
f 3957/505/2027 3935/505/2027 3934/504/2732
f 3954/510/81 3941/510/81 3935/505/81
f 3933/510/2725 3955/510/81 3956/505/81
f 3954/510/2729 3957/505/2760 3973/505/2760
f 3927/505/2723 3956/505/2027 3950/504/2027
f 3945/509/50 3961/509/50 3971/510/50
f 3928/506/2728 3953/506/2029 3946/239/2029
f 3944/509/38 3960/509/38 3959/508/38
f 3930/507/2757 3949/507/2030 3942/508/2030
f 3955/510/50 3971/510/50 3972/505/50
f 3932/509/2726 3945/509/2125 3955/510/2125
f 3943/508/38 3959/508/38 3964/507/38
f 3926/504/2756 3950/504/82 3953/506/82
f 3945/509/50 3942/508/50 3958/508/50
f 3929/239/2853 3946/239/83 3949/507/83
f 3942/508/50 3949/507/50 3965/507/50
f 3931/508/2755 3942/508/2163 3945/509/2163
f 3948/507/38 3964/507/38 3963/239/38
f 3971/510/2091 3970/510/2091 3973/505/2091
f 3972/505/2089 3973/505/2089 3967/504/2027
f 3969/506/2029 3968/506/2029 3963/239/2090
f 3965/507/2030 3964/507/2030 3959/508/2061
f 3961/509/2125 3960/509/2125 3970/510/2125
f 3966/504/82 3967/504/82 3968/506/2165
f 3962/239/83 3963/239/83 3964/507/83
f 3958/508/79 3959/508/79 3960/509/2163
f 3944/509/38 3954/510/2729 3970/510/2729
f 3956/505/50 3972/505/50 3966/504/50
f 3950/504/50 3966/504/50 3969/506/50
f 3957/505/2760 3951/504/38 3967/504/38
f 3951/504/38 3952/506/38 3968/506/38
f 3946/239/50 3953/506/50 3969/506/50
f 3949/507/50 3946/239/50 3962/239/50
f 3947/239/38 3963/239/38 3968/506/38
f 3885/514/2766 3889/515/2685 3877/521/2837
f 4036/31/2061 4035/499/2061 4021/6/2679
f 4035/499/79 4037/500/79 4023/27/2681
f 4037/500/2026 4038/12/2026 4025/2/2682
f 4038/12/2091 4039/501/2091 4027/34/2766
f 4039/501/2089 4040/38/2089 4029/25/2684
f 4040/38/82 4041/502/82 4031/33/2813
f 4045/506/2858 4022/504/3638 4043/504/2865
f 4041/502/2029 4042/503/2029 4033/11/2686
f 4042/503/2060 4036/28/2060 4019/32/2857
f 4022/504/38 4035/504/38 4036/505/38
f 4022/504/38 4024/506/38 4037/506/38
f 4024/506/38 4026/239/38 4038/239/38
f 4026/239/38 4028/507/38 4039/507/38
f 4030/508/38 4040/508/38 4039/507/38
f 4032/509/38 4041/509/38 4040/508/38
f 4034/510/38 4042/510/38 4041/509/38
f 4034/510/38 4020/505/38 4036/505/38
f 4034/510/3639 4049/509/2872 4050/510/2873
f 4030/508/3640 4047/507/2868 4048/508/2870
f 4046/239/2860 4024/506/3641 4045/506/2858
f 4043/504/2865 4020/505/3642 4044/505/2862
f 4044/505/2862 4034/510/3635 4050/510/2873
f 4049/509/2872 4030/508/3643 4048/508/2870
s 0
f 4052/505/2711 4058/510/50 4067/510/2710
s 1
f 4047/507/2868 4046/239/2854 4059/239/2859
f 4051/504/2861 4043/504/2865 4044/505/2862
f 4053/506/2864 4045/506/2858 4043/504/2865
f 4053/506/2864 4054/239/50 4059/239/2859
f 4055/507/2866 4047/507/2868 4059/239/2859
f 4056/508/2867 4048/508/2870 4047/507/2868
f 4057/509/2869 4049/509/2872 4048/508/2870
f 4058/510/2871 4050/510/2873 4049/509/2872
f 4052/505/2863 4044/505/2862 4050/510/2873
f 4064/507/50 4072/507/2757 4073/508/2755
s 0
f 4057/509/2713 4056/508/50 4065/508/2712
f 4055/507/2688 4054/239/38 4063/239/2687
f 4053/506/2709 4051/504/38 4060/504/2708
f 4058/510/2719 4057/509/50 4066/509/2718
f 4056/508/2721 4055/507/50 4064/507/2720
f 4054/239/2715 4053/506/38 4062/506/2714
f 4051/504/2717 4052/505/38 4061/505/2716
s 1
f 4062/506/50 4070/506/2728 4071/239/2874
f 4060/504/50 4061/505/2762 4069/505/2875
f 4061/505/2762 4067/510/50 4075/510/2725
f 4065/508/50 4073/508/2755 4074/509/2726
f 4063/239/50 4071/239/2874 4072/507/2757
f 4062/506/50 4060/504/50 4068/504/2756
f 4067/510/50 4066/509/50 4074/509/2726
f 4085/508/2163 4081/508/2163 4082/509/2163
f 4076/504/50 4083/510/50 4081/508/50
f 4089/239/83 4079/239/83 4080/507/83
f 4094/506/82 4093/504/2165 4076/504/82
f 4086/509/2125 4082/509/75 4083/510/2125
f 4090/507/2030 4080/507/2030 4081/508/2030
f 4094/506/2029 4078/506/2029 4079/239/78
f 4093/504/2732 4099/505/2027 4077/505/2027
f 4096/510/81 4083/510/81 4077/505/81
f 4075/510/2725 4097/510/81 4098/505/81
f 4096/510/38 4099/505/38 4115/505/38
f 4069/505/2875 4098/505/2027 4092/504/2732
f 4097/510/50 4087/509/50 4103/509/50
f 4070/506/2728 4095/506/2029 4088/239/2029
f 4086/509/38 4102/509/38 4101/508/2760
f 4072/507/2757 4091/507/2030 4084/508/2030
f 4097/510/50 4113/510/50 4114/505/50
f 4074/509/2726 4087/509/2125 4097/510/2125
f 4085/508/38 4101/508/2760 4106/507/38
f 4068/504/2756 4092/504/82 4095/506/82
f 4087/509/50 4084/508/50 4100/508/50
f 4071/239/2874 4088/239/83 4091/507/83
f 4084/508/50 4091/507/50 4107/507/50
f 4073/508/2755 4084/508/2163 4087/509/2163
f 4089/239/38 4090/507/2729 4106/507/38
f 4113/510/2091 4112/510/2091 4115/505/81
f 4114/505/2089 4115/505/2089 4109/504/2089
f 4111/506/2090 4110/506/2090 4105/239/2090
f 4107/507/2030 4106/507/2030 4101/508/2030
f 4103/509/2125 4102/509/2125 4112/510/2289
f 4108/504/82 4109/504/82 4110/506/2165
f 4104/239/83 4105/239/83 4106/507/2060
f 4100/508/79 4101/508/3644 4102/509/2163
f 4086/509/38 4096/510/38 4112/510/38
f 4092/504/2762 4098/505/2733 4114/505/50
f 4092/504/2762 4108/504/2762 4111/506/50
f 4093/504/38 4109/504/38 4115/505/38
f 4093/504/38 4094/506/38 4110/506/38
f 4095/506/50 4111/506/50 4104/239/50
f 4088/239/50 4104/239/50 4107/507/50
f 4094/506/38 4089/239/38 4105/239/38
f 4023/513/2681 4027/514/2766 4031/515/2813
f 4188/239/2890 4170/507/3645 4168/239/3646
f 4178/31/2061 4177/499/2061 4163/6/2764
f 4177/499/79 4179/500/79 4165/27/2681
f 4179/500/2026 4180/12/2026 4167/2/2765
f 4180/12/2091 4181/501/2091 4169/34/2683
f 4181/501/2089 4182/38/3647 4171/25/2812
f 4182/38/82 4183/502/82 4173/33/2685
f 4187/506/2879 4164/504/3648 4185/504/2877
f 4183/502/2029 4184/503/2029 4175/11/2686
f 4184/503/2060 4178/28/2060 4161/32/2857
f 4164/504/38 4177/504/38 4178/505/38
f 4164/504/38 4166/506/38 4179/506/38
f 4166/506/38 4168/239/38 4180/239/38
f 4170/507/38 4181/507/38 4180/239/38
f 4172/508/38 4182/508/38 4181/507/38
f 4174/509/38 4183/509/38 4182/508/38
f 4176/510/38 4184/510/38 4183/509/38
f 4176/510/38 4162/505/38 4178/505/38
f 4192/510/3649 4203/510/3650 4186/505/3651
f 4192/510/2882 4174/509/3652 4191/509/2880
f 4190/508/2885 4170/507/3653 4189/507/2883
f 4187/506/3654 4168/239/3655 4166/506/3656
f 4185/504/2877 4162/505/3657 4186/505/2887
f 4192/510/3649 4162/505/3658 4176/510/3659
f 4190/508/3660 4174/509/3661 4172/508/3662
s 0
f 4194/505/2711 4200/510/50 4211/510/2710
s 1
f 4190/508/3660 4202/508/3663 4191/509/3664
f 4187/506/3654 4201/506/3665 4188/239/3666
f 4193/504/2886 4185/504/2877 4186/505/2887
f 4193/504/2886 4195/506/50 4201/506/2878
f 4196/239/2889 4188/239/2890 4201/506/2878
f 4196/239/2889 4197/507/2892 4189/507/2883
f 4198/508/2891 4202/508/2884 4189/507/2883
f 4199/509/2893 4191/509/2880 4202/508/2884
f 4200/510/2894 4203/510/2881 4191/509/2880
f 4194/505/2888 4186/505/2887 4203/510/2881
f 4208/507/50 4216/507/2757 4217/508/2755
s 0
f 4199/509/2713 4198/508/50 4209/508/2712
f 4197/507/2688 4196/239/38 4207/239/2687
f 4195/506/2709 4193/504/38 4204/504/2708
f 4200/510/2719 4199/509/50 4210/509/2718
f 4198/508/2721 4197/507/50 4208/507/2720
f 4196/239/2715 4195/506/38 4206/506/2714
f 4193/504/2717 4194/505/38 4205/505/2716
s 1
f 4207/239/50 4206/506/50 4214/506/2728
f 4205/505/2733 4213/505/2723 4212/504/2895
f 4205/505/2733 4211/510/50 4219/510/2725
f 4210/509/50 4209/508/50 4217/508/2755
f 4208/507/50 4207/239/50 4215/239/2722
f 4204/504/50 4212/504/2895 4214/506/2728
f 4211/510/50 4210/509/50 4218/509/2726
f 4229/508/79 4225/508/79 4226/509/79
f 4220/504/50 4227/510/50 4225/508/50
f 4233/239/2060 4223/239/2060 4224/507/2060
f 4237/504/2165 4220/504/2165 4222/506/2165
f 4230/509/2026 4226/509/2026 4227/510/75
f 4234/507/85 4224/507/85 4225/508/2061
f 4238/506/2090 4222/506/78 4223/239/2090
f 4243/505/2732 4221/505/2732 4220/504/2027
f 4240/510/81 4227/510/81 4221/505/81
f 4219/510/2725 4241/510/81 4242/505/81
f 4240/510/38 4243/505/38 4259/505/38
f 4213/505/2723 4242/505/2027 4236/504/2027
f 4231/509/50 4247/509/50 4257/510/50
f 4214/506/2728 4239/506/2090 4232/239/2090
f 4230/509/38 4246/509/38 4245/508/2729
f 4216/507/2757 4235/507/2061 4228/508/2061
f 4241/510/50 4257/510/50 4258/505/50
f 4218/509/2726 4231/509/2026 4241/510/2026
f 4229/508/38 4245/508/2729 4250/507/38
f 4212/504/2895 4236/504/2165 4239/506/2165
f 4231/509/50 4228/508/50 4244/508/50
f 4215/239/2722 4232/239/2060 4235/507/2060
f 4228/508/50 4235/507/50 4251/507/50
f 4217/508/2755 4228/508/79 4231/509/79
f 4233/239/38 4234/507/2760 4250/507/38
f 4257/510/2091 4256/510/2091 4259/505/2091
f 4258/505/2089 4259/505/2089 4253/504/2027
f 4255/506/2090 4254/506/2090 4249/239/2090
f 4251/507/2030 4250/507/2030 4245/508/2061
f 4247/509/2026 4246/509/3667 4256/510/2125
f 4252/504/82 4253/504/82 4254/506/2165
f 4248/239/83 4249/239/83 4250/507/2060
f 4244/508/79 4245/508/79 4246/509/2163
f 4230/509/38 4240/510/38 4256/510/38
f 4236/504/50 4242/505/50 4258/505/50
f 4239/506/50 4236/504/50 4252/504/50
f 4237/504/38 4253/504/38 4259/505/38
f 4238/506/38 4254/506/38 4253/504/38
f 4239/506/50 4255/506/2733 4248/239/50
f 4232/239/50 4248/239/50 4251/507/50
f 4238/506/38 4233/239/38 4249/239/38
f 4165/513/2681 4169/514/2683 4173/515/2685
f 4332/239/2902 4314/507/3668 4312/239/3594
f 4322/31/2061 4321/499/2228 4307/6/2679
f 4321/499/2163 4323/500/2163 4309/27/2736
f 4323/500/2125 4324/12/2125 4311/2/2682
f 4324/12/81 4325/501/81 4313/34/2683
f 4325/501/2027 4326/38/2027 4315/25/2812
f 4326/38/82 4327/502/82 4317/33/2896
f 4331/506/2903 4308/504/3669 4329/504/2901
f 4327/502/2029 4328/503/2029 4319/11/2686
f 4328/503/2060 4322/28/2060 4305/32/2837
f 4308/504/38 4321/504/38 4322/505/38
f 4308/504/38 4310/506/38 4323/506/38
f 4312/239/38 4324/239/38 4323/506/38
f 4314/507/38 4325/507/38 4324/239/38
f 4314/507/38 4316/508/38 4326/508/38
f 4316/508/38 4318/509/38 4327/509/38
f 4320/510/38 4328/510/38 4327/509/38
f 4320/510/38 4306/505/38 4322/505/38
f 4335/509/2911 4320/510/3670 4318/509/3671
f 4334/508/2909 4314/507/3672 4333/507/2905
f 4332/239/2902 4310/506/3673 4331/506/2903
f 4329/504/2901 4306/505/3674 4330/505/2898
f 4336/510/2910 4306/505/3675 4320/510/3676
f 4335/509/2911 4316/508/3677 4334/508/2909
s 0
f 4338/505/2711 4344/510/50 4352/510/2710
s 1
f 4337/504/2897 4329/504/2901 4330/505/2898
f 4339/506/2900 4331/506/2903 4329/504/2901
f 4339/506/2900 4340/239/2904 4332/239/2902
f 4340/239/2904 4341/507/2907 4333/507/2905
f 4342/508/2906 4334/508/2909 4333/507/2905
f 4343/509/2908 4335/509/2911 4334/508/2909
f 4343/509/2908 4344/510/2912 4336/510/2910
f 4344/510/2912 4338/505/2899 4330/505/2898
f 4350/508/50 4349/507/50 4357/507/2757
s 0
f 4343/509/2806 4342/508/50 4350/508/2137
f 4341/507/2688 4340/239/38 4348/239/2687
f 4339/506/2709 4337/504/38 4345/504/2708
f 4344/510/2807 4343/509/50 4351/509/2718
f 4342/508/2721 4341/507/50 4349/507/2720
f 4340/239/2715 4339/506/38 4347/506/2714
f 4337/504/2717 4338/505/38 4346/505/2716
s 1
f 4347/506/50 4355/506/2783 4356/239/2722
f 4345/504/50 4346/505/2762 4354/505/2723
f 4352/510/50 4360/510/2725 4354/505/2723
f 4351/509/2733 4350/508/50 4358/508/2830
f 4348/239/50 4356/239/2722 4357/507/2757
f 4347/506/50 4345/504/50 4353/504/2895
f 4351/509/2733 4359/509/2913 4360/510/2725
f 4370/508/79 4366/508/79 4367/509/79
f 4366/508/50 4364/239/50 4361/504/50
f 4374/239/2060 4364/239/2060 4365/507/2060
f 4378/504/2165 4361/504/2165 4363/506/2165
f 4371/509/2026 4367/509/2026 4368/510/2026
f 4375/507/2061 4365/507/2061 4366/508/2061
f 4379/506/2090 4363/506/2090 4364/239/2090
f 4384/505/2027 4362/505/2027 4361/504/2732
f 4381/510/81 4368/510/81 4362/505/81
f 4360/510/2725 4382/510/81 4383/505/81
f 4381/510/38 4384/505/38 4400/505/38
f 4354/505/2723 4383/505/2027 4377/504/2732
f 4372/509/50 4388/509/50 4398/510/50
f 4355/506/2783 4380/506/2090 4373/239/2090
f 4371/509/38 4387/509/38 4386/508/2729
f 4357/507/2757 4376/507/2061 4369/508/2061
f 4382/510/50 4398/510/50 4399/505/50
f 4359/509/2913 4372/509/2026 4382/510/2026
f 4370/508/2729 4386/508/2729 4391/507/38
f 4353/504/2895 4377/504/2165 4380/506/2165
f 4372/509/50 4369/508/50 4385/508/50
f 4356/239/2722 4373/239/2060 4376/507/2060
f 4369/508/50 4376/507/50 4392/507/50
f 4358/508/2830 4369/508/79 4372/509/79
f 4374/239/2729 4375/507/2760 4391/507/38
f 4398/510/2091 4397/510/2091 4400/505/2091
f 4399/505/2089 4400/505/2089 4394/504/2732
f 4396/506/2029 4395/506/2029 4390/239/2029
f 4392/507/2030 4391/507/2030 4386/508/85
f 4388/509/75 4387/509/2026 4397/510/2125
f 4393/504/82 4394/504/82 4395/506/2914
f 4389/239/2060 4390/239/2060 4391/507/83
f 4385/508/79 4386/508/79 4387/509/2163
f 4371/509/38 4381/510/38 4397/510/38
f 4377/504/2762 4383/505/2733 4399/505/50
f 4380/506/50 4377/504/2762 4393/504/2762
f 4378/504/38 4394/504/38 4400/505/38
f 4379/506/38 4395/506/38 4394/504/38
f 4380/506/50 4396/506/50 4389/239/50
f 4373/239/50 4389/239/50 4392/507/50
f 4379/506/38 4374/239/2729 4390/239/2729
f 4473/507/2924 4452/239/3678 4472/239/2921
f 4305/521/2837 4309/513/2736 4313/514/2683
f 4462/31/2061 4461/499/2228 4447/6/2764
f 4461/499/79 4463/500/79 4449/27/2786
f 4463/500/2026 4464/12/2026 4451/2/2682
f 4464/12/81 4465/501/81 4453/34/2766
f 4465/501/2027 4466/38/2027 4455/25/2812
f 4466/38/2165 4467/502/2165 4457/33/2685
f 4469/504/2920 4450/506/3679 4448/504/3620
f 4467/502/2090 4468/503/2090 4459/11/2787
f 4468/503/2060 4462/28/2060 4445/32/2915
f 4448/504/38 4461/504/38 4462/505/38
f 4448/504/38 4450/506/38 4463/506/38
f 4452/239/38 4464/239/38 4463/506/38
f 4454/507/38 4465/507/38 4464/239/38
f 4454/507/38 4456/508/38 4466/508/38
f 4456/508/38 4458/509/38 4467/509/38
f 4460/510/38 4468/510/38 4467/509/38
f 4460/510/38 4446/505/38 4462/505/38
f 4476/510/2931 4458/509/3606 4475/509/2930
f 4473/507/2924 4456/508/3680 4454/507/3681
f 4472/239/2921 4450/506/3682 4471/506/2922
f 4470/505/2917 4448/504/3683 4446/505/3684
f 4476/510/2931 4446/505/3685 4460/510/3612
f 4475/509/2930 4456/508/3686 4474/508/2926
s 0
f 4478/505/2711 4484/510/50 4492/510/2831
s 1
f 4477/504/2916 4469/504/2920 4470/505/2917
f 4479/506/2919 4471/506/2922 4469/504/2920
f 4479/506/2919 4480/239/2923 4472/239/2921
f 4480/239/2923 4481/507/2925 4473/507/2924
f 4481/507/2925 4482/508/2928 4474/508/2926
f 4483/509/2927 4475/509/2930 4474/508/2926
f 4484/510/2929 4476/510/2931 4475/509/2930
f 4478/505/2918 4470/505/2917 4476/510/2931
f 4490/508/2733 4489/507/2762 4497/507/2757
s 0
f 4483/509/2806 4482/508/50 4490/508/2137
f 4481/507/2688 4480/239/38 4488/239/2687
f 4479/506/2709 4477/504/38 4485/504/2708
f 4484/510/2807 4483/509/50 4491/509/2718
f 4482/508/2721 4481/507/50 4489/507/2720
f 4480/239/2715 4479/506/38 4487/506/2714
f 4477/504/2717 4478/505/38 4486/505/2716
s 1
f 4488/239/50 4487/506/50 4495/506/2728
f 4485/504/50 4486/505/50 4494/505/2723
f 4492/510/2762 4500/510/2725 4494/505/2723
f 4491/509/50 4490/508/2733 4498/508/2932
f 4488/239/50 4496/239/2722 4497/507/2757
f 4487/506/50 4485/504/50 4493/504/2756
f 4491/509/50 4499/509/2726 4500/510/2725
f 4510/508/79 4506/508/79 4507/509/79
f 4506/508/50 4504/239/50 4501/504/50
f 4514/239/2060 4504/239/2060 4505/507/2060
f 4518/504/82 4501/504/82 4503/506/82
f 4511/509/2026 4507/509/75 4508/510/2026
f 4515/507/2061 4505/507/2061 4506/508/2061
f 4519/506/78 4503/506/78 4504/239/78
f 4524/505/2027 4502/505/2027 4501/504/2027
f 4521/510/81 4508/510/81 4502/505/81
f 4500/510/2725 4522/510/81 4523/505/81
f 4521/510/38 4524/505/38 4540/505/38
f 4494/505/2723 4523/505/2027 4517/504/2027
f 4512/509/50 4528/509/50 4538/510/50
f 4495/506/2728 4520/506/2029 4513/239/2029
f 4511/509/38 4527/509/38 4526/508/2729
f 4497/507/2757 4516/507/2061 4509/508/2061
f 4522/510/50 4538/510/50 4539/505/50
f 4500/510/2725 4499/509/2726 4512/509/2026
f 4510/508/2729 4526/508/2729 4531/507/38
f 4493/504/2756 4517/504/82 4520/506/82
f 4512/509/50 4509/508/50 4525/508/50
f 4496/239/2722 4513/239/2060 4516/507/2060
f 4509/508/50 4516/507/50 4532/507/50
f 4498/508/2932 4509/508/79 4512/509/79
f 4514/239/38 4515/507/2760 4531/507/38
f 4538/510/2091 4537/510/2091 4540/505/2091
f 4533/504/2089 4539/505/2089 4540/505/2089
f 4536/506/2029 4535/506/2029 4530/239/2029
f 4532/507/2030 4531/507/2030 4526/508/2061
f 4538/510/2026 4528/509/2026 4527/509/2026
f 4533/504/82 4534/504/82 4535/506/2165
f 4529/239/83 4530/239/83 4531/507/83
f 4525/508/79 4526/508/79 4527/509/2163
f 4511/509/38 4521/510/38 4537/510/38
f 4517/504/2762 4523/505/2733 4539/505/50
f 4520/506/50 4517/504/2762 4533/504/2762
f 4518/504/38 4534/504/38 4540/505/38
f 4519/506/38 4535/506/38 4534/504/38
f 4520/506/50 4536/506/50 4529/239/2733
f 4513/239/2733 4529/239/2733 4532/507/50
f 4519/506/38 4514/239/38 4530/239/2729
f 4613/239/2943 4595/507/3687 4593/239/2836
f 4445/521/2915 4449/513/2786 4453/514/2766
f 4603/31/2061 4602/499/2061 4588/6/2734
f 4588/6/2734 4602/499/2163 4604/500/2163
f 4604/500/2125 4605/12/2125 4592/2/2682
f 4592/2/2682 4605/12/81 4606/501/81
f 4606/501/2027 4607/38/2224 4596/25/2684
f 4607/38/82 4608/502/82 4598/33/2896
f 4610/504/2936 4591/506/3688 4589/504/3582
f 4608/502/2029 4609/503/2029 4600/11/2787
f 4609/503/2060 4603/28/2060 4586/32/2680
f 4589/504/38 4602/504/38 4603/505/38
f 4589/504/38 4591/506/38 4604/506/38
f 4593/239/38 4605/239/38 4604/506/38
f 4593/239/38 4595/507/38 4606/507/38
f 4595/507/38 4597/508/38 4607/508/38
f 4597/508/38 4599/509/38 4608/509/38
f 4601/510/38 4609/510/38 4608/509/38
f 4601/510/38 4587/505/38 4603/505/38
f 4617/510/3689 4626/510/3690 4611/505/3691
f 4617/510/2882 4599/509/3692 4616/509/2933
f 4614/507/2945 4597/508/3693 4595/507/3694
f 4612/506/2939 4593/239/3695 4591/506/3696
f 4589/504/3697 4611/505/2937 4610/504/2936
f 4617/510/3689 4587/505/3698 4601/510/3659
f 4615/508/2944 4599/509/3699 4597/508/3700
s 0
f 4619/505/2711 4625/510/50 4634/510/2710
s 1
f 4619/505/2935 4618/504/2938 4610/504/2936
f 4618/504/2938 4620/506/2941 4612/506/2939
f 4621/239/2940 4613/239/2943 4612/506/2939
f 4622/507/2942 4614/507/2945 4613/239/2943
f 4622/507/2942 4623/508/2946 4615/508/2944
f 4623/508/2946 4624/509/2948 4616/509/2933
f 4625/510/2947 4626/510/2934 4616/509/2933
f 4619/505/2935 4611/505/2937 4626/510/2934
f 4631/507/50 4639/507/2757 4640/508/2755
s 0
f 4624/509/2713 4623/508/50 4632/508/2712
f 4622/507/2688 4621/239/38 4630/239/2687
f 4620/506/2709 4618/504/38 4627/504/2708
f 4625/510/2719 4624/509/50 4633/509/2718
f 4623/508/2721 4622/507/50 4631/507/2720
f 4621/239/2715 4620/506/38 4629/506/2714
f 4618/504/2717 4619/505/38 4628/505/2716
s 1
f 4629/506/50 4637/506/2728 4638/239/2722
f 4627/504/50 4628/505/50 4636/505/2723
f 4628/505/50 4634/510/50 4642/510/2725
f 4632/508/50 4640/508/2755 4641/509/2726
f 4630/239/50 4638/239/2722 4639/507/2757
f 4629/506/50 4627/504/50 4635/504/2756
f 4634/510/50 4633/509/50 4641/509/2726
f 4652/508/79 4648/508/79 4649/509/79
f 4643/504/50 4650/510/50 4648/508/50
f 4656/239/2060 4646/239/2060 4647/507/2060
f 4660/504/2165 4643/504/82 4645/506/2165
f 4653/509/2026 4649/509/2026 4650/510/75
f 4657/507/85 4647/507/85 4648/508/2061
f 4661/506/78 4645/506/78 4646/239/2090
f 4666/505/2732 4644/505/2732 4643/504/2027
f 4663/510/81 4650/510/81 4644/505/81
f 4636/505/2723 4642/510/2725 4664/510/81
f 4666/505/38 4682/505/38 4679/510/38
f 4636/505/2723 4665/505/2027 4659/504/2027
f 4664/510/50 4654/509/50 4670/509/50
f 4637/506/2728 4662/506/2090 4655/239/2090
f 4652/508/38 4653/509/38 4669/509/38
f 4639/507/2757 4658/507/2061 4651/508/85
f 4665/505/50 4664/510/50 4680/510/50
f 4641/509/2726 4654/509/2026 4664/510/2026
f 4657/507/2760 4652/508/38 4668/508/38
f 4635/504/2756 4659/504/2165 4662/506/2165
f 4651/508/2733 4667/508/2733 4670/509/50
f 4638/239/2722 4655/239/2060 4658/507/2060
f 4658/507/50 4674/507/50 4667/508/2733
f 4641/509/2726 4640/508/2755 4651/508/79
f 4656/239/38 4657/507/2760 4673/507/2760
f 4680/510/2091 4679/510/2091 4682/505/2091
f 4681/505/2126 4682/505/2732 4676/504/2089
f 4678/506/2090 4677/506/2090 4672/239/78
f 4674/507/85 4673/507/85 4668/508/2030
f 4670/509/2125 4669/509/2125 4679/510/2026
f 4675/504/2165 4676/504/2165 4677/506/82
f 4671/239/83 4672/239/83 4673/507/83
f 4667/508/2163 4668/508/2163 4669/509/79
f 4663/510/38 4679/510/38 4669/509/38
f 4659/504/50 4665/505/50 4681/505/50
f 4662/506/50 4659/504/50 4675/504/2733
f 4660/504/2729 4676/504/2729 4682/505/38
f 4661/506/38 4677/506/38 4676/504/2729
f 4662/506/50 4678/506/50 4671/239/2762
f 4655/239/50 4671/239/2762 4674/507/50
f 4661/506/38 4656/239/38 4672/239/2729
f 4756/507/2952 4735/239/3701 4755/239/2950
f 4586/521/2680 4590/513/2736 4594/514/2683
f 4745/31/2061 4744/499/2061 4730/6/2679
f 4744/499/79 4746/500/79 4732/27/2786
f 4746/500/2026 4747/12/2107 4734/2/2737
f 4747/12/81 4748/501/81 4736/34/2683
f 4736/34/2683 4748/501/2027 4749/38/2027
f 4738/25/2949 4749/38/82 4750/502/82
f 4754/506/2957 4731/504/3702 4752/504/2954
f 4750/502/2029 4751/503/2029 4742/11/2686
f 4751/503/2060 4745/28/2060 4728/32/2785
f 4731/504/38 4744/504/38 4745/505/38
f 4731/504/38 4733/506/38 4746/506/38
f 4735/239/38 4747/239/38 4746/506/38
f 4737/507/38 4748/507/38 4747/239/38
f 4737/507/38 4739/508/38 4749/508/38
f 4739/508/38 4741/509/38 4750/509/38
f 4741/509/38 4743/510/38 4751/510/38
f 4743/510/38 4729/505/38 4745/505/38
f 4759/510/2965 4741/509/3703 4758/509/2964
f 4756/507/3704 4739/508/3705 4737/507/3706
f 4755/239/2950 4733/506/3707 4754/506/2957
f 4753/505/2955 4731/504/3708 4729/505/3684
f 4759/510/2965 4729/505/3709 4743/510/3710
f 4758/509/2964 4739/508/3628 4757/508/2962
s 0
f 4761/505/2711 4767/510/50 4776/510/2710
s 1
f 4756/507/3704 4768/507/3711 4757/508/3712
f 4761/505/2953 4760/504/2956 4752/504/2954
f 4760/504/2956 4762/506/2958 4754/506/2957
f 4762/506/2958 4763/239/2959 4755/239/2950
f 4763/239/2959 4764/507/50 4768/507/2951
f 4765/508/2960 4757/508/2962 4768/507/2951
f 4766/509/2961 4758/509/2964 4757/508/2962
f 4767/510/2963 4759/510/2965 4758/509/2964
f 4767/510/2963 4761/505/2953 4753/505/2955
f 4773/507/2762 4781/507/2805 4782/508/2932
s 0
f 4766/509/2713 4765/508/50 4774/508/2712
f 4764/507/2688 4763/239/38 4772/239/2687
f 4762/506/2709 4760/504/38 4769/504/2708
f 4767/510/2719 4766/509/50 4775/509/2718
f 4765/508/2721 4764/507/50 4773/507/2720
f 4763/239/2715 4762/506/38 4771/506/2714
f 4760/504/2717 4761/505/38 4770/505/2716
s 1
f 4771/506/50 4779/506/2728 4780/239/2722
f 4769/504/2762 4770/505/2733 4778/505/2723
f 4770/505/2733 4776/510/2762 4784/510/2725
f 4774/508/2733 4782/508/2932 4783/509/2726
f 4772/239/50 4780/239/2722 4781/507/2805
f 4771/506/50 4769/504/2762 4777/504/2966
f 4776/510/2762 4775/509/50 4783/509/2726
f 4794/508/79 4790/508/79 4791/509/79
f 4785/504/50 4792/510/50 4790/508/50
f 4798/239/2060 4788/239/2060 4789/507/2060
f 4802/504/2165 4785/504/2165 4787/506/2165
f 4795/509/2026 4791/509/75 4792/510/2026
f 4799/507/2061 4789/507/2061 4790/508/2061
f 4803/506/2090 4787/506/2090 4788/239/2090
f 4802/504/2732 4808/505/2732 4786/505/2732
f 4805/510/81 4792/510/81 4786/505/81
f 4784/510/2725 4806/510/81 4807/505/81
f 4805/510/38 4808/505/38 4824/505/38
f 4778/505/2723 4807/505/2732 4801/504/2027
f 4806/510/50 4796/509/50 4812/509/50
f 4779/506/2728 4804/506/2090 4797/239/2090
f 4794/508/38 4795/509/38 4811/509/38
f 4781/507/2805 4800/507/85 4793/508/2061
f 4807/505/2762 4806/510/50 4822/510/50
f 4783/509/2726 4796/509/2026 4806/510/75
f 4799/507/38 4794/508/38 4810/508/38
f 4777/504/2966 4801/504/2165 4804/506/2165
f 4793/508/2733 4809/508/2733 4812/509/50
f 4780/239/2722 4797/239/2060 4800/507/2060
f 4800/507/2762 4816/507/2762 4809/508/2733
f 4782/508/2932 4793/508/79 4796/509/79
f 4798/239/2760 4799/507/38 4815/507/38
f 4822/510/2091 4821/510/2091 4824/505/2091
f 4823/505/2732 4824/505/2732 4818/504/2089
f 4820/506/78 4819/506/2029 4814/239/2090
f 4816/507/2030 4815/507/2030 4810/508/85
f 4812/509/2125 4811/509/2125 4821/510/2289
f 4817/504/2165 4818/504/2165 4819/506/2165
f 4813/239/2128 4814/239/2060 4815/507/83
f 4809/508/2163 4810/508/2163 4811/509/79
f 4795/509/38 4805/510/38 4821/510/38
f 4801/504/50 4807/505/2762 4823/505/2762
f 4804/506/50 4801/504/50 4817/504/50
f 4802/504/2729 4818/504/2729 4824/505/38
f 4803/506/38 4819/506/38 4818/504/2729
f 4804/506/50 4820/506/50 4813/239/50
f 4797/239/50 4813/239/50 4816/507/2762
f 4803/506/38 4798/239/2760 4814/239/2760
f 4896/239/2975 4878/507/3713 4876/239/3594
f 4728/521/2785 4732/513/2786 4736/514/2683
f 4886/31/2061 4885/499/2228 4871/6/2734
f 4885/499/2163 4887/500/2163 4873/27/2681
f 4887/500/2125 4888/12/2125 4875/2/2737
f 4875/2/2737 4888/12/81 4889/501/81
f 4877/34/2968 4889/501/2027 4890/38/2027
f 4890/38/82 4891/502/82 4881/33/2896
f 4895/506/2973 4872/504/3714 4893/504/2970
f 4891/502/2029 4892/503/2029 4883/11/2686
f 4892/503/2060 4886/28/2060 4869/32/2837
f 4872/504/38 4885/504/38 4886/505/38
f 4872/504/38 4874/506/38 4887/506/38
f 4874/506/38 4876/239/38 4888/239/38
f 4878/507/38 4889/507/38 4888/239/38
f 4878/507/38 4880/508/38 4890/508/38
f 4882/509/38 4891/509/38 4890/508/38
f 4884/510/38 4892/510/38 4891/509/38
f 4884/510/38 4870/505/38 4886/505/38
f 4899/509/2983 4884/510/3715 4882/509/3716
f 4897/507/2977 4880/508/3717 4878/507/3718
f 4896/239/2975 4874/506/3719 4895/506/2973
f 4893/504/2970 4870/505/3720 4894/505/2971
f 4900/510/2984 4870/505/3721 4884/510/3676
f 4882/509/3722 4898/508/2981 4899/509/2983
s 0
f 4902/505/2711 4908/510/50 4916/510/2710
s 1
f 4902/505/2969 4901/504/2972 4893/504/2970
f 4901/504/2972 4903/506/2974 4895/506/2973
f 4903/506/2974 4904/239/2976 4896/239/2975
f 4904/239/2976 4905/507/2979 4897/507/2977
f 4906/508/2978 4898/508/2981 4897/507/2977
f 4907/509/2980 4899/509/2983 4898/508/2981
f 4908/510/2982 4900/510/2984 4899/509/2983
f 4902/505/2969 4894/505/2971 4900/510/2984
f 4913/507/50 4921/507/2757 4922/508/2755
s 0
f 4907/509/2806 4906/508/50 4914/508/2712
f 4905/507/2688 4904/239/38 4912/239/2687
f 4903/506/2709 4901/504/38 4909/504/2708
f 4908/510/2807 4907/509/50 4915/509/2718
f 4906/508/2721 4905/507/50 4913/507/2720
f 4904/239/2715 4903/506/38 4911/506/2714
f 4901/504/2717 4902/505/38 4910/505/2716
s 1
f 4911/506/50 4919/506/2728 4920/239/2722
f 4909/504/50 4910/505/50 4918/505/2723
f 4910/505/50 4916/510/50 4924/510/2985
f 4915/509/2762 4914/508/50 4922/508/2755
f 4912/239/50 4920/239/2722 4921/507/2757
f 4911/506/50 4909/504/50 4917/504/2895
f 4916/510/50 4915/509/2762 4923/509/2726
f 4934/508/79 4930/508/79 4931/509/79
f 4925/504/50 4932/510/50 4930/508/50
f 4938/239/2060 4928/239/83 4929/507/2060
f 4942/504/2165 4925/504/82 4927/506/2165
f 4935/509/2026 4931/509/2026 4932/510/75
f 4939/507/2061 4929/507/2061 4930/508/2061
f 4943/506/78 4927/506/78 4928/239/2090
f 4948/505/2732 4926/505/2732 4925/504/2027
f 4945/510/81 4932/510/81 4926/505/81
f 4924/510/2985 4946/510/81 4947/505/81
f 4945/510/38 4948/505/2760 4964/505/2760
f 4918/505/2723 4947/505/2027 4941/504/2732
f 4936/509/50 4952/509/50 4962/510/50
f 4919/506/2728 4944/506/2090 4937/239/2090
f 4935/509/38 4951/509/38 4950/508/38
f 4921/507/2757 4940/507/2061 4933/508/2061
f 4946/510/50 4962/510/50 4963/505/50
f 4923/509/2726 4936/509/75 4946/510/2026
f 4934/508/38 4950/508/38 4955/507/38
f 4917/504/2895 4941/504/2165 4944/506/2165
f 4936/509/50 4933/508/50 4949/508/50
f 4920/239/2722 4937/239/2060 4940/507/2060
f 4933/508/50 4940/507/2762 4956/507/50
f 4922/508/2755 4933/508/79 4936/509/79
f 4938/239/2760 4939/507/38 4955/507/38
f 4962/510/2091 4961/510/2091 4964/505/2091
f 4963/505/2732 4964/505/2027 4958/504/2089
f 4960/506/2029 4959/506/2029 4954/239/2029
f 4949/508/2030 4956/507/2061 4955/507/85
f 4952/509/2026 4951/509/2026 4961/510/2026
f 4957/504/82 4958/504/82 4959/506/82
f 4956/507/2060 4953/239/83 4954/239/83
f 4949/508/79 4950/508/79 4951/509/79
f 4935/509/38 4945/510/38 4961/510/38
f 4941/504/2762 4947/505/50 4963/505/50
f 4944/506/50 4941/504/2762 4957/504/2762
f 4942/504/38 4958/504/38 4964/505/2760
f 4943/506/38 4959/506/2729 4958/504/38
f 4944/506/50 4960/506/50 4953/239/2733
f 4937/239/50 4953/239/2733 4956/507/50
f 4943/506/38 4938/239/2760 4954/239/2760
f 4877/514/2968 4881/515/2896 4869/521/2837
f 5027/31/2061 5026/499/2061 5012/6/2679
f 5026/499/79 5028/500/79 5014/27/2736
f 5028/500/2026 5029/12/2026 5016/2/2987
f 5029/12/2091 5030/501/2091 5018/34/2683
f 5030/501/2089 5031/38/2089 5020/25/2684
f 5031/38/82 5032/502/82 5022/33/2685
f 5036/506/2990 5013/504/3723 5034/504/2988
f 5032/502/2029 5033/503/2029 5024/11/2686
f 5033/503/2060 5027/28/2060 5010/32/2735
f 5013/504/38 5026/504/38 5027/505/38
f 5013/504/38 5015/506/38 5028/506/38
f 5015/506/38 5017/239/38 5029/239/38
f 5017/239/38 5019/507/38 5030/507/38
f 5021/508/38 5031/508/38 5030/507/38
f 5023/509/38 5032/509/38 5031/508/38
f 5023/509/38 5025/510/38 5033/510/38
f 5025/510/38 5011/505/38 5027/505/38
f 5041/510/3001 5023/509/3724 5040/509/2964
f 5038/507/2997 5021/508/3631 5019/507/3598
f 5036/506/3725 5017/239/3726 5015/506/3656
f 5034/504/2988 5011/505/3600 5035/505/2992
f 5035/505/2992 5025/510/3727 5041/510/3001
f 5040/509/2964 5021/508/3628 5039/508/2999
s 0
f 5043/505/2711 5049/510/50 5058/510/2710
s 1
f 5036/506/3725 5050/506/3728 5037/239/3729
f 5043/505/2991 5042/504/2993 5034/504/2988
f 5042/504/2993 5044/506/50 5050/506/2989
f 5045/239/2994 5037/239/2986 5050/506/2989
f 5046/507/2995 5038/507/2997 5037/239/2986
f 5047/508/2996 5039/508/2999 5038/507/2997
f 5048/509/2998 5040/509/2964 5039/508/2999
f 5049/510/3000 5041/510/3001 5040/509/2964
f 5043/505/2991 5035/505/2992 5041/510/3001
f 5055/507/50 5063/507/2757 5064/508/2755
s 0
f 5048/509/2713 5047/508/50 5056/508/2712
f 5046/507/2688 5045/239/38 5054/239/2687
f 5044/506/2709 5042/504/38 5051/504/2708
f 5049/510/2719 5048/509/50 5057/509/2718
f 5047/508/2721 5046/507/50 5055/507/2720
f 5045/239/2715 5044/506/38 5053/506/2714
f 5042/504/2717 5043/505/38 5052/505/2716
s 1
f 5054/239/50 5053/506/50 5061/506/2728
f 5052/505/50 5060/505/2723 5059/504/2756
f 5052/505/50 5058/510/50 5066/510/2985
f 5057/509/50 5056/508/50 5064/508/2755
f 5055/507/50 5054/239/50 5062/239/2874
f 5051/504/50 5059/504/2756 5061/506/2728
f 5058/510/50 5057/509/50 5065/509/2726
f 5076/508/79 5072/508/79 5073/509/79
f 5067/504/50 5074/510/50 5072/508/50
f 5080/239/83 5070/239/83 5071/507/83
f 5084/504/2165 5067/504/2165 5069/506/2165
f 5077/509/2026 5073/509/2026 5074/510/75
f 5081/507/2030 5071/507/2030 5072/508/2030
f 5085/506/2090 5069/506/78 5070/239/2090
f 5090/505/2732 5068/505/2732 5067/504/2027
f 5087/510/81 5074/510/81 5068/505/81
f 5066/510/2985 5088/510/81 5089/505/81
f 5087/510/38 5090/505/2729 5106/505/38
f 5060/505/2723 5089/505/2027 5083/504/2027
f 5078/509/50 5094/509/50 5104/510/50
f 5061/506/2728 5086/506/2090 5079/239/2090
f 5077/509/38 5093/509/2760 5092/508/38
f 5063/507/2757 5082/507/2030 5075/508/2030
f 5088/510/50 5104/510/50 5105/505/50
f 5065/509/2726 5078/509/2026 5088/510/2026
f 5076/508/38 5092/508/38 5097/507/2729
f 5059/504/2756 5083/504/2165 5086/506/2165
f 5078/509/50 5075/508/2762 5091/508/2762
f 5062/239/2874 5079/239/83 5082/507/83
f 5075/508/2762 5082/507/2733 5098/507/50
f 5064/508/2755 5075/508/79 5078/509/79
f 5080/239/38 5081/507/2729 5097/507/2729
f 5104/510/2091 5103/510/2091 5106/505/2091
f 5105/505/2089 5106/505/2089 5100/504/2027
f 5102/506/2090 5101/506/2090 5096/239/2090
f 5091/508/2030 5098/507/2061 5097/507/2061
f 5094/509/2026 5093/509/2026 5103/510/2125
f 5099/504/82 5100/504/82 5101/506/2165
f 5098/507/83 5095/239/83 5096/239/83
f 5091/508/79 5092/508/79 5093/509/2163
f 5077/509/38 5087/510/38 5103/510/38
f 5083/504/2733 5089/505/50 5105/505/50
f 5086/506/50 5083/504/2733 5099/504/2733
f 5084/504/2760 5100/504/2760 5106/505/38
f 5085/506/38 5101/506/38 5100/504/2760
f 5086/506/50 5102/506/50 5095/239/50
f 5079/239/50 5095/239/50 5098/507/50
f 5085/506/38 5080/239/38 5096/239/38
f 5014/513/2736 5018/514/2683 5022/515/2685
f 5180/507/3017 5159/239/3678 5179/239/3015
f 5169/31/2061 5168/499/2808 5154/6/2764
f 5168/499/3003 5170/500/2163 5156/27/2736
f 5170/500/3004 5171/12/3730 5158/2/2987
f 5158/2/2987 5171/12/3005 5172/501/3005
f 5160/34/2766 5172/501/3731 5173/38/2089
f 5173/38/2165 5174/502/2165 5164/33/2685
f 5176/504/3567 5157/506/3732 5155/504/3569
f 5174/502/2090 5175/503/2090 5166/11/2686
f 5175/503/2060 5169/28/2060 5152/32/2857
f 5155/504/38 5168/504/38 5169/505/38
f 5155/504/38 5157/506/38 5170/506/38
f 5159/239/38 5171/239/38 5170/506/38
f 5159/239/38 5161/507/38 5172/507/38
f 5163/508/38 5173/508/38 5172/507/38
f 5165/509/38 5174/509/38 5173/508/38
f 5167/510/38 5175/510/38 5174/509/38
f 5167/510/38 5153/505/38 5169/505/38
f 5183/510/3020 5165/509/3733 5182/509/3021
f 5181/508/3019 5161/507/3734 5180/507/3017
f 5179/239/3015 5157/506/3735 5178/506/3013
f 5176/504/3008 5153/505/3736 5177/505/3006
f 5177/505/3006 5167/510/3737 5183/510/3020
f 5182/509/3021 5163/508/3636 5181/508/3019
s 0
f 5185/505/2711 5191/510/50 5200/510/2710
s 1
f 5176/504/3567 5192/504/3738 5178/506/3579
f 5184/504/3009 5192/504/3007 5177/505/3006
f 5186/506/3011 5178/506/3013 5192/504/3007
f 5187/239/3012 5179/239/3015 5178/506/3013
f 5188/507/3014 5180/507/3017 5179/239/3015
f 5189/508/3016 5181/508/3019 5180/507/3017
f 5190/509/3018 5182/509/3021 5181/508/3019
f 5190/509/3018 5191/510/3022 5183/510/3020
f 5191/510/3022 5185/505/3010 5177/505/3006
f 5198/508/2762 5197/507/50 5205/507/2757
s 0
f 5190/509/2806 5189/508/50 5198/508/2712
f 5188/507/2688 5187/239/38 5196/239/2687
f 5186/506/2709 5184/504/38 5193/504/2708
f 5191/510/2807 5190/509/50 5199/509/2718
f 5189/508/2721 5188/507/50 5197/507/2720
f 5187/239/2715 5186/506/38 5195/506/2714
f 5184/504/2717 5185/505/38 5194/505/2716
s 1
f 5196/239/2762 5195/506/50 5203/506/2728
f 5194/505/50 5202/505/2723 5201/504/2756
f 5194/505/50 5200/510/50 5208/510/2725
f 5199/509/2733 5198/508/2762 5206/508/2755
f 5197/507/50 5196/239/2762 5204/239/3023
f 5193/504/2733 5201/504/2756 5203/506/2728
f 5199/509/2733 5207/509/2913 5208/510/2725
f 5218/508/79 5214/508/79 5215/509/79
f 5209/504/50 5216/510/50 5214/508/50
f 5222/239/83 5212/239/83 5213/507/83
f 5226/504/82 5209/504/82 5211/506/82
f 5219/509/2026 5215/509/2026 5216/510/2026
f 5223/507/2030 5213/507/2030 5214/508/2030
f 5227/506/2029 5211/506/2029 5212/239/78
f 5232/505/2027 5210/505/2027 5209/504/2027
f 5229/510/81 5216/510/81 5210/505/81
f 5208/510/2725 5230/510/81 5231/505/81
f 5229/510/38 5232/505/38 5248/505/38
f 5202/505/2723 5231/505/2027 5225/504/2027
f 5220/509/50 5236/509/2733 5246/510/50
f 5203/506/2728 5228/506/2029 5221/239/2029
f 5218/508/38 5219/509/38 5235/509/38
f 5205/507/2757 5224/507/2030 5217/508/2030
f 5230/510/50 5246/510/50 5247/505/2733
f 5207/509/2913 5220/509/2026 5230/510/2026
f 5223/507/38 5218/508/38 5234/508/38
f 5201/504/2756 5225/504/82 5228/506/82
f 5217/508/50 5233/508/50 5236/509/2733
f 5204/239/3023 5221/239/83 5224/507/83
f 5224/507/50 5240/507/50 5233/508/50
f 5206/508/2755 5217/508/79 5220/509/79
f 5223/507/38 5239/507/38 5238/239/38
f 5246/510/2091 5245/510/2091 5248/505/2091
f 5247/505/2027 5248/505/2027 5242/504/2089
f 5244/506/78 5243/506/2090 5238/239/2029
f 5240/507/2030 5239/507/2030 5234/508/2030
f 5236/509/75 5235/509/2125 5245/510/2026
f 5241/504/82 5242/504/82 5243/506/82
f 5237/239/2060 5238/239/2060 5239/507/83
f 5233/508/2163 5234/508/2163 5235/509/79
f 5219/509/38 5229/510/38 5245/510/38
f 5225/504/50 5231/505/2733 5247/505/2733
f 5225/504/50 5241/504/50 5244/506/50
f 5226/504/38 5242/504/38 5248/505/38
f 5226/504/38 5227/506/38 5243/506/38
f 5221/239/50 5228/506/50 5244/506/50
f 5224/507/50 5221/239/50 5237/239/50
f 5222/239/38 5238/239/38 5243/506/38
f 5156/513/2736 5160/514/2766 5164/515/2685
f 5321/239/3033 5303/507/3739 5301/239/2836
f 5311/31/2061 5310/499/2061 5296/6/2764
f 5310/499/79 5312/500/79 5298/27/2681
f 5312/500/2026 5313/12/2026 5300/2/2765
f 5313/12/2091 5314/501/2091 5302/34/3024
f 5314/501/2089 5315/38/2089 5304/25/2684
f 5315/38/2165 5316/502/2165 5306/33/2813
f 5320/506/3031 5297/504/3740 5318/504/3029
f 5316/502/2090 5317/503/2090 5308/11/2686
f 5317/503/2060 5311/28/2060 5294/32/2857
f 5297/504/38 5310/504/38 5311/505/38
f 5299/506/38 5312/506/38 5310/504/38
f 5299/506/38 5301/239/38 5313/239/38
f 5303/507/38 5314/507/38 5313/239/38
f 5303/507/38 5305/508/38 5315/508/38
f 5307/509/38 5316/509/38 5315/508/38
f 5309/510/38 5317/510/38 5316/509/38
f 5309/510/38 5295/505/38 5311/505/38
f 5324/509/3037 5309/510/3741 5307/509/3742
f 5305/508/3743 5322/507/3035 5323/508/3034
f 5320/506/3031 5301/239/3744 5299/506/3745
f 5318/504/3029 5295/505/3746 5319/505/3026
f 5319/505/3026 5309/510/3747 5325/510/3040
f 5323/508/3034 5307/509/3748 5305/508/3749
s 0
f 5327/505/2711 5333/510/50 5341/510/2710
s 1
f 5326/504/3025 5318/504/3029 5319/505/3026
f 5328/506/3028 5320/506/3031 5318/504/3029
f 5329/239/3030 5321/239/3033 5320/506/3031
f 5330/507/3032 5322/507/3035 5321/239/3033
f 5330/507/3032 5331/508/3036 5323/508/3034
f 5331/508/3036 5332/509/3039 5324/509/3037
f 5333/510/3038 5325/510/3040 5324/509/3037
f 5327/505/3027 5319/505/3026 5325/510/3040
f 5338/507/50 5346/507/2757 5347/508/2830
s 0
f 5332/509/2713 5331/508/50 5339/508/2712
f 5330/507/2688 5329/239/38 5337/239/2687
f 5328/506/2709 5326/504/38 5334/504/2708
f 5333/510/2719 5332/509/50 5340/509/2718
f 5331/508/2721 5330/507/50 5338/507/2720
f 5329/239/2715 5328/506/38 5336/506/2714
f 5326/504/2717 5327/505/38 5335/505/2716
s 1
f 5337/239/50 5336/506/50 5344/506/2728
f 5334/504/2733 5335/505/2762 5343/505/2723
f 5335/505/2762 5341/510/50 5349/510/2725
f 5339/508/50 5347/508/2830 5348/509/2726
f 5338/507/50 5337/239/50 5345/239/2853
f 5336/506/50 5334/504/2733 5342/504/2756
f 5341/510/50 5340/509/50 5348/509/2726
f 5359/508/2163 5355/508/2163 5356/509/2163
f 5350/504/50 5357/510/50 5355/508/50
f 5363/239/83 5353/239/83 5354/507/83
f 5367/504/82 5350/504/82 5352/506/82
f 5360/509/2125 5356/509/2125 5357/510/2125
f 5364/507/2030 5354/507/2030 5355/508/2030
f 5368/506/78 5352/506/78 5353/239/2029
f 5373/505/2027 5351/505/2027 5350/504/2027
f 5373/505/81 5370/510/81 5357/510/81
f 5349/510/2725 5371/510/81 5372/505/81
f 5373/505/38 5389/505/38 5386/510/38
f 5343/505/2723 5372/505/2732 5366/504/2027
f 5361/509/50 5377/509/50 5387/510/50
f 5344/506/2728 5369/506/2029 5362/239/78
f 5359/508/38 5360/509/38 5376/509/38
f 5346/507/2757 5365/507/2030 5358/508/2030
f 5371/510/50 5387/510/50 5388/505/50
f 5348/509/2726 5361/509/2125 5371/510/2125
f 5364/507/38 5359/508/38 5375/508/38
f 5342/504/2756 5366/504/82 5369/506/82
f 5358/508/50 5374/508/50 5377/509/50
f 5345/239/2853 5362/239/83 5365/507/83
f 5365/507/50 5381/507/50 5374/508/50
f 5347/508/2830 5358/508/2163 5361/509/2163
f 5364/507/38 5380/507/38 5379/239/38
f 5387/510/2091 5386/510/2091 5389/505/2091
f 5388/505/2089 5389/505/2089 5383/504/2089
f 5385/506/78 5384/506/2029 5379/239/2090
f 5381/507/2030 5380/507/2030 5375/508/2030
f 5377/509/2026 5376/509/2026 5386/510/2125
f 5382/504/2165 5383/504/2165 5384/506/2165
f 5378/239/2784 5379/239/83 5380/507/83
f 5374/508/2163 5375/508/2163 5376/509/2163
f 5370/510/38 5386/510/38 5376/509/38
f 5366/504/50 5372/505/50 5388/505/50
f 5369/506/50 5366/504/50 5382/504/50
f 5367/504/38 5383/504/38 5389/505/38
f 5368/506/38 5384/506/38 5383/504/38
f 5362/239/50 5369/506/50 5385/506/50
f 5365/507/50 5362/239/50 5378/239/50
f 5363/239/38 5379/239/38 5384/506/38
f 5298/513/2681 5302/514/3024 5306/515/2813
f 5463/507/3055 5442/239/3750 5462/239/2797
f 5452/31/2061 5451/499/2808 5437/6/2764
f 5451/499/3041 5453/500/2163 5439/27/2736
f 5453/500/3042 5454/12/3730 5441/2/2765
f 5454/12/2091 5455/501/2227 5443/34/2766
f 5455/501/2089 5456/38/2089 5445/25/2812
f 5445/25/2812 5456/38/2165 5457/502/2165
f 5459/504/3051 5440/506/3619 5438/504/3620
f 5457/502/2090 5458/503/78 5449/11/2686
f 5449/11/2686 5458/503/2060 5452/28/3043
f 5438/504/2729 5451/504/3044 5452/505/2729
f 5438/504/2729 5440/506/2729 5453/506/38
f 5440/506/2729 5442/239/38 5454/239/38
f 5444/507/38 5455/507/38 5454/239/38
f 5446/508/38 5456/508/38 5455/507/38
f 5448/509/3045 5457/509/3045 5456/508/38
f 5450/510/2729 5458/510/3046 5457/509/3045
f 5450/510/2729 5436/505/38 5452/505/2729
f 5466/510/3059 5448/509/3751 5465/509/3057
f 5464/508/3054 5444/507/3607 5463/507/3055
f 5461/506/3052 5442/239/3608 5440/506/3609
f 5460/505/3048 5438/504/3752 5436/505/3753
f 5466/510/3059 5436/505/3754 5450/510/3612
f 5465/509/3057 5446/508/3755 5464/508/3054
s 0
f 5468/505/2711 5474/510/50 5482/510/2710
s 1
f 5467/504/3047 5459/504/3051 5460/505/3048
f 5469/506/3050 5461/506/3052 5459/504/3051
f 5470/239/2794 5462/239/2797 5461/506/3052
f 5471/507/3053 5463/507/3055 5462/239/2797
f 5471/507/3053 5472/508/3056 5464/508/3054
f 5472/508/3056 5473/509/2705 5465/509/3057
f 5474/510/3058 5466/510/3059 5465/509/3057
f 5468/505/3049 5460/505/3048 5466/510/3059
f 5479/507/2762 5487/507/3071 5488/508/3060
s 0
f 5473/509/2806 5472/508/50 5480/508/2712
f 5471/507/2688 5470/239/38 5478/239/2687
f 5469/506/2709 5467/504/38 5475/504/2708
f 5474/510/2807 5473/509/50 5481/509/2718
f 5472/508/2721 5471/507/50 5479/507/2720
f 5470/239/2715 5469/506/38 5477/506/2714
f 5467/504/2717 5468/505/38 5476/505/2716
s 1
f 5478/239/3062 5477/506/3072 5485/506/3063
f 5475/504/3065 5476/505/3068 5484/505/3066
f 5476/505/3068 5482/510/3073 5490/510/3069
f 5481/509/3062 5480/508/3061 5488/508/3060
f 5479/507/2762 5478/239/3062 5486/239/3064
f 5477/506/3072 5475/504/3065 5483/504/3067
f 5481/509/3062 5489/509/3070 5490/510/3069
f 5500/508/79 5496/508/79 5497/509/79
f 5498/510/50 5496/508/50 5494/239/50
f 5504/239/2060 5494/239/2060 5495/507/2060
f 5508/504/82 5491/504/82 5493/506/82
f 5501/509/2026 5497/509/2026 5498/510/2026
f 5505/507/2061 5495/507/2061 5496/508/2061
f 5509/506/78 5493/506/78 5494/239/78
f 5514/505/3074 5492/505/3756 5491/504/2027
f 5511/510/81 5498/510/81 5492/505/81
f 5490/510/3069 5512/510/81 5513/505/81
f 5511/510/38 5514/505/38 5530/505/38
f 5484/505/3066 5513/505/2027 5507/504/2027
f 5502/509/50 5518/509/50 5528/510/50
f 5485/506/3063 5510/506/2029 5503/239/2029
f 5500/508/38 5501/509/38 5517/509/38
f 5487/507/3071 5506/507/3757 5499/508/2808
f 5512/510/50 5528/510/50 5529/505/50
f 5489/509/3070 5502/509/2026 5512/510/2026
f 5500/508/38 5516/508/38 5521/507/38
f 5483/504/3067 5507/504/82 5510/506/82
f 5499/508/50 5515/508/50 5518/509/50
f 5486/239/3064 5503/239/2060 5506/507/2731
f 5506/507/50 5522/507/50 5515/508/50
f 5488/508/3060 5499/508/3758 5502/509/79
f 5505/507/38 5521/507/38 5520/239/38
f 5529/505/3076 5528/510/2091 5527/510/2091
f 5523/504/2027 5529/505/3759 5530/505/3078
f 5526/506/78 5525/506/2090 5520/239/2029
f 5522/507/2061 5521/507/2061 5516/508/2030
f 5518/509/75 5517/509/2125 5527/510/2026
f 5523/504/82 5524/504/82 5525/506/82
f 5519/239/2060 5520/239/2060 5521/507/83
f 5515/508/2163 5516/508/2163 5517/509/79
f 5501/509/38 5511/510/38 5527/510/38
f 5507/504/50 5513/505/50 5529/505/50
f 5510/506/50 5507/504/50 5523/504/2762
f 5508/504/38 5524/504/38 5530/505/38
f 5509/506/38 5525/506/38 5524/504/38
f 5503/239/50 5510/506/50 5526/506/50
f 5506/507/50 5503/239/50 5519/239/50
f 5504/239/38 5520/239/38 5525/506/38
f 5443/514/2766 5447/515/2685 5435/521/2785
f 5593/31/2061 5592/499/2061 5578/6/2734
f 5592/499/2163 5594/500/2163 5580/27/2736
f 5594/500/2125 5595/12/2125 5582/2/2737
f 5595/12/2091 5596/501/2091 5584/34/2766
f 5596/501/2089 5597/38/2089 5586/25/2684
f 5597/38/82 5598/502/82 5588/33/2685
f 5600/504/3084 5581/506/3581 5579/504/3582
f 5598/502/2029 5599/503/2029 5590/11/2686
f 5599/503/2060 5593/28/2060 5576/32/2735
f 5579/504/38 5592/504/38 5593/505/38
f 5579/504/38 5581/506/38 5594/506/38
f 5581/506/38 5583/239/38 5595/239/38
f 5583/239/38 5585/507/38 5596/507/38
f 5585/507/38 5587/508/38 5597/508/38
f 5589/509/38 5598/509/38 5597/508/38
f 5591/510/38 5599/510/38 5598/509/38
f 5591/510/38 5577/505/38 5593/505/38
f 5607/510/3094 5589/509/3760 5606/509/3095
f 5605/508/3093 5585/507/3761 5604/507/3091
f 5603/239/2743 5581/506/3762 5602/506/3081
f 5600/504/3084 5577/505/3746 5601/505/3085
f 5601/505/3085 5591/510/3763 5607/510/3094
f 5606/509/3095 5587/508/3764 5605/508/3093
s 0
f 5609/505/2711 5615/510/50 5624/510/2710
s 1
f 5603/239/3079 5616/239/3765 5604/507/3766
f 5609/505/3083 5608/504/3086 5600/504/3084
f 5608/504/3086 5610/506/3088 5602/506/3081
f 5611/239/3087 5616/239/3082 5602/506/3081
f 5612/507/3089 5604/507/3091 5616/239/3082
f 5613/508/3090 5605/508/3093 5604/507/3091
f 5614/509/3092 5606/509/3095 5605/508/3093
f 5614/509/3092 5615/510/3000 5607/510/3094
f 5615/510/3000 5609/505/3083 5601/505/3085
f 5621/507/50 5629/507/2757 5630/508/2932
s 0
f 5614/509/2806 5613/508/50 5622/508/2712
f 5612/507/2688 5611/239/38 5620/239/2687
f 5610/506/2709 5608/504/38 5617/504/2708
f 5615/510/2807 5614/509/50 5623/509/2718
f 5613/508/2721 5612/507/50 5621/507/2720
f 5611/239/2715 5610/506/38 5619/506/2714
f 5608/504/2717 5609/505/38 5618/505/2716
s 1
f 5619/506/50 5627/506/2728 5628/239/2722
f 5617/504/50 5618/505/50 5626/505/2723
f 5624/510/50 5632/510/2725 5626/505/2723
f 5622/508/2733 5630/508/2932 5631/509/2726
f 5621/507/50 5620/239/50 5628/239/2722
f 5619/506/50 5617/504/50 5625/504/2895
f 5623/509/50 5631/509/2726 5632/510/2725
f 5642/508/79 5638/508/79 5639/509/79
f 5638/508/50 5636/239/50 5633/504/50
f 5646/239/2060 5636/239/2060 5637/507/2060
f 5650/504/2165 5633/504/2165 5635/506/2165
f 5653/510/75 5643/509/75 5639/509/75
f 5642/508/2061 5647/507/85 5637/507/85
f 5651/506/2090 5635/506/2090 5636/239/2090
f 5656/505/2732 5634/505/2732 5633/504/2732
f 5656/505/81 5653/510/81 5640/510/81
f 5632/510/2725 5654/510/81 5655/505/81
f 5656/505/2760 5672/505/2760 5669/510/38
f 5626/505/2723 5655/505/2027 5649/504/2027
f 5654/510/50 5644/509/50 5660/509/50
f 5627/506/2728 5652/506/2090 5645/239/2090
f 5642/508/38 5643/509/38 5659/509/38
f 5629/507/2757 5648/507/2808 5641/508/2730
f 5654/510/50 5670/510/50 5671/505/50
f 5631/509/2726 5644/509/75 5654/510/2026
f 5642/508/38 5658/508/38 5663/507/2729
f 5625/504/2895 5649/504/2165 5652/506/2165
f 5641/508/50 5657/508/50 5660/509/50
f 5628/239/2722 5645/239/2060 5648/507/2731
f 5641/508/50 5648/507/50 5664/507/50
f 5630/508/2932 5641/508/79 5644/509/79
f 5646/239/38 5647/507/2729 5663/507/2729
f 5670/510/2091 5669/510/2091 5672/505/2091
f 5671/505/2732 5672/505/2732 5666/504/2089
f 5661/239/2029 5668/506/2029 5667/506/2029
f 5657/508/2030 5664/507/85 5663/507/85
f 5670/510/2125 5660/509/2125 5659/509/2125
f 5665/504/82 5666/504/82 5667/506/82
f 5661/239/83 5662/239/83 5663/507/2060
f 5657/508/2163 5658/508/2163 5659/509/2163
f 5653/510/38 5669/510/38 5659/509/38
f 5649/504/50 5655/505/50 5671/505/50
f 5652/506/50 5649/504/50 5665/504/2762
f 5650/504/38 5666/504/38 5672/505/2760
f 5651/506/38 5667/506/38 5666/504/38
f 5645/239/50 5652/506/50 5668/506/50
f 5645/239/50 5661/239/50 5664/507/50
f 5646/239/38 5662/239/38 5667/506/38
f 5580/513/2736 5584/514/2766 5588/515/2685
f 5746/507/3110 5725/239/3767 5745/239/3108
f 5735/31/2061 5734/499/2061 5720/6/3096
f 5734/499/79 5736/500/79 5722/27/3097
f 5736/500/2026 5737/12/2026 5724/2/2765
f 5737/12/2091 5738/501/2091 5726/34/2766
f 5738/501/2089 5739/38/2089 5728/25/2812
f 5739/38/3098 5740/502/3768 5730/33/2813
f 5744/506/3106 5721/504/3769 5742/504/3104
f 5740/502/3099 5741/503/2029 5732/11/2787
f 5741/503/2060 5735/28/2060 5718/32/2785
f 5721/504/38 5734/504/38 5735/505/38
f 5721/504/38 5723/506/38 5736/506/38
f 5723/506/38 5725/239/38 5737/239/38
f 5727/507/38 5738/507/38 5737/239/38
f 5727/507/38 5729/508/38 5739/508/38
f 5731/509/38 5740/509/38 5739/508/38
f 5733/510/38 5741/510/38 5740/509/38
f 5733/510/38 5719/505/38 5735/505/38
f 5749/510/3115 5731/509/3751 5748/509/3112
f 5729/508/3743 5746/507/3110 5747/508/3109
f 5725/239/3770 5744/506/3106 5745/239/3108
f 5721/504/3771 5743/505/3101 5742/504/3104
f 5743/505/3101 5733/510/3635 5749/510/3115
f 5747/508/3109 5731/509/3772 5729/508/3749
s 0
f 5751/505/2711 5757/510/50 5765/510/2710
s 1
f 5750/504/3100 5742/504/3104 5743/505/3101
f 5752/506/3103 5744/506/3106 5742/504/3104
f 5753/239/3105 5745/239/3108 5744/506/3106
f 5754/507/3107 5746/507/3110 5745/239/3108
f 5754/507/3107 5755/508/3111 5747/508/3109
f 5755/508/3111 5756/509/3114 5748/509/3112
f 5757/510/3113 5749/510/3115 5748/509/3112
f 5751/505/3102 5743/505/3101 5749/510/3115
f 5762/507/50 5770/507/3117 5771/508/2830
s 0
f 5756/509/2713 5755/508/50 5763/508/2712
f 5754/507/2688 5753/239/38 5761/239/2687
f 5752/506/2709 5750/504/38 5758/504/2708
f 5757/510/2719 5756/509/50 5764/509/2718
f 5755/508/2721 5754/507/50 5762/507/2720
f 5753/239/2715 5752/506/38 5760/506/2714
f 5750/504/2717 5751/505/38 5759/505/2716
s 1
f 5760/506/50 5768/506/2728 5769/239/2722
f 5758/504/50 5759/505/2733 5767/505/3116
f 5759/505/2733 5765/510/50 5773/510/2725
f 5763/508/50 5771/508/2830 5772/509/2726
f 5762/507/50 5761/239/50 5769/239/2722
f 5760/506/50 5758/504/50 5766/504/2756
f 5765/510/50 5764/509/50 5772/509/2726
f 5783/508/2163 5779/508/2163 5780/509/2163
f 5774/504/50 5781/510/50 5779/508/50
f 5787/239/2060 5777/239/2060 5778/507/2060
f 5791/504/82 5774/504/82 5776/506/82
f 5784/509/2125 5780/509/2125 5781/510/2125
f 5788/507/2061 5778/507/2061 5779/508/2061
f 5792/506/78 5776/506/2090 5777/239/2029
f 5797/505/2027 5775/505/2027 5774/504/2732
f 5794/510/81 5781/510/81 5775/505/81
f 5773/510/2725 5795/510/81 5796/505/81
f 5794/510/2760 5797/505/38 5813/505/38
f 5767/505/3116 5796/505/2027 5790/504/2027
f 5785/509/50 5801/509/50 5811/510/50
f 5768/506/2728 5793/506/78 5786/239/78
f 5783/508/38 5784/509/38 5800/509/38
f 5770/507/3117 5789/507/2808 5782/508/85
f 5795/510/50 5811/510/50 5812/505/50
f 5772/509/2726 5785/509/2125 5795/510/2125
f 5783/508/38 5799/508/38 5804/507/38
f 5766/504/2756 5790/504/82 5793/506/82
f 5782/508/2762 5798/508/2762 5801/509/50
f 5769/239/2722 5786/239/2060 5789/507/2731
f 5782/508/2762 5789/507/50 5805/507/50
f 5772/509/2726 5771/508/2830 5782/508/2163
f 5787/239/2729 5788/507/38 5804/507/38
f 5811/510/2091 5810/510/2091 5813/505/2091
f 5812/505/2089 5813/505/2089 5807/504/2089
f 5809/506/2090 5808/506/2090 5803/239/2090
f 5798/508/2030 5805/507/2030 5804/507/2030
f 5811/510/2125 5801/509/3502 5800/509/2125
f 5806/504/2165 5807/504/2165 5808/506/2165
f 5802/239/83 5803/239/83 5804/507/83
f 5798/508/2163 5799/508/2163 5800/509/2163
f 5784/509/38 5794/510/2760 5810/510/2760
f 5790/504/50 5796/505/50 5812/505/50
f 5793/506/50 5790/504/50 5806/504/2762
f 5791/504/38 5807/504/38 5813/505/38
f 5792/506/38 5808/506/38 5807/504/38
f 5786/239/2733 5793/506/50 5809/506/50
f 5786/239/2733 5802/239/2733 5805/507/50
f 5787/239/2729 5803/239/2729 5808/506/38
f 5722/513/3097 5726/514/2766 5730/515/2813
f 5930/31/3773 5927/35/3773 5929/28/3773
f 5934/31/3774 5932/35/3774 5933/511/3774
f 5929/28/3775 5932/35/3775 5931/28/3775
f 5931/28/3776 5930/31/3777 5929/28/3778
f 5932/35/3779 5928/511/3780 5933/511/3781
f 5933/511/3782 5930/31/3782 5934/31/3782
f 5936/511/3783 5937/28/3783 5938/31/3783
f 5937/28/3784 5940/35/3784 5939/28/3784
f 5941/511/3118 5942/31/3118 5939/28/3119
f 5939/28/3785 5938/31/3786 5937/28/3787
f 5940/35/3788 5936/511/3789 5941/511/3790
f 5936/511/3791 5942/31/3791 5941/511/3791
f 5946/31/3792 5943/35/3792 5945/28/3792
f 5950/31/3793 5948/35/3794 5949/511/3793
f 5945/28/3795 5948/35/3795 5947/28/3795
f 5947/28/3796 5946/31/3797 5945/28/3798
f 5948/35/3799 5944/511/3800 5949/511/3801
f 5949/511/3802 5946/31/3803 5950/31/3802
f 5952/511/3804 5953/28/3804 5954/31/3804
f 5953/28/3805 5956/35/3806 5955/28/3806
f 5957/511/3120 5958/31/3120 5955/28/3121
f 5955/28/3807 5954/31/3808 5953/28/3809
f 5956/35/3810 5952/511/3811 5957/511/3812
f 5957/511/3813 5954/31/3813 5958/31/3813
f 577/35/61 576/35/61 539/35/61
f 3551/240/43 3550/505/2035 3554/238/2031
f 3554/238/2031 3553/569/2033 3552/239/2032
f 5/289/2301 3/296/2372 4/290/2302
f 3904/239/2834 3905/507/2847 3886/507/2835
f 4046/239/2854 4047/507/2868 4028/507/2855
f 5037/239/2986 5038/507/2997 5019/507/2835
f 5603/239/3079 5604/507/3766 5585/507/2855
f 431/239/40 430/549/43 429/505/41
f 429/505/41 433/554/33 432/512/35
f 448/515/38 449/570/38 442/521/38
f 442/521/38 443/571/38 444/513/38
f 444/513/38 445/572/38 446/514/38
f 446/514/38 447/573/38 448/515/38
f 448/515/38 442/521/38 444/513/38
f 458/35/50 460/35/50 461/35/50
f 461/35/50 462/35/50 463/35/50
f 463/35/50 464/35/50 465/35/50
f 465/35/50 459/35/50 458/35/50
f 458/35/50 461/35/50 463/35/50
f 576/35/61 578/35/61 540/35/61
f 578/35/61 579/35/61 541/35/61
f 579/35/61 580/35/61 542/35/61
f 581/35/61 543/35/61 542/35/61
f 543/35/61 581/35/61 582/35/61
f 583/35/61 545/35/61 544/35/61
f 583/35/61 584/35/61 546/35/61
f 584/35/61 585/35/61 547/35/61
f 585/35/61 586/35/61 548/35/61
f 548/35/61 586/35/61 587/35/61
f 549/35/61 587/35/61 588/35/61
f 588/35/61 589/35/61 551/35/61
f 589/35/61 590/35/61 552/35/61
f 590/35/61 591/35/61 553/35/61
f 553/35/61 591/35/61 592/35/61
f 554/35/61 592/35/61 593/35/61
f 594/35/61 556/35/61 555/35/61
f 556/35/61 594/35/61 595/35/61
f 596/35/61 558/35/61 557/35/61
f 558/35/61 596/35/61 597/35/61
f 598/35/61 560/35/61 559/35/61
f 598/35/61 599/35/61 561/35/61
f 561/35/61 599/35/61 600/35/61
f 562/35/61 600/35/61 601/35/61
f 563/35/61 601/35/61 602/35/61
f 602/35/61 603/35/61 565/35/61
f 603/35/61 604/35/61 566/35/61
f 566/35/61 604/35/61 605/35/61
f 606/35/61 568/35/61 567/35/61
f 606/35/61 607/35/61 569/35/61
f 607/35/61 608/35/61 570/35/61
f 609/35/61 610/35/61 572/35/61
f 610/35/61 611/35/61 573/35/61
f 611/35/61 612/35/61 574/35/61
f 612/35/61 613/35/61 575/35/61
f 613/35/61 577/35/61 538/35/61
f 561/35/3136 562/35/3136 676/35/3136
f 612/35/3137 611/35/3138 649/35/3138
f 586/35/87 585/35/87 623/35/87
f 562/35/373 563/35/399 677/35/399
f 613/35/3139 612/35/3140 650/35/3140
f 625/35/3141 587/35/3141 586/35/3141
f 563/35/3142 564/35/3142 678/35/3142
f 615/35/3143 577/35/3143 613/35/3144
f 588/35/3145 587/35/3145 625/35/3145
f 564/35/3146 565/35/3146 679/35/3146
f 538/35/3147 539/35/3147 652/35/3147
f 589/35/3148 588/35/3149 626/35/3149
f 679/35/3151 565/35/3151 566/35/3151
f 652/35/3152 539/35/3152 540/35/3152
f 628/35/3153 590/35/3153 589/35/3153
f 566/35/87 567/35/87 681/35/87
f 540/35/3154 541/35/3155 655/35/3155
f 629/35/3156 591/35/3156 590/35/3156
f 567/35/3141 568/35/3141 682/35/3141
f 541/35/3157 542/35/3157 656/35/3157
f 630/35/3158 592/35/3158 591/35/3158
f 568/35/3145 569/35/3145 683/35/3145
f 656/35/3159 542/35/3159 543/35/3159
f 631/35/3160 593/35/3160 592/35/3160
f 683/35/3161 569/35/3161 570/35/3150
f 543/35/408 544/35/384 658/35/384
f 632/35/3162 594/35/3162 593/35/3162
f 544/35/3163 545/35/3163 659/35/3163
f 595/35/3164 594/35/3165 632/35/3165
f 685/35/3156 571/35/3156 572/35/3156
f 545/35/3166 546/35/3166 660/35/3166
f 596/35/3167 595/35/3167 633/35/3167
f 686/35/3158 572/35/3158 573/35/3168
f 546/35/3169 547/35/3169 661/35/3169
f 635/35/3152 597/35/3152 596/35/3152
f 687/35/3170 573/35/3170 574/35/3160
f 547/35/89 548/35/89 662/35/89
f 598/35/3155 597/35/3155 635/35/3155
f 688/35/3162 574/35/3162 575/35/3162
f 548/35/3171 549/35/3171 663/35/3171
f 637/35/3172 599/35/3172 598/35/3172
f 575/35/3165 538/35/3165 653/35/3165
f 663/35/3173 549/35/3173 550/35/3173
f 638/35/3159 600/35/3159 599/35/3159
f 664/35/3174 550/35/3174 551/35/3174
f 639/35/384 601/35/384 600/35/408
f 551/35/3175 552/35/3176 666/35/3176
f 640/35/3177 602/35/3357 601/35/3163
f 552/35/3178 553/35/3178 667/35/3178
f 603/35/3166 602/35/3166 640/35/3166
f 614/35/3179 576/35/3358 577/35/3179
f 553/35/3181 554/35/3181 668/35/3181
f 642/35/3169 604/35/3169 603/35/3169
f 578/35/3182 576/35/3183 614/35/3183
f 668/35/3137 554/35/3137 555/35/3138
f 605/35/89 604/35/89 642/35/89
f 579/35/3184 578/35/3184 616/35/3184
f 555/35/3140 556/35/3185 670/35/3185
f 606/35/3171 605/35/3171 643/35/3171
f 580/35/3186 579/35/498 617/35/498
f 556/35/3143 557/35/3144 671/35/3144
f 607/35/3173 606/35/3173 644/35/3173
f 581/35/3136 580/35/3136 618/35/3136
f 671/35/3180 557/35/3180 558/35/3179
f 608/35/3174 607/35/3174 645/35/3174
f 582/35/399 581/35/399 619/35/399
f 558/35/3183 559/35/3187 673/35/3187
f 583/35/3188 582/35/3189 620/35/3189
f 559/35/3190 560/35/3184 674/35/3184
f 610/35/3191 609/35/3178 647/35/3178
f 622/35/3146 584/35/3146 583/35/3146
f 560/35/498 561/35/498 675/35/498
f 611/35/3181 610/35/3181 648/35/3181
f 585/35/3151 584/35/3151 622/35/3151
f 691/35/61 690/35/61 692/35/61
f 732/35/209 694/35/209 695/35/209
f 734/35/209 696/35/209 694/35/209
f 735/35/209 697/35/209 696/35/209
f 736/35/209 698/35/209 697/35/209
f 699/35/209 698/35/209 736/35/209
f 737/35/209 738/35/209 700/35/209
f 701/35/209 700/35/209 738/35/209
f 740/35/209 702/35/209 701/35/209
f 741/35/209 703/35/209 702/35/209
f 742/35/209 704/35/209 703/35/209
f 742/35/209 743/35/209 705/35/209
f 743/35/209 744/35/209 706/35/209
f 745/35/209 707/35/209 706/35/209
f 746/35/209 708/35/209 707/35/209
f 747/35/209 709/35/209 708/35/209
f 747/35/209 748/35/209 710/35/209
f 748/35/209 749/35/209 711/35/209
f 750/35/209 712/35/209 711/35/209
f 750/35/209 751/35/209 713/35/209
f 714/35/209 713/35/209 751/35/209
f 752/35/209 753/35/209 715/35/209
f 716/35/209 715/35/209 753/35/209
f 755/35/209 717/35/209 716/35/209
f 755/35/209 756/35/209 718/35/209
f 756/35/209 757/35/209 719/35/209
f 757/35/209 758/35/209 720/35/209
f 759/35/209 721/35/209 720/35/209
f 760/35/209 722/35/209 721/35/209
f 760/35/209 761/35/209 723/35/209
f 724/35/209 723/35/209 761/35/209
f 763/35/209 725/35/209 724/35/209
f 764/35/209 726/35/209 725/35/209
f 765/35/209 727/35/209 726/35/209
f 766/35/209 728/35/209 727/35/209
f 767/35/209 729/35/209 728/35/209
f 768/35/209 730/35/209 729/35/209
f 769/35/209 731/35/209 730/35/209
f 733/35/209 695/35/209 731/35/209
f 764/35/3192 693/35/3192 692/35/3153
f 690/35/3176 691/35/3175 726/35/3175
f 3196/35/209 3158/35/209 3159/35/209
f 3198/35/209 3160/35/209 3158/35/209
f 3199/35/209 3161/35/209 3160/35/209
f 3200/35/209 3162/35/209 3161/35/209
f 3163/35/209 3162/35/209 3200/35/209
f 3201/35/209 3202/35/209 3164/35/209
f 3165/35/209 3164/35/209 3202/35/209
f 3204/35/209 3166/35/209 3165/35/209
f 3205/35/209 3167/35/209 3166/35/209
f 3206/35/209 3168/35/209 3167/35/209
f 3206/35/209 3207/35/209 3169/35/209
f 3207/35/209 3208/35/209 3170/35/209
f 3209/35/209 3171/35/209 3170/35/209
f 3210/35/209 3172/35/209 3171/35/209
f 3211/35/209 3173/35/209 3172/35/209
f 3211/35/209 3212/35/209 3174/35/209
f 3212/35/209 3213/35/209 3175/35/209
f 3214/35/209 3176/35/209 3175/35/209
f 3177/35/209 3176/35/209 3214/35/209
f 3215/35/209 3216/35/209 3178/35/209
f 3179/35/209 3178/35/209 3216/35/209
f 3180/35/209 3179/35/209 3217/35/209
f 3219/35/209 3181/35/209 3180/35/209
f 3219/35/209 3220/35/209 3182/35/209
f 3220/35/209 3221/35/209 3183/35/209
f 3221/35/209 3222/35/209 3184/35/209
f 3223/35/209 3185/35/209 3184/35/209
f 3224/35/209 3186/35/209 3185/35/209
f 3224/35/209 3225/35/209 3187/35/209
f 3188/35/209 3187/35/209 3225/35/209
f 3227/35/209 3189/35/209 3188/35/209
f 3228/35/209 3190/35/209 3189/35/209
f 3229/35/209 3191/35/209 3190/35/209
f 3230/35/209 3192/35/209 3191/35/209
f 3231/35/209 3193/35/209 3192/35/209
f 3232/35/209 3194/35/209 3193/35/209
f 3233/35/209 3195/35/209 3194/35/209
f 3197/35/209 3159/35/209 3195/35/209
f 3105/35/3354 3106/35/3136 3220/35/3136
f 3194/35/3137 3156/35/3137 3155/35/3138
f 3130/35/87 3129/35/87 3167/35/87
f 3106/35/373 3107/35/399 3221/35/399
f 3157/35/3140 3156/35/3140 3194/35/3140
f 3131/35/3141 3130/35/3141 3168/35/3141
f 3107/35/3189 3108/35/3189 3222/35/3189
f 3121/35/3143 3157/35/3144 3195/35/3144
f 3132/35/3145 3131/35/3145 3169/35/3145
f 3222/35/3146 3108/35/3146 3109/35/3146
f 3082/35/3167 3083/35/3147 3196/35/3147
f 3133/35/3149 3132/35/3149 3170/35/3149
f 3109/35/3151 3110/35/3151 3224/35/3151
f 3083/35/3152 3084/35/3355 3198/35/3355
f 3134/35/3153 3133/35/3153 3171/35/3153
f 3110/35/87 3111/35/87 3225/35/87
f 3084/35/3154 3085/35/3155 3199/35/3155
f 3135/35/3156 3134/35/3156 3172/35/3156
f 3225/35/3141 3111/35/3141 3112/35/3141
f 3085/35/3157 3086/35/3157 3200/35/3157
f 3136/35/3158 3135/35/3158 3173/35/3158
f 3112/35/3145 3113/35/3145 3227/35/3145
f 3086/35/3159 3087/35/3159 3201/35/3159
f 3175/35/3160 3137/35/3160 3136/35/3160
f 3113/35/3161 3114/35/3161 3228/35/3161
f 3087/35/408 3088/35/384 3202/35/384
f 3138/35/3162 3137/35/3814 3175/35/3162
f 3114/35/3153 3115/35/3192 3229/35/3192
f 3088/35/3163 3089/35/3163 3203/35/3163
f 3177/35/3165 3139/35/3815 3138/35/3164
f 3115/35/3156 3116/35/3156 3230/35/3156
f 3089/35/3166 3090/35/3166 3204/35/3166
f 3140/35/3167 3139/35/3167 3177/35/3167
f 3116/35/3158 3117/35/3356 3231/35/3356
f 3205/35/3169 3204/35/3169 3090/35/3169
f 3179/35/3152 3141/35/3152 3140/35/3152
f 3117/35/3160 3118/35/3170 3232/35/3170
f 3091/35/89 3092/35/89 3206/35/89
f 3142/35/3155 3141/35/3155 3179/35/3155
f 3118/35/3162 3119/35/3162 3233/35/3162
f 3206/35/3171 3092/35/3171 3093/35/3171
f 3143/35/3172 3142/35/3172 3180/35/3172
f 3119/35/3165 3082/35/3165 3197/35/3165
f 3093/35/3173 3094/35/3173 3208/35/3173
f 3144/35/3159 3143/35/3159 3181/35/3159
f 3094/35/3174 3095/35/3360 3209/35/3174
f 3145/35/384 3144/35/384 3182/35/384
f 3095/35/3176 3096/35/3175 3210/35/3175
f 3146/35/3357 3145/35/3177 3183/35/3177
f 3096/35/3178 3097/35/3178 3211/35/3178
f 3185/35/3166 3147/35/3166 3146/35/3166
f 3120/35/3179 3121/35/3180 3159/35/3180
f 3097/35/3181 3098/35/3181 3212/35/3181
f 3148/35/3169 3147/35/3169 3185/35/3169
f 3122/35/3182 3120/35/3183 3158/35/3183
f 3098/35/3138 3099/35/3138 3213/35/3138
f 3149/35/89 3148/35/89 3186/35/89
f 3161/35/3184 3123/35/3184 3122/35/3184
f 3213/35/3140 3099/35/3140 3100/35/3185
f 3187/35/3171 3188/35/3171 3150/35/3171
f 3162/35/3186 3124/35/3186 3123/35/3359
f 3214/35/3144 3100/35/3144 3101/35/3143
f 3151/35/3173 3150/35/3173 3188/35/3173
f 3163/35/3136 3125/35/3136 3124/35/3136
f 3101/35/3179 3102/35/3180 3216/35/3180
f 3190/35/3174 3152/35/3174 3151/35/3174
f 3126/35/373 3125/35/399 3163/35/399
f 3102/35/3183 3103/35/3187 3217/35/3187
f 3153/35/3176 3152/35/3176 3190/35/3176
f 3127/35/3189 3126/35/3189 3164/35/3189
f 3103/35/3190 3104/35/3184 3218/35/3184
f 3192/35/3178 3154/35/3178 3153/35/3178
f 3166/35/3146 3128/35/3146 3127/35/3146
f 3104/35/498 3105/35/498 3219/35/498
f 3155/35/3361 3154/35/3181 3192/35/3181
f 3167/35/3151 3129/35/3151 3128/35/3151
f 3235/35/61 3234/35/61 3272/35/61
f 3234/35/61 3236/35/61 3274/35/61
f 3236/35/61 3237/35/61 3275/35/61
f 3237/35/61 3238/35/61 3276/35/61
f 3239/35/61 3277/35/61 3276/35/61
f 3277/35/61 3239/35/61 3240/35/61
f 3241/35/61 3279/35/61 3278/35/61
f 3241/35/61 3242/35/61 3280/35/61
f 3242/35/61 3243/35/61 3281/35/61
f 3243/35/61 3244/35/61 3282/35/61
f 3282/35/61 3244/35/61 3245/35/61
f 3283/35/61 3245/35/61 3246/35/61
f 3246/35/61 3247/35/61 3285/35/61
f 3247/35/61 3248/35/61 3286/35/61
f 3248/35/61 3249/35/61 3287/35/61
f 3287/35/61 3249/35/61 3250/35/61
f 3288/35/61 3250/35/61 3251/35/61
f 3251/35/61 3252/35/61 3290/35/61
f 3253/35/61 3291/35/61 3290/35/61
f 3291/35/61 3253/35/61 3254/35/61
f 3255/35/61 3293/35/61 3292/35/61
f 3256/35/61 3294/35/61 3293/35/61
f 3256/35/61 3257/35/61 3295/35/61
f 3295/35/61 3257/35/61 3258/35/61
f 3296/35/61 3258/35/61 3259/35/61
f 3297/35/61 3259/35/61 3260/35/61
f 3260/35/61 3261/35/61 3299/35/61
f 3261/35/61 3262/35/61 3300/35/61
f 3300/35/61 3262/35/61 3263/35/61
f 3264/35/61 3302/35/61 3301/35/61
f 3264/35/61 3265/35/61 3303/35/61
f 3265/35/61 3266/35/61 3304/35/61
f 3266/35/61 3267/35/61 3305/35/61
f 3267/35/61 3268/35/61 3306/35/61
f 3268/35/61 3269/35/61 3307/35/61
f 3269/35/61 3270/35/61 3308/35/61
f 3270/35/61 3271/35/61 3309/35/61
f 3271/35/61 3235/35/61 3273/35/61
f 3410/239/2003 3409/574/2005 3408/505/41
f 3408/505/41 3412/554/1999 3411/516/2000
f 3427/515/38 3428/570/38 3421/521/38
f 3421/521/38 3422/571/3816 3423/513/2729
f 3423/513/2729 3424/572/3817 3425/514/2729
f 3425/514/2729 3426/573/38 3427/515/38
f 3427/515/38 3421/521/38 3423/513/2729
f 3437/35/50 3439/35/3818 3440/35/50
f 3440/35/50 3441/35/50 3442/35/50
f 3442/35/50 3443/35/3819 3444/35/50
f 3444/35/50 3438/35/50 3437/35/50
f 3437/35/50 3440/35/50 3442/35/50
f 3569/515/2729 3570/570/38 3563/521/38
f 3563/521/38 3564/571/3820 3565/513/2729
f 3565/513/2729 3566/572/3817 3567/514/2729
f 3567/514/2729 3568/573/3816 3569/515/2729
f 3569/515/2729 3563/521/38 3565/513/2729
f 3579/35/50 3581/35/50 3582/35/50
f 3582/35/50 3583/35/50 3584/35/50
f 3584/35/50 3585/35/50 3586/35/50
f 3586/35/50 3580/35/50 3579/35/50
f 3579/35/50 3582/35/50 3584/35/50
f 3704/521/2760 3705/571/3820 3706/513/2729
f 3706/513/2729 3707/572/3817 3708/514/2729
f 3708/514/2729 3709/573/38 3710/515/38
f 3710/515/38 3711/570/38 3704/521/2760
f 3704/521/2760 3706/513/2729 3708/514/2729
f 3725/35/50 3726/35/50 3727/35/50
f 3727/35/50 3721/35/50 3720/35/50
f 3720/35/50 3722/35/50 3723/35/50
f 3723/35/50 3724/35/50 3725/35/50
f 3725/35/50 3727/35/50 3720/35/50
f 3834/524/2102 3833/506/2098 3832/522/2100
f 3832/522/2100 3836/510/2103 3835/523/2095
f 3849/514/2729 3850/573/3816 3851/515/2760
f 3851/515/2760 3852/570/3821 3845/521/2760
f 3845/521/2760 3846/571/38 3847/513/38
f 3847/513/38 3848/572/38 3849/514/2729
f 3849/514/2729 3851/515/2760 3845/521/2760
f 3868/35/50 3862/35/50 3861/35/50
f 3861/35/50 3863/35/50 3864/35/50
f 3864/35/50 3865/35/50 3866/35/50
f 3866/35/50 3867/35/50 3868/35/50
f 3868/35/50 3861/35/50 3864/35/50
f 3975/526/2135 3974/505/41 3978/525/2031
f 3978/525/2031 3977/545/2131 3976/239/2133
f 3987/521/38 3988/571/38 3989/513/38
f 3989/513/38 3990/572/38 3991/514/2760
f 3991/514/2760 3992/573/3820 3993/515/2760
f 3993/515/2760 3994/570/38 3987/521/38
f 3987/521/38 3989/513/38 3991/514/2760
f 4008/35/50 4009/35/50 4010/35/50
f 4010/35/50 4004/35/50 4003/35/50
f 4003/35/50 4005/35/50 4006/35/50
f 4006/35/50 4007/35/50 4008/35/50
f 4008/35/50 4010/35/50 4003/35/50
f 4119/508/2142 4118/575/2148 4117/506/2145
f 4117/506/2145 4116/576/2146 4120/527/2149
f 4133/514/2729 4134/573/3820 4135/515/2729
f 4135/515/2729 4136/570/38 4129/521/2729
f 4129/521/2729 4130/571/3816 4131/513/38
f 4131/513/38 4132/572/3817 4133/514/2729
f 4133/514/2729 4135/515/2729 4129/521/2729
f 4150/35/50 4151/35/50 4152/35/50
f 4152/35/50 4146/35/50 4145/35/50
f 4145/35/50 4147/35/50 4148/35/50
f 4148/35/50 4149/35/50 4150/35/50
f 4150/35/50 4152/35/50 4145/35/50
f 4261/529/2174 4260/505/2172 4264/528/2173
f 4264/528/2173 4263/577/2166 4262/239/2170
f 4273/521/2729 4274/571/38 4275/513/2729
f 4275/513/2729 4276/572/3821 4277/514/2760
f 4277/514/2760 4278/573/38 4279/515/2760
f 4279/515/2760 4280/570/3817 4273/521/2729
f 4273/521/2729 4275/513/2729 4277/514/2760
f 4294/35/50 4295/35/50 4296/35/50
f 4296/35/50 4290/35/50 4289/35/50
f 4289/35/50 4291/35/50 4292/35/50
f 4292/35/50 4293/35/50 4294/35/50
f 4294/35/50 4296/35/50 4289/35/50
f 4415/513/38 4416/572/3821 4417/514/3820
f 4417/514/3820 4418/573/3822 4419/515/2760
f 4419/515/2760 4420/570/3817 4413/521/3044
f 4413/521/3044 4414/571/3817 4415/513/38
f 4415/513/38 4417/514/3820 4419/515/2760
f 4434/35/50 4435/35/50 4436/35/50
f 4436/35/50 4430/35/50 4429/35/50
f 4429/35/50 4431/35/50 4432/35/50
f 4432/35/50 4433/35/50 4434/35/50
f 4434/35/50 4436/35/50 4429/35/50
f 4542/536/2199 4541/505/2197 4545/534/2191
f 4545/534/2191 4544/508/2193 4543/535/2196
f 4560/515/2760 4561/570/3821 4554/521/3479
f 4554/521/3479 4555/571/3820 4556/513/2760
f 4556/513/2760 4557/572/38 4558/514/2729
f 4558/514/2729 4559/573/3816 4560/515/2760
f 4560/515/2760 4554/521/3479 4556/513/2760
f 4575/35/50 4576/35/50 4577/35/50
f 4577/35/50 4571/35/50 4570/35/50
f 4570/35/50 4572/35/50 4573/35/50
f 4573/35/50 4574/35/50 4575/35/50
f 4575/35/50 4577/35/50 4570/35/50
f 4686/508/2205 4685/578/2207 4684/537/2211
f 4684/537/2211 4683/505/2208 4687/534/2203
f 4698/513/3044 4699/572/3817 4700/514/2760
f 4700/514/2760 4701/573/3820 4702/515/3479
f 4702/515/3479 4703/570/3821 4696/521/2729
f 4696/521/2729 4697/571/3816 4698/513/3044
f 4698/513/3044 4700/514/2760 4702/515/3479
f 4717/35/50 4718/35/50 4719/35/50
f 4719/35/50 4713/35/50 4712/35/50
f 4712/35/50 4714/35/50 4715/35/50
f 4715/35/50 4716/35/50 4717/35/50
f 4717/35/50 4719/35/50 4712/35/50
f 4839/513/38 4840/572/38 4841/514/2729
f 4841/514/2729 4842/573/3816 4843/515/2729
f 4843/515/2729 4844/570/3817 4837/521/38
f 4837/521/38 4838/571/3816 4839/513/38
f 4839/513/38 4841/514/2729 4843/515/2729
f 4858/35/50 4859/35/50 4860/35/50
f 4860/35/50 4854/35/50 4853/35/50
f 4853/35/50 4855/35/50 4856/35/50
f 4856/35/50 4857/35/50 4858/35/50
f 4858/35/50 4860/35/50 4853/35/50
f 4966/506/2234 4965/579/2236 4969/541/2229
f 4969/541/2229 4968/508/2231 4967/542/2237
f 4980/513/2760 4981/572/38 4982/514/2760
f 4982/514/2760 4983/573/3816 4984/515/3044
f 4984/515/3044 4985/570/3817 4978/521/3044
f 4978/521/3044 4979/571/3820 4980/513/2760
f 4980/513/2760 4982/514/2760 4984/515/3044
f 4999/35/50 5000/35/50 5001/35/50
f 5001/35/50 4995/35/50 4994/35/50
f 4994/35/50 4996/35/50 4997/35/50
f 4997/35/50 4998/35/50 4999/35/50
f 4999/35/50 5001/35/50 4994/35/50
f 5110/545/35 5109/239/2244 5108/543/2135
f 5108/543/2135 5107/505/2035 5111/544/2243
f 5124/514/38 5125/573/38 5126/515/2760
f 5126/515/2760 5127/570/3821 5120/521/2760
f 5120/521/2760 5121/571/3816 5122/513/2729
f 5122/513/2729 5123/572/38 5124/514/38
f 5124/514/38 5126/515/2760 5120/521/2760
f 5141/35/50 5142/35/50 5143/35/50
f 5143/35/50 5137/35/50 5136/35/50
f 5136/35/50 5138/35/50 5139/35/50
f 5139/35/50 5140/35/50 5141/35/50
f 5141/35/50 5143/35/50 5136/35/50
f 5250/548/2260 5249/505/2257 5253/546/2254
f 5253/546/2254 5252/508/2252 5251/547/2253
f 5266/514/2760 5267/573/3820 5268/515/38
f 5268/515/38 5269/570/3821 5262/521/38
f 5262/521/38 5263/571/3816 5264/513/2760
f 5264/513/2760 5265/572/3821 5266/514/2760
f 5266/514/2760 5268/515/38 5262/521/38
f 5283/35/50 5284/35/50 5285/35/50
f 5285/35/50 5279/35/50 5278/35/50
f 5278/35/50 5280/35/50 5281/35/50
f 5281/35/50 5282/35/50 5283/35/50
f 5283/35/50 5285/35/50 5278/35/50
f 5391/549/2273 5390/505/2272 5394/544/2269
f 5394/544/2269 5393/580/2270 5392/239/2271
f 5403/521/2760 5404/571/3820 5405/513/2760
f 5405/513/2760 5406/572/38 5407/514/2729
f 5407/514/2729 5408/573/3816 5409/515/2729
f 5409/515/2729 5410/570/38 5403/521/2760
f 5403/521/2760 5405/513/2760 5407/514/2729
f 5422/35/50 5423/35/50 5424/35/50
f 5424/35/50 5425/35/50 5426/35/50
f 5426/35/50 5420/35/50 5419/35/50
f 5419/35/50 5421/35/50 5422/35/50
f 5422/35/50 5424/35/50 5426/35/50
f 5532/551/2285 5531/505/2283 5535/550/2276
f 5535/550/2276 5534/581/2278 5533/239/2279
f 5544/521/3044 5545/571/3816 5546/513/2760
f 5546/513/2760 5547/572/3821 5548/514/2760
f 5548/514/2760 5549/573/38 5550/515/2729
f 5550/515/2729 5551/570/3817 5544/521/3044
f 5544/521/3044 5546/513/2760 5548/514/2760
f 5565/35/50 5566/35/50 5567/35/50
f 5567/35/50 5561/35/50 5560/35/50
f 5560/35/50 5562/35/50 5563/35/50
f 5563/35/50 5564/35/50 5565/35/50
f 5565/35/50 5567/35/50 5560/35/50
f 5674/553/2174 5673/505/2292 5677/552/2291
f 5677/552/2291 5676/580/35 5675/239/2032
f 5692/515/38 5693/570/38 5686/521/2760
f 5686/521/2760 5687/571/3820 5688/513/2760
f 5688/513/2760 5689/572/38 5690/514/38
f 5690/514/38 5691/573/38 5692/515/38
f 5692/515/38 5686/521/2760 5688/513/2760
f 5707/35/50 5708/35/50 5709/35/50
f 5709/35/50 5703/35/50 5702/35/50
f 5702/35/50 5704/35/50 5705/35/50
f 5705/35/50 5706/35/50 5707/35/50
f 5707/35/50 5709/35/50 5702/35/50
f 5815/549/2299 5814/505/2298 5818/554/2294
f 5818/554/2294 5817/508/2295 5816/555/2297
f 5831/514/2729 5832/573/38 5833/515/2760
f 5833/515/2760 5834/570/38 5827/521/38
f 5827/521/38 5828/571/38 5829/513/2729
f 5829/513/2729 5830/572/3817 5831/514/2729
f 5831/514/2729 5833/515/2760 5827/521/38
f 5843/35/50 5845/35/50 5846/35/50
f 5846/35/50 5847/35/50 5848/35/50
f 5848/35/50 5849/35/50 5850/35/50
f 5850/35/50 5844/35/50 5843/35/50
f 5843/35/50 5846/35/50 5848/35/50
f 7/299/2376 5/289/2301 6/291/2303
f 13/303/2380 12/302/2379 15/556/2397
f 16/558/2396 14/557/2395 15/556/2397
f 16/558/2396 17/559/2398 19/560/2399
f 21/305/2382 20/304/2381 23/561/2401
f 24/563/2402 22/562/2400 23/561/2401
f 24/563/2402 25/564/2403 27/565/2404
f 33/566/2406 31/311/2388 32/567/2405
f 35/314/2390 33/566/2406 34/568/2407
f 202/443/61 215/423/61 168/417/61
f 172/461/61 174/465/61 204/428/61
f 204/428/61 174/465/61 176/351/61
f 178/469/61 180/472/61 206/437/61
f 180/472/61 182/453/61 207/442/228
f 182/453/61 185/455/61 208/447/61
f 185/455/61 187/460/61 209/424/61
f 187/460/61 189/463/61 210/427/61
f 210/427/61 189/463/61 192/388/61
f 198/404/61 199/452/61 214/445/61
f 214/445/61 199/452/61 201/317/61
f 221/467/2636 220/464/2632 219/334/209
f 219/334/209 218/456/209 216/418/2523
f 216/418/2523 217/458/2625 233/317/2623
f 233/317/2623 232/451/2616 231/473/2645
f 231/473/2645 230/470/2641 229/466/2634
f 229/466/2634 228/381/209 227/462/2630
f 227/462/2630 226/459/2626 225/454/2619
f 225/454/2619 224/366/2646 223/471/2643
f 223/471/2643 222/468/2639 221/467/2636
f 221/467/2636 219/334/209 216/418/2523
f 216/418/2523 233/317/2623 231/473/2645
f 231/473/2645 229/466/2634 227/462/2630
f 227/462/2630 225/454/2619 223/471/2643
f 223/471/2643 221/467/2636 216/418/2523
f 216/418/2523 231/473/2645 227/462/2630
f 169/327/209 166/475/209 234/441/209
f 239/436/209 179/488/209 177/348/209
f 181/490/209 179/488/209 239/436/209
f 240/440/209 241/446/209 183/362/209
f 243/426/209 188/481/209 186/373/209
f 190/383/209 188/481/209 243/426/209
f 246/438/209 195/489/209 194/390/209
f 246/438/209 247/444/209 197/492/209
f 200/480/209 197/492/209 247/444/209
f 256/495/2672 257/362/2675 258/420/2526
f 258/420/2526 259/373/61 260/483/61
f 260/483/61 261/485/2657 262/487/2661
f 262/487/2661 263/493/2667 264/496/2674
f 264/496/2674 265/407/3566 266/498/2678
f 266/498/2678 249/494/2669 250/497/2677
f 250/497/2677 251/482/219 252/337/61
f 252/337/61 253/484/2655 254/486/2659
f 254/486/2659 255/491/2665 256/495/2672
f 256/495/2672 258/420/2526 260/483/61
f 260/483/61 262/487/2661 264/496/2674
f 264/496/2674 266/498/2678 250/497/2677
f 250/497/2677 252/337/61 254/486/2659
f 254/486/2659 256/495/2672 260/483/61
f 260/483/61 264/496/2674 250/497/2677
f 358/239/3563 359/507/3577 340/507/3564
f 355/504/3567 357/506/3579 336/506/3568
f 362/510/2706 346/510/3823 344/509/3570
f 360/508/2700 342/508/3824 340/507/3571
f 358/239/2691 338/239/3656 336/506/3572
f 355/504/2694 334/504/3825 332/505/3573
f 356/505/2692 332/505/3676 346/510/3574
f 361/509/2703 344/509/3826 342/508/3575
f 394/508/50 393/507/50 392/239/50
f 392/239/50 391/506/50 389/504/50
f 389/504/50 390/505/50 396/510/50
f 396/510/50 395/509/50 394/508/50
f 394/508/50 392/239/50 389/504/50
f 343/515/2685 345/570/2686 331/521/2680
f 331/521/2680 333/571/2679 335/513/2681
f 335/513/2681 337/572/2682 339/514/2683
f 339/514/2683 341/573/2684 343/515/2685
f 343/515/2685 331/521/2680 335/513/2681
f 3337/239/3563 3338/507/2751 3319/507/3564
f 3334/504/2745 3336/506/2741 3315/506/3581
f 3340/509/3583 3341/510/3592 3325/510/3584
f 3339/508/2738 3321/508/3824 3319/507/3586
f 3337/239/2743 3317/239/3656 3315/506/3587
f 3334/504/2745 3313/504/3827 3311/505/3588
f 3335/505/2746 3311/505/3828 3325/510/3589
f 3340/509/2740 3323/509/3662 3321/508/3590
f 3373/508/50 3372/507/50 3371/239/50
f 3371/239/50 3370/506/50 3368/504/50
f 3368/504/50 3369/505/50 3375/510/50
f 3375/510/50 3374/509/50 3373/508/50
f 3373/508/50 3371/239/50 3368/504/50
f 3322/515/2685 3324/570/2686 3310/521/2735
f 3310/521/2735 3312/571/2734 3314/513/2736
f 3314/513/2736 3316/572/2737 3318/514/2683
f 3318/514/2683 3320/573/2684 3322/515/2685
f 3322/515/2685 3310/521/2735 3314/513/2736
f 3480/239/2778 3481/507/2780 3462/507/3593
f 3479/506/2774 3458/506/3829 3456/504/3595
f 3483/509/3596 3484/510/3592 3468/510/3584
f 3481/507/2780 3482/508/2767 3464/508/3597
f 3480/239/2778 3460/239/3830 3458/506/3599
f 3477/504/2771 3456/504/3684 3454/505/3600
f 3478/505/2772 3454/505/3828 3468/510/3589
f 3483/509/2769 3466/509/3662 3464/508/3601
f 3515/508/50 3514/507/50 3513/239/50
f 3513/239/50 3512/506/50 3510/504/50
f 3510/504/50 3511/505/50 3517/510/50
f 3517/510/50 3516/509/50 3515/508/50
f 3515/508/50 3513/239/50 3510/504/50
f 3465/515/2685 3467/570/2686 3453/521/2735
f 3453/521/2735 3455/571/2764 3457/513/2736
f 3457/513/2736 3459/572/2765 3461/514/2766
f 3461/514/2766 3463/573/2684 3465/515/2685
f 3465/515/2685 3453/521/2735 3457/513/2736
f 3623/507/2799 3604/507/3831 3602/239/3603
f 3619/504/3604 3621/506/3615 3600/506/3605
f 3626/510/2803 3610/510/3716 3608/509/3606
f 3624/508/2798 3606/508/3598 3604/507/3607
f 3621/506/2795 3622/239/2797 3602/239/3608
f 3619/504/2790 3598/504/3825 3596/505/3610
f 3626/510/2803 3620/505/2788 3596/505/3611
f 3625/509/2801 3608/509/3700 3606/508/3613
f 3652/504/50 3653/505/50 3659/510/50
f 3659/510/50 3658/509/50 3657/508/50
f 3657/508/50 3656/507/50 3655/239/50
f 3655/239/50 3654/506/50 3652/504/50
f 3652/504/50 3659/510/50 3657/508/50
f 3764/507/2824 3745/507/3832 3743/239/3617
f 3603/514/2766 3605/573/2684 3607/515/2685
f 3607/515/2685 3609/570/2787 3595/521/2785
f 3595/521/2785 3597/571/2764 3599/513/2786
f 3599/513/2786 3601/572/2682 3603/514/2766
f 3603/514/2766 3607/515/2685 3595/521/2785
f 3760/504/2818 3762/506/2820 3741/506/3619
f 3767/510/2828 3751/510/3716 3749/509/3606
f 3764/507/2824 3765/508/2823 3747/508/3621
f 3762/506/2820 3763/239/2822 3743/239/3623
f 3761/505/2815 3760/504/2818 3739/504/3625
f 3767/510/2828 3761/505/2815 3737/505/3627
f 3766/509/2826 3749/509/3700 3747/508/3628
f 3797/508/50 3796/507/50 3795/239/50
f 3795/239/50 3794/506/50 3792/504/50
f 3792/504/50 3793/505/50 3799/510/50
f 3799/510/50 3798/509/50 3797/508/50
f 3797/508/50 3795/239/50 3792/504/50
f 3740/513/2681 3742/572/2811 3744/514/2766
f 3744/514/2766 3746/573/2812 3748/515/2813
f 3748/515/2813 3750/570/2686 3736/521/2785
f 3736/521/2785 3738/571/2679 3740/513/2681
f 3740/513/2681 3744/514/2766 3748/515/2813
f 3901/504/3604 3903/506/3637 3882/506/3605
f 3908/510/2850 3892/510/3716 3890/509/3630
f 3905/507/2847 3906/508/2849 3888/508/3631
f 3903/506/2844 3904/239/2834 3884/239/3632
f 3901/504/2840 3880/504/3825 3878/505/3634
f 3902/505/2838 3878/505/3833 3892/510/3635
f 3907/509/2851 3890/509/3834 3888/508/3636
f 3934/504/50 3935/505/50 3941/510/50
f 3941/510/50 3940/509/50 3939/508/50
f 3939/508/50 3938/507/50 3937/239/50
f 3937/239/50 3936/506/50 3934/504/50
f 3934/504/50 3941/510/50 3939/508/50
f 3877/521/2837 3879/571/2679 3881/513/2786
f 3881/513/2786 3883/572/2765 3885/514/2766
f 3885/514/2766 3887/573/2812 3889/515/2685
f 3889/515/2685 3891/570/2686 3877/521/2837
f 3877/521/2837 3881/513/2786 3885/514/2766
f 4045/506/2858 4024/506/3835 4022/504/3638
f 4034/510/3639 4032/509/3836 4049/509/2872
f 4030/508/3640 4028/507/3837 4047/507/2868
f 4046/239/2860 4026/239/3656 4024/506/3641
f 4043/504/2865 4022/504/3684 4020/505/3642
f 4044/505/2862 4020/505/3838 4034/510/3635
f 4049/509/2872 4032/509/3839 4030/508/3643
f 4081/508/50 4080/507/50 4079/239/50
f 4079/239/50 4078/506/50 4076/504/50
f 4076/504/50 4077/505/50 4083/510/50
f 4083/510/50 4082/509/50 4081/508/50
f 4081/508/50 4079/239/50 4076/504/50
f 4031/515/2813 4033/570/2686 4019/521/2857
f 4019/521/2857 4021/571/2679 4023/513/2681
f 4023/513/2681 4025/572/2682 4027/514/2766
f 4027/514/2766 4029/573/2684 4031/515/2813
f 4031/515/2813 4019/521/2857 4023/513/2681
f 4188/239/2890 4189/507/2883 4170/507/3645
f 4187/506/2879 4166/506/3569 4164/504/3648
f 4192/510/2882 4176/510/3585 4174/509/3652
f 4190/508/2885 4172/508/3706 4170/507/3653
f 4187/506/3654 4188/239/3666 4168/239/3655
f 4185/504/2877 4164/504/3840 4162/505/3657
f 4192/510/3649 4186/505/3651 4162/505/3658
f 4190/508/3660 4191/509/3664 4174/509/3661
f 4225/508/50 4224/507/50 4223/239/50
f 4223/239/50 4222/506/50 4220/504/50
f 4220/504/50 4221/505/50 4227/510/50
f 4227/510/50 4226/509/50 4225/508/50
f 4225/508/50 4223/239/50 4220/504/50
f 4173/515/2685 4175/570/2686 4161/521/2857
f 4161/521/2857 4163/571/2764 4165/513/2681
f 4165/513/2681 4167/572/2765 4169/514/2683
f 4169/514/2683 4171/573/2812 4173/515/2685
f 4173/515/2685 4161/521/2857 4165/513/2681
f 4332/239/2902 4333/507/2905 4314/507/3668
f 4331/506/2903 4310/506/3841 4308/504/3669
f 4335/509/2911 4336/510/2910 4320/510/3670
f 4334/508/2909 4316/508/3824 4314/507/3672
f 4332/239/2902 4312/239/3830 4310/506/3673
f 4329/504/2901 4308/504/3684 4306/505/3674
f 4336/510/2910 4330/505/2898 4306/505/3675
f 4335/509/2911 4318/509/3842 4316/508/3677
f 4361/504/50 4362/505/50 4368/510/50
f 4368/510/50 4367/509/50 4366/508/50
f 4366/508/50 4365/507/50 4364/239/50
f 4364/239/50 4363/506/50 4361/504/50
f 4361/504/50 4368/510/50 4366/508/50
f 4473/507/2924 4454/507/3594 4452/239/3678
f 4313/514/2683 4315/573/2812 4317/515/2896
f 4317/515/2896 4319/570/2686 4305/521/2837
f 4305/521/2837 4307/571/2679 4309/513/2736
f 4309/513/2736 4311/572/2682 4313/514/2683
f 4313/514/2683 4317/515/2896 4305/521/2837
f 4469/504/2920 4471/506/2922 4450/506/3679
f 4476/510/2931 4460/510/3716 4458/509/3606
f 4473/507/2924 4474/508/2926 4456/508/3680
f 4472/239/2921 4452/239/3609 4450/506/3682
f 4470/505/2917 4469/504/2920 4448/504/3683
f 4476/510/2931 4470/505/2917 4446/505/3685
f 4475/509/2930 4458/509/3700 4456/508/3686
f 4501/504/50 4502/505/50 4508/510/50
f 4508/510/50 4507/509/50 4506/508/50
f 4506/508/50 4505/507/50 4504/239/50
f 4504/239/50 4503/506/50 4501/504/50
f 4501/504/50 4508/510/50 4506/508/50
f 4613/239/2943 4614/507/2945 4595/507/3687
f 4453/514/2766 4455/573/2812 4457/515/2685
f 4457/515/2685 4459/570/2787 4445/521/2915
f 4445/521/2915 4447/571/2764 4449/513/2786
f 4449/513/2786 4451/572/2682 4453/514/2766
f 4453/514/2766 4457/515/2685 4445/521/2915
f 4610/504/2936 4612/506/2939 4591/506/3688
f 4617/510/2882 4601/510/3585 4599/509/3692
f 4614/507/2945 4615/508/2944 4597/508/3693
f 4612/506/2939 4613/239/2943 4593/239/3695
f 4589/504/3697 4587/505/3843 4611/505/2937
f 4617/510/3689 4611/505/3691 4587/505/3698
f 4615/508/2944 4616/509/2933 4599/509/3699
f 4648/508/50 4647/507/50 4646/239/50
f 4646/239/50 4645/506/50 4643/504/50
f 4643/504/50 4644/505/50 4650/510/50
f 4650/510/50 4649/509/50 4648/508/50
f 4648/508/50 4646/239/50 4643/504/50
f 4756/507/2952 4737/507/3080 4735/239/3701
f 4594/514/2683 4596/573/2684 4598/515/2896
f 4598/515/2896 4600/570/2787 4586/521/2680
f 4586/521/2680 4588/571/2734 4590/513/2736
f 4590/513/2736 4592/572/2682 4594/514/2683
f 4594/514/2683 4598/515/2896 4586/521/2680
f 4754/506/2957 4733/506/3620 4731/504/3702
f 4759/510/2965 4743/510/3671 4741/509/3703
f 4756/507/3704 4757/508/3712 4739/508/3705
f 4755/239/2950 4735/239/3609 4733/506/3707
f 4753/505/2955 4752/504/2954 4731/504/3708
f 4759/510/2965 4753/505/2955 4729/505/3709
f 4758/509/2964 4741/509/3700 4739/508/3628
f 4790/508/50 4789/507/50 4788/239/50
f 4788/239/50 4787/506/50 4785/504/50
f 4785/504/50 4786/505/50 4792/510/50
f 4792/510/50 4791/509/50 4790/508/50
f 4790/508/50 4788/239/50 4785/504/50
f 4896/239/2975 4897/507/2977 4878/507/3713
f 4736/514/2683 4738/573/2949 4740/515/2896
f 4740/515/2896 4742/570/2686 4728/521/2785
f 4728/521/2785 4730/571/2679 4732/513/2786
f 4732/513/2786 4734/572/2737 4736/514/2683
f 4736/514/2683 4740/515/2896 4728/521/2785
f 4895/506/2973 4874/506/3620 4872/504/3714
f 4899/509/2983 4900/510/2984 4884/510/3715
f 4897/507/2977 4898/508/2981 4880/508/3717
f 4896/239/2975 4876/239/3830 4874/506/3719
f 4893/504/2970 4872/504/3684 4870/505/3720
f 4900/510/2984 4894/505/2971 4870/505/3721
f 4882/509/3722 4880/508/3839 4898/508/2981
f 4930/508/50 4929/507/50 4928/239/50
f 4928/239/50 4927/506/50 4925/504/50
f 4925/504/50 4926/505/50 4932/510/50
f 4932/510/50 4931/509/50 4930/508/50
f 4930/508/50 4928/239/50 4925/504/50
f 4869/521/2837 4871/571/2734 4873/513/2681
f 4873/513/2681 4875/572/2737 4877/514/2968
f 4877/514/2968 4879/573/2812 4881/515/2896
f 4881/515/2896 4883/570/2686 4869/521/2837
f 4869/521/2837 4873/513/2681 4877/514/2968
f 5036/506/2990 5015/506/3569 5013/504/3723
f 5041/510/3001 5025/510/3844 5023/509/3724
f 5038/507/2997 5039/508/2999 5021/508/3631
f 5036/506/3725 5037/239/3729 5017/239/3726
f 5034/504/2988 5013/504/3684 5011/505/3600
f 5035/505/2992 5011/505/3828 5025/510/3727
f 5040/509/2964 5023/509/3700 5021/508/3628
f 5072/508/50 5071/507/50 5070/239/50
f 5070/239/50 5069/506/50 5067/504/50
f 5067/504/50 5068/505/50 5074/510/50
f 5074/510/50 5073/509/50 5072/508/50
f 5072/508/50 5070/239/50 5067/504/50
f 5022/515/2685 5024/570/2686 5010/521/2735
f 5010/521/2735 5012/571/2679 5014/513/2736
f 5014/513/2736 5016/572/2987 5018/514/2683
f 5018/514/2683 5020/573/2684 5022/515/2685
f 5022/515/2685 5010/521/2735 5014/513/2736
f 5180/507/3017 5161/507/3594 5159/239/3678
f 5176/504/3567 5178/506/3579 5157/506/3732
f 5183/510/3020 5167/510/3844 5165/509/3733
f 5181/508/3019 5163/508/3845 5161/507/3734
f 5179/239/3015 5159/239/3609 5157/506/3735
f 5176/504/3008 5155/504/3825 5153/505/3736
f 5177/505/3006 5153/505/3846 5167/510/3737
f 5182/509/3021 5165/509/3847 5163/508/3636
f 5214/508/50 5213/507/50 5212/239/50
f 5212/239/50 5211/506/50 5209/504/50
f 5209/504/50 5210/505/50 5216/510/50
f 5216/510/50 5215/509/50 5214/508/50
f 5214/508/50 5212/239/50 5209/504/50
f 5164/515/2685 5166/570/2686 5152/521/2857
f 5152/521/2857 5154/571/2764 5156/513/2736
f 5156/513/2736 5158/572/2987 5160/514/2766
f 5160/514/2766 5162/573/2684 5164/515/2685
f 5164/515/2685 5152/521/2857 5156/513/2736
f 5321/239/3033 5322/507/3035 5303/507/3739
f 5320/506/3031 5299/506/3582 5297/504/3740
f 5324/509/3037 5325/510/3040 5309/510/3741
f 5305/508/3743 5303/507/3848 5322/507/3035
f 5320/506/3031 5321/239/3033 5301/239/3744
f 5318/504/3029 5297/504/3849 5295/505/3746
f 5319/505/3026 5295/505/3676 5309/510/3747
f 5323/508/3034 5324/509/3037 5307/509/3748
f 5355/508/50 5354/507/50 5353/239/50
f 5353/239/50 5352/506/50 5350/504/50
f 5350/504/50 5351/505/50 5357/510/50
f 5357/510/50 5356/509/50 5355/508/50
f 5355/508/50 5353/239/50 5350/504/50
f 5306/515/2813 5308/570/2686 5294/521/2857
f 5294/521/2857 5296/571/2764 5298/513/2681
f 5298/513/2681 5300/572/2765 5302/514/3024
f 5302/514/3024 5304/573/2684 5306/515/2813
f 5306/515/2813 5294/521/2857 5298/513/2681
f 5463/507/3055 5444/507/3831 5442/239/3750
f 5459/504/3051 5461/506/3052 5440/506/3619
f 5466/510/3059 5450/510/3850 5448/509/3751
f 5464/508/3054 5446/508/3598 5444/507/3607
f 5461/506/3052 5462/239/2797 5442/239/3608
f 5460/505/3048 5459/504/3051 5438/504/3752
f 5466/510/3059 5460/505/3048 5436/505/3754
f 5465/509/3057 5448/509/3826 5446/508/3755
f 5494/239/50 5493/506/50 5491/504/50
f 5491/504/50 5492/505/50 5498/510/50
f 5498/510/50 5497/509/50 5496/508/50
f 5496/508/50 5495/507/50 5494/239/50
f 5494/239/50 5491/504/50 5498/510/50
f 5435/521/2785 5437/571/2764 5439/513/2736
f 5439/513/2736 5441/572/2765 5443/514/2766
f 5443/514/2766 5445/573/2812 5447/515/2685
f 5447/515/2685 5449/570/2686 5435/521/2785
f 5435/521/2785 5439/513/2736 5443/514/2766
f 5600/504/3084 5602/506/3081 5581/506/3581
f 5607/510/3094 5591/510/3823 5589/509/3760
f 5605/508/3093 5587/508/3598 5585/507/3761
f 5603/239/2743 5583/239/3656 5581/506/3762
f 5600/504/3084 5579/504/3827 5577/505/3746
f 5601/505/3085 5577/505/3676 5591/510/3763
f 5606/509/3095 5589/509/3851 5587/508/3764
f 5633/504/50 5634/505/2762 5640/510/50
f 5640/510/50 5639/509/3065 5638/508/50
f 5638/508/50 5637/507/50 5636/239/50
f 5636/239/50 5635/506/3065 5633/504/50
f 5633/504/50 5640/510/50 5638/508/50
f 5588/515/2685 5590/570/2686 5576/521/2735
f 5576/521/2735 5578/571/2734 5580/513/2736
f 5580/513/2736 5582/572/2737 5584/514/2766
f 5584/514/2766 5586/573/2684 5588/515/2685
f 5588/515/2685 5576/521/2735 5580/513/2736
f 5746/507/3110 5727/507/3852 5725/239/3767
f 5744/506/3106 5723/506/3853 5721/504/3769
f 5749/510/3115 5733/510/3716 5731/509/3751
f 5729/508/3743 5727/507/3848 5746/507/3110
f 5725/239/3770 5723/506/3854 5744/506/3106
f 5721/504/3771 5719/505/3855 5743/505/3101
f 5743/505/3101 5719/505/3838 5733/510/3635
f 5747/508/3109 5748/509/3112 5731/509/3772
f 5779/508/50 5778/507/50 5777/239/50
f 5777/239/50 5776/506/50 5774/504/50
f 5774/504/50 5775/505/50 5781/510/50
f 5781/510/50 5780/509/50 5779/508/50
f 5779/508/50 5777/239/50 5774/504/50
f 5730/515/2813 5732/570/2787 5718/521/2785
f 5718/521/2785 5720/571/3096 5722/513/3097
f 5722/513/3097 5724/572/2765 5726/514/2766
f 5726/514/2766 5728/573/2812 5730/515/2813
f 5730/515/2813 5718/521/2785 5722/513/3097
f 5930/31/3773 5928/511/3773 5927/35/3773
f 5934/31/3774 5931/28/3774 5932/35/3774
f 5929/28/3775 5927/35/3775 5932/35/3775
f 5931/28/3776 5934/31/3856 5930/31/3777
f 5932/35/3779 5927/35/3857 5928/511/3780
f 5933/511/3782 5928/511/3782 5930/31/3782
f 5936/511/3783 5935/35/3783 5937/28/3783
f 5937/28/3784 5935/35/3784 5940/35/3784
f 5939/28/3785 5942/31/3858 5938/31/3786
f 5940/35/3788 5935/35/3859 5936/511/3789
f 5936/511/3791 5938/31/3791 5942/31/3791
f 5946/31/3792 5944/511/3792 5943/35/3792
f 5950/31/3793 5947/28/3794 5948/35/3794
f 5945/28/3795 5943/35/3795 5948/35/3795
f 5947/28/3796 5950/31/3860 5946/31/3797
f 5948/35/3799 5943/35/3861 5944/511/3800
f 5949/511/3802 5944/511/3803 5946/31/3803
f 5952/511/3804 5951/35/3804 5953/28/3804
f 5953/28/3805 5951/35/3805 5956/35/3806
f 5955/28/3807 5958/31/3862 5954/31/3808
f 5956/35/3810 5951/35/3863 5952/511/3811
f 5957/511/3813 5952/511/3813 5954/31/3813
