# Blender 4.2.3 LTS
# www.blender.org
mtllib jam.mtl
o jam
v -0.547968 0.944017 -0.127512
v -0.547684 0.943506 -0.118805
v -0.544902 0.944583 -0.136670
v -0.546232 0.943631 -0.100759
v -0.540906 0.944455 -0.137946
v -0.541117 0.942048 -0.126628
v -0.540976 0.941111 -0.110928
v -0.535315 0.943443 -0.129796
v -0.536492 0.940937 -0.109174
v -0.530421 0.943933 -0.118462
v -0.529985 0.943262 -0.106277
v -0.543789 0.943899 -0.069684
v -0.541237 0.942921 -0.076369
v -0.536581 0.942213 -0.083622
v -0.529962 0.943779 -0.094173
v -0.531087 0.943842 -0.081299
v -0.545509 0.943842 -0.044345
v -0.541327 0.943204 -0.048783
v -0.536452 0.942779 -0.060968
v -0.535109 0.943872 -0.049220
v -0.538812 0.943991 -0.034212
v -0.531765 0.943907 -0.062699
v -0.547773 0.943886 -0.035276
v -0.549001 0.944118 -0.025525
v -0.547761 0.943716 -0.006745
v -0.545953 0.943326 -0.023223
v -0.541761 0.943045 -0.018554
v -0.541197 0.942755 0.004653
v -0.537440 0.943796 -0.016167
v -0.534801 0.943766 0.000033
v -0.493094 0.943936 -0.283230
v -0.491480 0.943889 -0.274514
v -0.131116 0.944059 -0.545186
v -0.131111 0.943949 -0.540821
v -0.126006 0.943678 -0.547165
v -0.123851 0.943929 -0.538936
v -0.117027 0.943791 -0.551496
v -0.112666 0.942614 -0.545908
v -0.107922 0.943708 -0.540942
v -0.104006 0.943707 -0.556800
v -0.082832 0.943607 -0.562013
v -0.070843 0.942681 -0.559819
v -0.102193 0.942050 -0.550408
v -0.097709 0.942519 -0.546646
v -0.092901 0.942102 -0.555042
v -0.084275 0.943765 -0.544782
v -0.081335 0.942123 -0.550936
v -0.077815 0.941831 -0.555172
v -0.062810 0.943990 -0.562026
v -0.052915 0.944213 -0.558831
v -0.056967 0.943391 -0.549061
v -0.060387 0.942597 -0.555101
v -0.046631 0.944063 -0.554708
v -0.046099 0.944087 -0.549971
v -0.010741 0.944414 -0.550411
v -0.009097 0.944683 -0.546120
v -0.002941 0.943896 -0.554504
v 0.011028 0.942796 -0.550472
v -0.546125 0.943869 0.009896
v -0.541752 0.943963 0.018446
v -0.536008 0.943898 0.007916
v -0.537988 0.944305 0.015557
v -0.547677 0.943624 0.061772
v -0.549798 0.943705 0.074424
v -0.544944 0.943961 0.054559
v -0.545472 0.942136 0.070920
v -0.541044 0.944172 0.052118
v -0.540810 0.942030 0.065067
v -0.537935 0.944166 0.054943
v -0.536021 0.943667 0.062697
v -0.535424 0.943817 0.070878
v -0.552562 0.943921 0.103756
v -0.553689 0.943994 0.116081
v -0.550715 0.943949 0.092909
v -0.550569 0.943018 0.116144
v -0.546233 0.943230 0.088246
v -0.545870 0.943404 0.106852
v -0.541269 0.943092 0.083088
v -0.542577 0.944063 0.095824
v -0.541889 0.944016 0.112420
v -0.537651 0.943892 0.080141
v -0.552591 0.943139 0.131793
v -0.553186 0.944535 0.140055
v -0.548595 0.943614 0.149220
v -0.546050 0.942075 0.125441
v -0.545896 0.941778 0.139375
v -0.545536 0.943372 0.153533
v -0.541234 0.942303 0.134724
v -0.541337 0.942445 0.148697
v -0.536965 0.944236 0.131241
v -0.535582 0.943899 0.152757
v -0.541149 0.943914 0.161375
v -0.537949 0.944126 0.163350
v -0.135404 0.944517 0.546342
v -0.118111 0.943817 0.548667
v -0.130511 0.944216 0.550760
v -0.118074 0.944041 0.556747
v -0.106807 0.942558 0.554888
v -0.090465 0.943722 0.548650
v -0.087229 0.941750 0.555242
v -0.071411 0.943925 0.548776
v -0.109716 0.943947 0.560603
v -0.094664 0.941761 0.559737
v -0.099820 0.943819 0.564147
v -0.091016 0.943938 0.566695
v -0.073753 0.941926 0.564696
v -0.078981 0.943584 0.567516
v -0.067365 0.940984 0.560063
v -0.051086 0.941422 0.555353
v -0.038442 0.943279 0.549558
v -0.032515 0.941926 0.555150
v -0.060384 0.943342 0.567897
v -0.047615 0.941031 0.559801
v -0.047624 0.942087 0.564294
v -0.041815 0.943822 0.566892
v -0.032525 0.942059 0.559562
v -0.028830 0.943436 0.562491
v -0.021185 0.943877 0.548614
v -0.013933 0.943099 0.555004
v -0.007578 0.943876 0.549076
v 0.004635 0.942170 0.555201
v -0.012181 0.943972 0.559967
v -0.002200 0.943932 0.561738
v -0.557619 0.962557 -0.125082
v -0.557538 0.963825 -0.109902
v -0.557848 0.961589 -0.088267
v -0.558286 0.964991 -0.078977
v -0.558101 0.969368 -0.079221
v -0.557133 0.973305 -0.083018
v -0.557644 0.958077 -0.049620
v -0.557541 0.954060 -0.038620
v -0.557525 0.960456 -0.060980
v -0.559297 0.960564 -0.038906
v -0.558606 0.965154 -0.051094
v -0.560294 0.964868 -0.029630
v -0.558538 0.969614 -0.043547
v -0.557433 0.973915 -0.060394
v -0.557441 0.974301 -0.036873
v -0.557903 0.952014 -0.021932
v -0.559470 0.955640 -0.023234
v -0.557903 0.954561 0.002981
v -0.560840 0.960155 -0.017988
v -0.559564 0.960367 0.006972
v -0.560962 0.965010 -0.009290
v -0.559992 0.969665 -0.018586
v -0.559574 0.969688 0.008722
v -0.557916 0.975900 -0.008013
v -0.529809 0.956214 -0.222769
v -0.529518 0.961167 -0.227413
v -0.529301 0.964551 -0.228000
v -0.529866 0.971501 -0.223216
v -0.524114 0.953012 -0.228139
v -0.524242 0.956313 -0.232996
v -0.524609 0.960563 -0.235645
v -0.521793 0.965265 -0.241808
v -0.524936 0.971919 -0.233096
v -0.523665 0.979523 -0.228449
v -0.518778 0.952335 -0.234932
v -0.522391 0.951122 -0.222351
v -0.517906 0.956043 -0.245815
v -0.519377 0.960490 -0.246306
v -0.516787 0.967436 -0.251981
v -0.518402 0.976244 -0.242984
v -0.538079 0.957387 -0.187347
v -0.538441 0.961212 -0.197158
v -0.539303 0.959409 -0.188344
v -0.539562 0.964990 -0.194434
v -0.539785 0.969527 -0.190785
v -0.538838 0.975734 -0.185843
v -0.534302 0.957664 -0.213441
v -0.534658 0.956400 -0.206887
v -0.535823 0.956681 -0.195135
v -0.535309 0.960121 -0.213082
v -0.535306 0.964879 -0.213881
v -0.534254 0.971331 -0.211462
v -0.534507 0.975947 -0.201743
v -0.534142 0.981326 -0.190800
v -0.529090 0.953029 -0.218758
v -0.531003 0.953018 -0.204402
v -0.530318 0.953474 -0.194459
v -0.531942 0.954466 -0.185826
v -0.529414 0.979629 -0.214045
v -0.526997 0.951552 -0.213588
v -0.527499 0.952168 -0.204438
v -0.527290 0.954197 -0.191249
v -0.523011 0.951053 -0.212617
v -0.522309 0.953253 -0.201640
v -0.521626 0.957195 -0.187414
v -0.552483 0.959925 -0.151182
v -0.553877 0.965310 -0.146695
v -0.549095 0.953996 -0.152779
v -0.548528 0.959942 -0.161273
v -0.549161 0.964842 -0.161753
v -0.548383 0.969699 -0.162223
v -0.549605 0.971635 -0.155570
v -0.548708 0.976041 -0.151127
v -0.545130 0.948619 -0.147937
v -0.545089 0.952892 -0.157165
v -0.544527 0.958973 -0.170288
v -0.545946 0.955747 -0.160706
v -0.543043 0.961447 -0.178060
v -0.543591 0.965087 -0.178972
v -0.544306 0.970049 -0.175239
v -0.543920 0.974470 -0.171588
v -0.542017 0.980249 -0.168278
v -0.541067 0.948840 -0.150918
v -0.536966 0.953221 -0.168374
v -0.541902 0.952606 -0.160847
v -0.541575 0.956380 -0.170682
v -0.536555 0.949897 -0.153122
v -0.536376 0.955424 -0.180008
v -0.532255 0.953964 -0.172445
v -0.530785 0.952485 -0.155873
v -0.527459 0.955500 -0.176527
v -0.525584 0.956162 -0.161969
v -0.523349 0.955847 -0.143923
v -0.522502 0.957987 -0.175951
v -0.518179 0.961519 -0.167168
v -0.517284 0.961643 -0.144874
v -0.552903 0.949041 -0.132544
v -0.553462 0.949035 -0.122800
v -0.553399 0.953523 -0.142608
v -0.553026 0.949879 -0.107047
v -0.555866 0.955774 -0.134736
v -0.556808 0.956390 -0.122625
v -0.555958 0.955752 -0.109173
v -0.555942 0.960561 -0.139408
v -0.556346 0.966337 -0.132639
v -0.553298 0.971263 -0.141148
v -0.556681 0.969816 -0.107407
v -0.553185 0.975318 -0.129538
v -0.555127 0.974283 -0.108010
v -0.553306 0.979636 -0.098943
v -0.549156 0.948542 -0.142362
v -0.548674 0.980093 -0.139397
v -0.536741 0.945781 -0.139305
v -0.532824 0.949073 -0.145292
v -0.529809 0.947201 -0.131232
v -0.525445 0.949421 -0.123942
v -0.526214 0.952406 -0.139567
v -0.524434 0.948194 -0.106853
v -0.520635 0.952970 -0.111197
v -0.517948 0.958584 -0.126305
v -0.552976 0.950701 -0.084775
v -0.556629 0.957331 -0.081296
v -0.557120 0.959713 -0.101622
v -0.554475 0.980616 -0.064461
v -0.549878 0.947112 -0.092912
v -0.547857 0.946473 -0.072006
v -0.525999 0.947589 -0.083620
v -0.525061 0.948620 -0.069747
v -0.519716 0.955048 -0.087686
v -0.552906 0.948615 -0.043913
v -0.554003 0.947665 -0.030207
v -0.552597 0.951204 -0.065037
v -0.553038 0.950201 -0.051109
v -0.555468 0.955813 -0.060967
v -0.554260 0.980443 -0.033971
v -0.548043 0.946312 -0.055745
v -0.534253 0.946189 -0.037163
v -0.530088 0.948345 -0.042601
v -0.527429 0.947847 -0.055722
v -0.524195 0.952080 -0.052238
v -0.526007 0.952530 -0.042470
v -0.519873 0.955273 -0.065313
v -0.516394 0.962437 -0.050864
v -0.519420 0.961444 -0.037179
v -0.553833 0.948215 -0.007010
v -0.554764 0.951290 0.013960
v -0.552811 0.983324 -0.012765
v -0.534409 0.944541 -0.009256
v -0.531484 0.948602 -0.025512
v -0.527721 0.950350 -0.013567
v -0.527046 0.949707 -0.001166
v -0.527061 0.953156 -0.027870
v -0.520540 0.960545 -0.027871
v -0.518182 0.962244 -0.017991
v -0.521018 0.957714 -0.009915
v -0.517858 0.961034 -0.001932
v -0.520833 0.985301 -0.227335
v -0.529076 0.987276 -0.194786
v -0.523441 0.986826 -0.218250
v -0.524955 0.989290 -0.206988
v -0.525076 0.994217 -0.189078
v -0.518450 0.996251 -0.210560
v -0.519849 0.999259 -0.190407
v -0.543969 0.984179 -0.148800
v -0.537042 0.987666 -0.168243
v -0.539435 0.988931 -0.153434
v -0.533684 0.987644 -0.178499
v -0.533998 0.994823 -0.154382
v -0.536231 0.994472 -0.139669
v -0.530174 0.995758 -0.167747
v -0.525168 0.998707 -0.174299
v -0.526252 1.001209 -0.156810
v -0.529046 1.000315 -0.142348
v -0.520584 1.004730 -0.159004
v -0.548425 0.983904 -0.120794
v -0.543634 0.988219 -0.129844
v -0.541302 0.992696 -0.113543
v -0.532746 0.999822 -0.109182
v -0.523763 1.004999 -0.122242
v -0.549769 0.985111 -0.096196
v -0.550728 0.985987 -0.062426
v -0.545876 0.990493 -0.081594
v -0.540549 0.994617 -0.091462
v -0.541131 0.995159 -0.065039
v -0.534576 0.999741 -0.064913
v -0.526709 1.003721 -0.092477
v -0.525517 1.004721 -0.061193
v -0.550350 0.985640 -0.033390
v -0.546153 0.990771 -0.054294
v -0.545659 0.990305 -0.021487
v -0.539127 0.995510 -0.022648
v -0.532125 0.999871 -0.017568
v -0.525323 1.003886 -0.036583
v -0.554125 0.981411 0.010028
v -0.550457 0.985727 0.012493
v -0.545712 0.990406 0.006971
v -0.524728 1.003791 -0.007984
v -0.493677 0.953774 -0.297919
v -0.491964 0.960475 -0.299603
v -0.492023 0.965620 -0.298037
v -0.490291 0.950496 -0.297740
v -0.490109 0.955702 -0.300050
v -0.488174 0.974618 -0.297769
v -0.484468 0.952122 -0.298532
v -0.485464 0.955702 -0.300559
v -0.485082 0.960769 -0.301847
v -0.484888 0.967109 -0.302029
v -0.481951 0.977744 -0.302781
v -0.483729 0.982055 -0.299809
v -0.510715 0.952346 -0.262335
v -0.511150 0.954993 -0.264867
v -0.509570 0.960378 -0.270047
v -0.508711 0.964939 -0.270264
v -0.513162 0.972394 -0.256846
v -0.505243 0.947737 -0.267718
v -0.508386 0.948461 -0.257713
v -0.506062 0.952217 -0.274935
v -0.506768 0.949404 -0.268565
v -0.506467 0.955819 -0.276514
v -0.506320 0.970329 -0.271619
v -0.510286 0.981431 -0.255428
v -0.501298 0.947941 -0.279623
v -0.504046 0.946495 -0.262476
v -0.501836 0.950789 -0.283460
v -0.501742 0.955930 -0.287159
v -0.500935 0.960209 -0.288339
v -0.501773 0.968104 -0.282209
v -0.504811 0.984081 -0.263157
v -0.497998 0.948066 -0.287306
v -0.497929 0.944985 -0.276036
v -0.499352 0.944901 -0.269155
v -0.499462 0.945522 -0.261044
v -0.496845 0.950863 -0.292965
v -0.497473 0.955859 -0.294276
v -0.497803 0.962259 -0.292879
v -0.495206 0.972367 -0.290218
v -0.497307 0.984572 -0.275662
v -0.494192 0.947821 -0.292296
v -0.495043 0.944211 -0.271932
v -0.495070 0.945195 -0.264871
v -0.489658 0.982405 -0.290779
v -0.490355 0.946527 -0.292715
v -0.489706 0.944355 -0.285465
v -0.486834 0.944665 -0.280139
v -0.488484 0.947493 -0.264980
v -0.485335 0.948620 -0.295468
v -0.485435 0.945622 -0.288163
v -0.483090 0.948023 -0.272975
v -0.482839 0.953089 -0.262019
v -0.514600 0.952427 -0.247872
v -0.518534 0.952983 -0.238519
v -0.517841 0.950872 -0.227401
v -0.514606 0.955822 -0.255292
v -0.515753 0.960096 -0.255452
v -0.512119 0.951763 -0.255425
v -0.513088 0.950725 -0.241456
v -0.513337 0.950665 -0.234602
v -0.513541 0.951078 -0.228380
v -0.516046 0.983687 -0.240381
v -0.508661 0.948550 -0.250843
v -0.508050 0.949017 -0.244552
v -0.508990 0.950500 -0.236984
v -0.507396 0.952765 -0.229177
v -0.511672 0.952991 -0.221069
v -0.504237 0.946862 -0.255552
v -0.503878 0.948484 -0.246760
v -0.503099 0.952040 -0.237460
v -0.503168 0.958304 -0.222582
v -0.498869 0.948240 -0.251009
v -0.495958 0.952545 -0.244846
v -0.494857 0.957544 -0.237226
v -0.490655 0.965427 -0.229534
v -0.493890 0.948293 -0.255997
v -0.486801 0.955404 -0.251968
v -0.482073 0.966007 -0.241859
v -0.494719 0.967652 -0.217886
v -0.483041 0.973229 -0.223556
v -0.518399 0.951122 -0.218477
v -0.516634 0.952953 -0.211925
v -0.516231 0.958796 -0.195559
v -0.515985 0.961943 -0.184574
v -0.510177 0.958630 -0.208507
v -0.505911 0.966168 -0.199996
v -0.503929 0.971382 -0.188440
v -0.494461 0.972480 -0.206006
v -0.490460 0.976802 -0.198716
v -0.496039 0.976885 -0.185010
v -0.487852 0.979556 -0.189339
v -0.479445 0.976451 -0.217952
v -0.506513 0.970901 -0.175876
v -0.507259 0.970240 -0.163892
v -0.510789 0.967012 -0.135295
v -0.504116 0.972011 -0.141980
v -0.496668 0.976978 -0.168216
v -0.497305 0.975748 -0.148368
v -0.491362 0.979387 -0.171884
v -0.487787 0.979212 -0.153304
v -0.483824 0.981640 -0.179917
v -0.482582 0.981270 -0.164126
v -0.515397 0.960071 -0.106849
v -0.511111 0.965164 -0.110913
v -0.506292 0.969640 -0.113237
v -0.500972 0.973406 -0.108300
v -0.494718 0.976494 -0.102784
v -0.490071 0.977947 -0.113672
v -0.485463 0.979263 -0.132980
v -0.483137 0.979338 -0.102929
v -0.513720 0.963023 -0.087687
v -0.509269 0.967793 -0.087687
v -0.504073 0.971981 -0.087687
v -0.499375 0.974750 -0.076361
v -0.513888 0.963257 -0.066199
v -0.509887 0.967774 -0.061956
v -0.513022 0.968207 -0.029323
v -0.506415 0.971942 -0.048787
v -0.507492 0.972064 -0.038627
v -0.504508 0.972200 -0.060972
v -0.496617 0.976507 -0.057781
v -0.498975 0.976544 -0.032229
v -0.492491 0.978590 -0.034844
v -0.490098 0.978321 -0.060972
v -0.483140 0.979566 -0.060683
v -0.483163 0.980343 -0.031649
v -0.510717 0.968248 -0.001326
v -0.505555 0.973328 -0.027290
v -0.505913 0.972049 0.003215
v -0.501890 0.974739 -0.016259
v -0.496558 0.976799 -0.000726
v -0.487779 0.979028 0.003484
v -0.485464 0.979708 -0.013937
v -0.504241 0.990244 -0.257594
v -0.495795 0.994448 -0.266749
v -0.489288 0.990034 -0.283465
v -0.493008 1.000911 -0.259786
v -0.485667 0.995443 -0.282508
v -0.482727 0.991012 -0.294949
v -0.484402 1.001094 -0.273903
v -0.483362 1.004514 -0.266604
v -0.515441 0.992623 -0.227740
v -0.510916 0.990147 -0.243243
v -0.507377 0.996188 -0.240091
v -0.511211 1.000087 -0.220233
v -0.502714 1.000498 -0.240393
v -0.500374 0.996125 -0.255827
v -0.501235 1.004161 -0.231031
v -0.493689 1.004914 -0.246520
v -0.498361 1.007105 -0.223947
v -0.486855 1.009443 -0.235916
v -0.487238 1.007722 -0.246280
v -0.481427 1.010851 -0.231712
v -0.515001 1.001401 -0.201485
v -0.512515 1.004762 -0.189899
v -0.509865 1.005067 -0.201303
v -0.506966 1.005598 -0.210269
v -0.507430 1.007529 -0.182885
v -0.503415 1.008866 -0.179965
v -0.498615 1.009223 -0.208551
v -0.491082 1.010785 -0.202805
v -0.495335 1.009812 -0.185809
v -0.474137 1.010651 -0.192218
v -0.516135 1.005291 -0.172504
v -0.517997 1.006855 -0.141692
v -0.511075 1.008743 -0.158899
v -0.510116 1.009665 -0.142339
v -0.504076 1.010747 -0.147505
v -0.495918 1.009956 -0.173631
v -0.496510 1.011355 -0.151574
v -0.484448 1.011754 -0.147579
v -0.476022 1.009803 -0.180602
v -0.476463 1.010180 -0.166944
v -0.516007 1.008506 -0.119989
v -0.506387 1.010933 -0.113817
v -0.499408 1.011801 -0.116140
v -0.492437 1.012335 -0.099300
v -0.481980 1.012505 -0.103800
v -0.517970 1.007510 -0.092912
v -0.515792 1.008620 -0.065762
v -0.511031 1.009759 -0.092621
v -0.501727 1.011489 -0.089137
v -0.477442 1.012660 -0.069318
v -0.517925 1.006641 -0.023811
v -0.510235 1.009400 -0.040988
v -0.506389 1.010845 -0.063005
v -0.501718 1.010886 -0.034262
v -0.495927 1.012095 -0.060246
v -0.492430 1.011701 -0.033100
v -0.483141 1.011802 -0.030197
v -0.511545 1.008939 -0.008130
v -0.504075 1.010713 0.000002
v -0.497093 1.011671 -0.000581
v -0.486053 1.012324 0.009583
v -0.474068 1.012123 -0.010163
v -0.479656 0.956571 -0.298580
v -0.480673 0.961887 -0.301691
v -0.480936 0.966180 -0.302621
v -0.480818 0.974285 -0.303473
v -0.475621 0.967836 -0.302620
v -0.472032 0.969206 -0.302197
v -0.475867 0.974722 -0.305662
v -0.476445 0.978937 -0.307118
v -0.470150 0.965354 -0.297366
v -0.471447 0.975605 -0.307162
v -0.471625 0.979298 -0.310000
v -0.468035 0.968473 -0.298798
v -0.466924 0.973052 -0.303737
v -0.466913 0.976234 -0.307846
v -0.460556 0.973410 -0.299270
v -0.464418 0.981073 -0.315407
v -0.460725 0.977054 -0.307677
v -0.459913 0.979585 -0.313601
v -0.454068 0.977021 -0.302503
v -0.457061 0.981789 -0.320560
v -0.450869 0.981655 -0.322894
v -0.450624 0.980170 -0.314727
v -0.448290 0.979012 -0.306619
v -0.444799 0.978493 -0.296161
v -0.482070 0.949646 -0.294053
v -0.481427 0.948249 -0.290307
v -0.478993 0.948997 -0.285844
v -0.478749 0.949371 -0.280316
v -0.475996 0.955425 -0.269947
v -0.478506 0.953400 -0.295165
v -0.474264 0.962238 -0.260793
v -0.475517 0.953860 -0.290337
v -0.474153 0.958252 -0.294537
v -0.466770 0.965308 -0.270066
v -0.469190 0.960272 -0.285694
v -0.469154 0.960269 -0.278728
v -0.468281 0.963129 -0.291221
v -0.471745 0.967064 -0.256072
v -0.462869 0.967627 -0.288244
v -0.462443 0.967437 -0.278732
v -0.459518 0.972357 -0.294826
v -0.458424 0.971942 -0.270763
v -0.463718 0.972240 -0.257960
v -0.457625 0.971909 -0.288031
v -0.455105 0.973236 -0.277573
v -0.455293 0.977337 -0.254837
v -0.451102 0.976236 -0.292537
v -0.451240 0.975244 -0.282800
v -0.451142 0.976552 -0.266923
v -0.445494 0.977642 -0.278733
v -0.448301 0.979026 -0.255508
v -0.476792 0.972313 -0.236389
v -0.470033 0.972322 -0.247153
v -0.469668 0.976243 -0.235390
v -0.469293 0.978240 -0.225376
v -0.462073 0.976551 -0.246740
v -0.459926 0.978704 -0.239255
v -0.458770 0.980100 -0.229966
v -0.462230 0.980468 -0.214855
v -0.450638 0.980387 -0.241581
v -0.453079 0.981092 -0.218052
v -0.440799 0.981450 -0.238914
v -0.478469 0.979271 -0.204385
v -0.474098 0.981050 -0.197119
v -0.469206 0.979482 -0.216021
v -0.461075 0.981230 -0.199990
v -0.440628 0.981183 -0.197354
v -0.450084 0.981467 -0.184948
v -0.478494 0.980421 -0.143433
v -0.464766 0.981251 -0.142919
v -0.473030 0.980401 -0.112212
v -0.453618 0.981110 -0.105479
v -0.473845 0.980128 -0.069537
v -0.459041 0.980594 -0.087105
v -0.458751 0.980763 -0.063150
v -0.470978 0.981297 -0.032572
v -0.442491 0.980965 -0.058541
v -0.458788 0.981284 -0.024694
v -0.478489 0.980081 0.003774
v -0.466735 0.980436 0.001887
v -0.437012 0.980455 -0.012939
v -0.459185 0.989787 -0.336105
v -0.460325 0.993932 -0.338478
v -0.459771 0.997617 -0.339432
v -0.459740 1.001068 -0.337414
v -0.454445 0.989265 -0.340984
v -0.454044 0.993199 -0.345837
v -0.457432 0.993061 -0.341260
v -0.455536 0.999024 -0.344537
v -0.453430 1.004718 -0.341084
v -0.449802 0.985763 -0.340284
v -0.451271 0.989739 -0.346104
v -0.457380 0.985787 -0.331757
v -0.450094 0.991353 -0.350141
v -0.450781 0.997669 -0.350986
v -0.451848 1.001246 -0.347402
v -0.449462 1.006288 -0.342527
v -0.445975 0.983628 -0.336804
v -0.445159 0.989780 -0.354637
v -0.446405 0.993822 -0.357124
v -0.445900 0.998618 -0.358230
v -0.446395 1.002749 -0.353325
v -0.443110 1.004932 -0.355013
v -0.453822 1.009069 -0.328384
v -0.442453 1.009026 -0.343690
v -0.479134 0.984044 -0.305751
v -0.480264 0.988819 -0.301911
v -0.478679 0.995266 -0.298549
v -0.475290 0.982929 -0.309613
v -0.475331 0.988040 -0.311598
v -0.473805 0.992739 -0.314936
v -0.476951 0.992488 -0.306764
v -0.473706 0.996692 -0.312177
v -0.472758 0.999665 -0.308059
v -0.471129 0.983722 -0.314169
v -0.470540 0.988233 -0.319046
v -0.469033 0.996403 -0.325896
v -0.469967 0.992597 -0.323460
v -0.470664 0.997923 -0.320450
v -0.469204 1.000832 -0.321190
v -0.469390 1.004320 -0.301307
v -0.467473 0.984553 -0.318585
v -0.463987 0.989997 -0.330488
v -0.467173 0.987896 -0.323176
v -0.466061 0.992623 -0.329657
v -0.464750 0.997667 -0.332463
v -0.464506 1.001242 -0.330178
v -0.464248 1.004541 -0.325338
v -0.466754 1.004899 -0.314008
v -0.464364 1.006856 -0.306613
v -0.462951 0.985561 -0.325119
v -0.459318 1.005016 -0.332499
v -0.459697 1.008782 -0.316022
v -0.459161 1.009481 -0.297395
v -0.453174 0.983834 -0.330066
v -0.451235 1.010744 -0.319399
v -0.454082 1.010643 -0.293248
v -0.445985 1.011700 -0.308933
v -0.447138 1.011585 -0.291220
v -0.480358 0.999069 -0.286160
v -0.476256 1.005630 -0.275577
v -0.475581 1.000944 -0.292485
v -0.475284 1.009039 -0.259808
v -0.471704 1.004372 -0.290901
v -0.469356 1.007810 -0.278717
v -0.464944 1.007682 -0.292097
v -0.463699 1.009834 -0.276114
v -0.467190 1.010850 -0.254645
v -0.453247 1.011631 -0.267124
v -0.475598 1.011528 -0.228219
v -0.458459 1.011293 -0.245925
v -0.472400 1.011898 -0.217182
v -0.444814 1.011340 -0.240991
v -0.443073 1.011410 -0.221245
v -0.477367 0.982605 -0.177116
v -0.460349 1.011838 -0.207307
v -0.468043 0.982127 -0.188735
v -0.450911 1.011586 -0.190179
v -0.452362 1.011192 -0.179727
v -0.471532 0.982216 -0.162587
v -0.465278 0.982737 -0.175955
v -0.468912 1.011646 -0.147359
v -0.458752 0.981895 -0.155915
v -0.461939 1.010419 -0.171304
v -0.445974 0.981647 -0.159779
v -0.448660 1.011223 -0.158603
v -0.445105 0.981763 -0.142562
v -0.471526 1.012062 -0.126303
v -0.462304 1.012467 -0.088558
v -0.454254 1.011504 -0.119768
v -0.446557 1.011236 -0.141691
v -0.442784 0.981935 -0.121146
v -0.446266 1.011929 -0.052154
v -0.444814 1.011856 -0.093203
v -0.461726 1.011577 -0.029469
v -0.452800 1.012528 0.005662
v -0.434254 1.012500 -0.013438
v -0.431671 0.981523 -0.339178
v -0.419004 0.981119 -0.350359
v -0.430100 0.981082 -0.329222
v -0.408159 0.980798 -0.341380
v -0.443076 0.980919 -0.320621
v -0.436102 0.980059 -0.302255
v -0.431459 0.980642 -0.314156
v -0.417812 0.980513 -0.307189
v -0.398504 0.980481 -0.298842
v -0.442502 0.980148 -0.254353
v -0.437832 0.979469 -0.284542
v -0.436691 0.980411 -0.258415
v -0.432041 0.980302 -0.274961
v -0.427394 0.980751 -0.255217
v -0.415998 0.980742 -0.275034
v -0.407695 0.980610 -0.235424
v -0.386564 0.980245 -0.251542
v -0.390022 0.980648 -0.213907
v -0.423084 0.981264 -0.195047
v -0.420585 0.981718 -0.210950
v -0.425215 0.980490 -0.172005
v -0.418851 0.980930 -0.129791
v -0.396762 0.980520 -0.176823
v -0.403077 0.980386 -0.141400
v -0.431478 0.981690 -0.128380
v -0.423770 0.980946 -0.101428
v -0.410264 0.980219 -0.083040
v -0.436938 0.981158 -0.090998
v -0.427033 0.980357 -0.043988
v -0.396835 0.980072 0.012975
v -0.409169 0.996003 -0.408587
v -0.437064 0.996091 -0.371513
v -0.431132 0.989340 -0.373394
v -0.433855 0.993930 -0.374686
v -0.432916 0.997625 -0.376217
v -0.432167 1.000619 -0.375833
v -0.434252 1.004710 -0.368247
v -0.426387 0.985807 -0.372679
v -0.429431 0.991526 -0.378612
v -0.425586 0.991462 -0.383827
v -0.427354 0.997719 -0.383237
v -0.428548 1.001104 -0.379794
v -0.425785 1.004972 -0.378189
v -0.422207 0.986118 -0.378555
v -0.421174 0.992912 -0.390331
v -0.421894 0.997549 -0.390594
v -0.422561 1.001824 -0.386657
v -0.421626 1.006437 -0.379755
v -0.422758 0.983832 -0.369333
v -0.417762 0.989450 -0.391216
v -0.417480 0.985749 -0.383683
v -0.417988 0.993903 -0.395730
v -0.418337 0.998857 -0.395708
v -0.416832 1.004877 -0.390593
v -0.415964 1.008970 -0.378753
v -0.412972 0.985854 -0.390840
v -0.413483 0.983006 -0.375731
v -0.410318 0.989866 -0.402900
v -0.411197 0.992924 -0.404366
v -0.413681 0.997693 -0.402184
v -0.414717 1.001334 -0.398533
v -0.410317 1.005070 -0.399694
v -0.408835 0.983405 -0.385597
v -0.406401 0.985867 -0.400725
v -0.409261 0.999802 -0.407009
v -0.409117 1.002651 -0.404575
v -0.406266 1.008995 -0.394514
v -0.413437 1.010405 -0.371632
v -0.442745 0.985690 -0.349939
v -0.440719 0.989091 -0.360044
v -0.439056 0.992887 -0.366985
v -0.442982 0.991949 -0.360696
v -0.441377 0.997696 -0.364796
v -0.440890 1.001425 -0.363136
v -0.435197 0.985486 -0.360426
v -0.435546 0.982607 -0.345530
v -0.441331 0.982184 -0.333321
v -0.436112 0.989723 -0.367812
v -0.436429 1.001060 -0.369836
v -0.434490 1.009063 -0.356070
v -0.437559 1.010794 -0.338258
v -0.432061 0.983271 -0.355402
v -0.431769 0.985706 -0.365953
v -0.426872 1.008851 -0.366718
v -0.427406 1.010691 -0.355397
v -0.420144 1.011719 -0.351331
v -0.436687 1.011610 -0.327515
v -0.425086 0.982085 -0.356561
v -0.413948 1.012217 -0.333359
v -0.418111 0.982111 -0.363526
v -0.405012 0.981461 -0.363613
v -0.400682 1.011442 -0.374840
v -0.435454 1.012232 -0.308207
v -0.411316 1.012423 -0.296573
v -0.423747 1.012098 -0.249627
v -0.429571 1.012094 -0.280913
v -0.380213 1.012691 -0.258102
v -0.437278 0.981655 -0.229516
v -0.419407 1.011547 -0.222118
v -0.397852 1.012507 -0.234601
v -0.437266 1.011887 -0.192501
v -0.422530 1.011374 -0.205565
v -0.412586 1.012225 -0.182920
v -0.397779 1.012245 -0.188292
v -0.426236 1.012358 -0.170144
v -0.417231 1.012181 -0.139295
v -0.396107 1.012654 -0.155245
v -0.436317 1.011097 -0.120929
v -0.419261 1.012038 -0.113381
v -0.433637 1.011912 -0.087395
v -0.402425 1.012820 -0.097340
v -0.411245 1.012821 -0.052390
v -0.398232 1.012840 0.006696
v -0.398761 0.981589 -0.386044
v -0.393696 0.981086 -0.378615
v -0.388282 0.981287 -0.398865
v -0.378619 0.980599 -0.392556
v -0.382899 0.980817 -0.369178
v -0.368510 0.981477 -0.412813
v -0.362937 0.980387 -0.380067
v -0.379123 0.980579 -0.323667
v -0.380066 0.981113 -0.350015
v -0.364678 0.980614 -0.336369
v -0.364606 0.980327 -0.295140
v -0.349227 0.980120 -0.230301
v -0.394716 0.980844 -0.193808
v -0.369469 0.980665 -0.195840
v -0.362464 0.980367 -0.168076
v -0.378180 0.980469 -0.134214
v -0.395782 0.980014 -0.083784
v -0.368997 0.980152 -0.097194
v -0.366566 0.980099 -0.037909
v -0.358908 0.980037 0.002323
v -0.403173 0.989362 -0.410332
v -0.405700 0.996232 -0.412404
v -0.405984 0.993203 -0.410835
v -0.404010 1.000986 -0.412426
v -0.396558 0.985667 -0.411503
v -0.398566 0.989260 -0.414949
v -0.398646 0.994298 -0.419120
v -0.401469 0.993108 -0.415546
v -0.399766 0.998031 -0.418046
v -0.398731 1.000743 -0.417830
v -0.397075 1.004944 -0.415415
v -0.392165 0.989787 -0.421805
v -0.393924 0.994458 -0.423723
v -0.387953 0.982660 -0.408867
v -0.389961 0.985662 -0.417556
v -0.390193 0.994618 -0.427369
v -0.393365 0.998253 -0.424161
v -0.392183 1.001027 -0.423744
v -0.393458 1.009199 -0.409276
v -0.385338 0.989959 -0.428306
v -0.382319 0.985915 -0.424658
v -0.387608 0.998069 -0.429485
v -0.389273 1.003582 -0.424096
v -0.387005 1.005491 -0.423396
v -0.377672 1.008890 -0.423565
v -0.381061 0.984224 -0.420568
v -0.380953 0.982550 -0.413477
v -0.377621 0.990157 -0.435487
v -0.380989 0.992700 -0.434375
v -0.381537 0.997376 -0.434875
v -0.382819 1.001809 -0.431518
v -0.380270 1.005076 -0.430140
v -0.394339 1.011160 -0.397817
v -0.378085 1.001597 -0.435856
v -0.372870 1.004912 -0.436795
v -0.370787 1.011078 -0.416665
v -0.371342 0.985858 -0.434011
v -0.371653 0.983885 -0.427419
v -0.371656 0.982199 -0.418114
v -0.372086 0.992622 -0.441978
v -0.374019 0.997235 -0.441345
v -0.373136 1.001284 -0.440361
v -0.364731 1.009531 -0.432369
v -0.400719 0.982525 -0.393737
v -0.404171 0.981864 -0.376295
v -0.403870 1.005078 -0.407917
v -0.402051 0.984010 -0.399712
v -0.390248 1.011928 -0.392274
v -0.394905 0.983065 -0.404195
v -0.379345 1.012388 -0.389360
v -0.394692 1.011748 -0.363227
v -0.359597 1.011986 -0.410118
v -0.365187 1.012516 -0.377962
v -0.378541 1.011918 -0.345515
v -0.379849 1.012373 -0.320473
v -0.354008 1.012550 -0.313232
v -0.370631 1.012781 -0.213116
v -0.391680 1.012235 -0.206946
v -0.363229 1.013288 -0.188655
v -0.365478 1.013255 -0.167459
v -0.385149 1.013091 -0.119261
v -0.365116 1.013681 -0.144414
v -0.376002 1.012975 -0.095162
v -0.334264 1.012859 -0.082133
v -0.360423 1.012805 -0.030822
v -0.359888 0.980724 -0.403877
v -0.353333 0.981440 -0.426793
v -0.346459 0.980601 -0.408196
v -0.339281 0.981319 -0.436617
v -0.329709 0.981046 -0.429454
v -0.319275 0.980559 -0.387942
v -0.332813 0.980456 -0.367509
v -0.352593 0.980470 -0.352520
v -0.326098 0.980283 -0.307153
v -0.336514 0.980486 -0.282255
v -0.352484 0.980304 -0.261024
v -0.336097 0.980142 -0.196748
v -0.358726 0.980458 -0.153450
v -0.338147 0.980289 -0.125322
v -0.361049 0.980646 -0.126882
v -0.320291 0.980096 -0.091660
v -0.323472 0.980096 0.003908
v -0.365820 0.993482 -0.447466
v -0.368456 0.997137 -0.445947
v -0.367213 1.001001 -0.445475
v -0.362495 0.989860 -0.447384
v -0.362556 0.994498 -0.450602
v -0.362344 0.997909 -0.450794
v -0.363429 1.004668 -0.445034
v -0.354746 0.990196 -0.453781
v -0.359969 1.001417 -0.450696
v -0.354739 0.985700 -0.447343
v -0.352864 0.992691 -0.456637
v -0.355719 0.997370 -0.455478
v -0.354886 1.001496 -0.454373
v -0.356556 1.005105 -0.449561
v -0.351026 1.005020 -0.453723
v -0.341724 0.985790 -0.456740
v -0.348325 0.993704 -0.460323
v -0.349527 0.997137 -0.459925
v -0.349066 1.000636 -0.459210
v -0.349740 1.008839 -0.447130
v -0.341463 0.983585 -0.450641
v -0.345075 0.989219 -0.459250
v -0.342643 0.997306 -0.464303
v -0.342089 1.004295 -0.460817
v -0.339104 1.009164 -0.453628
v -0.339637 0.990197 -0.463824
v -0.338844 0.992683 -0.465843
v -0.338288 1.001016 -0.465735
v -0.331588 0.982152 -0.450638
v -0.334662 0.994401 -0.469233
v -0.334426 0.998094 -0.469418
v -0.334315 1.005211 -0.464323
v -0.349596 1.010821 -0.437866
v -0.369842 0.989613 -0.441308
v -0.359797 1.008766 -0.439492
v -0.363491 0.986099 -0.441286
v -0.360045 0.983698 -0.436699
v -0.362368 0.982335 -0.427408
v -0.351910 0.982327 -0.436693
v -0.346535 1.011595 -0.431608
v -0.344962 0.982299 -0.442528
v -0.343265 1.012354 -0.404748
v -0.332305 1.011938 -0.430008
v -0.324915 1.011171 -0.452392
v -0.352194 1.012424 -0.357892
v -0.321253 1.012399 -0.382725
v -0.317116 1.012784 -0.320564
v -0.328384 1.012466 -0.284615
v -0.351395 1.012516 -0.276267
v -0.349943 1.012951 -0.212971
v -0.329365 1.012819 -0.243022
v -0.324066 1.012820 -0.206257
v -0.342830 1.013155 -0.172032
v -0.355022 1.013680 -0.130873
v -0.333248 1.013073 -0.134250
v -0.350597 1.013106 -0.105687
v -0.305475 1.012835 -0.153640
v -0.345951 1.012877 0.007839
v -0.310516 0.980844 -0.444213
v -0.321197 0.981358 -0.449947
v -0.298265 0.981510 -0.460431
v -0.286454 0.981127 -0.459617
v -0.318368 0.981014 -0.409173
v -0.292454 0.980676 -0.427103
v -0.282292 0.980589 -0.404456
v -0.291492 0.980222 -0.356939
v -0.301056 0.980088 -0.316952
v -0.304440 0.980162 -0.267439
v -0.300947 0.980152 -0.228759
v -0.278191 0.980013 -0.206475
v -0.279856 0.980066 -0.153649
v -0.280777 0.980014 -0.046256
v -0.303120 0.980064 0.044215
v -0.311061 0.994028 -0.483446
v -0.312247 0.997128 -0.482936
v -0.311834 1.000476 -0.482215
v -0.303593 0.990173 -0.486198
v -0.304590 0.997619 -0.488088
v -0.301754 0.992658 -0.489120
v -0.303810 1.001435 -0.486883
v -0.299867 1.004888 -0.486191
v -0.294266 0.985798 -0.485925
v -0.297300 0.993858 -0.492682
v -0.297525 0.997660 -0.492875
v -0.297692 1.000436 -0.491877
v -0.329543 0.985730 -0.463865
v -0.329843 0.983510 -0.457602
v -0.330984 0.990075 -0.468713
v -0.332296 1.001250 -0.469099
v -0.323228 1.009122 -0.462766
v -0.326282 0.993426 -0.473505
v -0.326909 0.997454 -0.473678
v -0.326169 1.000777 -0.472994
v -0.326363 1.005281 -0.468652
v -0.320590 0.985681 -0.468634
v -0.320560 0.982810 -0.459941
v -0.321896 0.989944 -0.473724
v -0.319751 1.003299 -0.474627
v -0.313300 0.985730 -0.472713
v -0.314533 0.992987 -0.480495
v -0.318048 0.992117 -0.477754
v -0.317872 0.997831 -0.479099
v -0.314673 1.004845 -0.475986
v -0.311837 1.011946 -0.448304
v -0.312421 0.983008 -0.464569
v -0.308932 0.981920 -0.459915
v -0.310667 0.989375 -0.479972
v -0.309143 0.986366 -0.476615
v -0.308551 1.008832 -0.471652
v -0.304325 0.984223 -0.473913
v -0.305985 1.004877 -0.481933
v -0.297533 1.010381 -0.471108
v -0.300804 0.982680 -0.469208
v -0.293320 1.009194 -0.480708
v -0.288024 1.011533 -0.464556
v -0.292691 1.007638 -0.485471
v -0.286719 1.012027 -0.453089
v -0.299314 1.012223 -0.437847
v -0.309566 1.011995 -0.408302
v -0.282800 1.012269 -0.418466
v -0.276195 1.012717 -0.368009
v -0.295375 1.012886 -0.306137
v -0.313287 1.013033 -0.263637
v -0.286056 1.013963 -0.271214
v -0.293298 1.013854 -0.258830
v -0.305302 1.013188 -0.241135
v -0.286647 1.013022 -0.228070
v -0.236408 1.012784 -0.083965
v -0.242405 1.012881 -0.130984
v -0.294614 1.012897 -0.028527
v -0.258117 0.981316 -0.487427
v -0.273164 0.980581 -0.447973
v -0.273743 0.981039 -0.470924
v -0.254637 0.980581 -0.474286
v -0.259572 0.980232 -0.391826
v -0.267702 0.980274 -0.334373
v -0.243852 0.980082 -0.303651
v -0.248530 0.980071 -0.239102
v -0.248865 0.980141 -0.092068
v -0.251914 0.980102 -0.035767
v -0.257576 0.980095 0.011396
v -0.293913 0.990036 -0.492127
v -0.291595 1.003138 -0.493068
v -0.288407 0.993413 -0.497101
v -0.289137 0.997371 -0.497279
v -0.288155 1.000168 -0.497123
v -0.289119 1.005136 -0.492147
v -0.282733 0.985797 -0.492115
v -0.278759 0.982673 -0.484344
v -0.285633 0.990246 -0.496396
v -0.282457 1.003117 -0.497345
v -0.276652 1.009100 -0.490467
v -0.272278 0.985548 -0.496088
v -0.274228 0.988725 -0.499535
v -0.279001 0.994284 -0.501510
v -0.278336 0.997803 -0.501854
v -0.277998 1.005240 -0.497070
v -0.269452 0.982944 -0.490126
v -0.275232 0.991060 -0.501431
v -0.276194 1.000903 -0.501524
v -0.274395 1.011133 -0.482003
v -0.264547 0.988753 -0.503624
v -0.269718 0.992607 -0.504286
v -0.265792 1.001103 -0.505611
v -0.268384 1.004962 -0.501448
v -0.260158 0.982950 -0.494764
v -0.263524 0.991896 -0.507032
v -0.266636 0.997247 -0.506606
v -0.262671 1.009029 -0.496872
v -0.255229 1.011068 -0.492460
v -0.255562 0.985440 -0.503605
v -0.255853 0.997985 -0.511037
v -0.256693 1.004465 -0.506864
v -0.288058 0.982860 -0.479703
v -0.292682 0.982521 -0.473864
v -0.258630 1.012338 -0.470585
v -0.252168 1.012364 -0.440060
v -0.249718 1.012681 -0.345152
v -0.286575 1.013257 -0.292092
v -0.251442 1.012909 -0.307008
v -0.270314 1.013406 -0.285705
v -0.259137 1.013243 -0.266686
v -0.276228 1.013350 -0.244359
v -0.242986 1.012828 -0.242206
v -0.251143 1.012818 -0.189117
v -0.260225 1.012847 -0.047835
v -0.249578 1.012833 0.026222
v -0.231703 0.982578 -0.518120
v -0.222113 0.975857 -0.520883
v -0.223827 0.981622 -0.525635
v -0.225772 0.978890 -0.520613
v -0.243063 0.980525 -0.487246
v -0.244141 0.980947 -0.495552
v -0.233659 0.980184 -0.509328
v -0.240520 0.981135 -0.502352
v -0.232217 0.980612 -0.514163
v -0.232286 0.979435 -0.501722
v -0.232280 0.979879 -0.492432
v -0.225311 0.980313 -0.481837
v -0.223150 0.975780 -0.513744
v -0.223573 0.976600 -0.508329
v -0.225313 0.978108 -0.501722
v -0.222987 0.979275 -0.492436
v -0.244620 0.980677 -0.459623
v -0.227271 0.980968 -0.449751
v -0.213551 0.980737 -0.465285
v -0.234928 0.980350 -0.415962
v -0.239139 0.980209 -0.362864
v -0.213770 0.980278 -0.386164
v -0.220429 0.980052 -0.340652
v -0.224186 0.980108 -0.206366
v -0.183619 0.980146 -0.146481
v -0.193050 0.980021 -0.094772
v -0.209877 0.980063 -0.026004
v -0.236199 0.980222 -0.001960
v -0.232791 0.986548 -0.520625
v -0.237095 0.992765 -0.519343
v -0.231725 0.997517 -0.520445
v -0.228023 0.988499 -0.524366
v -0.227728 0.992522 -0.523946
v -0.223226 0.995483 -0.524653
v -0.218390 0.999643 -0.523013
v -0.252020 0.982967 -0.499396
v -0.250827 0.987592 -0.509016
v -0.256022 0.993725 -0.510890
v -0.251527 1.009086 -0.501427
v -0.247387 0.985310 -0.508093
v -0.250826 0.989920 -0.511403
v -0.250941 1.000853 -0.511719
v -0.235766 1.012038 -0.491286
v -0.247106 0.995478 -0.515191
v -0.248082 0.993319 -0.514194
v -0.244512 1.004327 -0.511332
v -0.241508 0.989507 -0.516123
v -0.240366 0.985914 -0.514062
v -0.241286 0.998733 -0.516508
v -0.237457 1.009005 -0.505825
v -0.229383 1.010961 -0.500610
v -0.236358 1.004070 -0.513991
v -0.212535 1.012121 -0.487063
v -0.229275 1.004266 -0.515622
v -0.217187 1.009631 -0.507356
v -0.212551 1.005062 -0.517643
v -0.220673 1.007282 -0.512414
v -0.228795 1.012236 -0.470511
v -0.227634 1.011991 -0.451021
v -0.232569 1.012679 -0.403005
v -0.207563 1.012302 -0.414727
v -0.216238 1.012661 -0.383769
v -0.215658 1.013117 -0.349726
v -0.214351 1.013420 -0.323449
v -0.226309 1.012954 -0.294269
v -0.186880 1.012865 -0.246184
v -0.196095 1.012871 -0.206239
v -0.221391 1.012858 -0.032147
v -0.231699 1.012699 0.002069
v -0.216703 0.974888 -0.527012
v -0.218164 0.980868 -0.529936
v -0.214413 0.971596 -0.524300
v -0.213890 0.975218 -0.530096
v -0.208181 0.971235 -0.530350
v -0.209007 0.969351 -0.522331
v -0.209118 0.981197 -0.534247
v -0.203556 0.967894 -0.527705
v -0.203757 0.974091 -0.534636
v -0.201566 0.967393 -0.522879
v -0.196443 0.969907 -0.534734
v -0.198462 0.968890 -0.532661
v -0.194990 0.978332 -0.537120
v -0.195106 0.965614 -0.527256
v -0.196792 0.967066 -0.521158
v -0.192883 0.966010 -0.532094
v -0.186194 0.964517 -0.523048
v -0.190575 0.973971 -0.538122
v -0.187013 0.962919 -0.527607
v -0.185260 0.963251 -0.535236
v -0.186016 0.962456 -0.532246
v -0.186726 0.969744 -0.538753
v -0.217925 0.973267 -0.517421
v -0.218584 0.977080 -0.501735
v -0.213840 0.972075 -0.515013
v -0.213712 0.974185 -0.508666
v -0.209211 0.976146 -0.502075
v -0.211375 0.978768 -0.492424
v -0.204648 0.969230 -0.518318
v -0.203831 0.971800 -0.511826
v -0.199473 0.977454 -0.498316
v -0.199617 0.980344 -0.481985
v -0.193213 0.972429 -0.510083
v -0.182479 0.977976 -0.497488
v -0.180307 0.980221 -0.487827
v -0.186985 0.969303 -0.514850
v -0.181868 0.966659 -0.517611
v -0.180007 0.973571 -0.506742
v -0.190106 0.980685 -0.467535
v -0.184500 0.980315 -0.440061
v -0.175370 0.981046 -0.476760
v -0.206583 0.980621 -0.419554
v -0.178891 0.980251 -0.396871
v -0.157024 0.980058 -0.374369
v -0.183954 0.980151 -0.330345
v -0.160717 0.980029 -0.305357
v -0.186422 0.980054 -0.222661
v -0.215258 0.980062 0.022330
v -0.165608 0.980106 0.001597
v -0.217809 0.985523 -0.530291
v -0.214263 0.989865 -0.530356
v -0.206264 0.994461 -0.529399
v -0.205982 1.000610 -0.524128
v -0.202934 0.985613 -0.534512
v -0.184949 1.000426 -0.526800
v -0.195110 0.986205 -0.535249
v -0.187689 0.990152 -0.534222
v -0.190470 0.997069 -0.529168
v -0.197432 1.004447 -0.520355
v -0.188951 1.005147 -0.520420
v -0.184793 0.981382 -0.538486
v -0.200921 1.011410 -0.498245
v -0.184953 1.010494 -0.505211
v -0.188877 1.009038 -0.511842
v -0.178129 1.011300 -0.492285
v -0.187856 1.012035 -0.472398
v -0.186831 1.012575 -0.441005
v -0.173520 1.012700 -0.400174
v -0.180270 1.012911 -0.374259
v -0.190253 1.013668 -0.347405
v -0.178953 1.013772 -0.332928
v -0.185823 1.013354 -0.314738
v -0.194117 1.012977 -0.293507
v -0.190523 1.012770 -0.152379
v -0.151254 1.012897 -0.169047
v -0.136024 1.012846 -0.103401
v -0.171075 1.012857 -0.046864
v -0.194389 1.012854 0.005553
v -0.179347 0.963113 -0.539819
v -0.180351 0.971314 -0.541382
v -0.175803 0.957294 -0.536132
v -0.177528 0.957910 -0.531857
v -0.176927 0.958650 -0.528379
v -0.176818 0.958881 -0.537930
v -0.172214 0.961945 -0.520658
v -0.171700 0.971788 -0.544180
v -0.173141 0.978444 -0.542081
v -0.169270 0.958766 -0.543981
v -0.169958 0.957662 -0.525339
v -0.173394 0.964889 -0.543875
v -0.166865 0.953459 -0.540513
v -0.168876 0.953352 -0.536745
v -0.167591 0.953247 -0.532078
v -0.161559 0.952914 -0.543961
v -0.158176 0.948932 -0.537413
v -0.161920 0.952184 -0.530102
v -0.160409 0.960129 -0.548151
v -0.162626 0.964997 -0.547637
v -0.168502 0.983564 -0.540997
v -0.155660 0.948595 -0.541236
v -0.153595 0.954747 -0.548781
v -0.156820 0.954857 -0.524641
v -0.155392 0.967063 -0.548972
v -0.154238 0.973149 -0.547324
v -0.154115 0.948941 -0.533194
v -0.151885 0.952370 -0.547953
v -0.142285 0.973190 -0.548665
v -0.141267 0.946982 -0.546198
v -0.148654 0.946988 -0.536491
v -0.146411 0.948659 -0.531453
v -0.147862 0.957514 -0.520807
v -0.144272 0.960366 -0.551873
v -0.168032 0.972018 -0.506950
v -0.163799 0.976570 -0.497870
v -0.167237 0.966609 -0.513894
v -0.154472 0.978188 -0.491218
v -0.150405 0.979331 -0.485438
v -0.153064 0.963266 -0.515301
v -0.154826 0.968027 -0.510205
v -0.148083 0.972237 -0.504081
v -0.147352 0.975943 -0.497353
v -0.162523 0.980752 -0.452690
v -0.149241 0.980150 -0.478490
v -0.144594 0.980477 -0.466881
v -0.143578 0.980470 -0.448299
v -0.148332 0.980205 -0.425561
v -0.145247 0.980213 -0.350887
v -0.114987 0.980016 -0.287083
v -0.152515 0.980049 -0.257213
v -0.151780 0.980216 -0.215584
v -0.169274 0.980087 -0.187420
v -0.137961 0.980052 -0.188056
v -0.131991 0.980050 -0.120540
v -0.122881 0.980061 -0.020050
v -0.175387 0.993518 -0.534171
v -0.161338 0.990114 -0.538502
v -0.169825 0.999843 -0.529640
v -0.156579 1.004627 -0.524671
v -0.160239 0.996255 -0.534124
v -0.155631 1.000444 -0.530269
v -0.144895 0.984517 -0.543086
v -0.141695 0.992219 -0.538419
v -0.169567 1.007479 -0.518036
v -0.156064 1.009250 -0.513491
v -0.148659 1.010281 -0.508692
v -0.152579 1.011206 -0.501730
v -0.163031 1.012010 -0.465030
v -0.142491 1.012114 -0.488663
v -0.134432 1.006920 -0.520340
v -0.142127 1.012407 -0.472181
v -0.142053 1.012557 -0.437012
v -0.140782 1.013084 -0.375638
v -0.157877 1.013451 -0.352122
v -0.151852 1.013382 -0.337676
v -0.143161 1.012972 -0.319185
v -0.157551 1.012846 -0.284542
v -0.158603 1.012688 -0.212245
v -0.131528 1.012869 -0.221899
v -0.123507 1.012856 -0.021304
v -0.122548 0.953290 -0.557334
v -0.125962 0.960278 -0.555832
v -0.116726 0.949409 -0.557997
v -0.112364 0.955569 -0.560659
v -0.116735 0.961685 -0.557960
v -0.140535 0.945244 -0.541147
v -0.141958 0.948478 -0.548288
v -0.138800 0.952711 -0.525530
v -0.139222 0.964540 -0.552007
v -0.138192 0.945682 -0.536449
v -0.139560 0.951102 -0.550737
v -0.137049 0.948227 -0.531187
v -0.139134 0.955318 -0.552892
v -0.133009 0.961181 -0.517414
v -0.130122 0.946970 -0.550552
v -0.130827 0.949683 -0.553158
v -0.123103 0.948286 -0.531333
v -0.130056 0.955839 -0.555135
v -0.127532 0.966781 -0.553258
v -0.127027 0.978618 -0.547416
v -0.116639 0.946328 -0.555048
v -0.114680 0.952828 -0.526660
v -0.106701 0.960515 -0.519611
v -0.118820 0.972105 -0.552086
v -0.103720 0.947567 -0.534363
v -0.107770 0.965252 -0.558440
v -0.104291 0.977108 -0.550755
v -0.135700 0.968146 -0.509876
v -0.105642 0.972269 -0.505740
v -0.124850 0.975171 -0.499399
v -0.107225 0.976816 -0.496442
v -0.109752 0.978525 -0.490107
v -0.093202 0.979500 -0.485471
v -0.106083 0.968587 -0.510854
v -0.104889 0.980150 -0.477919
v -0.119189 0.980610 -0.438644
v -0.117083 0.980545 -0.461728
v -0.115250 0.980096 -0.408994
v -0.104526 0.980098 -0.362882
v -0.079565 0.980013 -0.345806
v -0.071208 0.980070 -0.228573
v -0.075518 0.980086 -0.172107
v -0.060923 0.980058 -0.094182
v -0.135885 0.997477 -0.534133
v -0.116213 1.004028 -0.526471
v -0.104018 1.000173 -0.531756
v -0.114224 0.986918 -0.542983
v -0.110479 0.994003 -0.537731
v -0.111929 1.011888 -0.497087
v -0.109606 1.009453 -0.513961
v -0.106702 1.010925 -0.506386
v -0.099517 1.012315 -0.484885
v -0.106268 1.012450 -0.464994
v -0.113781 1.012261 -0.440822
v -0.128552 1.012930 -0.402605
v -0.089101 1.012795 -0.416142
v -0.115043 1.013386 -0.394718
v -0.122747 1.013763 -0.365325
v -0.103021 1.013829 -0.390485
v -0.105256 1.014476 -0.367870
v -0.133561 1.013402 -0.355242
v -0.114092 1.013377 -0.344617
v -0.098701 1.012916 -0.323141
v -0.110333 1.012899 -0.269371
v -0.096777 1.012838 -0.166679
v -0.092395 1.012864 -0.069657
v -0.101595 0.945689 -0.560095
v -0.107580 0.951556 -0.562003
v -0.104335 0.956578 -0.563265
v -0.103679 0.948519 -0.562087
v -0.099210 0.962908 -0.561951
v -0.097562 0.951030 -0.564577
v -0.088349 0.946628 -0.564020
v -0.089106 0.951949 -0.566812
v -0.088381 0.955394 -0.566832
v -0.085086 0.965852 -0.561985
v -0.083297 0.949356 -0.567057
v -0.081851 0.958589 -0.566786
v -0.085915 0.974560 -0.554731
v -0.074855 0.948047 -0.567015
v -0.078980 0.955654 -0.567816
v -0.074334 0.951070 -0.568073
v -0.065901 0.966514 -0.562866
v -0.080302 0.947078 -0.538773
v -0.079230 0.952673 -0.531039
v -0.084225 0.960083 -0.522078
v -0.073896 0.981259 -0.549723
v -0.078397 0.967994 -0.513365
v -0.076652 0.972881 -0.506176
v -0.077813 0.978298 -0.492468
v -0.078975 0.976394 -0.498696
v -0.067216 0.960674 -0.521865
v -0.091895 0.980455 -0.450549
v -0.065038 0.980084 -0.478498
v -0.056836 0.980448 -0.460639
v -0.086270 0.980113 -0.412550
v -0.039342 0.980037 -0.328117
v -0.038907 0.980048 -0.236158
v -0.050285 0.980013 -0.138261
v -0.068123 0.980115 -0.010271
v -0.099879 1.007027 -0.520346
v -0.087762 0.992969 -0.539372
v -0.076350 1.004759 -0.524457
v -0.057332 0.996469 -0.535478
v -0.057170 1.000753 -0.530373
v -0.079701 1.009609 -0.510907
v -0.074910 1.011114 -0.501719
v -0.074911 1.007427 -0.517955
v -0.074329 1.011914 -0.492432
v -0.073386 1.012416 -0.477044
v -0.083911 1.012509 -0.444089
v -0.092574 1.014430 -0.375612
v -0.077764 1.013354 -0.394167
v -0.069003 1.013547 -0.379544
v -0.087883 1.013599 -0.353239
v -0.064312 1.013357 -0.361413
v -0.055257 1.012921 -0.335789
v -0.019186 1.012883 -0.282369
v -0.030977 1.012855 -0.319003
v -0.039624 1.012859 -0.199674
v -0.056183 1.012907 -0.136972
v -0.071734 1.012803 -0.017298
v -0.065046 0.955899 -0.568206
v -0.064985 0.959726 -0.567116
v -0.063853 0.973357 -0.557058
v -0.065688 0.948372 -0.567031
v -0.062072 0.949900 -0.567474
v -0.054577 0.947373 -0.563648
v -0.054815 0.952532 -0.566914
v -0.052836 0.965800 -0.562685
v -0.047303 0.955702 -0.565600
v -0.050488 0.960065 -0.565357
v -0.048109 0.970830 -0.558460
v -0.033618 0.963748 -0.561797
v -0.044039 0.949988 -0.563158
v -0.043212 0.948070 -0.561409
v -0.037159 0.947640 -0.559069
v -0.033073 0.951958 -0.562283
v -0.032541 0.955719 -0.563236
v -0.032439 0.960707 -0.562813
v -0.029910 0.969631 -0.557817
v -0.060393 0.945571 -0.543022
v -0.043914 0.948970 -0.536785
v -0.036689 0.952809 -0.530549
v -0.044148 0.945851 -0.543546
v -0.042465 0.959104 -0.522801
v -0.039917 0.976715 -0.552701
v -0.037168 0.945594 -0.555132
v -0.032531 0.944984 -0.550378
v -0.032524 0.945377 -0.545802
v -0.051101 0.972318 -0.505847
v -0.053155 0.976234 -0.497772
v -0.043844 0.968184 -0.511806
v -0.050521 0.978912 -0.487790
v -0.032519 0.965108 -0.515759
v -0.022357 0.978161 -0.492465
v -0.037201 0.980122 -0.426850
v -0.025260 0.979797 -0.483156
v -0.025405 0.980315 -0.473272
v -0.037382 0.980149 -0.375276
v -0.005517 0.980045 -0.092154
v -0.033127 0.980066 -0.024312
v -0.057699 0.990422 -0.541464
v -0.047896 1.004963 -0.523264
v -0.032323 0.988302 -0.541342
v -0.026879 0.994606 -0.534373
v -0.028156 1.000152 -0.527828
v -0.050227 1.009974 -0.511082
v -0.046447 1.007383 -0.518092
v -0.048198 1.012292 -0.492149
v -0.051101 1.011581 -0.501740
v -0.046456 1.012436 -0.483141
v -0.025635 1.008419 -0.511940
v -0.032517 1.011085 -0.501732
v -0.056182 1.012516 -0.455376
v -0.022393 1.012356 -0.478349
v -0.037981 1.012800 -0.426867
v -0.041230 1.013383 -0.401896
v -0.042117 1.014033 -0.384113
v -0.041641 1.013943 -0.369814
v -0.030305 1.013421 -0.357244
v -0.041593 1.012828 -0.107139
v -0.034819 1.012893 -0.062511
v -0.026714 0.948072 -0.558308
v -0.023182 0.952573 -0.562204
v -0.017400 0.955758 -0.563179
v -0.019855 0.961984 -0.562379
v -0.012222 0.948233 -0.559922
v -0.009271 0.951227 -0.562925
v -0.009257 0.960521 -0.563694
v -0.008709 0.964696 -0.561906
v -0.012773 0.970059 -0.557761
v 0.002509 0.947517 -0.563354
v -0.001389 0.955608 -0.566061
v 0.004343 0.944249 -0.559378
v 0.000449 0.974712 -0.555091
v -0.023227 0.946310 -0.555031
v -0.020904 0.946591 -0.541229
v -0.015534 0.958503 -0.523203
v -0.017997 0.974905 -0.553332
v -0.017917 0.983186 -0.545712
v 0.007839 0.948374 -0.536040
v 0.009001 0.954001 -0.527935
v -0.005392 0.989898 -0.539814
v 0.007256 0.944570 -0.543930
v -0.017130 0.972868 -0.505355
v -0.013810 0.976547 -0.497797
v -0.013644 0.967326 -0.513198
v 0.004645 0.978249 -0.490087
v 0.009001 0.966641 -0.513403
v 0.004394 0.972113 -0.505622
v 0.008711 0.976094 -0.497446
v 0.005807 0.979412 -0.483139
v 0.009836 0.980174 -0.459850
v 0.005226 0.980023 -0.473849
v 0.032106 0.980165 -0.431622
v 0.097925 0.980027 -0.388510
v 0.030124 0.980083 -0.373589
v 0.007604 0.980009 -0.286670
v 0.005036 0.980063 -0.224150
v 0.007985 0.980098 -0.149267
v 0.039778 0.980110 -0.054753
v -0.020905 1.004200 -0.521064
v -0.009332 0.995646 -0.533201
v -0.009288 1.000039 -0.527653
v -0.006112 1.005528 -0.519174
v 0.007627 1.000225 -0.529660
v -0.012629 1.011623 -0.492998
v -0.011324 1.009705 -0.506461
v -0.005804 1.010716 -0.501704
v 0.010590 1.009459 -0.512121
v 0.009237 1.012717 -0.469096
v -0.007985 1.012904 -0.418393
v 0.001840 1.013285 -0.400595
v -0.017566 1.013898 -0.376570
v 0.006618 1.013873 -0.374042
v 0.015160 1.013516 -0.390816
v 0.018800 1.013112 -0.350015
v 0.012285 1.012840 -0.242786
v 0.003911 1.012820 -0.142747
v 0.007513 1.012801 -0.014899
v -0.557392 0.957064 0.023317
v -0.557555 0.960397 0.033156
v -0.559939 0.965059 0.009293
v -0.558060 0.964978 0.031933
v -0.557439 0.971983 0.028197
v -0.557375 0.968400 0.039357
v -0.557832 0.974807 0.011046
v -0.557693 0.957371 0.065730
v -0.557507 0.961683 0.048998
v -0.557495 0.964121 0.064698
v -0.557736 0.948942 0.095042
v -0.558203 0.947808 0.113805
v -0.557564 0.953659 0.075743
v -0.557592 0.951611 0.084203
v -0.560023 0.951536 0.109263
v -0.558521 0.955710 0.083622
v -0.560454 0.955877 0.101624
v -0.558357 0.960547 0.083629
v -0.559749 0.960319 0.102184
v -0.557309 0.964635 0.083912
v -0.557727 0.965290 0.102786
v -0.557967 0.949125 0.133341
v -0.557613 0.955133 0.139973
v -0.559779 0.955460 0.122532
v -0.558238 0.961833 0.121477
v -0.556345 0.959841 0.140240
v -0.552277 0.948281 0.015887
v -0.553026 0.951670 0.038849
v -0.555368 0.955904 0.043559
v -0.552859 0.981354 0.025882
v -0.552759 0.978920 0.042244
v -0.549254 0.948008 0.032512
v -0.545949 0.945595 0.024241
v -0.545876 0.946472 0.041837
v -0.541219 0.945468 0.027869
v -0.541154 0.945953 0.040654
v -0.536590 0.947098 0.027838
v -0.529963 0.948245 0.010378
v -0.532779 0.948565 0.023222
v -0.535268 0.947944 0.040670
v -0.529033 0.953016 0.031354
v -0.526317 0.952674 0.014102
v -0.521912 0.960215 0.027864
v -0.517934 0.961719 0.008411
v -0.520458 0.960456 0.018571
v -0.553123 0.949018 0.058176
v -0.554208 0.948842 0.066764
v -0.554518 0.947437 0.083025
v -0.553134 0.950561 0.051090
v -0.555968 0.969647 0.062716
v -0.553797 0.975475 0.056464
v -0.552876 0.974445 0.076362
v -0.549661 0.947552 0.049953
v -0.548602 0.980441 0.080271
v -0.530989 0.949315 0.050845
v -0.529559 0.948842 0.059841
v -0.530617 0.947583 0.072090
v -0.527592 0.954243 0.041803
v -0.525324 0.953355 0.069715
v -0.519789 0.961231 0.054297
v -0.517844 0.962541 0.067361
v -0.554680 0.970416 0.088556
v -0.552879 0.972330 0.109837
v -0.546450 0.981962 0.096545
v -0.535322 0.947312 0.091093
v -0.535196 0.947752 0.109469
v -0.529486 0.951715 0.089427
v -0.527489 0.954036 0.102201
v -0.525667 0.954654 0.114827
v -0.524571 0.955285 0.078979
v -0.520973 0.960109 0.087104
v -0.552350 0.947582 0.150772
v -0.556114 0.951225 0.143989
v -0.553856 0.955459 0.154197
v -0.553760 0.967524 0.132670
v -0.551227 0.965911 0.153514
v -0.549109 0.972919 0.142237
v -0.546224 0.979236 0.126381
v -0.540909 0.985047 0.143941
v -0.530134 0.947622 0.141312
v -0.525629 0.951617 0.140111
v -0.517401 0.961575 0.123869
v -0.522361 0.953654 0.152134
v -0.552996 0.950308 0.153794
v -0.552068 0.960627 0.158200
v -0.547630 0.948153 0.163628
v -0.549748 0.950896 0.162474
v -0.547725 0.955798 0.173424
v -0.547926 0.959910 0.174054
v -0.548046 0.966936 0.167477
v -0.546892 0.964367 0.175911
v -0.544995 0.974609 0.165256
v -0.542939 0.947667 0.171897
v -0.545687 0.950749 0.171903
v -0.542726 0.952707 0.181737
v -0.543336 0.959834 0.187846
v -0.542585 0.968168 0.190714
v -0.541900 0.973951 0.185949
v -0.540184 0.983805 0.161762
v -0.536254 0.948677 0.181246
v -0.536754 0.984240 0.186065
v -0.536593 0.946106 0.171903
v -0.529969 0.947508 0.169565
v -0.531144 0.948318 0.177161
v -0.531941 0.950756 0.185621
v -0.527406 0.948850 0.162598
v -0.522573 0.953844 0.174813
v -0.524422 0.953975 0.183879
v -0.519834 0.955829 0.164922
v -0.537114 0.953229 0.190341
v -0.540022 0.956452 0.191020
v -0.539301 0.961450 0.200246
v -0.541911 0.965180 0.194235
v -0.539040 0.964321 0.206890
v -0.539124 0.967878 0.216845
v -0.539551 0.971282 0.207341
v -0.539180 0.975656 0.201192
v -0.538758 0.973207 0.220315
v -0.536817 0.957474 0.198869
v -0.533840 0.958250 0.209108
v -0.536138 0.960787 0.210144
v -0.534815 0.960262 0.223027
v -0.538013 0.965457 0.221915
v -0.538096 0.977059 0.211959
v -0.534770 0.985184 0.202090
v -0.537604 0.976038 0.227437
v -0.532119 0.954214 0.195179
v -0.531990 0.956803 0.204517
v -0.530952 0.957442 0.217176
v -0.528312 0.953370 0.190241
v -0.527376 0.956171 0.199772
v -0.525240 0.957436 0.208447
v -0.527144 0.957174 0.217174
v -0.523749 0.957220 0.195093
v -0.524295 0.957795 0.226421
v -0.519248 0.960917 0.199178
v -0.534744 0.962948 0.231929
v -0.538107 0.969557 0.227670
v -0.534459 0.967912 0.236945
v -0.535014 0.975886 0.236865
v -0.534310 0.981191 0.234664
v -0.529295 0.957729 0.227955
v -0.530334 0.962662 0.236517
v -0.531023 0.969714 0.240952
v -0.531043 0.976009 0.242463
v -0.527030 0.961956 0.236806
v -0.527697 0.967359 0.241832
v -0.524593 0.976888 0.247366
v -0.527161 0.978989 0.245978
v -0.523129 0.962420 0.236938
v -0.520172 0.968417 0.243063
v -0.521212 0.972656 0.246587
v -0.548041 0.986167 0.032639
v -0.544460 0.990306 0.025959
v -0.543501 0.989257 0.044427
v -0.539123 0.995118 0.018191
v -0.536466 0.994601 0.045288
v -0.528560 1.001430 0.018594
v -0.528793 0.999927 0.035288
v -0.516554 1.005589 0.034380
v -0.519741 1.005777 0.013943
v -0.548714 0.983091 0.054006
v -0.541805 0.988799 0.079125
v -0.540868 0.990739 0.061556
v -0.534405 0.996080 0.074187
v -0.528829 0.999516 0.050811
v -0.526598 1.001512 0.067603
v -0.519475 1.004128 0.048199
v -0.519982 1.005095 0.069583
v -0.535938 0.993619 0.099759
v -0.538551 0.989099 0.124849
v -0.532556 0.995747 0.119913
v -0.527183 1.001019 0.096398
v -0.527037 1.000511 0.127754
v -0.521424 1.004495 0.090589
v -0.533669 0.994034 0.151432
v -0.527868 0.999812 0.154487
v -0.521907 1.004014 0.121366
v -0.520208 1.005545 0.144013
v -0.534566 0.989817 0.173341
v -0.529140 0.994993 0.181177
v -0.525060 0.999889 0.174674
v -0.523053 1.000115 0.185820
v -0.519998 1.004946 0.163236
v -0.534464 0.985251 0.217186
v -0.529435 0.992742 0.200049
v -0.529420 0.992667 0.217763
v -0.523466 0.999115 0.199181
v -0.523320 0.999315 0.213698
v -0.534497 0.983935 0.227651
v -0.529849 0.984037 0.241748
v -0.530132 0.990557 0.230990
v -0.527536 0.990020 0.239888
v -0.523331 0.986657 0.248121
v -0.522782 0.990676 0.246351
v -0.522442 0.999835 0.226209
v -0.521789 0.998576 0.236173
v -0.520832 0.985451 0.250435
v -0.520676 0.995319 0.244629
v -0.518979 0.963601 0.038329
v -0.513295 0.968151 0.024087
v -0.506796 0.973020 0.037745
v -0.498847 0.976495 0.026710
v -0.492460 0.978434 0.031938
v -0.483151 0.979980 0.032519
v -0.513846 0.967712 0.047330
v -0.510586 0.969377 0.064747
v -0.506099 0.972767 0.086794
v -0.505445 0.973035 0.061264
v -0.496777 0.977077 0.057635
v -0.498715 0.976407 0.085201
v -0.487793 0.979190 0.055166
v -0.490124 0.978892 0.087976
v -0.482571 0.980076 0.089064
v -0.518549 0.962659 0.098432
v -0.513716 0.967162 0.090302
v -0.510397 0.967687 0.124270
v -0.505444 0.971972 0.114462
v -0.497357 0.976111 0.119328
v -0.494793 0.977595 0.093181
v -0.487829 0.979257 0.118466
v -0.513521 0.962810 0.150976
v -0.508738 0.967296 0.150981
v -0.502948 0.972136 0.139370
v -0.501707 0.972453 0.163760
v -0.494714 0.975966 0.149818
v -0.487776 0.978280 0.149529
v -0.515131 0.962145 0.179012
v -0.509041 0.967180 0.167815
v -0.512950 0.965475 0.187961
v -0.503336 0.973229 0.192638
v -0.496579 0.976764 0.196129
v -0.493824 0.976841 0.171304
v -0.490182 0.978788 0.195115
v -0.483153 0.979736 0.173046
v -0.516950 0.962437 0.211082
v -0.516866 0.961854 0.222994
v -0.508973 0.969309 0.201625
v -0.510799 0.966557 0.221825
v -0.502100 0.972972 0.215733
v -0.492307 0.977223 0.222843
v -0.483177 0.980090 0.200053
v -0.518221 0.962570 0.232372
v -0.514888 0.968377 0.240046
v -0.513254 0.974150 0.246650
v -0.514911 0.982339 0.252608
v -0.510501 0.967981 0.232611
v -0.510167 0.978533 0.250720
v -0.510915 0.981933 0.253397
v -0.508252 0.972625 0.241539
v -0.501645 0.973080 0.227629
v -0.500228 0.975111 0.238131
v -0.504073 0.976559 0.246340
v -0.500638 0.982723 0.256294
v -0.497082 0.978986 0.248530
v -0.496871 0.981128 0.254359
v -0.494952 0.977096 0.238478
v -0.487768 0.978577 0.234606
v -0.487787 0.979693 0.246215
v -0.487764 0.981178 0.255258
v -0.511456 1.008851 0.011913
v -0.505960 1.009169 0.029945
v -0.497086 1.011164 0.023230
v -0.497603 1.010486 0.042535
v -0.482854 1.011956 0.036439
v -0.508895 1.008086 0.050226
v -0.509767 1.008702 0.068006
v -0.497094 1.010970 0.061553
v -0.493011 1.011286 0.090008
v -0.487791 1.011851 0.060102
v -0.478497 1.012183 0.067216
v -0.515691 1.006933 0.095815
v -0.515606 1.007068 0.120794
v -0.508909 1.009148 0.107430
v -0.501726 1.010290 0.085943
v -0.501723 1.010588 0.113962
v -0.488946 1.011484 0.113236
v -0.510650 1.009474 0.139381
v -0.511476 1.009232 0.156941
v -0.504080 1.011058 0.151563
v -0.495936 1.012033 0.151853
v -0.490911 1.012040 0.139655
v -0.480817 1.011625 0.119624
v -0.515315 1.004987 0.192645
v -0.513348 1.007457 0.171888
v -0.506695 1.009442 0.178710
v -0.495929 1.011538 0.173052
v -0.482851 1.012178 0.163177
v -0.476209 1.011865 0.188581
v -0.514758 1.005561 0.217763
v -0.506554 1.008878 0.203178
v -0.506551 1.009269 0.222658
v -0.495920 1.010991 0.197437
v -0.497111 1.011328 0.223862
v -0.487793 1.012115 0.225311
v -0.479512 1.012061 0.210793
v -0.516140 0.985957 0.253093
v -0.515055 0.994747 0.252194
v -0.514757 1.004848 0.231562
v -0.514951 1.000175 0.246019
v -0.509932 0.995260 0.256933
v -0.510872 1.004684 0.242483
v -0.508135 1.000250 0.254601
v -0.505515 0.991007 0.261082
v -0.506651 0.995171 0.260191
v -0.503113 1.004735 0.253960
v -0.508761 1.007228 0.235786
v -0.503436 0.986217 0.259747
v -0.500007 1.001311 0.263441
v -0.502266 1.009406 0.238755
v -0.501803 1.007232 0.248638
v -0.496785 1.005255 0.261476
v -0.493534 1.009335 0.253079
v -0.490138 1.011528 0.241588
v -0.480828 1.011974 0.246806
v -0.483137 1.010653 0.258408
v -0.501141 0.996457 0.265988
v -0.496491 0.985295 0.262792
v -0.499092 0.989485 0.265801
v -0.498318 0.993018 0.269118
v -0.496110 0.997397 0.272911
v -0.495056 1.001392 0.271319
v -0.491215 0.985672 0.268481
v -0.495150 0.988696 0.269322
v -0.493133 0.991816 0.277840
v -0.492619 0.995067 0.284482
v -0.492950 0.998199 0.281571
v -0.492139 1.000595 0.280254
v -0.491025 1.004891 0.272311
v -0.487754 0.983539 0.264762
v -0.486555 0.985754 0.276275
v -0.490034 0.988896 0.278497
v -0.488627 0.989436 0.292671
v -0.490928 0.992821 0.288094
v -0.491731 0.997512 0.288019
v -0.489557 1.002182 0.289767
v -0.487384 1.008951 0.264018
v -0.488024 1.005494 0.278929
v -0.487587 1.004948 0.288098
v -0.488024 1.005021 0.301954
v -0.479641 0.982227 0.265949
v -0.480810 0.983448 0.275250
v -0.483831 0.985416 0.292683
v -0.486280 0.987026 0.284526
v -0.483209 1.009054 0.271737
v -0.492538 0.994879 0.301179
v -0.492591 0.994965 0.310612
v -0.489764 0.989887 0.306718
v -0.488379 0.989273 0.313740
v -0.487380 0.990140 0.319218
v -0.488148 0.992728 0.321337
v -0.492139 0.997384 0.299385
v -0.491899 0.999790 0.306941
v -0.491006 0.997546 0.315721
v -0.488301 0.997223 0.322502
v -0.488131 1.004211 0.314181
v -0.488355 1.000499 0.320804
v -0.485106 0.985878 0.306626
v -0.482983 0.985619 0.315951
v -0.482962 0.989988 0.326534
v -0.483428 0.993964 0.329676
v -0.483223 0.997248 0.330403
v -0.483972 1.003345 0.324361
v -0.482509 1.000427 0.330098
v -0.481640 1.008918 0.306326
v -0.482975 1.005433 0.321881
v -0.469209 0.980790 0.033389
v -0.449606 0.980391 0.010525
v -0.435887 0.980433 0.023954
v -0.478495 0.980190 0.055747
v -0.465540 0.980841 0.064748
v -0.452945 0.980887 0.048920
v -0.448253 0.981697 0.070947
v -0.467152 0.980858 0.095811
v -0.478512 0.980694 0.119626
v -0.468337 0.981141 0.122964
v -0.450676 0.981424 0.106069
v -0.478488 0.979931 0.149239
v -0.464559 0.980815 0.144158
v -0.439846 0.981449 0.118054
v -0.445976 0.980965 0.141400
v -0.472697 0.980951 0.178346
v -0.453851 0.981400 0.166967
v -0.463107 0.980762 0.193953
v -0.439952 0.980505 0.189525
v -0.477338 0.980046 0.224005
v -0.473852 0.980611 0.204407
v -0.466300 0.980413 0.233005
v -0.441403 0.980421 0.209777
v -0.477044 0.980436 0.245341
v -0.478049 0.981261 0.257857
v -0.459332 0.980906 0.259064
v -0.446702 0.980653 0.241425
v -0.469938 0.981507 0.277393
v -0.466779 0.981010 0.298044
v -0.451348 0.980718 0.282945
v -0.436757 0.980915 0.294813
v -0.456832 0.981175 0.328454
v -0.447865 0.980651 0.322071
v -0.462380 1.012113 0.052844
v -0.449098 1.012047 0.048744
v -0.432693 1.012488 0.032011
v -0.462817 1.011870 0.072297
v -0.441328 1.011188 0.076504
v -0.466154 1.012040 0.093348
v -0.464268 1.011714 0.119479
v -0.441330 1.011438 0.108665
v -0.461401 1.012055 0.141109
v -0.440896 1.012077 0.142706
v -0.472398 1.011942 0.164918
v -0.453813 1.011591 0.165355
v -0.451784 1.012361 0.195840
v -0.473706 1.012460 0.233151
v -0.438464 1.012487 0.194933
v -0.475015 1.011316 0.263639
v -0.464990 1.011811 0.267338
v -0.448516 1.012190 0.248974
v -0.480864 0.983899 0.301965
v -0.480527 1.009019 0.283967
v -0.481816 1.008563 0.297317
v -0.476171 0.982586 0.295575
v -0.473852 1.010805 0.283381
v -0.468060 1.011815 0.298624
v -0.449170 1.012181 0.288752
v -0.478772 0.985372 0.323169
v -0.479970 0.991546 0.332534
v -0.478639 1.008997 0.317190
v -0.476030 1.005074 0.332706
v -0.473882 0.982206 0.311264
v -0.474985 0.986395 0.330797
v -0.471314 1.009101 0.328074
v -0.475048 1.010716 0.307776
v -0.468061 0.982455 0.324042
v -0.466957 0.984108 0.334485
v -0.466903 1.011540 0.315330
v -0.464571 1.010985 0.325200
v -0.464243 1.009457 0.336808
v -0.447429 1.012258 0.322143
v -0.454114 1.011808 0.330423
v -0.477863 0.993095 0.336343
v -0.476246 0.997349 0.339286
v -0.477344 1.001176 0.335951
v -0.474448 0.991468 0.339967
v -0.472735 1.001830 0.341401
v -0.466283 0.986620 0.343408
v -0.470356 0.989301 0.342673
v -0.469666 0.993780 0.348090
v -0.468795 0.997506 0.349847
v -0.469064 1.004870 0.342620
v -0.468273 1.000650 0.349157
v -0.463130 0.989900 0.354287
v -0.465859 0.992725 0.352793
v -0.464709 0.997372 0.355645
v -0.462897 1.002237 0.355338
v -0.464010 1.005142 0.349253
v -0.451261 0.982571 0.350203
v -0.459759 0.985716 0.350822
v -0.459930 0.994512 0.362681
v -0.460127 0.998245 0.362435
v -0.460507 1.004984 0.354815
v -0.458825 1.001556 0.361764
v -0.459187 1.009108 0.345509
v -0.455342 0.986294 0.358868
v -0.454938 0.989642 0.365038
v -0.455858 0.992915 0.367038
v -0.455043 0.997201 0.369073
v -0.454180 1.001179 0.368314
v -0.454939 1.009452 0.350739
v -0.454578 1.005040 0.363044
v -0.455282 1.010993 0.339137
v -0.446051 0.984231 0.364703
v -0.447165 0.986415 0.369419
v -0.449406 0.990184 0.372964
v -0.449506 1.004854 0.369889
v -0.448084 1.009102 0.361369
v -0.444819 1.011586 0.347261
v -0.445984 1.010627 0.355393
v -0.448212 0.992639 0.376239
v -0.448678 0.997394 0.376745
v -0.449750 1.001566 0.373356
v -0.445416 1.001854 0.378126
v -0.413458 0.980183 0.053497
v -0.429860 0.980743 0.057085
v -0.434944 0.981557 0.073812
v -0.421228 0.980853 0.081007
v -0.432527 0.981463 0.099155
v -0.421585 0.980802 0.116576
v -0.405037 0.980227 0.113381
v -0.427975 0.980634 0.137044
v -0.427540 0.980485 0.161978
v -0.407541 0.980294 0.180071
v -0.424019 0.980430 0.234675
v -0.412296 0.980677 0.206728
v -0.420462 0.980440 0.266922
v -0.393949 0.980412 0.219214
v -0.396472 0.980264 0.296918
v -0.425216 0.980680 0.328457
v -0.434408 0.980866 0.348299
v -0.427423 0.981239 0.369325
v -0.415871 0.980772 0.372639
v -0.401879 0.980473 0.356886
v -0.410555 1.012769 0.057054
v -0.429571 1.012251 0.054875
v -0.423471 1.011930 0.084346
v -0.420424 1.012157 0.112075
v -0.406489 1.012642 0.092331
v -0.418467 1.012578 0.133705
v -0.420209 1.012633 0.158059
v -0.401734 1.012578 0.184408
v -0.432330 1.012427 0.231118
v -0.409464 1.012254 0.209632
v -0.413349 1.012541 0.261369
v -0.387725 1.012596 0.224875
v -0.427611 1.012078 0.297136
v -0.425180 1.012247 0.330381
v -0.403586 1.012493 0.316844
v -0.440126 1.009098 0.371049
v -0.436685 1.012034 0.346096
v -0.433211 1.011064 0.368171
v -0.427421 0.982513 0.378642
v -0.432042 1.011830 0.360035
v -0.411136 1.012398 0.365045
v -0.418108 1.012027 0.372815
v -0.392188 1.012446 0.348529
v -0.438321 0.985733 0.378408
v -0.439900 0.989771 0.383049
v -0.440142 0.994560 0.386560
v -0.442050 0.997189 0.384470
v -0.444256 1.004990 0.375851
v -0.440655 1.002480 0.383010
v -0.436252 0.996193 0.391038
v -0.438283 0.997840 0.388470
v -0.439836 1.005009 0.380836
v -0.436768 1.001788 0.387718
v -0.429639 0.985679 0.387618
v -0.433233 0.989785 0.390252
v -0.433444 0.993840 0.393399
v -0.431624 0.997082 0.395893
v -0.431246 1.000674 0.394939
v -0.432779 1.009244 0.378765
v -0.433444 1.005852 0.386094
v -0.429716 1.004668 0.392494
v -0.427589 0.989545 0.396101
v -0.429090 0.993484 0.398101
v -0.426890 0.997215 0.401305
v -0.425979 1.000931 0.400763
v -0.415476 0.984650 0.399751
v -0.420578 0.986133 0.398500
v -0.422011 0.991714 0.405526
v -0.424797 0.992971 0.402819
v -0.420540 0.997400 0.408994
v -0.423396 1.005095 0.398859
v -0.421552 1.001278 0.405738
v -0.422556 1.009292 0.389211
v -0.422755 1.011142 0.378622
v -0.414602 0.986549 0.406516
v -0.418688 0.991458 0.409635
v -0.416933 1.004878 0.407041
v -0.410260 0.982650 0.395743
v -0.410521 1.009011 0.403903
v -0.413464 1.011263 0.385592
v -0.401836 0.981803 0.395450
v -0.408812 1.010398 0.397198
v -0.417186 1.001681 0.410789
v -0.414300 0.989929 0.413131
v -0.412803 0.994262 0.418686
v -0.413973 0.997586 0.417558
v -0.412815 1.001951 0.416048
v -0.406063 0.986145 0.416724
v -0.410050 0.989859 0.418142
v -0.408760 0.996184 0.423555
v -0.411922 1.005013 0.413217
v -0.407931 1.000615 0.423061
v -0.342095 0.980111 0.056568
v -0.349054 0.980100 0.114674
v -0.383950 0.980063 0.135285
v -0.344617 0.980072 0.165082
v -0.373534 0.980413 0.195369
v -0.373425 0.980304 0.249192
v -0.365105 0.980304 0.302245
v -0.378543 0.980676 0.347983
v -0.381511 0.981392 0.373242
v -0.369714 0.981275 0.373871
v -0.393731 0.981435 0.387786
v -0.384844 0.981038 0.404166
v -0.362646 0.980709 0.389431
v -0.362647 0.980516 0.403876
v -0.377769 0.981120 0.418420
v -0.353264 1.012794 0.047381
v -0.388669 1.012852 0.099472
v -0.342576 1.012822 0.120150
v -0.371211 1.012841 0.155555
v -0.372590 1.012978 0.176315
v -0.376293 1.013049 0.195695
v -0.365622 1.012857 0.221392
v -0.358726 1.012618 0.250317
v -0.387870 1.012738 0.288643
v -0.365168 1.012622 0.298207
v -0.373244 1.012335 0.342468
v -0.392262 1.011636 0.380646
v -0.376654 1.011573 0.374114
v -0.399518 1.011393 0.393421
v -0.393768 0.982396 0.415832
v -0.399522 1.011079 0.401845
v -0.399615 1.010159 0.411203
v -0.390236 1.011544 0.408816
v -0.382538 1.011995 0.404166
v -0.368015 1.011900 0.383698
v -0.364390 1.012376 0.408667
v -0.405460 0.991981 0.425213
v -0.404261 0.996028 0.428090
v -0.407910 1.004864 0.418474
v -0.403669 1.000432 0.427443
v -0.401418 1.008864 0.415938
v -0.401026 1.004815 0.425677
v -0.400513 0.985358 0.420667
v -0.400875 0.989814 0.427441
v -0.400134 0.993633 0.431038
v -0.399240 0.996580 0.432725
v -0.400047 0.998721 0.431538
v -0.391725 0.985795 0.429544
v -0.393953 0.989767 0.433433
v -0.395340 1.004358 0.431232
v -0.390186 0.992974 0.438956
v -0.390725 0.997648 0.439408
v -0.391341 1.001999 0.436572
v -0.391431 1.009227 0.424356
v -0.387914 1.010970 0.418111
v -0.376301 0.982271 0.429727
v -0.383546 0.985857 0.436370
v -0.386077 0.989979 0.440397
v -0.385797 1.004962 0.438180
v -0.384706 1.001422 0.442708
v -0.382010 1.009018 0.432835
v -0.374332 0.985062 0.442580
v -0.378832 0.986160 0.441052
v -0.382551 0.993224 0.445661
v -0.383117 0.997740 0.445833
v -0.373394 1.012009 0.418108
v -0.378619 1.010740 0.427399
v -0.378457 0.991626 0.448263
v -0.376544 1.005136 0.445851
v -0.369639 1.009053 0.443441
v -0.368746 1.011549 0.428558
v -0.369330 1.010516 0.436692
v -0.379800 1.001126 0.447149
v -0.374733 0.993893 0.452416
v -0.377014 0.999094 0.450821
v -0.373468 0.989275 0.449789
v -0.371956 0.996598 0.455162
v -0.368283 1.004650 0.452963
v -0.313650 0.980019 0.201112
v -0.334555 0.980238 0.250463
v -0.332160 0.980586 0.292055
v -0.344572 0.980398 0.339854
v -0.355095 0.980752 0.362065
v -0.322360 0.980215 0.365405
v -0.353401 0.980664 0.422303
v -0.339127 0.980539 0.393714
v -0.355730 0.981525 0.440789
v -0.338869 0.981465 0.448156
v -0.330992 0.981167 0.444936
v -0.328639 0.981214 0.428942
v -0.310451 1.012853 0.053007
v -0.357275 1.013387 0.197728
v -0.342576 1.013045 0.177857
v -0.316862 1.012907 0.186114
v -0.337966 1.012956 0.213262
v -0.340143 1.012814 0.267557
v -0.324066 1.012859 0.232679
v -0.343700 1.012470 0.297317
v -0.327188 1.013317 0.277283
v -0.344227 1.012508 0.340924
v -0.358508 1.012142 0.356040
v -0.350306 1.012429 0.383116
v -0.338837 1.012330 0.395819
v -0.360066 0.983151 0.447186
v -0.357135 1.011742 0.435532
v -0.350754 1.011139 0.445998
v -0.342902 1.012064 0.423838
v -0.339128 1.011823 0.441333
v -0.365541 0.985827 0.450975
v -0.367839 0.989828 0.454729
v -0.369868 0.993238 0.455654
v -0.369831 1.000913 0.455073
v -0.361939 0.992759 0.460577
v -0.364467 0.997752 0.459737
v -0.363067 1.001037 0.459365
v -0.358675 0.985646 0.454831
v -0.359085 0.989381 0.459583
v -0.356549 0.997646 0.464293
v -0.358562 1.004822 0.458833
v -0.356070 1.009101 0.452488
v -0.350527 0.986061 0.460230
v -0.355008 0.992962 0.464548
v -0.354839 1.001456 0.463726
v -0.350391 1.004867 0.463266
v -0.346104 0.983250 0.455283
v -0.351214 0.991667 0.466011
v -0.348795 0.996576 0.469015
v -0.348333 1.002230 0.466647
v -0.339673 0.985776 0.465759
v -0.344473 0.990019 0.468559
v -0.346514 0.993207 0.469428
v -0.343799 1.000963 0.470313
v -0.343493 1.009043 0.459531
v -0.339133 1.010807 0.454115
v -0.333055 0.982883 0.461404
v -0.338633 0.993299 0.474142
v -0.338809 0.997800 0.474588
v -0.340412 1.005161 0.468587
v -0.338030 1.000378 0.474307
v -0.335537 0.989558 0.473282
v -0.334712 1.004832 0.472396
v -0.331921 1.009208 0.465734
v -0.274180 0.980011 0.078939
v -0.290767 0.980152 0.126629
v -0.296673 0.980078 0.243331
v -0.308568 0.980695 0.276629
v -0.300308 0.980197 0.312479
v -0.277283 0.980401 0.342974
v -0.273563 0.980504 0.365949
v -0.326497 0.980525 0.383261
v -0.323592 0.981362 0.409852
v -0.305717 0.981132 0.401464
v -0.300366 0.980560 0.384422
v -0.309949 0.980816 0.453236
v -0.311711 0.981237 0.422777
v -0.291947 0.980462 0.433164
v -0.312736 0.981287 0.463267
v -0.285996 0.980519 0.468626
v -0.290911 0.981229 0.479856
v -0.289061 1.012879 0.094690
v -0.297680 1.012772 0.134577
v -0.292345 1.012907 0.212608
v -0.316023 1.013235 0.244784
v -0.306444 1.013838 0.252373
v -0.301383 1.014471 0.265376
v -0.283308 1.013075 0.231844
v -0.325190 1.012861 0.299204
v -0.313720 1.014169 0.269443
v -0.303855 1.014293 0.284309
v -0.307589 1.012722 0.328603
v -0.303270 1.013173 0.306609
v -0.314012 1.012693 0.365296
v -0.290059 1.012490 0.378107
v -0.318223 1.012263 0.385002
v -0.316335 1.011569 0.405832
v -0.297607 1.012222 0.393568
v -0.316479 1.011750 0.428847
v -0.320691 1.011944 0.445686
v -0.292817 1.012329 0.419555
v -0.284616 1.012488 0.460023
v -0.327227 0.986061 0.474021
v -0.331630 0.993101 0.478381
v -0.332315 0.997677 0.478568
v -0.330630 1.001466 0.478015
v -0.327750 0.991815 0.480295
v -0.326020 0.998769 0.482733
v -0.325406 1.005057 0.478211
v -0.318713 1.009164 0.474519
v -0.317644 1.011796 0.457012
v -0.324036 1.010963 0.462245
v -0.315911 0.982216 0.469221
v -0.316884 0.985766 0.480516
v -0.321430 0.989636 0.482634
v -0.320876 1.004017 0.482491
v -0.315947 1.007116 0.480860
v -0.303148 0.983682 0.484338
v -0.310681 1.011267 0.469214
v -0.302742 1.009130 0.485670
v -0.301975 1.011224 0.476190
v -0.293272 0.982481 0.486075
v -0.297900 1.012093 0.467464
v -0.294423 1.010902 0.483157
v -0.324938 0.996741 0.483821
v -0.320167 0.992842 0.485850
v -0.318383 0.997649 0.487873
v -0.316724 1.001463 0.487364
v -0.308878 0.985720 0.485914
v -0.313637 0.989045 0.487207
v -0.314284 0.991904 0.489444
v -0.310582 0.993810 0.492981
v -0.311704 0.998823 0.492437
v -0.312412 1.004904 0.487209
v -0.307615 0.989614 0.491889
v -0.306949 1.004408 0.491415
v -0.299290 0.986068 0.492528
v -0.303263 0.993314 0.497102
v -0.304236 0.997673 0.497028
v -0.302768 1.001059 0.496610
v -0.300046 0.991882 0.498315
v -0.297545 0.997561 0.500793
v -0.298169 1.004820 0.496029
v -0.202972 0.980136 0.043970
v -0.228623 0.980090 0.092826
v -0.261786 0.980086 0.161634
v -0.235963 0.980209 0.141146
v -0.247641 0.980086 0.195396
v -0.256451 0.980069 0.292944
v -0.285123 0.980282 0.272856
v -0.278954 0.980297 0.399593
v -0.235019 0.980227 0.400065
v -0.263347 0.980449 0.437411
v -0.250862 0.980281 0.466119
v -0.264072 0.980439 0.483431
v -0.273901 0.981251 0.490792
v -0.265082 0.980583 0.499315
v -0.262468 0.980349 0.492434
v -0.271709 0.982226 0.501644
v -0.265294 0.981144 0.511139
v -0.260169 0.979056 0.508689
v -0.262905 0.980957 0.517902
v -0.259230 0.980165 0.523759
v -0.225656 1.012829 0.066363
v -0.247015 1.012806 0.110423
v -0.253003 1.013083 0.139658
v -0.269190 1.012858 0.171741
v -0.264727 1.012951 0.245118
v -0.285508 1.013927 0.259460
v -0.286578 1.013849 0.285964
v -0.274307 1.013207 0.301964
v -0.262695 1.013059 0.271912
v -0.250644 1.013117 0.297753
v -0.274924 1.012413 0.348563
v -0.241354 1.013034 0.325808
v -0.241425 1.012687 0.364098
v -0.265488 1.012659 0.403694
v -0.268156 1.012492 0.444379
v -0.277577 1.012262 0.478501
v -0.245527 1.012604 0.478896
v -0.291366 0.985791 0.496609
v -0.293209 0.990064 0.500922
v -0.292373 0.992803 0.503012
v -0.294439 1.001400 0.500876
v -0.289903 1.004804 0.500290
v -0.286801 1.009323 0.493373
v -0.283635 0.985760 0.501432
v -0.288417 0.996824 0.506266
v -0.287876 1.002173 0.503683
v -0.279737 1.008849 0.498163
v -0.285272 0.989424 0.505076
v -0.284037 0.992990 0.508317
v -0.286088 0.999917 0.506568
v -0.278451 1.011026 0.490122
v -0.279932 0.982562 0.494800
v -0.279903 0.989850 0.509901
v -0.280823 0.997649 0.510849
v -0.278847 1.005124 0.506017
v -0.279182 1.000999 0.510125
v -0.276922 0.985464 0.506858
v -0.271384 0.984745 0.512503
v -0.275347 0.989614 0.514060
v -0.275071 0.993133 0.515836
v -0.274070 0.997326 0.516198
v -0.273344 1.004772 0.510124
v -0.268196 0.985046 0.517718
v -0.271339 0.988646 0.517578
v -0.270207 0.993164 0.520455
v -0.272333 1.000842 0.515253
v -0.264522 1.009135 0.506859
v -0.262477 1.012104 0.487789
v -0.266090 1.000800 0.519978
v -0.264591 1.004860 0.516105
v -0.261321 1.011089 0.499411
v -0.267939 0.988970 0.521871
v -0.268289 0.996377 0.521473
v -0.263605 0.984281 0.523429
v -0.263278 0.989077 0.526673
v -0.264586 0.993088 0.525598
v -0.264309 0.996042 0.524918
v -0.260632 0.986044 0.528120
v -0.259306 0.990164 0.530210
v -0.259022 1.000196 0.525264
v -0.167717 0.980033 0.159002
v -0.216673 0.980120 0.237542
v -0.187756 0.980056 0.310601
v -0.239393 0.980231 0.352148
v -0.204002 0.980158 0.348746
v -0.235001 0.980476 0.444724
v -0.215439 0.980562 0.426087
v -0.242587 0.980128 0.478494
v -0.217617 0.980630 0.466302
v -0.212826 0.979933 0.479655
v -0.254378 0.976097 0.521946
v -0.250860 0.979416 0.492435
v -0.255509 0.978714 0.501722
v -0.256920 0.977373 0.516805
v -0.252397 0.976333 0.510879
v -0.246681 0.971821 0.521635
v -0.242752 0.976601 0.502364
v -0.245003 0.973287 0.513466
v -0.232281 0.979435 0.485454
v -0.234604 0.978374 0.492426
v -0.237147 0.972403 0.510183
v -0.237445 0.967258 0.521012
v -0.229772 0.967794 0.514715
v -0.228436 0.972580 0.506492
v -0.227119 0.976446 0.497820
v -0.218729 0.960946 0.520980
v -0.221191 0.967191 0.513029
v -0.258738 0.982404 0.527366
v -0.256182 0.982542 0.530337
v -0.252985 0.976851 0.527187
v -0.251231 0.977349 0.530365
v -0.245830 0.971618 0.527756
v -0.247787 0.979306 0.534662
v -0.242777 0.972928 0.534099
v -0.239404 0.967260 0.527332
v -0.237743 0.967618 0.532907
v -0.235012 0.974282 0.538966
v -0.236745 0.977888 0.539105
v -0.237607 0.982631 0.538825
v -0.232555 0.962627 0.528125
v -0.234609 0.964941 0.531992
v -0.234635 0.968450 0.536225
v -0.227752 0.962450 0.522384
v -0.230559 0.962031 0.532086
v -0.227061 0.962046 0.535835
v -0.229907 0.965014 0.536619
v -0.229673 0.968682 0.539331
v -0.223097 0.974149 0.541858
v -0.226517 0.978884 0.540922
v -0.222482 0.957894 0.529134
v -0.222157 0.957908 0.531422
v -0.223031 0.963054 0.539120
v -0.221743 0.969958 0.541759
v -0.211075 1.012834 0.124278
v -0.235328 1.012845 0.184753
v -0.207309 1.012771 0.167713
v -0.235183 1.012808 0.265452
v -0.197011 1.012816 0.227888
v -0.216709 1.012915 0.296737
v -0.212354 1.013628 0.326751
v -0.225326 1.013366 0.345080
v -0.211736 1.012817 0.381264
v -0.227198 1.012690 0.404892
v -0.235292 1.012467 0.436177
v -0.226182 1.012385 0.472180
v -0.213479 1.012083 0.450005
v -0.257788 1.004786 0.520326
v -0.255894 1.009302 0.511481
v -0.248543 1.012097 0.497088
v -0.248566 1.008629 0.516109
v -0.243899 1.011269 0.506409
v -0.240047 1.005057 0.524105
v -0.234015 1.008730 0.516147
v -0.228359 1.012075 0.497082
v -0.205202 1.012272 0.486339
v -0.218197 1.010737 0.506370
v -0.214279 1.008850 0.513322
v -0.257607 0.996127 0.528949
v -0.250728 0.983838 0.534570
v -0.251249 0.988237 0.534633
v -0.250844 0.991317 0.534097
v -0.250419 0.997895 0.530579
v -0.250972 1.004646 0.523137
v -0.247617 1.000162 0.529430
v -0.243893 0.983576 0.537076
v -0.241707 0.987998 0.537028
v -0.241563 0.993924 0.534735
v -0.234778 0.994913 0.534382
v -0.235762 1.000163 0.529927
v -0.232118 0.986188 0.538731
v -0.224438 1.003866 0.524535
v -0.220076 0.984284 0.539922
v -0.224730 0.990597 0.536703
v -0.216020 0.993667 0.534781
v -0.224739 0.999842 0.529648
v -0.164376 0.980015 0.062538
v -0.104689 0.980027 0.144095
v -0.188691 0.980065 0.199933
v -0.142344 0.980084 0.257943
v -0.195187 0.980332 0.413312
v -0.211954 0.980865 0.449025
v -0.182013 0.980306 0.444889
v -0.194246 0.980107 0.481407
v -0.190178 0.980562 0.471236
v -0.213696 0.977566 0.492680
v -0.209633 0.974837 0.499301
v -0.213118 0.972183 0.504588
v -0.213697 0.966689 0.512724
v -0.210207 0.960878 0.520946
v -0.202082 0.978864 0.487783
v -0.204405 0.966895 0.512944
v -0.201358 0.961483 0.521645
v -0.194791 0.972533 0.505747
v -0.195113 0.976894 0.496486
v -0.189892 0.966762 0.515523
v -0.171600 0.979348 0.492523
v -0.218167 0.957673 0.534220
v -0.218351 0.964956 0.540652
v -0.213701 0.957626 0.526890
v -0.212221 0.961932 0.539224
v -0.212536 0.978939 0.541659
v -0.207858 0.957710 0.529855
v -0.210875 0.958022 0.534243
v -0.209153 0.968269 0.541859
v -0.200336 0.974361 0.542298
v -0.203111 0.959173 0.526915
v -0.204252 0.958754 0.531919
v -0.201650 0.962084 0.537749
v -0.200036 0.968537 0.541530
v -0.195045 0.978793 0.541930
v -0.195094 0.959780 0.531785
v -0.187248 0.962018 0.523400
v -0.190482 0.960350 0.527336
v -0.192182 0.961998 0.537955
v -0.191113 0.964842 0.540565
v -0.189377 0.969913 0.543104
v -0.188096 0.959375 0.533909
v -0.183873 0.974783 0.544374
v -0.174228 1.012785 0.037872
v -0.159034 1.012910 0.061246
v -0.162178 1.012892 0.169795
v -0.164410 1.012860 0.259046
v -0.149639 1.012864 0.295067
v -0.182376 1.013078 0.311255
v -0.188001 1.014134 0.332010
v -0.205273 1.013945 0.358575
v -0.195119 1.014654 0.346388
v -0.167374 1.014158 0.371387
v -0.185677 1.013080 0.383839
v -0.205494 1.012401 0.421659
v -0.183574 1.012713 0.419627
v -0.184082 1.012606 0.442493
v -0.190542 1.012321 0.462599
v -0.169891 1.011750 0.471233
v -0.211375 1.006908 0.517923
v -0.190467 1.011577 0.495926
v -0.183766 1.009031 0.513441
v -0.178999 1.010531 0.506356
v -0.185822 1.007342 0.517965
v -0.212826 0.998506 0.530509
v -0.208761 1.004469 0.522723
v -0.194237 0.987919 0.538597
v -0.195457 0.993845 0.534832
v -0.190302 0.999233 0.530247
v -0.195105 0.983521 0.540503
v -0.188244 1.004743 0.523133
v -0.149974 0.980164 0.214278
v -0.096119 0.979999 0.340543
v -0.137880 0.980113 0.364488
v -0.159257 0.980047 0.395238
v -0.126837 0.980122 0.412768
v -0.161870 0.980609 0.452364
v -0.170289 0.980909 0.482586
v -0.165644 0.981152 0.470946
v -0.144921 0.980461 0.453925
v -0.137917 0.980152 0.477908
v -0.136900 0.980415 0.465720
v -0.175958 0.972889 0.507757
v -0.173341 0.976513 0.500920
v -0.170701 0.967829 0.515060
v -0.173632 0.962382 0.522140
v -0.148746 0.961657 0.520661
v -0.151849 0.972872 0.506530
v -0.144015 0.976213 0.498871
v -0.139369 0.979127 0.487759
v -0.139370 0.977514 0.494684
v -0.139949 0.967559 0.513738
v -0.180964 0.957774 0.536724
v -0.181301 0.958283 0.531858
v -0.181223 0.961495 0.542789
v -0.183244 0.964943 0.543907
v -0.181150 0.969845 0.545544
v -0.177108 0.981777 0.543571
v -0.176850 0.958194 0.529402
v -0.178490 0.958522 0.541985
v -0.176577 0.965501 0.547137
v -0.171963 0.954268 0.536902
v -0.170744 0.954633 0.545014
v -0.171288 0.959372 0.548987
v -0.171929 0.970968 0.548721
v -0.167069 0.954026 0.532770
v -0.167733 0.951757 0.541550
v -0.167792 0.952489 0.545633
v -0.167355 0.953840 0.548763
v -0.167088 0.965049 0.551693
v -0.163260 0.976906 0.548556
v -0.162716 0.954701 0.553024
v -0.152609 0.954955 0.528265
v -0.162961 0.959887 0.554117
v -0.160161 0.966597 0.553900
v -0.156428 0.947728 0.540325
v -0.159400 0.947986 0.545910
v -0.157303 0.948377 0.550327
v -0.155650 0.951765 0.532874
v -0.160538 0.950823 0.550771
v -0.160433 0.954525 0.554101
v -0.154276 0.949046 0.553438
v -0.152370 0.955485 0.558015
v -0.154152 0.959883 0.557452
v -0.153216 0.973533 0.552260
v -0.148674 0.945428 0.545883
v -0.147516 0.945710 0.550220
v -0.149456 0.952437 0.557670
v -0.149556 0.964219 0.557330
v -0.144039 0.960492 0.559390
v -0.111136 1.012891 0.130494
v -0.144775 1.012752 0.220085
v -0.167185 1.013677 0.331727
v -0.146845 1.013064 0.326690
v -0.168982 1.014417 0.348418
v -0.139585 1.014166 0.349269
v -0.146915 1.014701 0.362358
v -0.137785 1.014981 0.376951
v -0.155655 1.013126 0.399481
v -0.156353 1.012592 0.438863
v -0.125594 1.012903 0.417847
v -0.155337 1.011940 0.480383
v -0.142417 1.012398 0.461438
v -0.171305 1.011373 0.496059
v -0.164862 1.008868 0.517092
v -0.145178 1.011152 0.509911
v -0.145173 1.007961 0.520841
v -0.143434 1.012049 0.501736
v -0.141691 1.012378 0.491054
v -0.136750 1.009402 0.516761
v -0.176329 0.989916 0.539288
v -0.166237 0.994605 0.537113
v -0.168870 1.005503 0.524286
v -0.162603 1.000090 0.532262
v -0.160710 0.985767 0.543959
v -0.155633 1.004457 0.527191
v -0.146959 0.984440 0.546094
v -0.143437 0.995752 0.537668
v -0.136317 1.000251 0.533061
v -0.075196 0.980070 0.066363
v -0.046560 0.980009 0.116534
v -0.095198 0.980025 0.214677
v -0.085363 0.980034 0.287128
v -0.101713 0.980290 0.433981
v -0.110042 0.980395 0.472689
v -0.111204 0.980046 0.483149
v -0.132400 0.973047 0.505923
v -0.129755 0.959196 0.523963
v -0.112568 0.965865 0.518003
v -0.110628 0.975916 0.501871
v -0.109174 0.972257 0.509148
v -0.111496 0.978749 0.492457
v -0.139367 0.948531 0.536369
v -0.137045 0.946141 0.541121
v -0.143898 0.947436 0.554814
v -0.141688 0.949654 0.557925
v -0.140939 0.966628 0.557702
v -0.140534 0.974361 0.553279
v -0.134717 0.952638 0.531001
v -0.131161 0.945747 0.555082
v -0.130081 0.969545 0.557437
v -0.123226 0.976560 0.553245
v -0.110460 0.948498 0.539018
v -0.108080 0.953654 0.532243
v -0.110622 0.945483 0.544513
v -0.110531 0.972089 0.558169
v -0.131234 0.947895 0.558423
v -0.131219 0.951279 0.560808
v -0.129472 0.954557 0.562559
v -0.130809 0.959301 0.562014
v -0.125159 0.962259 0.562161
v -0.121451 0.948256 0.561750
v -0.122972 0.950447 0.562688
v -0.120777 0.955771 0.564431
v -0.116003 0.950920 0.564769
v -0.112075 0.959603 0.565840
v -0.114397 0.965182 0.562571
v -0.108910 0.946894 0.564462
v -0.112841 0.955770 0.566712
v -0.074565 1.012866 0.056074
v -0.098846 1.012899 0.208180
v -0.085934 1.012844 0.249537
v -0.111261 1.013353 0.336840
v -0.078630 1.012848 0.316943
v -0.120209 1.015583 0.362780
v -0.104089 1.014885 0.355383
v -0.122212 1.013873 0.402183
v -0.114985 1.016198 0.377458
v -0.109612 1.015125 0.395469
v -0.115777 1.012523 0.464359
v -0.080608 1.012781 0.433200
v -0.116720 1.010995 0.506363
v -0.115476 1.009072 0.515531
v -0.118608 1.012001 0.494172
v -0.134434 0.986317 0.545413
v -0.136751 1.003582 0.528632
v -0.114541 0.989376 0.543167
v -0.110621 0.994377 0.538634
v -0.113817 1.005536 0.524074
v -0.111491 0.981810 0.549791
v -0.111495 1.000253 0.532257
v -0.016387 0.980032 0.192456
v -0.059159 0.980099 0.227661
v -0.057525 0.980079 0.321888
v -0.025315 0.980106 0.377036
v -0.039442 0.980063 0.412804
v -0.078594 0.980148 0.458679
v -0.077814 0.979980 0.478494
v -0.074222 0.972359 0.510479
v -0.085872 0.968653 0.515650
v -0.082170 0.976126 0.502059
v -0.076652 0.979380 0.487784
v -0.075490 0.978212 0.494739
v -0.093655 0.970532 0.561744
v -0.078044 0.953863 0.533926
v -0.091752 0.980765 0.552284
v -0.072176 0.960603 0.526411
v -0.077233 0.948577 0.540930
v -0.072007 0.979594 0.554007
v -0.108158 0.949741 0.567132
v -0.105877 0.956094 0.568298
v -0.098533 0.951060 0.569729
v -0.101277 0.962049 0.567079
v -0.097564 0.947016 0.567946
v -0.092390 0.954214 0.571520
v -0.087697 0.963882 0.567703
v -0.085727 0.949380 0.571643
v -0.082644 0.957143 0.571957
v -0.076026 0.947929 0.571755
v -0.077818 0.951105 0.572555
v -0.067090 0.959189 0.571612
v -0.074332 0.968379 0.564905
v -0.054490 1.012872 0.100978
v -0.020901 1.012892 0.190959
v -0.051065 1.012900 0.273627
v -0.068124 1.013128 0.341307
v -0.096394 1.016231 0.371057
v -0.071856 1.013737 0.351792
v -0.075534 1.014716 0.362201
v -0.097558 1.016385 0.385012
v -0.084780 1.016280 0.382100
v -0.078394 1.015298 0.397908
v -0.062716 1.015455 0.376294
v -0.057199 1.015714 0.385584
v -0.083051 1.013768 0.412680
v -0.072587 1.012796 0.445396
v -0.057623 1.013549 0.420308
v -0.076144 1.012798 0.466047
v -0.087469 1.012470 0.489168
v -0.087687 1.011931 0.501731
v -0.088558 1.010679 0.511037
v -0.087396 1.009057 0.517464
v -0.055312 1.009493 0.515578
v -0.058215 1.011400 0.506369
v -0.090592 1.000555 0.532822
v -0.087543 1.005843 0.525026
v -0.085999 0.994043 0.540150
v -0.052662 0.994088 0.540133
v -0.013592 0.980030 0.035658
v -0.038362 0.980258 0.071063
v 0.012945 0.980074 0.085295
v -0.037437 0.980003 0.270605
v -0.029743 0.980282 0.449116
v -0.034842 0.980160 0.476755
v -0.061758 0.976388 0.502474
v -0.043553 0.968014 0.518834
v -0.041811 0.974606 0.507711
v -0.041520 0.978132 0.497112
v -0.042680 0.971866 0.513044
v -0.037745 0.976385 0.503216
v -0.030269 0.979483 0.487789
v -0.049345 0.948004 0.541949
v -0.055021 0.979823 0.553525
v -0.047908 0.952721 0.536049
v -0.050203 0.961211 0.526699
v -0.036437 0.975439 0.556919
v -0.034947 0.960581 0.527314
v -0.019890 0.947739 0.541569
v -0.060367 0.947188 0.571594
v -0.060391 0.950994 0.572851
v -0.061554 0.955589 0.572657
v -0.052253 0.964623 0.567403
v -0.047172 0.969410 0.563067
v -0.046752 0.948803 0.571574
v -0.053024 0.957417 0.571802
v -0.043466 0.954571 0.571662
v -0.036155 0.961477 0.567855
v -0.030450 0.947111 0.567216
v -0.034375 0.951118 0.569678
v -0.037473 1.012688 0.065873
v 0.026224 1.012902 0.124288
v 0.003736 1.012901 0.291619
v -0.019453 1.012912 0.341088
v -0.031470 1.013359 0.357631
v -0.028164 1.014799 0.376734
v -0.036294 1.015733 0.391391
v -0.035859 1.015550 0.400686
v -0.035005 1.012621 0.446809
v -0.023510 1.013270 0.427822
v -0.023223 1.014414 0.415156
v -0.028781 1.012637 0.474031
v -0.050521 1.012314 0.497078
v -0.014663 1.012626 0.489094
v -0.022358 1.011964 0.505227
v -0.052841 1.000501 0.532904
v -0.050665 1.004411 0.527262
v -0.047616 1.006863 0.522578
v -0.034552 0.983916 0.549399
v 0.014209 0.980126 0.000399
v 0.018206 0.980057 0.237224
v 0.005762 0.980112 0.300983
v 0.018700 0.980108 0.347702
v 0.029525 0.980062 0.418847
v 0.006533 0.980227 0.468043
v 0.026785 0.980106 0.478497
v -0.009994 0.968904 0.515707
v -0.015100 0.976259 0.502205
v -0.007953 0.972564 0.509887
v 0.003484 0.978171 0.494730
v 0.001161 0.979070 0.490103
v 0.014517 0.976187 0.502110
v -0.016209 0.952554 0.535057
v -0.012907 0.960140 0.526504
v -0.020324 0.975810 0.556244
v -0.003245 0.946315 0.543710
v -0.009292 0.974687 0.557365
v 0.007839 0.954656 0.531975
v -0.027897 0.955831 0.568781
v -0.020355 0.959731 0.566971
v -0.019165 0.966374 0.563319
v -0.015195 0.946974 0.563933
v -0.015694 0.950536 0.566895
v -0.008701 0.955805 0.567687
v -0.004586 0.960488 0.567136
v -0.006975 0.967220 0.563213
v -0.006500 0.948330 0.566092
v -0.005855 0.950682 0.567449
v 0.002353 0.964367 0.566464
v 0.001397 1.012879 0.044623
v -0.014073 1.012848 0.087577
v 0.048475 1.012897 0.257812
v 0.038807 1.012854 0.332468
v 0.008832 1.013334 0.358775
v -0.004646 1.013999 0.366914
v -0.001594 1.015845 0.385860
v -0.000870 1.015994 0.403018
v 0.001016 1.013290 0.431373
v -0.000000 1.014478 0.418107
v 0.020161 1.012877 0.440659
v -0.021197 1.010182 0.515282
v -0.010742 1.008388 0.521124
v 0.006683 1.010938 0.511052
v 0.011617 1.012089 0.501155
v 0.016048 1.009209 0.516736
v -0.013121 0.993112 0.541883
v -0.018583 1.004901 0.527936
v -0.009290 1.001203 0.533349
v 0.009302 1.004750 0.527520
v 0.006727 0.994300 0.540569
v 0.016016 0.943768 -0.561433
v 0.027908 0.944047 -0.559898
v 0.035342 0.943905 -0.557485
v 0.020328 0.942553 -0.555435
v 0.037017 0.943622 -0.548255
v 0.045283 0.944073 -0.554735
v 0.059880 0.944423 -0.546699
v 0.054911 0.944173 -0.552736
v 0.108566 0.943669 -0.558631
v 0.101223 0.944058 -0.554697
v 0.096187 0.944651 -0.550376
v 0.100213 0.944445 -0.546353
v 0.111488 0.942113 -0.550373
v 0.116128 0.941637 -0.555315
v 0.107428 0.944358 -0.543310
v 0.119144 0.943817 -0.561800
v 0.134807 0.943804 -0.557084
v 0.120778 0.942421 -0.545807
v 0.124550 0.943862 -0.541207
v 0.130108 0.941774 -0.550572
v 0.130075 0.942377 -0.555074
v 0.139358 0.942942 -0.545797
v 0.142909 0.943902 -0.552701
v 0.150414 0.943985 -0.541332
v 0.152418 0.944208 -0.548214
v 0.162969 0.944337 -0.541859
v 0.532279 0.945079 -0.163603
v 0.531696 0.943926 -0.150986
v 0.537803 0.944044 -0.152302
v 0.529468 0.944421 -0.148236
v 0.531631 0.944071 -0.117300
v 0.536493 0.943090 -0.140520
v 0.536570 0.942683 -0.125430
v 0.536558 0.941803 -0.106850
v 0.541836 0.943950 -0.142413
v 0.541187 0.942326 -0.125425
v 0.541202 0.940701 -0.106853
v 0.545482 0.943117 -0.125809
v 0.545949 0.941128 -0.111512
v 0.547269 0.944370 -0.129169
v 0.552565 0.943302 -0.112637
v 0.529887 0.943806 -0.090876
v 0.534236 0.943231 -0.070826
v 0.536496 0.941211 -0.087677
v 0.541166 0.939969 -0.087674
v 0.546154 0.939611 -0.097582
v 0.545931 0.939959 -0.082445
v 0.550680 0.940264 -0.097578
v 0.550443 0.940637 -0.082455
v 0.557248 0.943546 -0.100331
v 0.557501 0.943167 -0.090070
v 0.557559 0.944173 -0.080766
v 0.552333 0.942807 -0.070239
v 0.533687 0.944462 -0.058655
v 0.534564 0.944055 -0.048852
v 0.534224 0.942937 -0.038346
v 0.540669 0.942427 -0.063261
v 0.541351 0.941706 -0.041799
v 0.545639 0.941976 -0.065046
v 0.545786 0.942237 -0.045836
v 0.551970 0.943726 -0.062673
v 0.551195 0.943976 -0.055747
v 0.552401 0.944109 -0.046488
v 0.552785 0.942334 -0.035442
v 0.528367 0.943962 -0.027134
v 0.526649 0.943678 -0.013361
v 0.526759 0.943720 0.003490
v 0.533797 0.940501 -0.018016
v 0.531894 0.941162 0.000002
v 0.539938 0.939181 -0.024880
v 0.538972 0.938845 -0.007690
v 0.548802 0.939378 -0.028080
v 0.545868 0.938476 -0.018004
v 0.548092 0.939388 -0.003218
v 0.551156 0.939334 -0.018513
v 0.553199 0.940863 -0.011602
v 0.557602 0.943156 -0.025709
v 0.556758 0.943690 -0.008201
v 0.552847 0.942295 0.002463
v 0.558174 0.943489 -0.017409
v 0.009288 0.943296 0.549101
v 0.022506 0.943359 0.548416
v 0.023228 0.941177 0.555115
v 0.035449 0.944036 0.548092
v 0.048784 0.942076 0.555034
v 0.009358 0.941610 0.559405
v 0.005725 0.943768 0.564809
v 0.011965 0.943812 0.568045
v 0.013928 0.941945 0.564455
v 0.027884 0.940525 0.559991
v 0.027880 0.940923 0.564588
v 0.020649 0.943892 0.571106
v 0.029638 0.943636 0.570926
v 0.053712 0.943766 0.549416
v 0.076647 0.940635 0.555114
v 0.078100 0.944265 0.546262
v 0.085941 0.942034 0.550450
v 0.046457 0.941561 0.559647
v 0.046462 0.942438 0.564227
v 0.041764 0.943833 0.568253
v 0.055758 0.943743 0.567251
v 0.061558 0.940979 0.559739
v 0.065040 0.941579 0.564458
v 0.073153 0.942825 0.568690
v 0.078974 0.939741 0.560011
v 0.092931 0.940464 0.555247
v 0.103077 0.944060 0.546001
v 0.107000 0.942340 0.550958
v 0.106830 0.941520 0.554939
v 0.083625 0.940198 0.564558
v 0.082108 0.944218 0.571720
v 0.088107 0.942785 0.569211
v 0.096400 0.940104 0.559760
v 0.097557 0.941333 0.564344
v 0.098304 0.943226 0.567749
v 0.106845 0.941826 0.559666
v 0.111902 0.943593 0.561424
v 0.120861 0.943904 0.548754
v 0.122850 0.944386 0.554425
v 0.164215 0.944110 0.549439
v 0.164127 0.944014 0.544913
v 0.175992 0.944119 0.548498
v 0.176503 0.944306 0.542500
v 0.529801 0.943103 0.021782
v 0.530539 0.943203 0.039488
v 0.540115 0.939236 0.019750
v 0.536571 0.940506 0.026727
v 0.546599 0.939337 0.009050
v 0.545850 0.938368 0.030194
v 0.552562 0.939287 0.027579
v 0.550522 0.938273 0.044135
v 0.550567 0.940380 0.015765
v 0.554574 0.939417 0.037177
v 0.554043 0.942831 0.013941
v 0.527509 0.944194 0.060391
v 0.527342 0.944036 0.085655
v 0.534214 0.941320 0.056036
v 0.531839 0.941906 0.080429
v 0.536530 0.940363 0.085655
v 0.540591 0.939236 0.059667
v 0.545856 0.938718 0.066490
v 0.552721 0.939326 0.062913
v 0.550039 0.939407 0.077796
v 0.554690 0.939407 0.051099
v 0.555069 0.942150 0.083033
v 0.529949 0.943590 0.116140
v 0.537227 0.941141 0.125444
v 0.541375 0.939584 0.096682
v 0.545832 0.939403 0.097225
v 0.546169 0.940346 0.117332
v 0.550255 0.940280 0.098582
v 0.557660 0.944130 0.100081
v 0.556268 0.943786 0.112441
v 0.529789 0.943305 0.145033
v 0.536643 0.941273 0.153313
v 0.541427 0.940620 0.127770
v 0.541141 0.941217 0.148656
v 0.545503 0.941959 0.139347
v 0.550352 0.941588 0.119618
v 0.552840 0.943882 0.128346
v 0.549609 0.943762 0.138655
v 0.548049 0.944103 0.149939
v 0.529990 0.944007 0.166312
v 0.531761 0.943754 0.171899
v 0.532288 0.945001 0.182177
v 0.536367 0.942581 0.170718
v 0.536689 0.944043 0.180419
v 0.541124 0.942389 0.166089
v 0.541131 0.943848 0.175806
v 0.545827 0.943682 0.159084
v 0.543778 0.944431 0.172986
v 0.558177 0.943216 0.027854
v 0.559284 0.942457 0.042963
v 0.557817 0.943517 0.073735
v 0.005449 0.951284 -0.567012
v 0.006075 0.959612 -0.567031
v 0.007478 0.966593 -0.563090
v 0.013922 0.955549 -0.568797
v 0.017418 0.969081 -0.561680
v 0.013872 0.948430 -0.566891
v 0.018575 0.951167 -0.568129
v 0.018587 0.961189 -0.567301
v 0.024498 0.949112 -0.566957
v 0.031554 0.955760 -0.567557
v 0.027886 0.960185 -0.567048
v 0.031011 0.966218 -0.563033
v 0.034648 0.973400 -0.556431
v 0.039578 0.947570 -0.562294
v 0.033513 0.952495 -0.566798
v 0.037948 0.960027 -0.565446
v 0.044719 0.965021 -0.562135
v 0.018292 0.982302 -0.548591
v 0.032519 0.948547 -0.536186
v 0.034842 0.946057 -0.541233
v 0.033027 0.955172 -0.526731
v 0.036003 0.967070 -0.513194
v 0.040648 0.972675 -0.505208
v 0.045585 0.976143 -0.498199
v 0.041810 0.978005 -0.492367
v 0.041810 0.979374 -0.485476
v 0.045948 0.980509 -0.468554
v 0.042972 0.980124 -0.478506
v 0.052916 0.980570 -0.451928
v 0.074121 0.980046 -0.354335
v 0.059866 0.980054 -0.297159
v 0.057398 0.980124 -0.237252
v 0.074688 0.980018 -0.171061
v 0.048579 0.980040 -0.116219
v 0.067552 0.980040 -0.035241
v 0.009284 1.006765 -0.518893
v 0.009281 0.993630 -0.537402
v 0.016252 1.005021 -0.523408
v 0.023232 0.994983 -0.536302
v 0.028168 1.001381 -0.528771
v 0.036006 1.004478 -0.523758
v 0.042870 0.985360 -0.544197
v 0.045419 0.998576 -0.530870
v 0.019593 1.011352 -0.505250
v 0.020324 1.012424 -0.491855
v 0.028167 1.008685 -0.515982
v 0.034843 1.011707 -0.501734
v 0.045294 1.012360 -0.487786
v 0.053424 1.010645 -0.506359
v 0.049940 1.011957 -0.497079
v 0.047490 1.012384 -0.469240
v 0.043607 1.012897 -0.407985
v 0.054223 1.013008 -0.380321
v 0.017712 1.013453 -0.363371
v 0.042282 1.012854 -0.324429
v 0.057997 1.012874 -0.291402
v 0.050920 1.012913 -0.213715
v 0.048171 1.012885 -0.146771
v 0.042155 1.012908 -0.085653
v 0.056863 1.012989 -0.043570
v 0.070634 1.012877 0.017915
v 0.041800 0.951012 -0.564323
v 0.052242 0.955736 -0.564095
v 0.057531 0.968411 -0.558331
v 0.048701 0.948867 -0.562297
v 0.059795 0.960300 -0.562647
v 0.063292 0.947769 -0.558502
v 0.056336 0.950933 -0.562428
v 0.062095 0.963524 -0.561002
v 0.066412 0.952909 -0.561995
v 0.068756 0.955932 -0.562199
v 0.075457 0.951057 -0.559246
v 0.070659 0.959127 -0.561655
v 0.077278 0.965351 -0.558183
v 0.059815 0.948305 -0.535963
v 0.058651 0.951905 -0.530424
v 0.065328 0.957060 -0.524100
v 0.059234 0.972633 -0.554777
v 0.059814 0.946006 -0.541174
v 0.065472 0.981492 -0.546600
v 0.067941 0.946354 -0.555057
v 0.069681 0.945139 -0.550477
v 0.083028 0.945990 -0.545738
v 0.080707 0.947810 -0.538659
v 0.077256 0.972703 -0.553228
v 0.065039 0.967032 -0.512919
v 0.085654 0.972447 -0.504809
v 0.088122 0.975127 -0.499423
v 0.103728 0.976764 -0.495108
v 0.085508 0.978683 -0.487789
v 0.087395 0.979781 -0.478493
v 0.080935 0.980475 -0.442855
v 0.079193 0.980292 -0.421768
v 0.081842 0.980304 -0.225202
v 0.087332 0.980093 -0.079392
v 0.077117 0.980053 0.009332
v 0.058361 1.004227 -0.522471
v 0.064843 0.990694 -0.538402
v 0.060393 1.000399 -0.528072
v 0.066424 0.995661 -0.533666
v 0.077574 0.999828 -0.530155
v 0.053421 1.006742 -0.517914
v 0.056910 1.008773 -0.512966
v 0.080935 1.012644 -0.488518
v 0.087832 1.012118 -0.498254
v 0.074330 1.007189 -0.517974
v 0.085943 1.011118 -0.506404
v 0.063877 1.012321 -0.446883
v 0.086234 1.012697 -0.465538
v 0.084055 1.013155 -0.398740
v 0.074037 1.013350 -0.359161
v 0.081660 1.013814 -0.376228
v 0.060248 1.012969 -0.354662
v 0.086460 1.012954 -0.328603
v 0.058015 1.012858 -0.249174
v 0.089210 1.012932 -0.249047
v 0.086633 1.013223 -0.219323
v 0.078503 1.012927 -0.188518
v 0.121883 1.012903 -0.112574
v 0.091106 1.012829 -0.080554
v 0.093556 1.012873 -0.027492
v 0.081398 0.948340 -0.557044
v 0.078968 0.955692 -0.560785
v 0.083632 0.960502 -0.559921
v 0.090625 0.947523 -0.557035
v 0.088275 0.951064 -0.559395
v 0.091707 0.955596 -0.561350
v 0.092183 0.966083 -0.557784
v 0.097772 0.947600 -0.559063
v 0.096759 0.951894 -0.561978
v 0.099240 0.958938 -0.562380
v 0.101070 0.948841 -0.561911
v 0.106841 0.955882 -0.564719
v 0.105048 0.965736 -0.559618
v 0.106843 0.951012 -0.564349
v 0.109757 0.962336 -0.562580
v 0.114925 0.946514 -0.563732
v 0.089138 0.952465 -0.530680
v 0.083621 0.945863 -0.550476
v 0.092622 0.958255 -0.522936
v 0.080716 0.984085 -0.544521
v 0.091751 0.973739 -0.552473
v 0.095808 0.947508 -0.538696
v 0.107998 0.953766 -0.527131
v 0.110618 0.974517 -0.553215
v 0.100912 0.984499 -0.544922
v 0.114261 0.948167 -0.534231
v 0.089577 0.966754 -0.513035
v 0.115202 0.963009 -0.515935
v 0.112936 0.969431 -0.508317
v 0.118753 0.978850 -0.487814
v 0.089065 0.980228 -0.463796
v 0.111712 0.980442 -0.453162
v 0.121657 0.980180 -0.478509
v 0.128026 0.980454 -0.468334
v 0.109099 0.980556 -0.432620
v 0.103441 0.980059 -0.319806
v 0.124011 0.980053 -0.246080
v 0.105880 0.980094 -0.193937
v 0.097263 0.992561 -0.538662
v 0.086774 1.004759 -0.524238
v 0.098431 0.998997 -0.532551
v 0.102058 1.004868 -0.524456
v 0.130721 0.982897 -0.545935
v 0.126743 1.000295 -0.529032
v 0.099303 1.008828 -0.515994
v 0.124995 1.010401 -0.506337
v 0.126302 1.011602 -0.497069
v 0.122382 1.012188 -0.481108
v 0.108554 1.012497 -0.462018
v 0.088121 1.012469 -0.431240
v 0.110478 1.012388 -0.428845
v 0.134286 1.012668 -0.416324
v 0.099802 1.014374 -0.379950
v 0.110900 1.013502 -0.395774
v 0.112077 1.014648 -0.366997
v 0.100695 1.014387 -0.359857
v 0.097321 1.013410 -0.343725
v 0.117024 1.012829 -0.306885
v 0.128752 1.012863 -0.259445
v 0.112166 1.012924 -0.218832
v 0.153976 1.012799 -0.212926
v 0.116001 0.951029 -0.566061
v 0.119059 0.961150 -0.563928
v 0.120790 0.968398 -0.558696
v 0.120083 0.953982 -0.566751
v 0.127510 0.946692 -0.563180
v 0.126392 0.950856 -0.565449
v 0.130078 0.955780 -0.564889
v 0.131627 0.962024 -0.562344
v 0.135843 0.948272 -0.561798
v 0.134144 0.971761 -0.555010
v 0.138623 0.951511 -0.562337
v 0.139131 0.955691 -0.562659
v 0.139906 0.959052 -0.561804
v 0.139245 0.966329 -0.558341
v 0.145172 0.947843 -0.557411
v 0.147202 0.950006 -0.558333
v 0.156670 0.955874 -0.557165
v 0.153838 0.960509 -0.557687
v 0.149733 0.964401 -0.557377
v 0.126344 0.957601 -0.521062
v 0.135696 0.953022 -0.525645
v 0.141690 0.945751 -0.536552
v 0.146331 0.948782 -0.530576
v 0.143970 0.971678 -0.554077
v 0.152732 0.979034 -0.548328
v 0.166076 0.954509 -0.522148
v 0.149239 0.960596 -0.516831
v 0.135883 0.967815 -0.509363
v 0.148659 0.971730 -0.503758
v 0.150982 0.976478 -0.494463
v 0.151562 0.978426 -0.487789
v 0.162595 0.973325 -0.500943
v 0.155047 0.980341 -0.453017
v 0.164918 0.979690 -0.478493
v 0.130585 0.980267 -0.417740
v 0.160708 0.980281 -0.395129
v 0.125358 0.980181 -0.354008
v 0.174899 0.980133 -0.345642
v 0.159529 0.980024 -0.307180
v 0.162487 0.980118 -0.220012
v 0.178088 0.980029 -0.099329
v 0.159134 0.980041 -0.042132
v 0.126048 0.979986 0.017312
v 0.149589 0.980066 0.068286
v 0.127468 1.004433 -0.522901
v 0.125576 0.994458 -0.535794
v 0.144010 0.996114 -0.535167
v 0.147495 0.989511 -0.541118
v 0.151942 1.005274 -0.524671
v 0.131825 1.006956 -0.517870
v 0.131822 1.008836 -0.513001
v 0.166297 1.012556 -0.490985
v 0.156784 1.011544 -0.505239
v 0.157188 1.012590 -0.443363
v 0.143722 1.012558 -0.466736
v 0.124034 1.014261 -0.376884
v 0.142908 1.012931 -0.394206
v 0.148949 1.013454 -0.369614
v 0.135864 1.013613 -0.356534
v 0.135592 1.013041 -0.334189
v 0.154539 1.013824 -0.351944
v 0.151055 1.013056 -0.319821
v 0.189026 1.012960 -0.309477
v 0.173134 1.012865 -0.166134
v 0.178637 1.012877 -0.109053
v 0.158249 1.012883 -0.038508
v 0.127001 1.012938 0.011877
v 0.153997 0.952698 -0.557310
v 0.153334 0.947849 -0.554085
v 0.156011 0.971633 -0.552483
v 0.162671 0.945138 -0.536937
v 0.163264 0.966618 -0.553573
v 0.160048 0.950038 -0.553807
v 0.161858 0.948159 -0.551669
v 0.163765 0.945287 -0.545830
v 0.160188 0.948742 -0.529536
v 0.170832 0.947649 -0.547984
v 0.171283 0.948032 -0.530082
v 0.169378 0.953743 -0.553206
v 0.175955 0.951413 -0.525545
v 0.171184 0.976409 -0.547819
v 0.171806 0.961862 -0.553158
v 0.174624 0.949429 -0.548754
v 0.176526 0.945780 -0.541055
v 0.180041 0.946130 -0.536549
v 0.176145 0.956024 -0.551701
v 0.180198 0.960327 -0.550983
v 0.182363 0.972455 -0.547862
v 0.183703 0.947857 -0.542648
v 0.183820 0.948596 -0.530288
v 0.184594 0.954476 -0.548619
v 0.181181 0.964996 -0.550247
v 0.184676 0.949221 -0.544296
v 0.190592 0.953608 -0.524196
v 0.184013 0.982415 -0.543430
v 0.175952 0.967540 -0.509039
v 0.180890 0.962409 -0.514539
v 0.191045 0.976528 -0.494983
v 0.185824 0.978484 -0.487786
v 0.187274 0.973239 -0.501681
v 0.187275 0.980052 -0.470364
v 0.173955 0.980297 -0.430588
v 0.195986 0.979644 -0.480813
v 0.197946 0.980407 -0.442492
v 0.188836 0.980220 -0.375712
v 0.199470 0.980726 -0.409537
v 0.202682 0.980033 -0.281421
v 0.185206 0.980045 -0.186186
v 0.195732 0.980162 -0.149058
v 0.220674 0.980120 -0.062371
v 0.157365 1.002201 -0.529465
v 0.162728 0.985230 -0.543767
v 0.162597 0.992679 -0.538758
v 0.167244 0.999577 -0.532853
v 0.175091 1.005528 -0.524876
v 0.182082 0.990192 -0.539422
v 0.181193 0.997351 -0.534061
v 0.188919 1.004775 -0.524261
v 0.190538 1.001265 -0.528667
v 0.156898 1.009312 -0.516186
v 0.180019 1.011945 -0.501740
v 0.181514 1.009033 -0.516637
v 0.188326 1.010528 -0.509703
v 0.188256 1.012794 -0.468787
v 0.199616 1.012347 -0.488370
v 0.179182 1.012533 -0.422603
v 0.179471 1.012724 -0.382677
v 0.203245 1.012273 -0.403802
v 0.166581 1.013978 -0.340771
v 0.172630 1.013769 -0.359801
v 0.201491 1.013871 -0.348266
v 0.180934 1.013423 -0.324371
v 0.203734 1.012864 -0.279579
v 0.229755 1.012876 -0.200992
v 0.175525 1.012832 0.055652
v 0.190661 0.948556 -0.537682
v 0.190106 0.948667 -0.533226
v 0.192981 0.954265 -0.544565
v 0.190509 0.962001 -0.548246
v 0.191660 0.968961 -0.546918
v 0.194092 0.952254 -0.541858
v 0.196604 0.961230 -0.517373
v 0.195061 0.976259 -0.544070
v 0.199766 0.952988 -0.537493
v 0.199472 0.952594 -0.530843
v 0.198050 0.955150 -0.541727
v 0.200360 0.957090 -0.523461
v 0.199191 0.959541 -0.544026
v 0.203236 0.965647 -0.543455
v 0.205792 0.959098 -0.539488
v 0.205430 0.957316 -0.525929
v 0.204578 0.969621 -0.542911
v 0.205199 0.973726 -0.542116
v 0.206960 0.980638 -0.539693
v 0.208314 0.957963 -0.535319
v 0.209414 0.957736 -0.530449
v 0.211949 0.961411 -0.535797
v 0.214596 0.963397 -0.521480
v 0.212258 0.965864 -0.539075
v 0.214653 0.969884 -0.538938
v 0.213020 0.977826 -0.539022
v 0.216332 0.962595 -0.531914
v 0.218695 0.963348 -0.527297
v 0.216324 0.965667 -0.535895
v 0.218110 0.974437 -0.537799
v 0.222141 0.966574 -0.531815
v 0.222755 0.966923 -0.520134
v 0.221687 0.969974 -0.535132
v 0.228084 0.979152 -0.534276
v 0.196857 0.968265 -0.509667
v 0.202071 0.972323 -0.504907
v 0.224584 0.979488 -0.487790
v 0.208848 0.967254 -0.513454
v 0.217470 0.976514 -0.499215
v 0.216017 0.978426 -0.492445
v 0.216873 0.973267 -0.506347
v 0.227589 0.972427 -0.511167
v 0.222116 0.980345 -0.475885
v 0.218560 0.980698 -0.437375
v 0.235473 0.980414 -0.427975
v 0.213660 0.980269 -0.390556
v 0.207745 0.980257 -0.326425
v 0.232406 0.980082 -0.359870
v 0.239611 0.980061 -0.312797
v 0.230052 0.980052 -0.188836
v 0.242033 0.980039 -0.121811
v 0.233504 0.980094 -0.019562
v 0.196298 0.995517 -0.533223
v 0.200065 0.984659 -0.539430
v 0.208104 0.989765 -0.534781
v 0.203946 1.005974 -0.518486
v 0.215197 0.999916 -0.524474
v 0.222473 0.994285 -0.528349
v 0.219917 0.985417 -0.534644
v 0.204409 1.011079 -0.501734
v 0.212120 1.008541 -0.510204
v 0.213697 1.011689 -0.492432
v 0.227441 1.009051 -0.503534
v 0.227400 1.004553 -0.514771
v 0.229970 1.010364 -0.497081
v 0.232425 1.011780 -0.486628
v 0.223859 1.012308 -0.474429
v 0.211592 1.012239 -0.433709
v 0.234348 1.012323 -0.454505
v 0.235092 1.012729 -0.409611
v 0.216673 1.012825 -0.377816
v 0.228940 1.013067 -0.356403
v 0.230392 1.013125 -0.328457
v 0.244909 1.013165 -0.303524
v 0.263419 1.012859 -0.245871
v 0.205449 1.012781 -0.139839
v 0.238123 1.012881 -0.108935
v 0.222612 1.012821 -0.038816
v 0.225697 0.967191 -0.527284
v 0.227807 0.968235 -0.522894
v 0.225282 0.969581 -0.532014
v 0.225567 0.974149 -0.534806
v 0.226963 0.982550 -0.533941
v 0.231200 0.971047 -0.528379
v 0.230871 0.974283 -0.531405
v 0.234888 0.971881 -0.522650
v 0.235963 0.975011 -0.527801
v 0.236096 0.979813 -0.530251
v 0.240588 0.975867 -0.522898
v 0.240198 0.979203 -0.526669
v 0.244262 0.979245 -0.522264
v 0.233860 0.971938 -0.516810
v 0.234629 0.977188 -0.501289
v 0.236929 0.978709 -0.494743
v 0.241638 0.975470 -0.514522
v 0.241544 0.976816 -0.506367
v 0.252026 0.980120 -0.487784
v 0.243663 0.976778 -0.517828
v 0.248528 0.979432 -0.497085
v 0.249528 0.980783 -0.517112
v 0.252076 0.980665 -0.511952
v 0.250845 0.979465 -0.504046
v 0.257541 0.981929 -0.506277
v 0.259614 0.980949 -0.495789
v 0.241716 0.980460 -0.468479
v 0.262530 0.980434 -0.480002
v 0.266613 0.980391 -0.429317
v 0.272638 0.980362 -0.461111
v 0.241498 0.980153 -0.407796
v 0.287863 0.980230 -0.379668
v 0.284461 0.980091 -0.292427
v 0.254927 0.980073 -0.243920
v 0.278191 0.980177 -0.254800
v 0.288729 0.980035 -0.069307
v 0.258538 0.980145 0.017938
v 0.229321 0.989868 -0.529993
v 0.237288 0.984502 -0.529628
v 0.236884 0.987650 -0.528529
v 0.235781 0.994873 -0.524537
v 0.241231 0.991950 -0.524845
v 0.243249 0.983483 -0.525682
v 0.243928 0.988241 -0.525027
v 0.246297 0.995369 -0.520866
v 0.249816 0.984872 -0.520759
v 0.250858 0.988436 -0.520798
v 0.251100 0.992129 -0.520213
v 0.234013 1.006709 -0.508646
v 0.240971 0.999922 -0.518325
v 0.246440 1.004891 -0.510724
v 0.247382 1.008922 -0.502261
v 0.250581 0.997582 -0.517526
v 0.251052 1.000396 -0.515340
v 0.256920 1.005171 -0.508221
v 0.257545 1.011162 -0.492467
v 0.259283 1.012295 -0.481554
v 0.252931 0.984512 -0.517256
v 0.257848 1.008879 -0.501022
v 0.260925 0.985473 -0.509994
v 0.257620 0.988451 -0.515423
v 0.258957 0.993005 -0.515382
v 0.256939 0.997074 -0.515349
v 0.262139 1.001774 -0.510028
v 0.264726 1.012501 -0.432802
v 0.270316 1.012573 -0.464559
v 0.267484 1.012758 -0.372046
v 0.264689 1.012803 -0.331451
v 0.256523 1.013080 -0.274743
v 0.274734 1.012854 -0.086388
v 0.255289 1.012776 0.017321
v 0.288770 1.012858 0.000563
v 0.265704 0.981687 -0.493690
v 0.289388 0.981194 -0.476436
v 0.295868 0.980587 -0.458318
v 0.305465 0.980505 -0.421042
v 0.283090 0.980290 -0.344862
v 0.306645 0.980164 -0.314339
v 0.319094 0.980065 -0.240173
v 0.312833 0.980061 -0.138451
v 0.317252 0.980106 -0.194089
v 0.298842 0.980081 -0.009019
v 0.264772 0.983508 -0.501696
v 0.265030 0.989510 -0.510415
v 0.265680 0.997862 -0.511042
v 0.265796 1.004820 -0.505744
v 0.270542 0.985517 -0.501791
v 0.265839 0.993048 -0.511323
v 0.271168 1.009425 -0.495544
v 0.277871 1.011379 -0.484320
v 0.276989 0.983326 -0.492425
v 0.271682 0.989278 -0.505661
v 0.273325 0.992830 -0.506989
v 0.274881 0.998618 -0.506416
v 0.274242 1.002033 -0.504375
v 0.276462 1.005048 -0.500824
v 0.280642 0.986126 -0.497071
v 0.280735 0.991728 -0.502667
v 0.281544 1.009044 -0.492004
v 0.290364 0.982688 -0.484335
v 0.283273 0.997629 -0.502584
v 0.282986 1.001251 -0.501346
v 0.290696 0.986253 -0.492887
v 0.290743 0.991396 -0.498074
v 0.284705 0.993557 -0.501578
v 0.288393 1.004810 -0.496209
v 0.292722 0.997338 -0.498563
v 0.292846 1.000594 -0.497665
v 0.297803 1.009173 -0.485018
v 0.299929 0.985792 -0.488071
v 0.297230 0.994886 -0.496932
v 0.297207 1.002285 -0.494492
v 0.298497 1.004971 -0.491867
v 0.286867 1.012167 -0.471530
v 0.293416 1.012379 -0.431495
v 0.292101 1.011310 -0.478514
v 0.302836 1.012160 -0.459916
v 0.295158 1.012682 -0.373516
v 0.293144 1.012591 -0.334881
v 0.272420 1.013239 -0.286575
v 0.298189 1.012840 -0.303488
v 0.296809 1.012975 -0.258157
v 0.317533 1.012688 -0.280441
v 0.290467 1.012900 -0.188777
v 0.310275 1.012904 -0.145892
v 0.318300 1.012889 -0.064190
v 0.322035 0.981171 -0.454345
v 0.316991 0.980536 -0.444636
v 0.339346 0.980650 -0.427975
v 0.322251 0.980148 -0.357093
v 0.344390 0.980263 -0.395673
v 0.316045 0.980237 -0.286575
v 0.363925 0.980335 -0.297971
v 0.353972 0.980318 -0.251769
v 0.343247 0.980150 -0.214024
v 0.355097 0.980232 -0.153159
v 0.348074 0.980061 -0.095951
v 0.348673 0.980042 -0.018927
v 0.302671 0.990128 -0.491959
v 0.301830 0.997331 -0.494513
v 0.309038 0.985847 -0.483238
v 0.306164 0.994160 -0.492513
v 0.304529 1.000748 -0.492457
v 0.308673 1.004940 -0.486696
v 0.311850 0.990161 -0.487055
v 0.311340 0.997571 -0.489699
v 0.312276 1.001608 -0.487481
v 0.313433 0.992988 -0.487677
v 0.317683 0.989519 -0.482329
v 0.319931 0.993832 -0.483810
v 0.320852 0.998693 -0.483546
v 0.311878 0.983368 -0.475075
v 0.309528 0.981978 -0.470381
v 0.301972 1.011164 -0.473864
v 0.312546 1.009088 -0.476679
v 0.315331 1.010842 -0.466898
v 0.317065 1.011955 -0.455273
v 0.318150 1.012415 -0.438283
v 0.318256 0.985676 -0.476711
v 0.316676 1.004794 -0.481796
v 0.322921 0.991632 -0.480526
v 0.323236 0.986093 -0.473682
v 0.324037 1.001159 -0.479652
v 0.325232 1.004909 -0.475185
v 0.325417 1.009113 -0.466655
v 0.327519 1.011094 -0.455274
v 0.329402 0.985882 -0.468152
v 0.334683 0.983788 -0.457801
v 0.345231 0.982829 -0.445694
v 0.330395 0.989876 -0.472984
v 0.326826 0.993183 -0.478220
v 0.327413 0.997740 -0.478387
v 0.329021 1.001542 -0.475274
v 0.335070 1.011573 -0.444823
v 0.338854 0.985983 -0.460187
v 0.334520 0.993005 -0.471553
v 0.335027 0.997681 -0.471982
v 0.333925 1.001837 -0.470843
v 0.334966 1.004193 -0.467981
v 0.336336 1.009248 -0.456784
v 0.329474 1.012428 -0.417994
v 0.339128 1.012053 -0.434363
v 0.332668 1.012751 -0.378942
v 0.325935 1.012725 -0.323776
v 0.358400 1.012615 -0.273364
v 0.305448 1.013142 -0.216020
v 0.322306 1.013356 -0.226056
v 0.344499 1.012883 -0.236634
v 0.353065 1.012620 -0.253765
v 0.308059 1.013228 -0.175080
v 0.320355 1.013863 -0.198000
v 0.335640 1.014529 -0.201826
v 0.319416 1.013831 -0.178829
v 0.329890 1.013570 -0.154545
v 0.334767 1.014778 -0.177109
v 0.329258 1.012959 -0.124361
v 0.339717 1.013278 -0.098247
v 0.340870 1.012942 -0.062208
v 0.330799 1.012865 -0.010688
v 0.348434 0.981324 -0.434945
v 0.367004 0.980442 -0.410703
v 0.364527 0.981207 -0.424975
v 0.368017 0.980326 -0.383842
v 0.350451 0.980328 -0.342902
v 0.391209 0.980185 -0.351395
v 0.389794 0.980212 -0.307743
v 0.379740 0.980328 -0.264272
v 0.375421 0.980723 -0.236126
v 0.369614 0.980128 -0.170762
v 0.391354 0.980252 -0.206039
v 0.385512 0.980492 -0.223931
v 0.393400 0.980085 -0.117864
v 0.375621 0.980139 -0.031721
v 0.338236 0.989793 -0.465963
v 0.337495 1.005116 -0.464397
v 0.344440 0.993681 -0.463445
v 0.345204 0.989794 -0.459983
v 0.343402 0.996465 -0.465193
v 0.342037 1.001159 -0.464502
v 0.343924 1.004899 -0.459368
v 0.344300 1.009283 -0.450241
v 0.349473 0.985556 -0.450567
v 0.350414 0.989590 -0.455662
v 0.346964 0.996636 -0.462069
v 0.349012 0.999058 -0.460003
v 0.351129 0.992159 -0.457263
v 0.351915 1.001096 -0.456411
v 0.352952 1.004817 -0.452218
v 0.353314 1.006642 -0.448916
v 0.355959 1.009164 -0.442103
v 0.358448 0.989753 -0.449965
v 0.356820 0.985730 -0.445888
v 0.357487 0.992879 -0.452792
v 0.355321 0.997760 -0.455177
v 0.357956 1.001078 -0.451913
v 0.362687 0.996368 -0.450341
v 0.362233 1.002209 -0.447975
v 0.362530 1.004917 -0.445528
v 0.364349 0.989219 -0.445207
v 0.364658 0.992579 -0.447706
v 0.371188 0.992858 -0.443383
v 0.368224 0.998469 -0.446190
v 0.346098 1.010895 -0.441333
v 0.360053 1.012423 -0.417054
v 0.357719 1.011253 -0.432054
v 0.367973 0.985708 -0.438317
v 0.364701 0.982914 -0.433234
v 0.364682 1.011888 -0.422754
v 0.369956 1.009198 -0.432900
v 0.370766 0.990180 -0.442080
v 0.371256 1.001934 -0.442189
v 0.372762 1.005023 -0.438400
v 0.378659 1.010753 -0.420491
v 0.372010 1.012570 -0.395093
v 0.361630 1.012568 -0.360818
v 0.385983 1.012747 -0.331633
v 0.369106 1.012545 -0.296955
v 0.354697 1.013200 -0.219586
v 0.377562 1.012195 -0.237867
v 0.350911 1.014560 -0.198192
v 0.351910 1.014978 -0.181613
v 0.370130 1.013370 -0.200439
v 0.346131 1.013778 -0.147217
v 0.353358 1.014583 -0.166076
v 0.362252 1.013996 -0.152723
v 0.375863 1.013439 -0.179944
v 0.355321 1.013970 -0.127609
v 0.369468 1.013885 -0.139711
v 0.364380 1.014736 -0.111787
v 0.352389 1.013720 -0.081759
v 0.367868 1.014674 -0.086520
v 0.378619 1.014932 -0.105254
v 0.359645 1.013223 -0.056307
v 0.376453 1.013811 -0.060684
v 0.357526 1.013352 -0.016758
v 0.361157 1.013638 0.007175
v 0.373090 1.014392 -0.002904
v 0.382051 0.981286 -0.412215
v 0.398129 0.980660 -0.393343
v 0.396182 0.980289 -0.378253
v 0.410921 0.981093 -0.389487
v 0.411425 0.980165 -0.321562
v 0.421862 0.980622 -0.358664
v 0.410771 0.980206 -0.250208
v 0.423502 0.980430 -0.184254
v 0.429717 0.980356 -0.215657
v 0.414256 0.980227 -0.145320
v 0.401771 0.980074 -0.048307
v 0.434580 0.980164 -0.093692
v 0.415145 0.980169 -0.005535
v 0.380369 0.985686 -0.429590
v 0.381543 0.982879 -0.421038
v 0.377342 0.989256 -0.436435
v 0.379338 0.997597 -0.438637
v 0.380362 1.011857 -0.411140
v 0.380426 0.993131 -0.437252
v 0.380001 1.001130 -0.436900
v 0.381454 1.009119 -0.424654
v 0.388978 0.989951 -0.428905
v 0.386382 1.001682 -0.431655
v 0.383289 1.004880 -0.431085
v 0.389568 0.985692 -0.422902
v 0.390383 0.992980 -0.429730
v 0.388134 0.997674 -0.432186
v 0.391764 1.004936 -0.424753
v 0.395355 1.009173 -0.414125
v 0.392555 1.010916 -0.408816
v 0.400366 0.985729 -0.414959
v 0.398380 0.982928 -0.408841
v 0.394628 0.996364 -0.427845
v 0.393101 1.001067 -0.427286
v 0.396897 0.989184 -0.422015
v 0.397219 0.992554 -0.424609
v 0.399143 0.997544 -0.424170
v 0.398376 1.001131 -0.423380
v 0.404805 0.989792 -0.417356
v 0.403742 0.992904 -0.420168
v 0.403786 1.001890 -0.418965
v 0.402001 1.004981 -0.417307
v 0.406148 1.009146 -0.406932
v 0.409725 0.984821 -0.406809
v 0.409187 0.997586 -0.417284
v 0.409583 1.004841 -0.412584
v 0.382681 1.012327 -0.401264
v 0.401267 1.012424 -0.386604
v 0.403586 1.012584 -0.365804
v 0.400698 1.011392 -0.400705
v 0.408823 1.011351 -0.394889
v 0.417959 1.012693 -0.327768
v 0.401698 1.012733 -0.281747
v 0.401336 1.012520 -0.236852
v 0.385583 1.012656 -0.213697
v 0.397633 1.012678 -0.184372
v 0.422313 1.012618 -0.215947
v 0.390225 1.012886 -0.154029
v 0.428301 1.012626 -0.131655
v 0.380136 1.014303 -0.122595
v 0.406633 1.012970 -0.128044
v 0.396363 1.013750 -0.114430
v 0.386654 1.014214 -0.075794
v 0.388492 1.014482 -0.093492
v 0.411360 1.013094 -0.095960
v 0.407104 1.013138 -0.059230
v 0.378085 1.013782 -0.037882
v 0.391852 1.013693 -0.049181
v 0.383840 1.014731 0.001888
v 0.390230 1.014385 -0.022650
v 0.397065 1.014491 0.006026
v 0.410825 1.013598 -0.017144
v 0.424780 0.980136 -0.335064
v 0.429217 0.981412 -0.365903
v 0.432044 0.979688 -0.329253
v 0.441002 0.981333 -0.349276
v 0.438427 0.980288 -0.342034
v 0.440169 0.978870 -0.330997
v 0.445975 0.979216 -0.336810
v 0.428864 0.980193 -0.268809
v 0.427392 0.979761 -0.299640
v 0.432033 0.979013 -0.311254
v 0.437850 0.978558 -0.294996
v 0.440871 0.976902 -0.311254
v 0.445463 0.976249 -0.322649
v 0.443049 0.976357 -0.303128
v 0.448380 0.974915 -0.296037
v 0.443078 0.979947 -0.265092
v 0.445989 0.978828 -0.277582
v 0.448677 0.976638 -0.287607
v 0.452510 0.980291 -0.231119
v 0.450767 0.980417 -0.160926
v 0.438282 0.980322 -0.130784
v 0.429063 0.980210 -0.052481
v 0.449315 0.980241 -0.036148
v 0.426668 0.980162 0.026476
v 0.410812 0.989374 -0.412761
v 0.412974 0.992952 -0.414140
v 0.414399 0.998917 -0.413759
v 0.421466 0.989809 -0.405664
v 0.417200 1.001453 -0.410143
v 0.418449 1.005024 -0.405872
v 0.420282 0.993020 -0.408677
v 0.423408 0.997634 -0.407051
v 0.420492 0.982640 -0.390288
v 0.415996 0.985779 -0.404307
v 0.418807 1.009076 -0.397511
v 0.415789 1.011760 -0.383268
v 0.420469 1.010568 -0.388520
v 0.421590 1.012023 -0.368165
v 0.422605 0.985877 -0.398820
v 0.422207 1.001911 -0.405824
v 0.428768 0.985768 -0.391766
v 0.431779 0.982529 -0.373117
v 0.429216 0.993025 -0.400759
v 0.426954 1.002027 -0.401379
v 0.425795 1.004989 -0.399324
v 0.429624 1.009111 -0.384721
v 0.427408 1.010880 -0.376302
v 0.431038 0.989984 -0.396348
v 0.432054 0.997526 -0.398518
v 0.431476 1.001818 -0.396713
v 0.430281 1.004979 -0.394365
v 0.437631 0.985698 -0.379128
v 0.436447 0.989737 -0.389123
v 0.436273 0.992748 -0.392291
v 0.436785 0.997251 -0.392716
v 0.435925 1.001344 -0.391713
v 0.435132 1.004987 -0.388175
v 0.436506 1.009097 -0.373819
v 0.441167 0.989855 -0.382055
v 0.441039 0.993498 -0.386096
v 0.441462 0.997302 -0.386295
v 0.440730 1.000517 -0.385983
v 0.442137 1.003338 -0.380059
v 0.441229 1.005316 -0.377683
v 0.443384 0.986227 -0.370270
v 0.445872 0.992696 -0.377431
v 0.447353 0.997371 -0.376020
v 0.446677 1.004321 -0.369862
v 0.426674 1.012254 -0.353793
v 0.433223 1.011298 -0.361786
v 0.436688 1.012159 -0.317643
v 0.436689 1.011857 -0.334483
v 0.441337 0.983196 -0.360617
v 0.444929 0.982506 -0.352089
v 0.441943 1.009237 -0.362090
v 0.441351 1.010794 -0.346102
v 0.446145 1.009108 -0.350835
v 0.447132 1.010855 -0.318802
v 0.430442 1.012537 -0.280622
v 0.439588 1.012230 -0.294414
v 0.439044 1.012677 -0.256524
v 0.454869 1.012610 -0.234819
v 0.434326 1.012395 -0.183954
v 0.459041 1.011999 -0.203535
v 0.465522 1.012571 -0.138461
v 0.450259 1.012789 -0.096360
v 0.430660 1.012820 -0.081987
v 0.426304 1.012784 -0.036003
v 0.451348 1.012659 -0.036802
v 0.422894 1.012974 0.031793
v 0.436394 1.012723 0.000472
v 0.450493 0.981055 -0.343062
v 0.455385 0.978841 -0.337044
v 0.463281 0.980011 -0.336833
v 0.468034 0.982216 -0.336008
v 0.451157 0.976375 -0.329611
v 0.449138 0.972957 -0.312431
v 0.451195 0.972355 -0.301961
v 0.453331 0.972065 -0.320140
v 0.458410 0.966516 -0.313543
v 0.456103 0.967838 -0.307377
v 0.457725 0.976562 -0.333051
v 0.461055 0.966102 -0.318294
v 0.461625 0.965514 -0.297697
v 0.457596 0.971950 -0.325083
v 0.466731 0.957599 -0.309362
v 0.464409 0.960198 -0.304277
v 0.466203 0.960500 -0.315775
v 0.463023 0.968861 -0.324284
v 0.467288 0.971275 -0.328402
v 0.468276 0.975441 -0.331590
v 0.472340 0.954684 -0.296985
v 0.469596 0.964651 -0.323127
v 0.474501 0.952603 -0.311253
v 0.472964 0.952128 -0.305680
v 0.470727 0.957427 -0.315905
v 0.480881 0.948313 -0.297573
v 0.475723 0.957772 -0.318100
v 0.475450 0.967296 -0.324991
v 0.480586 0.970401 -0.324143
v 0.478423 0.976695 -0.327380
v 0.480978 0.948595 -0.303968
v 0.480354 0.951228 -0.310345
v 0.482737 0.953637 -0.313107
v 0.480520 0.962551 -0.320519
v 0.484142 0.976919 -0.322354
v 0.456418 0.972097 -0.291065
v 0.459207 0.977357 -0.268757
v 0.461684 0.979016 -0.251457
v 0.465498 0.974897 -0.269828
v 0.467064 0.965642 -0.288523
v 0.466213 0.972127 -0.277013
v 0.469419 0.976817 -0.255438
v 0.477981 0.954281 -0.289160
v 0.478631 0.961290 -0.279000
v 0.476968 0.967862 -0.271165
v 0.475481 0.971983 -0.264016
v 0.485342 0.952702 -0.281938
v 0.485181 0.963282 -0.266566
v 0.463990 0.979710 -0.232284
v 0.477771 0.975931 -0.241113
v 0.474411 0.978141 -0.229366
v 0.473887 0.979225 -0.211380
v 0.481016 0.972749 -0.250292
v 0.483549 0.976429 -0.213729
v 0.458465 0.980811 -0.204116
v 0.458752 0.980497 -0.177403
v 0.469223 0.980109 -0.203537
v 0.469211 0.979970 -0.171886
v 0.476182 0.979040 -0.175371
v 0.482377 0.977486 -0.191633
v 0.465720 0.979923 -0.118317
v 0.471527 0.979507 -0.120640
v 0.480826 0.977970 -0.126157
v 0.459332 0.980061 -0.093202
v 0.476179 0.978916 -0.118898
v 0.463401 0.979924 -0.040830
v 0.473864 0.979085 -0.064747
v 0.482800 0.977111 -0.052624
v 0.471522 0.979073 -0.018583
v 0.476157 0.978130 0.002903
v 0.454107 0.980242 0.000871
v 0.464565 0.979872 -0.001742
v 0.482428 0.976728 -0.022064
v 0.449390 0.989612 -0.366027
v 0.446129 1.000448 -0.376772
v 0.449143 0.985685 -0.357902
v 0.450681 0.992998 -0.368001
v 0.451792 0.997382 -0.366753
v 0.453497 1.001543 -0.359100
v 0.451289 1.005064 -0.356356
v 0.450303 1.009074 -0.336021
v 0.455037 1.007849 -0.327919
v 0.453006 0.986116 -0.353092
v 0.455319 0.982998 -0.344451
v 0.455619 0.992248 -0.357618
v 0.455976 0.997266 -0.357495
v 0.451284 1.000207 -0.366207
v 0.455493 1.004464 -0.346635
v 0.460180 0.984709 -0.343446
v 0.459311 0.989341 -0.348904
v 0.459595 0.992534 -0.350453
v 0.458706 0.998512 -0.350892
v 0.460407 0.998365 -0.347005
v 0.458621 1.004729 -0.336043
v 0.464685 0.988017 -0.341843
v 0.463603 0.992786 -0.344059
v 0.462494 0.999053 -0.341831
v 0.464426 0.999544 -0.336659
v 0.470534 0.986214 -0.335535
v 0.469059 0.992706 -0.336036
v 0.449461 1.011878 -0.290059
v 0.454153 1.009127 -0.320612
v 0.455271 1.011034 -0.295577
v 0.458922 1.009260 -0.306776
v 0.465079 1.004326 -0.320924
v 0.465654 1.006993 -0.306329
v 0.470596 0.994395 -0.332583
v 0.469200 0.999158 -0.327611
v 0.471264 1.004143 -0.308329
v 0.475204 0.985453 -0.330908
v 0.472480 0.999884 -0.319196
v 0.480505 0.985659 -0.324577
v 0.477269 0.990585 -0.325769
v 0.480589 0.991784 -0.319082
v 0.477151 0.995851 -0.318862
v 0.479954 0.998297 -0.308874
v 0.480556 1.004236 -0.293082
v 0.486015 0.992858 -0.307682
v 0.486231 0.996553 -0.301095
v 0.483925 1.000208 -0.297746
v 0.458753 1.012538 -0.260735
v 0.461658 1.012214 -0.269447
v 0.462249 1.011206 -0.283972
v 0.468516 1.009333 -0.290179
v 0.471656 1.010957 -0.275373
v 0.476197 1.011435 -0.264814
v 0.478424 1.007355 -0.285641
v 0.484655 1.008610 -0.272596
v 0.473275 1.012368 -0.248541
v 0.473271 1.012352 -0.229956
v 0.483162 1.011298 -0.252611
v 0.483155 1.011841 -0.232280
v 0.470113 1.012228 -0.177150
v 0.477044 1.011896 -0.206438
v 0.483147 1.011919 -0.153305
v 0.469931 1.012627 -0.081153
v 0.481405 1.012275 -0.088121
v 0.467753 1.012640 -0.030051
v 0.478499 1.012378 -0.036293
v 0.466882 1.012537 -0.000472
v 0.483140 1.011833 -0.006678
v 0.487143 0.948352 -0.303296
v 0.488027 0.946844 -0.295229
v 0.484562 0.957293 -0.315077
v 0.489526 0.952259 -0.306928
v 0.487701 0.962350 -0.315604
v 0.490178 0.966330 -0.314382
v 0.489505 0.978968 -0.314631
v 0.493512 0.948241 -0.297260
v 0.491571 0.955889 -0.308281
v 0.494006 0.952080 -0.302289
v 0.494712 0.959910 -0.306967
v 0.492476 0.971991 -0.311771
v 0.497589 0.954552 -0.300527
v 0.499572 0.967252 -0.301192
v 0.497839 0.976445 -0.301215
v 0.503980 0.959429 -0.294017
v 0.488748 0.948312 -0.286045
v 0.491347 0.956809 -0.267595
v 0.494891 0.948405 -0.278694
v 0.497239 0.947289 -0.288156
v 0.496968 0.947123 -0.283296
v 0.497984 0.948903 -0.293356
v 0.498284 0.952686 -0.265508
v 0.499861 0.948695 -0.273328
v 0.501542 0.948849 -0.287799
v 0.502250 0.953753 -0.293598
v 0.504429 0.976424 -0.289586
v 0.503385 0.948098 -0.278765
v 0.506246 0.949515 -0.269807
v 0.505714 0.952201 -0.286170
v 0.506009 0.949040 -0.277210
v 0.506636 0.950762 -0.263730
v 0.504484 0.952494 -0.259063
v 0.506212 0.955605 -0.288766
v 0.509891 0.967341 -0.284204
v 0.504417 0.982842 -0.285481
v 0.508519 0.951606 -0.278862
v 0.511036 0.954519 -0.278978
v 0.511034 0.960333 -0.282482
v 0.514818 0.974619 -0.272013
v 0.511494 0.981072 -0.273921
v 0.512146 0.952342 -0.269431
v 0.513958 0.952977 -0.260144
v 0.514969 0.956780 -0.271699
v 0.516061 0.955758 -0.266063
v 0.515764 0.962527 -0.274009
v 0.519343 0.969669 -0.264999
v 0.516171 0.982259 -0.263479
v 0.518951 0.960741 -0.264428
v 0.519566 0.964992 -0.264931
v 0.486127 0.967695 -0.255509
v 0.491416 0.967690 -0.243548
v 0.487239 0.973001 -0.231483
v 0.494965 0.962430 -0.250535
v 0.496854 0.967933 -0.225589
v 0.497946 0.957554 -0.255933
v 0.503977 0.956883 -0.248018
v 0.508265 0.958143 -0.233730
v 0.502412 0.962461 -0.232135
v 0.511467 0.953446 -0.250418
v 0.511227 0.954425 -0.246412
v 0.511543 0.955654 -0.239639
v 0.511399 0.957353 -0.222984
v 0.513361 0.953318 -0.253227
v 0.518432 0.954109 -0.231834
v 0.520629 0.952484 -0.223071
v 0.520491 0.958383 -0.255812
v 0.517598 0.955295 -0.250657
v 0.517749 0.954855 -0.241462
v 0.520965 0.976775 -0.256844
v 0.488344 0.975423 -0.180019
v 0.491448 0.972793 -0.211280
v 0.497623 0.969312 -0.204412
v 0.494852 0.972099 -0.179366
v 0.501233 0.967790 -0.176487
v 0.509693 0.959357 -0.210599
v 0.505842 0.963782 -0.187807
v 0.512190 0.958188 -0.185533
v 0.518966 0.952392 -0.212249
v 0.517913 0.953414 -0.186692
v 0.485415 0.976688 -0.119043
v 0.490157 0.974715 -0.116502
v 0.494939 0.972054 -0.138061
v 0.500567 0.968121 -0.148015
v 0.505282 0.964076 -0.149651
v 0.511493 0.958035 -0.155917
v 0.517109 0.952589 -0.150981
v 0.495057 0.972163 -0.096468
v 0.501342 0.968013 -0.115269
v 0.509445 0.960964 -0.117592
v 0.518061 0.952992 -0.119044
v 0.500655 0.968333 -0.083330
v 0.505546 0.964302 -0.084781
v 0.511311 0.958942 -0.087104
v 0.518657 0.951940 -0.094509
v 0.518739 0.952566 -0.075193
v 0.493231 0.972767 -0.042531
v 0.501595 0.967713 -0.044564
v 0.507965 0.962969 -0.050227
v 0.517547 0.954822 -0.056328
v 0.517397 0.954303 -0.041528
v 0.487783 0.974444 -0.010453
v 0.493919 0.971401 -0.015099
v 0.499656 0.967469 -0.014228
v 0.499573 0.967429 0.014953
v 0.508680 0.960792 -0.028741
v 0.504657 0.963170 -0.011616
v 0.513783 0.954357 -0.013359
v 0.513632 0.954316 0.002441
v 0.519830 0.948773 -0.016472
v 0.521292 0.947450 0.002290
v 0.519767 0.950585 -0.029925
v 0.485615 0.985109 -0.317496
v 0.488609 0.987731 -0.309596
v 0.494812 0.983655 -0.302018
v 0.493295 0.990271 -0.298231
v 0.489024 1.004832 -0.279359
v 0.490269 1.009352 -0.257874
v 0.491985 0.994988 -0.294161
v 0.492341 0.999525 -0.286051
v 0.497624 0.992913 -0.287620
v 0.498683 0.998860 -0.276991
v 0.500613 1.000519 -0.270001
v 0.497679 1.005085 -0.262985
v 0.503893 0.989447 -0.280587
v 0.504636 0.992857 -0.275204
v 0.506601 0.995434 -0.267506
v 0.505720 1.000108 -0.259544
v 0.510988 0.989879 -0.266475
v 0.491312 1.010643 -0.233155
v 0.495982 1.009199 -0.238096
v 0.501910 1.004626 -0.253649
v 0.499427 1.007146 -0.245061
v 0.503083 1.007602 -0.216896
v 0.497537 1.009476 -0.213987
v 0.505222 1.004455 -0.242477
v 0.507189 1.005140 -0.227647
v 0.510826 0.995261 -0.257789
v 0.510007 0.999808 -0.247321
v 0.514128 1.000633 -0.226176
v 0.518041 0.988023 -0.251428
v 0.515278 0.996314 -0.240854
v 0.522659 0.988113 -0.236082
v 0.521582 0.993208 -0.226251
v 0.487779 1.011013 -0.191050
v 0.497848 1.008952 -0.193953
v 0.502889 1.007091 -0.185531
v 0.514395 1.001470 -0.210794
v 0.509038 1.004727 -0.206726
v 0.508651 1.004380 -0.188145
v 0.514920 1.000336 -0.186292
v 0.519674 0.996981 -0.212538
v 0.519587 0.996350 -0.188842
v 0.492453 1.010794 -0.164920
v 0.501911 1.008661 -0.162892
v 0.502045 1.008734 -0.141689
v 0.510639 1.004540 -0.168837
v 0.510690 1.005125 -0.150038
v 0.518147 1.000010 -0.160282
v 0.492437 1.010900 -0.125721
v 0.501922 1.008577 -0.111785
v 0.511318 1.004246 -0.110970
v 0.522174 0.996469 -0.130221
v 0.517953 0.999770 -0.119769
v 0.487799 1.011664 -0.046600
v 0.492456 1.011128 -0.083621
v 0.502051 1.008719 -0.085507
v 0.510557 1.004864 -0.090076
v 0.510684 1.004224 -0.063176
v 0.518015 0.999872 -0.089717
v 0.516232 1.000425 -0.060538
v 0.497101 1.009862 -0.044204
v 0.504036 1.007275 -0.042972
v 0.511359 1.003703 -0.028744
v 0.521662 0.996019 -0.059377
v 0.517679 0.999645 -0.025841
v 0.492426 1.010468 -0.008130
v 0.498761 1.008875 -0.005807
v 0.506575 1.005883 -0.003702
v 0.514804 1.001221 0.001161
v 0.522367 0.995590 0.004646
v 0.522743 0.954107 -0.232365
v 0.525740 0.951718 -0.223372
v 0.521414 0.957122 -0.246199
v 0.525419 0.957146 -0.237434
v 0.524518 0.961262 -0.246915
v 0.523966 0.965279 -0.252232
v 0.527766 0.970281 -0.241918
v 0.524720 0.976775 -0.246364
v 0.527067 0.979409 -0.236302
v 0.526515 0.953446 -0.228272
v 0.532174 0.951743 -0.219700
v 0.528653 0.961394 -0.237511
v 0.529039 0.965202 -0.238792
v 0.531116 0.971917 -0.232241
v 0.530020 0.980701 -0.224218
v 0.531128 0.956611 -0.228296
v 0.533921 0.961487 -0.228185
v 0.534886 0.956620 -0.223164
v 0.534107 0.965705 -0.228153
v 0.534961 0.972160 -0.220926
v 0.526550 0.948522 -0.208477
v 0.525941 0.948401 -0.191341
v 0.530520 0.948239 -0.212018
v 0.534631 0.948444 -0.207864
v 0.531866 0.947610 -0.186394
v 0.534976 0.952745 -0.218405
v 0.534485 0.976151 -0.214741
v 0.531803 0.981968 -0.207026
v 0.529571 0.985306 -0.187609
v 0.535472 0.948147 -0.181138
v 0.538321 0.952821 -0.212003
v 0.539492 0.952060 -0.203801
v 0.537350 0.949869 -0.186380
v 0.539109 0.955639 -0.214361
v 0.538443 0.960424 -0.218730
v 0.538178 0.964888 -0.218216
v 0.540225 0.965978 -0.208223
v 0.538519 0.970539 -0.204414
v 0.538973 0.970661 -0.184175
v 0.535282 0.977024 -0.186983
v 0.539785 0.952241 -0.185809
v 0.541167 0.955741 -0.204424
v 0.541371 0.955931 -0.188706
v 0.541401 0.960194 -0.207931
v 0.541890 0.960542 -0.188707
v 0.540981 0.964964 -0.190465
v 0.525558 0.948379 -0.184053
v 0.525631 0.947640 -0.173989
v 0.522434 0.948557 -0.160278
v 0.522413 0.948569 -0.141688
v 0.536026 0.978402 -0.169817
v 0.536405 0.945740 -0.163536
v 0.539715 0.948108 -0.167085
v 0.541748 0.973768 -0.149688
v 0.533069 0.984107 -0.159405
v 0.541078 0.951105 -0.171781
v 0.543018 0.948993 -0.159908
v 0.543691 0.955574 -0.170145
v 0.543999 0.951567 -0.162470
v 0.543737 0.960108 -0.172255
v 0.542731 0.964520 -0.171779
v 0.542344 0.968319 -0.165523
v 0.544037 0.968775 -0.154349
v 0.545592 0.947245 -0.145311
v 0.548050 0.952343 -0.149904
v 0.548099 0.957551 -0.153735
v 0.545433 0.960458 -0.162573
v 0.548470 0.961630 -0.149095
v 0.525085 0.947596 -0.119333
v 0.541358 0.976103 -0.139071
v 0.533092 0.985358 -0.143286
v 0.544116 0.975030 -0.121369
v 0.538381 0.981194 -0.108217
v 0.548273 0.948499 -0.141940
v 0.548937 0.966492 -0.137441
v 0.551070 0.969471 -0.106671
v 0.551800 0.948396 -0.130172
v 0.550378 0.951027 -0.139343
v 0.550435 0.955780 -0.144003
v 0.553056 0.954057 -0.135185
v 0.552643 0.959207 -0.135438
v 0.553758 0.961949 -0.126643
v 0.553557 0.965064 -0.117025
v 0.554855 0.946513 -0.116236
v 0.554655 0.950861 -0.125493
v 0.557842 0.949818 -0.115338
v 0.554683 0.955970 -0.128886
v 0.558498 0.955721 -0.115082
v 0.557830 0.958600 -0.114741
v 0.525485 0.946685 -0.091169
v 0.525793 0.947363 -0.074171
v 0.539700 0.980057 -0.089444
v 0.539674 0.979446 -0.070864
v 0.549293 0.971103 -0.075798
v 0.552378 0.968899 -0.090008
v 0.558419 0.962089 -0.099450
v 0.558395 0.962101 -0.080387
v 0.554180 0.966250 -0.073543
v 0.526539 0.947232 -0.039876
v 0.526116 0.948576 -0.055572
v 0.529912 0.988427 -0.056981
v 0.539318 0.979491 -0.049359
v 0.535723 0.983605 -0.038330
v 0.548889 0.970365 -0.060394
v 0.549610 0.969342 -0.042681
v 0.553080 0.965397 -0.055750
v 0.556964 0.948080 -0.062049
v 0.554749 0.946858 -0.055751
v 0.557927 0.946447 -0.034815
v 0.556926 0.949762 -0.049680
v 0.557536 0.957893 -0.051518
v 0.557854 0.959719 -0.064440
v 0.557033 0.959824 -0.041360
v 0.545005 0.975107 -0.023226
v 0.542118 0.976515 -0.004648
v 0.553605 0.966424 -0.023223
v 0.553209 0.965297 -0.009273
v 0.549016 0.968377 0.004062
v 0.557831 0.945845 -0.005781
v 0.557937 0.956957 -0.002905
v 0.557114 0.961349 -0.032538
v 0.558030 0.960976 -0.019147
v 0.554202 0.961672 0.004616
v 0.526791 0.988081 -0.218248
v 0.525048 0.991161 -0.204405
v 0.524114 0.992010 -0.185820
v 0.524694 0.993742 -0.163915
v 0.530600 0.988500 -0.125867
v 0.525650 0.993507 -0.092983
v 0.523091 0.995591 -0.024390
v 0.530574 0.989131 -0.023664
v 0.530176 0.988761 -0.004645
v 0.559294 0.945802 -0.098732
v 0.562133 0.949260 -0.091163
v 0.558385 0.947734 -0.070853
v 0.561028 0.951098 -0.103399
v 0.562175 0.952034 -0.082633
v 0.560507 0.951046 -0.074328
v 0.561764 0.954697 -0.100168
v 0.560656 0.958521 -0.095244
v 0.561903 0.955067 -0.082401
v 0.558258 0.949934 -0.062468
v 0.557917 0.952215 -0.054589
v 0.558362 0.950853 -0.041780
v 0.558463 0.955916 -0.060303
v 0.559042 0.955926 -0.037138
v 0.560536 0.946677 -0.020210
v 0.557577 0.947592 0.002476
v 0.560236 0.951102 -0.032520
v 0.561691 0.951014 -0.023233
v 0.560827 0.951196 -0.012766
v 0.558038 0.950994 0.004619
v 0.560836 0.955634 -0.017930
v 0.068146 0.980042 0.132227
v 0.042926 0.980020 0.181287
v 0.070301 0.980028 0.222906
v 0.061908 0.979995 0.293484
v 0.049722 0.980191 0.442955
v 0.020326 0.967221 0.517929
v 0.051973 0.979792 0.485471
v 0.021995 0.972196 0.510815
v 0.040502 0.978886 0.493638
v 0.037367 0.976570 0.502482
v 0.049650 0.972904 0.510862
v 0.009323 0.981604 0.552293
v 0.019747 0.948078 0.540314
v 0.019456 0.962554 0.523485
v 0.026905 0.955355 0.531746
v 0.016452 0.972613 0.561410
v 0.026711 0.979494 0.554138
v 0.050230 0.948157 0.541889
v 0.050670 0.954323 0.534133
v 0.006918 0.946914 0.568907
v 0.005800 0.952155 0.571510
v 0.004625 0.955056 0.571108
v 0.004641 0.970705 0.561890
v 0.009142 0.948558 0.571501
v 0.009695 0.959435 0.571206
v 0.013926 0.950966 0.573755
v 0.013957 0.955891 0.573626
v 0.015168 0.966091 0.567669
v 0.018642 0.946592 0.572847
v 0.018565 0.961250 0.572025
v 0.025007 0.951674 0.576006
v 0.024012 0.954272 0.575920
v 0.029017 0.946302 0.573191
v 0.027892 0.961595 0.572152
v 0.028176 0.968843 0.565503
v 0.037165 0.955702 0.573906
v 0.038961 0.960058 0.571767
v 0.048768 0.965237 0.566878
v 0.049064 0.970289 0.562308
v 0.069049 1.012834 0.081178
v 0.063659 1.012890 0.194094
v 0.044786 1.012813 0.210467
v 0.019164 1.014723 0.380355
v 0.034697 1.013018 0.353938
v 0.037947 1.013826 0.371008
v 0.023084 1.015326 0.396617
v 0.013649 1.015001 0.411140
v 0.040496 1.014670 0.403159
v 0.042971 1.014787 0.386744
v 0.030619 1.013573 0.421249
v 0.050194 1.012704 0.472489
v 0.040359 1.012283 0.489239
v 0.068849 1.012734 0.456501
v 0.032522 1.008476 0.515771
v 0.043553 1.011183 0.501707
v 0.044423 1.009549 0.510859
v 0.015640 1.000153 0.533526
v 0.022039 0.993773 0.540235
v 0.024905 1.005799 0.523493
v 0.038326 0.984139 0.548829
v 0.035137 0.998052 0.534178
v 0.044676 1.004119 0.524745
v 0.117446 0.980027 0.321525
v 0.064385 0.980117 0.371357
v 0.091569 0.980217 0.394566
v 0.098537 0.980060 0.475301
v 0.093928 0.980168 0.462454
v 0.047036 0.967776 0.518566
v 0.067153 0.975991 0.503504
v 0.072297 0.978417 0.494760
v 0.084079 0.977054 0.499520
v 0.091750 0.979030 0.490108
v 0.085073 0.968139 0.516492
v 0.085534 0.971894 0.510963
v 0.051813 0.962181 0.525380
v 0.055459 0.980310 0.552437
v 0.084958 0.954579 0.532010
v 0.069684 0.978764 0.554524
v 0.090869 0.947836 0.539999
v 0.091316 0.963072 0.522390
v 0.045274 0.948020 0.571723
v 0.050483 0.951162 0.572204
v 0.051078 0.955820 0.572116
v 0.052309 0.958485 0.571330
v 0.055743 0.948184 0.571531
v 0.069683 0.945041 0.570700
v 0.069706 0.947529 0.572392
v 0.069681 0.951151 0.573404
v 0.076643 0.955770 0.573350
v 0.065028 0.958864 0.571452
v 0.069682 0.965449 0.567118
v 0.076651 0.970418 0.562853
v 0.081009 0.960173 0.571428
v 0.090412 1.012867 0.150868
v 0.076217 1.012933 0.304213
v 0.118998 1.012879 0.317161
v 0.073039 1.013502 0.356791
v 0.086342 1.013080 0.340143
v 0.075709 1.014463 0.370598
v 0.061627 1.014804 0.399526
v 0.060391 1.015019 0.384419
v 0.084491 1.015180 0.385584
v 0.077748 1.013260 0.418745
v 0.080209 1.012683 0.441548
v 0.101767 1.012814 0.426521
v 0.054008 1.007059 0.519107
v 0.073240 1.012518 0.487788
v 0.075632 1.011430 0.506405
v 0.070303 1.009128 0.516481
v 0.072151 1.012172 0.497083
v 0.087394 1.009778 0.515521
v 0.048781 0.999641 0.531752
v 0.049649 0.992768 0.540004
v 0.079465 1.004704 0.527318
v 0.069457 0.993532 0.540636
v 0.075769 1.001064 0.532564
v 0.083617 1.007060 0.522731
v 0.131192 0.980033 0.147999
v 0.127255 0.980140 0.201466
v 0.125903 0.980074 0.262612
v 0.129931 0.980177 0.356694
v 0.124251 0.980026 0.398813
v 0.110496 0.980236 0.438500
v 0.113817 0.979710 0.483142
v 0.115997 0.974277 0.504995
v 0.122818 0.977866 0.494766
v 0.126064 0.963091 0.520760
v 0.130397 0.968085 0.514337
v 0.087686 0.980015 0.553438
v 0.117588 0.953817 0.531639
v 0.107282 0.979264 0.552848
v 0.115559 0.946997 0.541205
v 0.088287 0.950996 0.573889
v 0.092354 0.966292 0.566306
v 0.092950 0.945985 0.571790
v 0.094895 0.957131 0.572097
v 0.102137 0.946103 0.568929
v 0.100352 0.949232 0.571603
v 0.104526 0.954675 0.570632
v 0.104002 0.961930 0.567704
v 0.110522 0.947128 0.566436
v 0.107770 0.951123 0.569216
v 0.114388 0.961561 0.565300
v 0.115139 0.970099 0.559514
v 0.141246 1.012914 0.121747
v 0.127468 1.012776 0.200831
v 0.144317 1.012855 0.236884
v 0.106804 1.013757 0.352593
v 0.106849 1.015137 0.370478
v 0.090336 1.014401 0.401414
v 0.104235 1.015475 0.384426
v 0.120060 1.013518 0.409369
v 0.114692 1.014812 0.394278
v 0.121438 1.012684 0.445541
v 0.109171 1.012725 0.473995
v 0.108881 1.012370 0.495342
v 0.131165 1.011268 0.506374
v 0.121148 1.008917 0.517303
v 0.130947 1.009941 0.513332
v 0.089023 0.993887 0.540591
v 0.108010 1.001073 0.531953
v 0.115559 0.990299 0.542901
v 0.105681 0.995583 0.538163
v 0.127754 1.006323 0.523492
v 0.168303 0.980041 0.218869
v 0.167976 0.980115 0.388796
v 0.145102 0.980431 0.459986
v 0.175425 0.980157 0.439044
v 0.146046 0.980097 0.478500
v 0.128917 0.976543 0.499056
v 0.134723 0.971074 0.509606
v 0.141837 0.979181 0.487808
v 0.164364 0.972527 0.505269
v 0.162306 0.966843 0.513578
v 0.167941 0.976207 0.497569
v 0.127476 0.979517 0.551090
v 0.136317 0.949551 0.536069
v 0.130072 0.945423 0.545827
v 0.137630 0.946916 0.541261
v 0.131228 0.945153 0.550436
v 0.130066 0.970132 0.557174
v 0.134563 0.947272 0.555259
v 0.149566 0.954581 0.528041
v 0.144842 0.949731 0.556598
v 0.147653 0.976508 0.552071
v 0.148664 0.945184 0.545787
v 0.148665 0.945754 0.550588
v 0.148657 0.947700 0.554337
v 0.146484 0.966514 0.557593
v 0.162780 0.947913 0.535429
v 0.125164 0.947589 0.558997
v 0.119885 0.953194 0.565038
v 0.116117 0.954445 0.566749
v 0.125114 0.949612 0.561361
v 0.123122 0.961948 0.562814
v 0.125629 0.952077 0.562534
v 0.130695 0.956038 0.562012
v 0.132823 0.961147 0.560995
v 0.134560 0.950850 0.558974
v 0.140508 0.955764 0.559940
v 0.140507 0.960422 0.559937
v 0.148632 0.952349 0.558283
v 0.196054 1.012884 0.172014
v 0.176460 1.012848 0.307153
v 0.140565 1.012894 0.341779
v 0.130845 1.013653 0.358270
v 0.127740 1.014424 0.369034
v 0.154032 1.013284 0.370993
v 0.125439 1.014885 0.380938
v 0.125288 1.014042 0.398903
v 0.140895 1.013713 0.389030
v 0.161760 1.012860 0.394801
v 0.140965 1.012974 0.413893
v 0.141745 1.012468 0.469730
v 0.163140 1.012799 0.426160
v 0.139368 1.012118 0.495918
v 0.138208 1.000451 0.532696
v 0.133562 0.996062 0.537480
v 0.139369 1.004401 0.527091
v 0.144016 0.990154 0.542452
v 0.159413 0.994825 0.537935
v 0.206384 0.980048 0.041515
v 0.201911 0.980041 0.115414
v 0.184272 0.980077 0.267112
v 0.177821 0.980110 0.343229
v 0.172758 0.980200 0.467172
v 0.177694 0.979844 0.478494
v 0.174355 0.978794 0.487783
v 0.180014 0.957908 0.522531
v 0.190904 0.962593 0.517871
v 0.188146 0.968589 0.511103
v 0.192664 0.972034 0.506529
v 0.161937 0.945259 0.541294
v 0.162110 0.983477 0.546716
v 0.171301 0.947058 0.554540
v 0.167253 0.949413 0.557087
v 0.175364 0.952455 0.528472
v 0.164345 0.964982 0.557557
v 0.174211 0.972259 0.553043
v 0.174949 0.962111 0.557801
v 0.176979 0.982684 0.545880
v 0.186921 0.947386 0.535374
v 0.185746 0.945255 0.545736
v 0.179048 0.952728 0.557218
v 0.186853 0.966237 0.554210
v 0.185830 0.945298 0.541223
v 0.185711 0.947263 0.550824
v 0.185202 0.949123 0.553573
v 0.181511 0.957334 0.557626
v 0.192215 0.975286 0.548521
v 0.153305 0.955732 0.559372
v 0.159697 0.960405 0.559166
v 0.167241 0.951761 0.558316
v 0.167249 0.955619 0.559255
v 0.194842 1.012913 0.019345
v 0.219949 1.012865 0.112637
v 0.190523 1.012848 0.250344
v 0.199814 1.013349 0.334409
v 0.183972 1.013210 0.360542
v 0.205277 1.012699 0.402696
v 0.176968 1.012706 0.470439
v 0.166951 1.012487 0.490985
v 0.167243 1.012024 0.499415
v 0.163959 1.008708 0.517266
v 0.170441 1.011121 0.506408
v 0.179597 1.009204 0.512292
v 0.195696 1.012071 0.491272
v 0.187288 1.004631 0.521413
v 0.167704 0.999487 0.532624
v 0.167489 1.004623 0.525542
v 0.182218 0.993760 0.536247
v 0.181480 1.000258 0.529204
v 0.199294 0.981085 0.543761
v 0.245744 0.980080 0.096650
v 0.253838 0.980133 0.178338
v 0.254332 0.980013 0.229571
v 0.248738 0.980014 0.286194
v 0.206583 0.980201 0.318440
v 0.226617 0.980201 0.338701
v 0.214822 0.980212 0.404347
v 0.208652 0.980265 0.445831
v 0.233005 0.980229 0.435959
v 0.204405 0.980393 0.472690
v 0.213987 0.979986 0.483150
v 0.238340 0.980286 0.467897
v 0.196641 0.976988 0.496673
v 0.213915 0.974934 0.502048
v 0.200921 0.978793 0.490122
v 0.205998 0.967189 0.513380
v 0.216450 0.964483 0.517244
v 0.222994 0.971759 0.508499
v 0.229665 0.978582 0.492449
v 0.223119 0.961900 0.521366
v 0.196282 0.953302 0.527342
v 0.194964 0.953042 0.552821
v 0.190468 0.955750 0.554858
v 0.197244 0.961920 0.553311
v 0.196269 0.946657 0.541098
v 0.196328 0.948122 0.547659
v 0.201349 0.948540 0.534661
v 0.206514 0.972038 0.548246
v 0.203779 0.948684 0.544488
v 0.206744 0.954347 0.526785
v 0.207048 0.953065 0.548351
v 0.204356 0.955921 0.550538
v 0.204849 0.960212 0.551450
v 0.208872 0.948646 0.539893
v 0.209163 0.951133 0.532083
v 0.211520 0.966278 0.549449
v 0.214522 0.952888 0.530360
v 0.213429 0.950489 0.536476
v 0.216819 0.952573 0.542646
v 0.214596 0.958719 0.548514
v 0.216519 0.956445 0.526163
v 0.219272 0.955742 0.544382
v 0.218835 0.964810 0.547868
v 0.220085 0.981707 0.542270
v 0.219917 0.953700 0.532345
v 0.220650 0.953005 0.536836
v 0.223417 0.958181 0.526520
v 0.225447 0.957168 0.540738
v 0.225917 0.961320 0.544142
v 0.228056 0.972727 0.544590
v 0.227575 0.978184 0.543387
v 0.232660 1.012855 0.056083
v 0.257943 1.012777 0.181949
v 0.228196 1.012924 0.267430
v 0.208471 1.012875 0.306028
v 0.240808 1.013000 0.314847
v 0.222045 1.013095 0.343991
v 0.237650 1.012564 0.365168
v 0.200595 1.012660 0.446630
v 0.235419 1.012718 0.441984
v 0.213116 1.012294 0.479366
v 0.196711 1.008499 0.511182
v 0.197727 1.010828 0.501716
v 0.199968 1.004902 0.519017
v 0.221537 1.011918 0.492431
v 0.222990 1.010598 0.504031
v 0.220729 1.004318 0.521113
v 0.220641 1.008750 0.511423
v 0.236052 1.011903 0.497084
v 0.195106 0.988230 0.538845
v 0.195406 0.995183 0.532491
v 0.194430 1.000920 0.525789
v 0.211662 0.999620 0.526938
v 0.209633 0.989780 0.536743
v 0.218341 0.988052 0.538223
v 0.229662 0.995249 0.533195
v 0.267738 0.980045 0.144304
v 0.268237 0.980281 0.343138
v 0.240082 0.980381 0.375240
v 0.270986 0.980208 0.393387
v 0.254055 0.980494 0.451420
v 0.279715 0.980534 0.434870
v 0.245200 0.979955 0.480815
v 0.279606 0.980452 0.461292
v 0.264943 0.980081 0.486336
v 0.227978 0.967054 0.516380
v 0.239248 0.979498 0.486619
v 0.238441 0.976469 0.501003
v 0.237790 0.973971 0.507246
v 0.235221 0.966045 0.521245
v 0.236803 0.970733 0.513707
v 0.241476 0.969886 0.518080
v 0.245056 0.978205 0.495908
v 0.247143 0.972501 0.516113
v 0.250818 0.976277 0.506731
v 0.253631 0.974857 0.516176
v 0.255501 0.978935 0.495927
v 0.259969 0.977613 0.513275
v 0.257891 0.976581 0.518043
v 0.257684 0.977639 0.506466
v 0.228372 0.957875 0.531116
v 0.228191 0.957345 0.536663
v 0.232600 0.961647 0.538251
v 0.230322 0.967479 0.543685
v 0.232805 0.962428 0.525739
v 0.238001 0.964325 0.531704
v 0.237802 0.968408 0.539037
v 0.236860 0.976705 0.541453
v 0.241164 0.967425 0.524077
v 0.242340 0.967317 0.526956
v 0.242595 0.968670 0.533358
v 0.244527 0.971253 0.534307
v 0.242334 0.976928 0.539240
v 0.251053 0.977521 0.533196
v 0.250938 0.972981 0.522258
v 0.248844 0.971780 0.527286
v 0.251675 0.981816 0.534867
v 0.256008 0.976303 0.524424
v 0.258814 0.979681 0.526366
v 0.285304 1.012840 0.114960
v 0.272438 1.012869 0.142643
v 0.269734 1.012886 0.221536
v 0.259427 1.013046 0.258846
v 0.259571 1.013351 0.277718
v 0.268137 1.013541 0.291149
v 0.284143 1.012632 0.333719
v 0.256778 1.012651 0.377127
v 0.283535 1.012674 0.391382
v 0.257467 1.012398 0.450331
v 0.237796 1.012619 0.469059
v 0.248683 1.012572 0.487208
v 0.262766 1.012578 0.476898
v 0.241568 1.007113 0.518048
v 0.246509 1.009237 0.513089
v 0.248539 1.010909 0.506405
v 0.255509 1.012147 0.497092
v 0.258414 1.005003 0.520262
v 0.262179 1.009548 0.509866
v 0.231700 0.988780 0.538220
v 0.234303 1.000561 0.528159
v 0.241569 1.004723 0.522841
v 0.239943 0.985757 0.539145
v 0.243526 0.994562 0.534056
v 0.245923 0.983417 0.537842
v 0.248990 0.989967 0.535414
v 0.250919 1.000425 0.527854
v 0.255499 0.988155 0.532954
v 0.256555 0.996516 0.529306
v 0.261821 0.986914 0.528769
v 0.260251 0.992483 0.529587
v 0.295394 0.980022 0.038471
v 0.293361 0.980058 0.107910
v 0.319928 0.980037 0.149621
v 0.311908 0.980091 0.202410
v 0.307117 0.980178 0.235546
v 0.307806 0.980264 0.266686
v 0.309204 0.980176 0.321834
v 0.317933 0.980160 0.361920
v 0.300075 0.980756 0.428265
v 0.278268 0.980539 0.488636
v 0.296955 0.980446 0.466011
v 0.300906 0.980695 0.475117
v 0.265962 0.979726 0.497078
v 0.264808 0.979268 0.506369
v 0.264112 0.980466 0.519655
v 0.270630 0.981514 0.511122
v 0.275536 0.981481 0.503280
v 0.283812 0.981744 0.496552
v 0.291436 0.981247 0.489411
v 0.288897 1.012905 0.059358
v 0.317461 1.012877 0.097557
v 0.283309 1.013043 0.241063
v 0.293834 1.013130 0.218415
v 0.319929 1.013015 0.175625
v 0.297122 1.013582 0.254094
v 0.299756 1.013613 0.270738
v 0.290712 1.013129 0.302327
v 0.308605 1.012694 0.330290
v 0.321126 1.012285 0.414927
v 0.284760 1.012353 0.442111
v 0.305156 1.012118 0.431096
v 0.279899 1.012224 0.487212
v 0.297755 1.012446 0.468334
v 0.301391 1.011994 0.479668
v 0.271190 1.011587 0.497088
v 0.271355 1.005082 0.514825
v 0.275461 1.009112 0.505788
v 0.273641 0.985585 0.516328
v 0.270035 0.988229 0.522046
v 0.274206 0.992665 0.520523
v 0.273189 0.998513 0.519740
v 0.270494 1.000807 0.519593
v 0.281057 0.985308 0.509654
v 0.278587 0.986291 0.513093
v 0.279673 0.991602 0.516614
v 0.277778 0.998518 0.517374
v 0.286873 1.010984 0.494775
v 0.289012 0.985388 0.505130
v 0.283497 0.997473 0.514730
v 0.282448 1.003429 0.511747
v 0.284374 1.005783 0.508172
v 0.293256 0.983051 0.497083
v 0.288893 0.990049 0.510598
v 0.287890 0.992810 0.512525
v 0.288155 1.000602 0.511660
v 0.289287 1.009131 0.500668
v 0.291265 0.998282 0.511585
v 0.295054 1.004281 0.506521
v 0.300542 0.989982 0.505631
v 0.294807 0.993069 0.509722
v 0.293722 0.996417 0.511036
v 0.265863 0.984877 0.523744
v 0.262322 0.999581 0.524646
v 0.267267 0.992690 0.525016
v 0.266199 0.996779 0.524418
v 0.359824 0.980094 0.036094
v 0.332286 0.980069 0.078304
v 0.366747 0.980196 0.115849
v 0.351386 0.980149 0.179499
v 0.334047 0.980398 0.227634
v 0.337604 0.980966 0.249555
v 0.340906 0.980147 0.303342
v 0.335789 0.980385 0.276122
v 0.339781 0.980312 0.326425
v 0.337784 0.980512 0.344317
v 0.335063 0.980229 0.386092
v 0.315827 0.980592 0.410771
v 0.316640 0.980807 0.455022
v 0.336624 0.980769 0.431168
v 0.345202 0.981288 0.443762
v 0.305093 0.981426 0.482172
v 0.314855 0.981415 0.472172
v 0.324848 0.981260 0.459294
v 0.319166 1.012806 0.053678
v 0.351831 1.013054 0.054586
v 0.335061 1.013172 0.106485
v 0.341342 1.013039 0.153450
v 0.310384 1.013231 0.202374
v 0.310785 1.014049 0.229259
v 0.326314 1.013575 0.204904
v 0.329036 1.014268 0.224930
v 0.322285 1.014615 0.252899
v 0.333790 1.014610 0.244764
v 0.320205 1.013644 0.273083
v 0.333683 1.012974 0.286791
v 0.335171 1.012480 0.338293
v 0.327623 1.012700 0.374151
v 0.331033 1.011937 0.443434
v 0.305910 1.010802 0.486223
v 0.313592 0.983082 0.483157
v 0.330266 1.011548 0.454825
v 0.320567 0.982577 0.473871
v 0.320461 1.008970 0.480191
v 0.327516 1.010828 0.464561
v 0.328694 0.982751 0.466902
v 0.321651 0.985881 0.483919
v 0.333334 0.982625 0.462252
v 0.329838 0.984276 0.471558
v 0.329646 0.985969 0.476263
v 0.328911 0.989665 0.482402
v 0.326155 1.005011 0.482969
v 0.329885 1.008998 0.471004
v 0.339149 0.982574 0.457620
v 0.340990 0.986672 0.467836
v 0.338902 0.992552 0.475764
v 0.333161 0.992566 0.480868
v 0.330813 0.997943 0.484055
v 0.335781 1.005058 0.473973
v 0.334076 1.001433 0.479145
v 0.305476 0.982995 0.490149
v 0.301924 0.985809 0.499950
v 0.302931 0.992951 0.506487
v 0.303513 0.997434 0.506841
v 0.302321 1.000385 0.506586
v 0.299907 1.008986 0.496973
v 0.303459 1.005290 0.501735
v 0.307653 0.985409 0.495892
v 0.305566 1.003443 0.502732
v 0.310951 1.009065 0.489461
v 0.309011 0.990066 0.501136
v 0.311315 0.993668 0.502042
v 0.311384 0.997659 0.502366
v 0.311487 1.000502 0.501354
v 0.313644 1.004982 0.495397
v 0.315545 0.985960 0.490227
v 0.314141 0.989795 0.497073
v 0.315076 0.993062 0.498690
v 0.315948 0.997993 0.498576
v 0.319808 0.991658 0.493808
v 0.322635 0.997824 0.492242
v 0.319279 1.004951 0.490030
v 0.317000 1.001049 0.496248
v 0.324157 0.991682 0.489433
v 0.321848 1.001193 0.491404
v 0.328626 0.992796 0.485329
v 0.326461 1.001184 0.486736
v 0.387435 0.980184 0.068268
v 0.398912 0.980131 0.116956
v 0.376801 0.980162 0.162341
v 0.353935 0.980166 0.220847
v 0.369324 0.980307 0.247269
v 0.357964 0.980198 0.278626
v 0.373461 0.980244 0.339545
v 0.358581 0.980741 0.362864
v 0.351903 0.980273 0.402424
v 0.377853 0.980522 0.385765
v 0.375132 0.980619 0.405183
v 0.359750 0.980645 0.426972
v 0.373417 0.981229 0.426232
v 0.355541 1.013028 0.027665
v 0.354393 1.013721 0.079126
v 0.380451 1.013555 0.043486
v 0.375196 1.013965 0.067945
v 0.343136 1.013533 0.107757
v 0.359444 1.014832 0.109172
v 0.367571 1.015240 0.095736
v 0.347032 1.013516 0.129044
v 0.357611 1.013614 0.140892
v 0.366707 1.014691 0.126454
v 0.379203 1.013630 0.141969
v 0.349291 1.013601 0.185387
v 0.363226 1.013179 0.162305
v 0.373244 1.013071 0.195441
v 0.345064 1.013559 0.209107
v 0.359892 1.013056 0.225311
v 0.350535 1.013416 0.261839
v 0.352756 1.013488 0.243893
v 0.373969 1.012755 0.245363
v 0.353791 1.012876 0.287773
v 0.388995 1.012640 0.302725
v 0.365912 1.012677 0.331161
v 0.357637 1.012189 0.364098
v 0.374042 1.012381 0.370631
v 0.353428 1.012666 0.402896
v 0.381301 1.012288 0.396290
v 0.359020 1.012255 0.428417
v 0.346096 1.010803 0.450621
v 0.360443 0.981748 0.440922
v 0.365288 1.011505 0.436727
v 0.364693 0.983391 0.446001
v 0.373989 0.982667 0.436707
v 0.371780 1.009020 0.443952
v 0.374063 1.010303 0.436790
v 0.342618 0.982190 0.452953
v 0.341969 0.985317 0.464688
v 0.340790 0.989805 0.472272
v 0.339381 0.997320 0.476333
v 0.339686 1.009107 0.462723
v 0.343487 1.004933 0.468338
v 0.341545 1.001955 0.472589
v 0.352505 0.982858 0.450660
v 0.352176 0.989579 0.464254
v 0.347493 0.993682 0.470011
v 0.350752 0.997734 0.468221
v 0.349358 1.000718 0.468098
v 0.350875 1.009082 0.455433
v 0.349273 1.005401 0.463643
v 0.356067 0.985741 0.456781
v 0.352935 0.992776 0.465961
v 0.356907 1.005024 0.459792
v 0.361742 0.997450 0.461733
v 0.354874 1.001287 0.464139
v 0.359915 1.008999 0.450770
v 0.361454 0.989661 0.458822
v 0.363404 0.992798 0.460051
v 0.361719 1.001384 0.460325
v 0.368160 0.985679 0.450062
v 0.365692 1.004277 0.455836
v 0.369410 0.989926 0.454691
v 0.372290 0.993289 0.455232
v 0.372605 0.997380 0.455610
v 0.372381 1.000727 0.454688
v 0.374575 1.005075 0.449360
v 0.422095 0.980256 0.065909
v 0.403395 0.980325 0.153595
v 0.413475 0.980287 0.195605
v 0.418938 0.980199 0.236998
v 0.397016 0.980332 0.268391
v 0.396690 0.980266 0.316063
v 0.423038 0.980877 0.286139
v 0.423039 0.980597 0.308278
v 0.399375 0.980266 0.369397
v 0.389637 0.981305 0.407174
v 0.407872 0.980555 0.384864
v 0.409403 0.981226 0.397072
v 0.380937 1.014183 0.020906
v 0.395680 1.013684 0.039298
v 0.408293 1.013599 0.026820
v 0.393597 1.013480 0.062343
v 0.414979 1.012817 0.074329
v 0.396050 1.013860 0.084660
v 0.379779 1.014905 0.086520
v 0.376294 1.015343 0.116144
v 0.385017 1.015213 0.101836
v 0.388786 1.014779 0.115564
v 0.407503 1.013396 0.103509
v 0.397973 1.013716 0.124624
v 0.413748 1.012990 0.124342
v 0.393494 1.012686 0.158965
v 0.411388 1.012639 0.200704
v 0.405509 1.012735 0.243204
v 0.408230 1.012357 0.275686
v 0.424563 1.012066 0.287700
v 0.401154 1.012775 0.349036
v 0.420534 1.012331 0.307353
v 0.385291 1.011574 0.412003
v 0.404749 1.012393 0.385296
v 0.400402 1.011061 0.407378
v 0.403604 0.982484 0.408843
v 0.412904 1.011306 0.397808
v 0.375779 0.985766 0.445261
v 0.380988 0.982715 0.429760
v 0.382620 0.985630 0.439123
v 0.380259 1.005036 0.445226
v 0.386518 1.008761 0.430630
v 0.388524 1.009962 0.422768
v 0.385598 0.982520 0.422762
v 0.382831 0.989643 0.444997
v 0.385609 0.998053 0.446169
v 0.383373 1.001638 0.446002
v 0.385410 1.004986 0.440803
v 0.392550 0.982180 0.413455
v 0.389572 0.985704 0.432052
v 0.390275 0.989884 0.438153
v 0.393341 0.993597 0.438289
v 0.388942 0.993812 0.442631
v 0.394342 1.004598 0.432416
v 0.390217 1.000656 0.440596
v 0.396038 0.983538 0.418104
v 0.395599 0.985612 0.425664
v 0.395060 0.989960 0.433512
v 0.391220 0.997005 0.440918
v 0.399810 0.989808 0.428995
v 0.398124 0.993618 0.433642
v 0.395958 0.997063 0.436284
v 0.395848 1.000635 0.435108
v 0.404664 1.008991 0.414334
v 0.401875 1.005257 0.424691
v 0.404499 0.985424 0.418432
v 0.405798 0.989943 0.424301
v 0.402743 0.993204 0.429315
v 0.400819 0.997133 0.431754
v 0.400716 1.000840 0.430428
v 0.408769 0.992724 0.424286
v 0.408745 0.997386 0.425223
v 0.410586 1.004775 0.418998
v 0.405716 1.001187 0.425992
v 0.377242 0.991411 0.451281
v 0.379291 0.997375 0.451077
v 0.378213 1.001685 0.450008
v 0.385775 0.994402 0.446000
v 0.449460 0.980062 0.035205
v 0.440532 0.980170 0.125404
v 0.446629 0.980310 0.180307
v 0.434217 0.980454 0.194389
v 0.443944 0.980355 0.233150
v 0.450767 0.980688 0.212536
v 0.425071 0.980515 0.266177
v 0.455595 0.980481 0.275976
v 0.442675 0.980581 0.327750
v 0.446702 0.980563 0.310528
v 0.421879 0.980286 0.351613
v 0.428029 0.980727 0.362398
v 0.424981 0.981355 0.377348
v 0.439010 0.980684 0.346388
v 0.438999 0.981495 0.360511
v 0.448229 0.981248 0.345927
v 0.439371 1.012814 0.034334
v 0.434362 1.012706 0.079556
v 0.458825 1.012854 0.036511
v 0.443653 1.012757 0.121076
v 0.432911 1.012649 0.147642
v 0.451166 1.012554 0.185497
v 0.453452 1.012202 0.209342
v 0.445142 1.012621 0.239356
v 0.460276 1.012546 0.265670
v 0.446920 1.012287 0.306282
v 0.455122 1.012055 0.319239
v 0.426235 1.012458 0.358002
v 0.422749 1.011836 0.376293
v 0.436707 0.982816 0.371664
v 0.446279 1.011875 0.345232
v 0.426525 1.010847 0.381811
v 0.440599 1.009205 0.371557
v 0.448334 1.010965 0.353089
v 0.444824 0.982931 0.362364
v 0.448103 0.985622 0.368440
v 0.448570 1.009081 0.362596
v 0.413492 0.982756 0.403626
v 0.419477 1.009407 0.402310
v 0.422904 0.983292 0.395594
v 0.420892 0.985583 0.406469
v 0.419263 1.005415 0.411685
v 0.427414 0.982561 0.383854
v 0.428167 0.986268 0.398909
v 0.426632 0.989194 0.406071
v 0.425687 0.991529 0.410142
v 0.425682 1.004773 0.406494
v 0.429892 1.008911 0.388731
v 0.430515 0.985530 0.392957
v 0.431546 0.989753 0.400420
v 0.431643 0.993969 0.404502
v 0.431880 1.000974 0.402607
v 0.431942 0.997645 0.404418
v 0.432768 1.004217 0.397313
v 0.427631 1.000682 0.408496
v 0.434505 0.984178 0.381027
v 0.438521 0.985806 0.380926
v 0.436007 0.989379 0.392390
v 0.437433 0.992692 0.394439
v 0.436996 0.998245 0.396370
v 0.435849 1.004711 0.391154
v 0.440543 0.989889 0.386172
v 0.443320 0.992970 0.385084
v 0.440509 0.997585 0.390565
v 0.444140 1.004914 0.378283
v 0.438552 1.002250 0.390048
v 0.440117 1.006585 0.379660
v 0.446249 0.989900 0.378035
v 0.447993 0.992679 0.378530
v 0.445670 0.997676 0.382865
v 0.444746 1.001038 0.382269
v 0.413404 0.985681 0.413002
v 0.410959 1.001716 0.421669
v 0.415920 0.990144 0.417280
v 0.418012 0.993962 0.418352
v 0.418709 0.997325 0.418144
v 0.418451 1.000473 0.417378
v 0.420806 0.989839 0.413089
v 0.422033 0.993402 0.414727
v 0.424071 0.997035 0.413495
v 0.423630 1.000857 0.412532
v 0.428451 0.995904 0.409090
v 0.459911 0.979850 0.031358
v 0.469205 0.979209 0.028454
v 0.483485 0.976153 0.031612
v 0.456720 0.980124 0.120858
v 0.464561 0.979791 0.094509
v 0.471527 0.979120 0.084056
v 0.476167 0.978414 0.094654
v 0.482044 0.976994 0.091703
v 0.469212 0.979702 0.147062
v 0.478519 0.978433 0.150981
v 0.459912 0.980178 0.181178
v 0.469204 0.979728 0.183501
v 0.478496 0.978395 0.188437
v 0.468060 0.980323 0.215729
v 0.478520 0.978789 0.220665
v 0.464562 0.980153 0.242151
v 0.473855 0.979806 0.264796
v 0.479652 0.978780 0.256089
v 0.480798 0.978233 0.243895
v 0.462996 0.980633 0.300109
v 0.474750 0.980490 0.287773
v 0.481394 0.979844 0.279326
v 0.483243 0.981590 0.294957
v 0.456915 0.981259 0.327921
v 0.470851 0.981413 0.306181
v 0.473852 1.012615 0.024389
v 0.468334 1.012719 0.066454
v 0.483153 1.012111 0.028019
v 0.476466 1.012593 0.125903
v 0.483137 1.011828 0.065909
v 0.484315 1.012301 0.121656
v 0.465103 1.012643 0.148368
v 0.472980 1.012608 0.177041
v 0.486641 1.012102 0.184445
v 0.481545 1.012052 0.218850
v 0.475814 1.012543 0.244981
v 0.469497 1.012307 0.289770
v 0.478504 1.011955 0.288031
v 0.483750 1.011003 0.292689
v 0.459353 1.011345 0.328395
v 0.464587 0.982883 0.329851
v 0.469220 0.982568 0.318813
v 0.465340 1.008958 0.336555
v 0.469799 1.011147 0.311844
v 0.473855 0.985911 0.327080
v 0.469304 0.985926 0.336401
v 0.472979 1.004885 0.334926
v 0.472336 1.008954 0.322601
v 0.478519 0.982772 0.306627
v 0.476322 0.984158 0.315998
v 0.480276 0.985761 0.315874
v 0.474982 0.989760 0.334055
v 0.479668 0.991598 0.328017
v 0.478384 0.993138 0.331683
v 0.478015 0.997936 0.333404
v 0.479798 1.004851 0.322104
v 0.475405 1.001682 0.335415
v 0.480328 1.009164 0.309134
v 0.482364 0.989904 0.321135
v 0.485085 0.992983 0.319995
v 0.482355 0.997591 0.325518
v 0.480402 1.002240 0.325018
v 0.450638 0.982954 0.355400
v 0.450314 1.005221 0.369932
v 0.455302 0.982882 0.348440
v 0.454405 0.985674 0.360877
v 0.452049 0.989840 0.370780
v 0.457538 0.993019 0.366937
v 0.454002 0.997582 0.372156
v 0.456788 1.004993 0.362543
v 0.451290 1.002773 0.372020
v 0.456593 1.009063 0.352561
v 0.459946 0.982793 0.339144
v 0.458200 0.985539 0.355522
v 0.459012 0.990088 0.362894
v 0.460028 0.997670 0.364852
v 0.456823 1.001759 0.366373
v 0.464766 0.985902 0.345791
v 0.464148 0.989397 0.354284
v 0.465043 0.993155 0.357273
v 0.465017 0.998557 0.358231
v 0.463286 1.004823 0.353861
v 0.461163 1.001335 0.361328
v 0.470018 0.992277 0.348203
v 0.469712 0.998204 0.350378
v 0.468398 1.005028 0.344256
v 0.467001 1.002412 0.351031
v 0.470414 0.989695 0.343417
v 0.474649 0.992440 0.338828
v 0.473590 0.997672 0.342587
v 0.471011 1.002267 0.343520
v 0.449914 0.998435 0.377301
v 0.451064 0.994320 0.375739
v 0.492598 0.972077 0.035059
v 0.498687 0.967971 0.058142
v 0.506299 0.962013 0.019450
v 0.514946 0.954258 0.035996
v 0.487888 0.974796 0.101593
v 0.500011 0.967670 0.110519
v 0.504528 0.963069 0.054876
v 0.504706 0.963210 0.093214
v 0.510039 0.957705 0.060609
v 0.518279 0.950144 0.064058
v 0.521320 0.947735 0.082987
v 0.494384 0.971679 0.114689
v 0.513651 0.954446 0.089682
v 0.508088 0.961141 0.121139
v 0.515930 0.953681 0.127093
v 0.487785 0.975797 0.150690
v 0.495191 0.972270 0.155336
v 0.500839 0.968648 0.158094
v 0.508451 0.962223 0.154172
v 0.485458 0.976518 0.201067
v 0.490045 0.974501 0.197438
v 0.495019 0.971980 0.207165
v 0.500691 0.968367 0.188146
v 0.508358 0.962422 0.174065
v 0.517219 0.953822 0.161435
v 0.517040 0.954656 0.186842
v 0.501050 0.968200 0.214281
v 0.508247 0.962310 0.199035
v 0.508374 0.962982 0.219218
v 0.516438 0.956107 0.209156
v 0.516394 0.957204 0.219672
v 0.521095 0.952019 0.197682
v 0.488363 0.976022 0.239861
v 0.490182 0.976629 0.259824
v 0.495307 0.973919 0.252017
v 0.496785 0.971971 0.236034
v 0.501848 0.969192 0.239226
v 0.502092 0.971390 0.255452
v 0.506750 0.967458 0.247482
v 0.511704 0.962077 0.232077
v 0.511810 0.966467 0.252322
v 0.508680 0.970241 0.260251
v 0.513310 0.963005 0.241606
v 0.518809 0.962500 0.245889
v 0.513595 0.967613 0.256743
v 0.518846 0.958465 0.232427
v 0.522335 0.958189 0.234414
v 0.518237 0.966351 0.254764
v 0.487789 0.978265 0.269442
v 0.492430 0.979102 0.278742
v 0.492787 0.981307 0.288223
v 0.496874 0.976343 0.269374
v 0.502235 0.973072 0.262606
v 0.501661 0.977938 0.276657
v 0.501871 0.981284 0.284051
v 0.506917 0.973446 0.267451
v 0.508648 0.976530 0.274191
v 0.512823 0.971800 0.265688
v 0.508233 0.981104 0.280797
v 0.513143 0.976144 0.272311
v 0.513245 0.980442 0.277378
v 0.518351 0.971293 0.263590
v 0.519051 0.975381 0.268435
v 0.518042 0.979314 0.272871
v 0.492462 1.010787 0.027293
v 0.501583 1.008252 0.031069
v 0.509232 1.004854 0.030923
v 0.515574 1.001079 0.032230
v 0.490087 1.010755 0.060393
v 0.496586 1.009336 0.062715
v 0.501829 1.007501 0.056037
v 0.497043 1.009822 0.092619
v 0.508798 1.004468 0.059522
v 0.517070 0.999580 0.057634
v 0.516549 1.000754 0.088555
v 0.487796 1.011711 0.101040
v 0.494788 1.011060 0.126301
v 0.504028 1.007362 0.090881
v 0.511483 1.004415 0.103030
v 0.510995 1.005597 0.127897
v 0.491285 1.011392 0.153740
v 0.501562 1.009471 0.120899
v 0.501979 1.008921 0.157554
v 0.510728 1.005181 0.157224
v 0.518896 1.000546 0.129785
v 0.518508 1.000175 0.157079
v 0.497115 1.010598 0.188437
v 0.503212 1.008976 0.189889
v 0.510925 1.005570 0.182337
v 0.518737 1.000488 0.198024
v 0.492425 1.011038 0.229811
v 0.502137 1.008666 0.230102
v 0.506357 1.007212 0.213699
v 0.512915 1.004284 0.204700
v 0.515932 1.000910 0.234616
v 0.510190 1.004842 0.232372
v 0.487799 1.012001 0.261170
v 0.493647 1.011343 0.263644
v 0.502478 1.008906 0.244972
v 0.501438 1.009644 0.258412
v 0.506599 1.007545 0.254924
v 0.512029 1.005002 0.259584
v 0.518247 1.000029 0.252310
v 0.492795 0.983789 0.295292
v 0.488807 1.008693 0.298433
v 0.496316 1.009185 0.283299
v 0.492758 0.985575 0.300009
v 0.498953 1.004831 0.293469
v 0.499563 0.985909 0.293646
v 0.502934 0.992825 0.296388
v 0.501424 1.000966 0.295463
v 0.502263 1.008952 0.269720
v 0.505639 0.984846 0.287090
v 0.504238 0.987877 0.291326
v 0.506940 0.992999 0.291080
v 0.508558 0.997471 0.287715
v 0.501923 0.997647 0.297436
v 0.504670 1.004772 0.283405
v 0.505649 1.001017 0.288653
v 0.509793 1.004755 0.272867
v 0.511505 0.984561 0.282337
v 0.509792 0.988414 0.286359
v 0.513269 0.992989 0.283228
v 0.510987 1.001411 0.279033
v 0.516194 0.999173 0.272621
v 0.514517 0.996437 0.279641
v 0.516707 1.000931 0.264822
v 0.519595 0.984190 0.274823
v 0.516359 0.987103 0.279403
v 0.520518 0.989611 0.274265
v 0.520903 0.994164 0.269798
v 0.521364 0.996098 0.263782
v 0.485700 0.983759 0.302197
v 0.488632 0.986236 0.306025
v 0.486979 0.989261 0.313164
v 0.491229 0.993537 0.311846
v 0.488205 0.998797 0.316476
v 0.486826 1.004822 0.311761
v 0.484422 1.001412 0.319700
v 0.491571 0.989850 0.308076
v 0.493544 1.001224 0.306722
v 0.492000 0.996180 0.311779
v 0.492199 1.005129 0.303201
v 0.490430 1.002636 0.309454
v 0.496230 0.989990 0.302493
v 0.498419 0.992653 0.301625
v 0.497860 0.998804 0.302840
v 0.523538 0.947454 0.029021
v 0.521877 0.948241 0.046165
v 0.534938 0.983698 0.009580
v 0.541948 0.977343 0.025933
v 0.543179 0.976910 0.040382
v 0.548346 0.969769 0.016255
v 0.553041 0.966567 0.031132
v 0.557560 0.947025 0.012258
v 0.557641 0.955383 0.006324
v 0.557657 0.957171 0.016471
v 0.555054 0.962445 0.021485
v 0.558307 0.960313 0.032500
v 0.532370 0.986930 0.059449
v 0.546131 0.974280 0.082036
v 0.552850 0.967373 0.077161
v 0.557955 0.962221 0.049193
v 0.557830 0.961301 0.076654
v 0.554248 0.966236 0.049901
v 0.522081 0.948392 0.114106
v 0.540431 0.980704 0.107754
v 0.552475 0.969200 0.105393
v 0.557923 0.962136 0.094981
v 0.554762 0.966545 0.115593
v 0.522231 0.948425 0.140822
v 0.539314 0.979486 0.155305
v 0.543372 0.976105 0.140065
v 0.541841 0.979043 0.127147
v 0.549718 0.971171 0.125333
v 0.547160 0.970381 0.145193
v 0.553031 0.949555 0.145573
v 0.553739 0.962857 0.137361
v 0.551474 0.959647 0.153561
v 0.553850 0.966347 0.125325
v 0.549581 0.965272 0.149861
v 0.557947 0.948022 0.124023
v 0.553985 0.947556 0.135883
v 0.557794 0.951027 0.129638
v 0.554824 0.950978 0.139351
v 0.558380 0.956078 0.128808
v 0.555364 0.955713 0.139360
v 0.552363 0.955576 0.153277
v 0.557976 0.961499 0.120883
v 0.557273 0.959268 0.129591
v 0.523547 0.948540 0.170004
v 0.526311 0.947821 0.184941
v 0.534966 0.984391 0.160859
v 0.536574 0.981217 0.186989
v 0.543958 0.972178 0.167518
v 0.543707 0.969839 0.188154
v 0.539567 0.975347 0.200103
v 0.544667 0.947771 0.181178
v 0.548497 0.949813 0.173562
v 0.548217 0.953146 0.181375
v 0.546597 0.955761 0.189532
v 0.548552 0.960347 0.179040
v 0.548002 0.964348 0.171206
v 0.545499 0.965005 0.190474
v 0.548927 0.947580 0.162602
v 0.552637 0.951644 0.150500
v 0.550718 0.950982 0.160848
v 0.549952 0.955833 0.171888
v 0.522036 0.952680 0.211203
v 0.523045 0.954543 0.222619
v 0.527304 0.948399 0.195624
v 0.530109 0.948613 0.205026
v 0.527087 0.950988 0.212510
v 0.527160 0.953883 0.223253
v 0.531699 0.947336 0.196377
v 0.534958 0.948741 0.204290
v 0.531934 0.950993 0.213710
v 0.532957 0.952962 0.219246
v 0.535003 0.980780 0.212578
v 0.536530 0.946215 0.190470
v 0.537978 0.948222 0.198146
v 0.538030 0.952454 0.211121
v 0.539699 0.954640 0.212075
v 0.538396 0.957329 0.219279
v 0.539001 0.961245 0.221899
v 0.539554 0.971485 0.215454
v 0.535663 0.976672 0.224169
v 0.542749 0.947983 0.187611
v 0.544313 0.950009 0.188564
v 0.541484 0.950950 0.198391
v 0.544173 0.954205 0.198325
v 0.543810 0.957830 0.204888
v 0.541794 0.960429 0.212837
v 0.543343 0.966895 0.202457
v 0.542605 0.964489 0.209977
v 0.539114 0.965040 0.222830
v 0.537476 0.969372 0.226652
v 0.545782 0.960610 0.195096
v 0.522503 0.962260 0.244803
v 0.521753 0.967710 0.255763
v 0.525846 0.973377 0.258866
v 0.528089 0.957626 0.232413
v 0.527089 0.961769 0.240370
v 0.530375 0.964540 0.240494
v 0.527616 0.964713 0.244241
v 0.525771 0.967609 0.251530
v 0.530127 0.968672 0.246041
v 0.529922 0.973454 0.251103
v 0.529029 0.979081 0.255592
v 0.533239 0.956863 0.226233
v 0.534283 0.960757 0.230358
v 0.530806 0.961682 0.235913
v 0.535027 0.964647 0.232311
v 0.534278 0.970169 0.236931
v 0.534362 0.976237 0.232483
v 0.532723 0.974263 0.241325
v 0.531699 0.978736 0.242777
v 0.536588 0.960416 0.225222
v 0.523012 0.973932 0.262794
v 0.522459 0.977715 0.267303
v 0.525504 0.978702 0.264137
v 0.521496 0.983314 0.271955
v 0.526186 0.992880 0.033027
v 0.522793 0.995252 0.060975
v 0.527486 0.992410 0.091895
v 0.526618 0.993963 0.117726
v 0.527536 0.993221 0.136180
v 0.527009 0.993067 0.157869
v 0.526043 0.993918 0.179436
v 0.525376 0.994177 0.203982
v 0.530517 0.987451 0.210800
v 0.526864 0.990035 0.227627
v 0.522452 0.994938 0.232569
v 0.522713 0.995156 0.250280
v 0.529671 0.985457 0.234322
v 0.530060 0.983114 0.245079
v 0.528774 0.983074 0.255167
v 0.526536 0.989834 0.247960
v 0.527077 0.987853 0.255802
v 0.524740 0.991514 0.260942
v 0.525730 0.983615 0.265378
v 0.524979 0.988224 0.265470
v 0.559686 0.946068 0.027010
v 0.562463 0.946964 0.040118
v 0.559476 0.951166 0.019766
v 0.562214 0.949277 0.032460
v 0.562064 0.953336 0.034858
v 0.559749 0.955795 0.026729
v 0.561499 0.945257 0.051110
v 0.561880 0.947843 0.061996
v 0.559102 0.946183 0.083006
v 0.562410 0.952816 0.062727
v 0.560915 0.950944 0.083611
v 0.562432 0.954916 0.048822
v 0.560526 0.955777 0.076649
v 0.562738 0.948825 0.055789
v 0.562979 0.950998 0.042971
v 0.559033 0.946622 0.108015
v 0.561112 0.951130 0.110335
v 0.561216 0.955545 0.102211
v 0.558842 0.961516 0.106880
v 0.559765 0.951080 0.120796
v 0.560712 0.955710 0.116148
vn -0.0977 -0.9731 -0.2088
vn -0.2781 -0.9590 -0.0547
vn 0.1759 -0.9784 -0.1089
vn 0.3610 -0.9304 -0.0642
vn -0.3580 -0.9326 0.0461
vn -0.0744 -0.9960 0.0495
vn 0.3205 -0.9464 0.0399
vn 0.3329 -0.9424 0.0337
vn -0.3384 -0.9410 0.0086
vn -0.1114 -0.9934 0.0255
vn 0.1119 -0.9905 0.0794
vn 0.1091 -0.9934 0.0348
vn 0.2791 -0.9602 0.0135
vn 0.2547 -0.9651 0.0607
vn -0.1196 -0.9928 -0.0070
vn -0.1292 -0.9916 -0.0092
vn 0.1845 -0.9825 -0.0246
vn 0.1887 -0.9815 -0.0326
vn -0.0838 -0.9962 -0.0251
vn -0.0638 -0.9854 -0.1578
vn -0.0844 -0.9951 0.0524
vn -0.0974 -0.9698 -0.2238
vn -0.1066 -0.9865 -0.1246
vn 0.0043 -0.9774 0.2114
vn -0.1051 -0.9695 -0.2215
vn -0.0846 -0.9418 -0.3255
vn 0.0064 -0.9932 0.1161
vn -0.0175 -0.9984 0.0541
vn -0.0334 -0.9731 -0.2281
vn 0.0166 -0.8853 -0.4646
vn 0.0432 -0.9936 0.1042
vn 0.0951 -0.9689 -0.2283
vn 0.0956 -0.9689 -0.2284
vn 0.1062 -0.9943 -0.0069
vn -0.0741 -0.9971 -0.0151
vn -0.0736 -0.9932 0.0904
vn -0.1370 -0.9873 0.0810
vn 0.1877 -0.9812 0.0452
vn 0.1579 -0.9830 0.0933
vn -0.0483 -0.9856 -0.1622
vn 0.2641 -0.9561 -0.1267
vn 0.3208 -0.9471 -0.0060
vn -0.3070 -0.9506 0.0465
vn -0.1461 -0.9892 0.0121
vn 0.0527 -0.9968 0.0601
vn 0.0573 -0.9950 0.0817
vn 0.1652 -0.9862 -0.0096
vn 0.2479 -0.9664 0.0675
vn -0.2979 -0.9541 -0.0311
vn -0.4225 -0.8982 0.1214
vn -0.0601 -0.9956 -0.0717
vn -0.1784 -0.9838 -0.0190
vn -0.2379 -0.9645 0.1146
vn 0.2021 -0.9760 -0.0809
vn 0.1227 -0.9924 0.0110
vn 0.3855 -0.9219 -0.0392
vn -0.0851 -0.9896 0.1159
vn 0.0465 -0.9984 0.0318
vn -0.0367 -0.9989 -0.0275
vn -0.0035 -0.9585 -0.2850
vn -0.0385 -0.9907 -0.1306
vn 0.0121 -0.9563 -0.2920
vn -0.0400 -0.9972 -0.0638
vn -0.0557 -0.9025 0.4271
vn -0.0300 -0.9868 0.1594
vn -0.0108 -0.9452 -0.3264
vn -0.0086 -0.9925 -0.1222
vn 0.0054 -0.9735 0.2287
vn 0.0113 -0.9312 0.3645
vn 0.0275 -0.9992 0.0301
vn 0.0691 -0.9336 0.3515
vn 0.1027 -0.9177 0.3837
vn 0.0261 -0.9884 -0.1499
vn 0.0042 -0.9921 -0.1255
vn 0.0634 -0.9833 0.1703
vn -0.0511 -0.9764 0.2097
vn -0.9988 0.0408 -0.0257
vn -0.9608 -0.2632 -0.0871
vn -0.9897 -0.1432 0.0057
vn -0.9889 -0.1429 -0.0403
vn -0.9809 -0.1573 -0.1148
vn -0.9993 0.0351 -0.0117
vn -0.9868 0.1433 -0.0757
vn -0.9798 0.1993 -0.0134
vn -0.9062 -0.4170 -0.0708
vn -0.9602 -0.2633 -0.0933
vn -0.9412 -0.3351 0.0425
vn -0.9948 -0.0694 -0.0748
vn -0.9917 -0.1175 0.0517
vn -0.9897 0.1394 -0.0335
vn -0.9515 0.3024 -0.0561
vn -0.9557 0.2939 0.0144
vn -0.8141 -0.3711 -0.4467
vn -0.8595 -0.0333 -0.5101
vn -0.8660 0.1943 -0.4608
vn -0.8329 0.3832 -0.3993
vn -0.6262 -0.6525 -0.4268
vn -0.8489 -0.3304 -0.4126
vn -0.8971 -0.0393 -0.4400
vn -0.8519 0.2895 -0.4363
vn -0.8397 0.3783 -0.3895
vn -0.9722 -0.1916 -0.1344
vn -0.9246 -0.3616 -0.1200
vn -0.8495 -0.5227 -0.0717
vn -0.7998 -0.5727 -0.1798
vn -0.9708 -0.1582 -0.1801
vn -0.9497 0.2332 -0.2092
vn -0.8990 0.3860 -0.2068
vn -0.8344 0.5052 -0.2205
vn -0.6442 -0.7599 -0.0864
vn -0.5087 -0.8577 0.0744
vn -0.5037 -0.8639 0.0045
vn -0.8758 -0.3043 -0.3746
vn -0.9237 -0.0628 -0.3778
vn -0.9012 0.1937 -0.3877
vn -0.2350 -0.9706 0.0524
vn -0.2348 -0.9701 0.0607
vn -0.6942 -0.6192 -0.3671
vn -0.8592 0.4031 -0.3149
vn -0.2861 -0.9579 -0.0250
vn 0.1022 -0.9766 0.1892
vn 0.3234 -0.9158 0.2383
vn -0.8540 -0.3977 -0.3353
vn -0.9198 -0.1541 -0.3607
vn -0.9310 0.2106 -0.2981
vn -0.5804 -0.7380 -0.3443
vn -0.7499 -0.5175 -0.4122
vn -0.7950 -0.5295 -0.2960
vn -0.9476 -0.2041 -0.2458
vn -0.9090 -0.1553 -0.3868
vn -0.9477 0.0931 -0.3053
vn -0.9102 0.3081 -0.2769
vn -0.8749 0.4231 -0.2356
vn -0.4147 -0.8618 -0.2921
vn -0.4108 -0.8466 -0.3385
vn -0.5905 -0.7467 -0.3062
vn -0.5625 -0.7049 -0.4322
vn -0.8197 -0.5351 -0.2042
vn -0.9308 -0.2142 -0.2961
vn -0.9559 0.1540 -0.2501
vn -0.8951 0.3533 -0.2722
vn -0.8591 0.4362 -0.2676
vn -0.1917 -0.9600 -0.2041
vn -0.4904 -0.8514 -0.1861
vn 0.0742 -0.9927 -0.0952
vn -0.2638 -0.9636 -0.0424
vn 0.0457 -0.9950 0.0886
vn 0.3078 -0.9514 0.0036
vn 0.4375 -0.8942 0.0952
vn 0.4500 -0.8929 -0.0174
vn 0.6796 -0.7271 -0.0969
vn -0.8855 -0.4392 -0.1519
vn -0.9095 -0.4125 -0.0524
vn -0.9005 -0.4321 0.0481
vn -0.9392 -0.2193 -0.2641
vn -0.9442 -0.2375 -0.2280
vn -0.9852 -0.1570 -0.0686
vn -0.9596 -0.0141 -0.2812
vn -0.9463 0.2649 -0.1855
vn -0.9895 0.1443 -0.0068
vn -0.9231 0.3659 -0.1188
vn -0.9348 0.3500 -0.0607
vn -0.9082 0.4139 -0.0620
vn -0.6838 -0.7294 -0.0206
vn -0.7107 -0.7012 0.0572
vn -0.7107 -0.6215 -0.3297
vn -0.8447 -0.3817 -0.3752
vn -0.8901 0.4005 -0.2176
vn -0.8601 0.4830 -0.1643
vn -0.8610 0.4827 -0.1602
vn -0.4011 -0.8649 -0.3018
vn -0.4933 -0.8423 -0.2172
vn -0.1791 -0.9327 -0.3130
vn 0.0853 -0.9552 -0.2834
vn 0.2135 -0.9408 -0.2633
vn 0.4230 -0.8819 -0.2082
vn 0.4914 -0.8258 -0.2767
vn 0.5196 -0.8334 -0.1884
vn 0.2997 -0.9234 -0.2400
vn 0.5504 -0.8198 -0.1582
vn 0.6313 -0.7542 -0.1806
vn 0.7370 -0.6696 -0.0917
vn 0.6365 -0.7512 -0.1748
vn 0.7561 -0.6459 -0.1055
vn -0.8712 -0.4906 0.0201
vn -0.9951 -0.0993 0.0009
vn -0.9635 -0.2674 -0.0081
vn -0.9564 -0.2918 -0.0111
vn -0.9859 0.1606 -0.0471
vn -0.9795 0.1963 -0.0462
vn -0.9117 0.4069 -0.0573
vn -0.7365 -0.6757 0.0317
vn -0.6448 -0.7633 0.0390
vn -0.5544 -0.8307 0.0508
vn 0.6655 -0.7460 0.0254
vn 0.7987 -0.6005 0.0382
vn 0.7638 -0.6455 -0.0037
vn -0.8363 -0.5475 0.0300
vn -0.8710 -0.4873 -0.0627
vn -0.8080 -0.5784 -0.1126
vn -0.9614 -0.2752 -0.0001
vn -0.9196 0.3921 -0.0228
vn -0.9164 0.4003 -0.0069
vn -0.6738 -0.7377 0.0426
vn -0.7174 -0.6965 -0.0151
vn -0.5938 -0.8035 -0.0421
vn 0.5716 -0.8124 0.1155
vn 0.5985 -0.8009 0.0190
vn 0.6160 -0.7854 0.0607
vn 0.5473 -0.8248 0.1423
vn 0.7106 -0.6827 0.1700
vn 0.7541 -0.6505 0.0905
vn 0.7621 -0.6358 0.1224
vn -0.7832 -0.6192 0.0560
vn -0.8122 -0.5804 0.0593
vn -0.8361 0.5468 -0.0440
vn -0.5469 -0.8358 -0.0489
vn -0.5918 -0.8058 0.0218
vn 0.3685 -0.9276 -0.0618
vn 0.4965 -0.8590 -0.1253
vn 0.6263 -0.7760 -0.0743
vn 0.7122 -0.6972 0.0813
vn 0.6839 -0.7212 -0.1099
vn 0.7495 -0.6615 0.0263
vn 0.7482 -0.6603 -0.0651
vn 0.7608 -0.6422 -0.0930
vn 0.7556 -0.6507 -0.0749
vn -0.8122 0.5339 -0.2353
vn -0.8122 0.4826 -0.3277
vn -0.8105 0.5399 -0.2271
vn -0.8267 0.4660 -0.3155
vn -0.7673 0.5971 -0.2338
vn -0.7878 0.5924 -0.1683
vn -0.7063 0.6814 -0.1922
vn -0.8237 0.5341 -0.1903
vn -0.8167 0.5486 -0.1788
vn -0.7976 0.5708 -0.1951
vn -0.8061 0.5214 -0.2799
vn -0.8006 0.5382 -0.2633
vn -0.7375 0.6523 -0.1749
vn -0.7464 0.6438 -0.1685
vn -0.7516 0.6195 -0.2266
vn -0.6888 0.6924 -0.2147
vn -0.6552 0.7432 -0.1355
vn -0.8212 0.5611 -0.1040
vn -0.8349 0.5445 -0.0802
vn -0.8263 0.5332 -0.1818
vn -0.7754 0.6202 -0.1185
vn -0.7770 0.6187 -0.1163
vn -0.7211 0.6844 -0.1077
vn -0.6467 0.7586 -0.0800
vn -0.5416 0.8390 -0.0530
vn -0.8290 0.5576 -0.0439
vn -0.7445 0.6636 -0.0733
vn -0.6599 0.7502 -0.0427
vn -0.6252 0.7791 -0.0464
vn -0.6004 0.7991 -0.0296
vn -0.5042 0.8634 -0.0193
vn -0.5146 0.8573 -0.0141
vn -0.8217 0.5699 0.0090
vn -0.7573 0.6520 -0.0384
vn -0.7374 0.6752 0.0176
vn -0.6752 0.7375 -0.0144
vn -0.6208 0.7837 0.0205
vn -0.4888 0.8721 0.0229
vn -0.8240 0.5666 -0.0000
vn -0.7974 0.6028 -0.0274
vn -0.7007 0.7135 -0.0034
vn -0.7002 0.7139 -0.0027
vn -0.4696 -0.1004 -0.8772
vn -0.0112 -0.4052 -0.9142
vn -0.1089 0.0505 -0.9928
vn -0.3086 0.2739 -0.9109
vn -0.5118 0.2435 -0.8239
vn -0.6750 0.2094 -0.7075
vn -0.7323 -0.6561 -0.1826
vn -0.8369 -0.4605 -0.2960
vn -0.8367 -0.4442 -0.3204
vn -0.9215 -0.0924 -0.3771
vn -0.8365 0.3344 -0.4342
vn -0.6571 -0.7178 -0.2300
vn -0.8799 -0.2702 -0.3909
vn -0.9129 -0.0460 -0.4056
vn -0.8791 0.2306 -0.4171
vn -0.8613 0.2746 -0.4275
vn -0.8292 0.3561 -0.4309
vn -0.8138 0.3667 -0.4508
vn -0.5731 -0.8093 -0.1286
vn -0.4204 -0.9051 0.0636
vn -0.7429 -0.5832 -0.3287
vn -0.8423 -0.3045 -0.4447
vn -0.8573 0.0198 -0.5145
vn -0.8082 0.3351 -0.4843
vn -0.8022 0.3954 -0.4473
vn -0.4529 -0.8380 -0.3043
vn -0.1737 -0.9844 0.0268
vn -0.5035 -0.8365 -0.2163
vn -0.0695 -0.9881 0.1374
vn -0.6243 -0.6423 -0.4446
vn -0.7390 -0.2563 -0.6231
vn -0.6936 -0.0038 -0.7204
vn -0.7285 0.3432 -0.5928
vn -0.7887 0.4103 -0.4578
vn -0.3339 -0.9108 -0.2429
vn 0.1299 -0.9911 -0.0294
vn 0.1405 -0.9399 0.3111
vn -0.2309 -0.3969 -0.8883
vn -0.7319 0.3726 -0.5705
vn 0.1762 -0.9115 -0.3716
vn 0.2407 -0.9678 -0.0735
vn 0.4013 -0.8920 0.2084
vn 0.4006 -0.8916 0.2111
vn 0.0859 -0.6680 -0.7392
vn -0.0129 -0.7846 -0.6199
vn -0.8941 -0.3293 -0.3037
vn -0.9239 -0.1277 -0.3607
vn -0.3932 -0.9192 -0.0224
vn -0.2960 -0.9537 0.0537
vn -0.8363 -0.5054 -0.2126
vn -0.7774 -0.5953 -0.2030
vn -0.9158 -0.2573 -0.3083
vn -0.9198 0.0542 -0.3886
vn -0.6683 -0.7437 -0.0171
vn -0.5031 -0.8569 0.1125
vn -0.2273 -0.9606 0.1599
vn 0.1045 -0.9606 0.2574
vn 0.2816 -0.9435 0.1749
vn -0.3768 -0.9255 0.0387
vn -0.1716 -0.9675 0.1855
vn 0.0666 -0.9339 0.3514
vn 0.0279 -0.9652 0.2599
vn 0.3262 -0.8404 0.4328
vn 0.3756 -0.8757 0.3033
vn 0.5169 -0.7881 0.3342
vn 0.1924 -0.9342 0.3005
vn 0.3998 -0.8293 0.3903
vn 0.6082 -0.6962 0.3813
vn 0.5439 -0.7355 0.4040
vn 0.6024 -0.6983 0.3866
vn 0.5399 -0.7484 0.3852
vn -0.0255 -0.9993 0.0264
vn 0.2607 -0.9457 0.1939
vn 0.2638 -0.9489 0.1733
vn 0.5628 -0.7979 0.2160
vn 0.0985 -0.9686 0.2282
vn 0.3247 -0.9300 0.1723
vn 0.5522 -0.7894 0.2682
vn 0.6253 -0.7538 0.2020
vn 0.5437 -0.7880 0.2890
vn 0.6371 -0.7071 0.3069
vn 0.6156 -0.7187 0.3232
vn 0.5663 -0.7833 0.2562
vn 0.4973 -0.8424 0.2075
vn 0.5280 -0.7907 0.3099
vn 0.4394 -0.8576 0.2672
vn 0.5671 -0.8220 0.0515
vn 0.6332 -0.7674 0.1009
vn 0.6260 -0.7798 -0.0107
vn 0.5464 -0.8336 0.0805
vn 0.5260 -0.8498 -0.0357
vn 0.3376 -0.9394 0.0588
vn 0.3663 -0.9271 -0.0793
vn 0.2448 -0.9687 -0.0419
vn 0.2588 -0.9641 -0.0589
vn 0.6799 -0.7271 -0.0955
vn 0.7455 -0.6648 -0.0469
vn 0.6673 -0.7432 -0.0475
vn 0.5847 -0.8109 -0.0226
vn 0.4754 -0.8798 -0.0079
vn 0.3370 -0.9414 -0.0106
vn 0.2181 -0.9758 -0.0144
vn 0.7980 -0.6022 0.0220
vn 0.7761 -0.6299 0.0291
vn 0.6874 -0.7258 0.0276
vn 0.5606 -0.8276 0.0271
vn 0.7992 -0.6009 0.0128
vn 0.8014 -0.5898 0.0995
vn 0.6666 -0.7395 0.0937
vn 0.7310 -0.6822 0.0170
vn 0.6342 -0.7694 0.0764
vn 0.6275 -0.7784 0.0166
vn 0.6245 -0.7768 0.0813
vn 0.4751 -0.8798 0.0127
vn 0.4403 -0.8969 0.0419
vn 0.4431 -0.8962 0.0190
vn 0.3131 -0.9497 0.0069
vn 0.2841 -0.9581 0.0359
vn 0.1887 -0.9820 0.0053
vn 0.1759 -0.9841 0.0265
vn 0.7119 -0.6991 -0.0670
vn 0.5665 -0.8240 -0.0049
vn 0.5735 -0.8179 -0.0460
vn 0.4424 -0.8962 -0.0324
vn 0.4237 -0.9054 -0.0250
vn 0.4415 -0.8967 -0.0326
vn 0.2954 -0.9552 -0.0149
vn 0.1883 -0.9821 -0.0108
vn -0.7355 0.5125 -0.4431
vn -0.7589 0.4694 -0.4513
vn -0.7156 0.5543 -0.4249
vn -0.7849 0.3243 -0.5280
vn -0.7705 0.3684 -0.5202
vn -0.7386 0.5608 -0.3742
vn -0.6166 0.6966 -0.3669
vn -0.8296 0.3991 -0.3905
vn -0.8106 0.4657 -0.3551
vn -0.7995 0.4682 -0.3762
vn -0.7640 0.5435 -0.3477
vn -0.7957 0.4447 -0.4112
vn -0.6636 0.6994 -0.2654
vn -0.7269 0.6000 -0.3340
vn -0.5648 0.7949 -0.2218
vn -0.5485 0.8044 -0.2281
vn -0.3882 0.9061 -0.1683
vn -0.7726 0.5516 -0.3143
vn -0.6730 0.7233 -0.1547
vn -0.7019 0.6621 -0.2627
vn -0.5747 0.8107 -0.1119
vn -0.6000 0.7804 -0.1760
vn -0.4452 0.8764 -0.1836
vn -0.3356 0.9405 -0.0530
vn -0.3716 0.9189 -0.1325
vn -0.3847 0.9203 -0.0714
vn -0.1888 0.9818 -0.0195
vn -0.1949 0.9779 -0.0759
vn -0.0241 0.9984 0.0511
vn -0.5610 0.8127 -0.1574
vn -0.5623 0.8129 -0.1516
vn -0.5872 0.7961 -0.1464
vn -0.3864 0.9180 -0.0892
vn -0.3877 0.9202 -0.0550
vn -0.3616 0.9266 -0.1034
vn -0.3596 0.9276 -0.1016
vn -0.2110 0.9766 -0.0422
vn -0.0942 0.9938 -0.0595
vn 0.0036 0.9999 -0.0116
vn 0.0102 0.9980 -0.0630
vn -0.4390 0.8974 -0.0445
vn -0.3172 0.9477 -0.0344
vn -0.1916 0.9813 -0.0185
vn -0.1282 0.9917 -0.0142
vn -0.0276 0.9995 -0.0166
vn -0.4117 0.9113 -0.0016
vn -0.3984 0.9171 -0.0141
vn -0.3077 0.9514 -0.0142
vn -0.2446 0.9696 0.0001
vn -0.1232 0.9924 0.0009
vn -0.0862 0.9963 0.0041
vn -0.4002 0.9158 0.0343
vn -0.2748 0.9610 0.0314
vn -0.1800 0.9836 -0.0079
vn -0.1234 0.9922 0.0187
vn -0.0931 0.9957 -0.0022
vn -0.0288 0.9996 0.0036
vn -0.0220 0.9996 0.0173
vn -0.3652 0.9309 0.0107
vn -0.1770 0.9842 0.0068
vn -0.0860 0.9962 -0.0114
vn -0.0066 0.9999 -0.0136
vn 0.3459 -0.2554 -0.9028
vn 0.0867 -0.2059 -0.9747
vn -0.1542 -0.0272 -0.9877
vn 0.0328 -0.1050 -0.9939
vn -0.4075 0.0490 -0.9119
vn 0.5063 -0.4461 -0.7380
vn 0.3338 -0.6693 -0.6638
vn 0.2512 -0.3836 -0.8887
vn -0.2388 -0.3461 -0.9073
vn 0.3667 -0.7220 -0.5867
vn 0.4483 -0.6055 -0.6576
vn 0.0174 -0.7905 -0.6122
vn 0.2303 -0.6096 -0.7585
vn -0.2421 -0.7790 -0.5784
vn -0.0347 -0.6099 -0.7917
vn 0.3172 -0.8678 -0.3825
vn -0.1364 -0.9041 -0.4050
vn 0.2949 -0.8746 -0.3849
vn -0.1608 -0.9201 -0.3573
vn -0.0874 -0.9806 -0.1757
vn 0.0435 -0.9872 -0.1535
vn 0.1702 -0.9594 -0.2250
vn 0.2403 -0.9622 -0.1280
vn 0.4232 -0.8228 -0.3794
vn 0.4956 -0.8593 -0.1263
vn 0.4523 -0.8910 0.0402
vn 0.5004 -0.8546 0.1390
vn 0.5927 -0.7514 0.2902
vn 0.5348 -0.5850 -0.6097
vn 0.6352 -0.6999 -0.3265
vn 0.6667 -0.7036 -0.2457
vn 0.7114 -0.5884 -0.3843
vn 0.6882 -0.6383 0.3448
vn 0.7547 -0.6561 -0.0043
vn 0.7216 -0.6639 0.1961
vn 0.5939 -0.5636 -0.5742
vn 0.7646 -0.6152 -0.1922
vn 0.7083 -0.5669 -0.4206
vn 0.7495 -0.6604 -0.0468
vn 0.7164 -0.6705 0.1930
vn 0.5102 -0.8025 -0.3094
vn 0.5738 -0.7750 -0.2647
vn 0.6127 -0.7425 0.2706
vn 0.6328 -0.7724 -0.0545
vn 0.5997 -0.7874 0.1427
vn 0.4495 -0.8692 0.2061
vn 0.4032 -0.8951 -0.1905
vn 0.5122 -0.8552 -0.0799
vn 0.5022 -0.8609 0.0812
vn 0.5293 -0.8458 0.0664
vn 0.2550 -0.9551 -0.1511
vn 0.3382 -0.9381 0.0752
vn 0.6402 -0.6540 0.4029
vn 0.6262 -0.6659 0.4055
vn 0.5641 -0.7574 0.3287
vn 0.4352 -0.8581 0.2726
vn 0.4391 -0.8611 0.2564
vn 0.5650 -0.7537 0.3359
vn 0.4405 -0.8557 0.2716
vn 0.2835 -0.9529 0.1079
vn 0.4231 -0.8649 0.2702
vn 0.2632 -0.9563 0.1275
vn 0.2060 -0.9711 0.1203
vn 0.2448 -0.9601 0.1349
vn 0.0937 -0.9949 0.0381
vn 0.1871 -0.9730 0.1352
vn 0.2599 -0.9576 0.1246
vn 0.1834 -0.9746 0.1283
vn 0.0247 -0.9985 0.0493
vn 0.2032 -0.9766 0.0703
vn 0.0835 -0.9955 0.0446
vn -0.0048 -0.9998 0.0192
vn 0.2140 -0.9734 -0.0822
vn 0.1505 -0.9886 -0.0092
vn 0.0608 -0.9981 -0.0113
vn 0.1006 -0.9949 -0.0045
vn 0.0419 -0.9990 -0.0157
vn 0.0393 -0.9992 0.0066
vn 0.1136 -0.9935 0.0056
vn 0.0840 -0.9962 0.0250
vn 0.0297 -0.9991 0.0293
vn -0.0055 -1.0000 0.0068
vn 0.1082 -0.9939 -0.0216
vn 0.0767 -0.9969 -0.0175
vn -0.6453 -0.5053 -0.5729
vn -0.7898 -0.1689 -0.5897
vn -0.6341 0.5587 -0.5346
vn -0.7451 -0.0422 -0.6656
vn -0.6999 0.3906 -0.5980
vn -0.8484 -0.1598 -0.5047
vn -0.7663 0.4512 -0.4573
vn -0.4581 0.7980 -0.3916
vn -0.8050 0.2444 -0.5406
vn -0.6013 -0.1046 -0.7922
vn -0.8741 0.1617 -0.4581
vn -0.8705 0.1804 -0.4578
vn -0.8726 0.3766 -0.3109
vn -0.9038 0.2600 -0.3400
vn -0.4552 -0.3735 -0.8082
vn -0.6878 -0.2675 -0.6748
vn -0.8344 -0.1123 -0.5396
vn -0.9536 0.0434 -0.2978
vn -0.9053 0.1128 -0.4095
vn -0.8054 0.5528 -0.2138
vn -0.3709 -0.6146 -0.6962
vn -0.6449 -0.5972 -0.4770
vn -0.5834 -0.5599 -0.5883
vn -0.7496 -0.4734 -0.4626
vn -0.8383 -0.1329 -0.5288
vn -0.7085 -0.4536 -0.5406
vn -0.8137 0.3516 -0.4630
vn -0.7462 0.4710 -0.4704
vn -0.7160 0.6882 -0.1172
vn -0.6788 0.7138 -0.1727
vn -0.5035 0.8615 -0.0652
vn -0.4463 -0.7848 -0.4301
vn -0.5838 -0.6377 -0.5025
vn -0.7118 -0.3740 -0.5945
vn -0.8284 -0.0921 -0.5524
vn -0.7466 0.3938 -0.5362
vn -0.4959 0.8656 -0.0688
vn -0.3319 -0.8913 -0.3088
vn -0.3608 -0.9183 -0.1630
vn -0.3120 -0.9095 -0.2747
vn -0.4497 0.8271 -0.3373
vn -0.2635 0.9592 -0.1030
vn -0.2370 0.9711 -0.0296
vn -0.2284 -0.9495 -0.2151
vn -0.1541 0.9880 -0.0129
vn -0.8592 0.3148 -0.4032
vn -0.6860 0.6190 -0.3825
vn -0.6655 0.6835 -0.3000
vn -0.5087 0.8060 -0.3025
vn -0.6553 0.7338 -0.1790
vn -0.5870 0.7739 -0.2379
vn -0.3680 0.9132 -0.1747
vn -0.2724 0.9508 -0.1472
vn -0.4048 0.9044 -0.1347
vn -0.1141 0.9913 -0.0655
vn -0.1248 0.9916 -0.0335
vn -0.3095 0.9332 -0.1826
vn -0.0681 0.9945 -0.0791
vn 0.0147 0.9998 -0.0139
vn 0.1760 -0.9754 0.1330
vn -0.0974 0.9948 -0.0303
vn -0.0283 0.9988 0.0405
vn -0.0262 0.9982 0.0546
vn 0.0362 -0.9942 0.1016
vn -0.0472 -0.9976 0.0502
vn 0.0149 0.9998 -0.0122
vn 0.0963 -0.9920 -0.0818
vn 0.0065 -0.9989 0.0463
vn 0.0140 -0.9994 -0.0324
vn 0.0081 0.9969 -0.0777
vn -0.0595 0.9979 0.0239
vn -0.0348 0.9975 -0.0612
vn -0.0722 -0.9972 0.0189
vn 0.0049 0.9998 -0.0174
vn 0.0401 0.9990 -0.0205
vn 0.0441 -0.9988 -0.0221
vn 0.0259 -0.9996 0.0052
vn 0.0060 1.0000 -0.0053
vn 0.0287 0.9993 -0.0234
vn 0.0348 0.9994 -0.0005
vn 0.0109 0.9997 0.0229
vn 0.0112 0.9997 -0.0211
vn -0.0124 0.9993 -0.0362
vn -0.0104 0.9999 -0.0116
vn 0.0482 -0.9967 -0.0650
vn 0.0029 -0.9988 -0.0479
vn -0.0208 -0.9997 -0.0142
vn 0.3197 -0.9469 -0.0335
vn 0.1659 -0.9860 -0.0166
vn 0.2491 -0.9682 0.0240
vn 0.1689 -0.9855 -0.0163
vn 0.0264 -0.9996 0.0056
vn 0.0275 -0.9995 0.0163
vn 0.0873 -0.9934 0.0742
vn 0.0960 -0.9927 0.0732
vn 0.0170 -0.9982 0.0568
vn -0.0275 -0.9994 0.0202
vn -0.0048 -1.0000 -0.0023
vn -0.0171 -0.9999 0.0003
vn -0.0322 -0.9991 0.0282
vn -0.0366 -0.9993 -0.0050
vn -0.0455 -0.9988 0.0173
vn 0.0089 -0.9994 -0.0327
vn -0.0613 -0.9981 -0.0100
vn -0.0241 -0.9997 -0.0101
vn -0.0442 -0.9990 -0.0071
vn 0.0134 -0.9999 -0.0037
vn -0.0304 -0.9995 -0.0095
vn -0.0338 -0.9994 -0.0077
vn -0.7860 -0.2227 -0.5768
vn -0.6941 -0.1178 -0.7101
vn -0.7416 0.3316 -0.5831
vn -0.5983 0.6318 -0.4929
vn -0.5408 -0.7269 -0.4233
vn -0.5485 -0.7368 -0.3952
vn -0.7973 -0.1708 -0.5789
vn -0.7332 0.3953 -0.5533
vn -0.2777 -0.9284 -0.2467
vn -0.5340 -0.7666 -0.3567
vn -0.5170 -0.7442 -0.4229
vn -0.6576 -0.5053 -0.5588
vn -0.8371 -0.1597 -0.5232
vn -0.4435 0.7717 -0.4558
vn -0.2760 -0.9429 -0.1865
vn -0.5437 -0.7611 -0.3537
vn -0.6887 -0.5615 -0.4588
vn -0.7878 -0.0528 -0.6136
vn -0.7166 0.3815 -0.5839
vn -0.6481 0.5807 -0.4927
vn -0.2937 -0.9395 -0.1764
vn -0.5551 -0.7449 -0.3700
vn -0.7121 0.3669 -0.5986
vn -0.3133 -0.9234 -0.2220
vn -0.5310 -0.7561 -0.3824
vn -0.6909 -0.5211 -0.5010
vn -0.8261 -0.1618 -0.5398
vn -0.7482 0.3489 -0.5644
vn -0.6428 0.6236 -0.4449
vn -0.3896 0.8735 -0.2919
vn -0.2041 -0.9703 -0.1303
vn -0.6535 -0.6175 -0.4378
vn -0.7485 0.3488 -0.5640
vn -0.2989 -0.9392 -0.1687
vn -0.5423 -0.7560 -0.3666
vn -0.6718 -0.4772 -0.5665
vn -0.7661 -0.3151 -0.5601
vn -0.6346 0.5939 -0.4946
vn -0.2989 -0.9280 -0.2225
vn -0.4144 0.8544 -0.3135
vn -0.2103 0.9689 -0.1304
vn -0.2638 -0.9480 -0.1778
vn -0.1046 -0.9931 -0.0521
vn -0.4210 0.8464 -0.3261
vn -0.1030 0.9924 -0.0670
vn -0.0762 -0.9939 -0.0801
vn -0.3440 0.8888 -0.3029
vn -0.1730 0.9708 -0.1660
vn -0.1840 -0.9728 -0.1411
vn -0.0500 -0.9945 -0.0918
vn -0.0499 -0.9957 -0.0785
vn -0.2078 -0.9701 -0.1252
vn -0.1819 0.9748 -0.1294
vn -0.0859 0.9952 -0.0478
vn -0.0485 0.9984 -0.0291
vn -0.0866 -0.9958 -0.0305
vn -0.0343 0.9990 -0.0300
vn -0.0507 0.9987 0.0032
vn -0.0243 0.9997 -0.0081
vn -0.0177 0.9998 0.0032
vn -0.0132 0.9999 0.0023
vn -0.0221 0.9997 0.0105
vn -0.0187 0.9989 0.0421
vn -0.0059 1.0000 -0.0030
vn -0.0261 0.9994 0.0241
vn -0.0293 -0.9991 0.0298
vn 0.0270 -0.9996 -0.0118
vn -0.0179 0.9995 0.0246
vn 0.0082 -0.9996 -0.0272
vn 0.0171 0.9997 -0.0200
vn -0.0171 -0.9998 0.0076
vn -0.0431 0.9990 0.0145
vn -0.0068 0.9998 -0.0177
vn -0.0148 0.9998 0.0101
vn -0.0030 0.9999 -0.0137
vn 0.0224 0.9997 -0.0043
vn -0.0407 0.9990 0.0167
vn 0.0303 -0.9990 -0.0316
vn 0.0213 0.9996 -0.0208
vn -0.0339 -0.9992 -0.0192
vn -0.0334 0.9993 -0.0136
vn -0.0310 0.9995 -0.0061
vn -0.0255 0.9997 -0.0068
vn -0.0581 -0.9979 -0.0279
vn -0.0285 -0.9996 0.0041
vn -0.0323 -0.9977 -0.0594
vn -0.0183 -0.9998 0.0060
vn -0.0043 -0.9995 -0.0304
vn -0.0243 -0.9995 0.0190
vn -0.0000 -1.0000 -0.0039
vn 0.0049 -0.9998 -0.0204
vn -0.0162 -0.9999 -0.0009
vn -0.0041 -1.0000 -0.0040
vn -0.0038 -1.0000 -0.0069
vn -0.0348 -0.9994 0.0016
vn -0.0092 -0.9999 0.0093
vn -0.0012 -0.9999 -0.0130
vn -0.0402 -0.9992 -0.0078
vn 0.0008 -1.0000 -0.0088
vn 0.0046 -1.0000 -0.0011
vn -0.0013 -1.0000 -0.0013
vn -0.6088 -0.5235 -0.5960
vn -0.6964 -0.2777 -0.6617
vn -0.7752 -0.0515 -0.6296
vn -0.5768 0.5659 -0.5891
vn -0.5939 -0.5405 -0.5959
vn -0.6979 -0.0034 -0.7161
vn -0.6993 0.0205 -0.7146
vn -0.6910 0.0183 -0.7226
vn -0.6629 0.3074 -0.6827
vn -0.5655 0.5671 -0.5989
vn -0.2444 -0.9326 -0.2657
vn -0.4385 -0.7478 -0.4985
vn -0.6769 0.0571 -0.7339
vn -0.5276 0.5070 -0.6816
vn -0.5680 0.5644 -0.5990
vn -0.2278 -0.9484 -0.2204
vn -0.2510 -0.9194 -0.3028
vn -0.5854 -0.4942 -0.6427
vn -0.6093 -0.0294 -0.7924
vn -0.6209 0.4440 -0.6460
vn -0.3231 0.8685 -0.3758
vn -0.1357 0.9754 -0.1739
vn -0.2273 -0.9582 -0.1736
vn -0.0810 -0.9929 -0.0872
vn -0.6423 -0.1556 -0.7505
vn -0.6114 0.3333 -0.7177
vn -0.3008 -0.9322 -0.2012
vn -0.3004 -0.9329 -0.1987
vn -0.6513 -0.4720 -0.5941
vn -0.7240 -0.3435 -0.5982
vn -0.4249 0.6003 -0.6776
vn -0.3587 -0.9215 -0.1491
vn -0.1801 -0.9810 -0.0723
vn -0.3219 -0.9053 -0.2771
vn -0.2108 0.9694 -0.1258
vn -0.0871 0.9959 -0.0244
vn -0.2410 -0.9531 -0.1831
vn -0.3845 0.8653 -0.3216
vn -0.2403 -0.9304 -0.2769
vn -0.1338 -0.9873 -0.0861
vn -0.1506 -0.9787 -0.1393
vn -0.0428 0.9991 0.0023
vn -0.0881 -0.9865 -0.1383
vn -0.0671 0.9938 -0.0881
vn -0.0295 0.9984 -0.0474
vn -0.1240 -0.9915 -0.0397
vn -0.0821 -0.9959 -0.0371
vn -0.0142 0.9999 0.0045
vn -0.0046 1.0000 -0.0081
vn -0.0034 1.0000 -0.0042
vn -0.0142 0.9999 -0.0028
vn -0.0283 0.9995 -0.0098
vn -0.0344 0.9993 0.0175
vn -0.0216 0.9997 0.0147
vn -0.0303 0.9995 -0.0104
vn -0.0058 0.9999 -0.0121
vn -0.0241 0.9996 -0.0111
vn -0.0323 0.9995 -0.0023
vn -0.0058 1.0000 -0.0012
vn 0.0013 1.0000 0.0047
vn 0.0005 1.0000 -0.0004
vn -0.0424 -0.9982 -0.0433
vn -0.0318 -0.9989 -0.0333
vn -0.0021 -0.9999 -0.0144
vn -0.0143 -0.9998 -0.0159
vn -0.0217 -0.9996 0.0186
vn -0.0165 -0.9998 0.0092
vn 0.0042 -1.0000 0.0014
vn -0.0098 -1.0000 0.0016
vn -0.0034 -1.0000 -0.0071
vn 0.0071 -1.0000 -0.0032
vn 0.0001 -1.0000 -0.0060
vn 0.0030 -1.0000 -0.0063
vn -0.0086 -0.9999 0.0108
vn 0.0044 -1.0000 0.0051
vn -0.0159 -0.9999 -0.0067
vn -0.0257 -0.9996 0.0128
vn 0.0070 -0.9999 0.0077
vn -0.0005 -1.0000 -0.0055
vn -0.0011 -1.0000 -0.0009
vn -0.6934 0.0026 -0.7206
vn -0.6171 0.2880 -0.7323
vn -0.4950 0.5878 -0.6399
vn -0.5305 -0.0147 -0.8476
vn -0.5159 0.3707 -0.7723
vn -0.4586 0.6203 -0.6363
vn -0.3774 -0.7595 -0.5298
vn -0.6091 -0.1224 -0.7836
vn -0.5452 0.3178 -0.7757
vn -0.2266 -0.9191 -0.3225
vn -0.3774 -0.7580 -0.5320
vn -0.4658 -0.4911 -0.7361
vn -0.5255 0.2364 -0.8173
vn -0.4655 0.6028 -0.6480
vn -0.4916 -0.5230 -0.6962
vn -0.5093 -0.1354 -0.8499
vn -0.2797 0.8535 -0.4397
vn -0.6301 0.0015 -0.7765
vn -0.5238 0.3084 -0.7940
vn -0.3862 0.6013 -0.6995
vn -0.4149 -0.7715 -0.4823
vn -0.5282 -0.5399 -0.6554
vn -0.6399 -0.1483 -0.7540
vn -0.6027 0.3103 -0.7352
vn -0.3328 0.8629 -0.3802
vn -0.2471 -0.9223 -0.2972
vn -0.2292 -0.9532 -0.1971
vn -0.1632 -0.9785 -0.1262
vn -0.4229 -0.7674 -0.4819
vn -0.1874 -0.3444 -0.9199
vn -0.1378 0.9791 -0.1496
vn -0.2475 -0.9223 -0.2969
vn -0.1650 -0.9800 -0.1116
vn -0.3268 0.8496 -0.4141
vn -0.0745 0.9935 -0.0865
vn -0.0518 0.9974 -0.0496
vn -0.2091 -0.9469 -0.2444
vn -0.3198 0.8527 -0.4130
vn -0.2109 -0.9473 -0.2411
vn -0.0787 -0.9929 -0.0889
vn -0.0206 0.9993 -0.0307
vn -0.1402 -0.9668 -0.2137
vn -0.0671 0.9937 -0.0901
vn -0.0025 1.0000 -0.0081
vn 0.0029 1.0000 0.0026
vn -0.0212 0.9997 0.0097
vn -0.0131 0.9998 0.0130
vn 0.0063 1.0000 0.0005
vn 0.0025 1.0000 0.0007
vn -0.0082 1.0000 -0.0003
vn -0.0010 1.0000 -0.0051
vn -0.0009 1.0000 -0.0085
vn -0.0081 0.9998 -0.0182
vn 0.0076 0.9999 -0.0097
vn 0.0048 1.0000 0.0021
vn 0.0007 0.9998 -0.0185
vn -0.0152 0.9998 0.0114
vn 0.0305 0.9994 0.0174
vn 0.0040 0.9997 0.0221
vn -0.0006 0.9999 0.0109
vn 0.0099 0.9999 0.0036
vn -0.0185 -0.9983 -0.0550
vn -0.0280 -0.9977 -0.0622
vn -0.0197 -0.9997 -0.0119
vn -0.0102 -0.9999 0.0041
vn 0.0140 -0.9997 -0.0208
vn -0.0044 -1.0000 -0.0044
vn -0.0116 -0.9999 0.0033
vn -0.0061 -0.9999 -0.0086
vn 0.0007 -1.0000 -0.0003
vn -0.0065 -1.0000 0.0019
vn -0.0021 -1.0000 0.0009
vn -0.0001 -1.0000 -0.0000
vn -0.5524 0.2400 -0.7983
vn -0.5299 -0.1285 -0.8383
vn -0.5870 -0.1708 -0.7914
vn -0.5434 0.2549 -0.7998
vn -0.2009 -0.9203 -0.3358
vn -0.1996 -0.9512 -0.2355
vn -0.3339 -0.7491 -0.5722
vn -0.4370 -0.4789 -0.7614
vn -0.4051 0.6122 -0.6790
vn -0.1220 0.9754 -0.1837
vn -0.4555 -0.0154 -0.8901
vn -0.4327 0.3750 -0.8199
vn -0.3761 0.6288 -0.6805
vn -0.1188 0.9702 -0.2110
vn -0.1694 -0.9360 -0.3086
vn -0.1285 -0.9668 -0.2208
vn -0.3192 -0.7653 -0.5590
vn -0.4264 -0.4895 -0.7606
vn -0.4137 0.6225 -0.6643
vn -0.5796 -0.1697 -0.7970
vn -0.4695 -0.1106 -0.8760
vn -0.5023 0.2804 -0.8180
vn -0.0748 -0.9820 -0.1734
vn -0.0752 -0.9861 -0.1481
vn -0.3367 -0.8042 -0.4898
vn -0.4290 -0.7607 -0.4871
vn -0.3372 -0.6558 -0.6755
vn -0.6240 -0.1114 -0.7734
vn -0.5532 0.4051 -0.7279
vn -0.2498 0.8622 -0.4406
vn -0.1962 -0.9362 -0.2917
vn -0.4413 0.6277 -0.6413
vn -0.0919 -0.9827 -0.1608
vn -0.2013 -0.9099 -0.3628
vn -0.4448 0.6319 -0.6347
vn -0.2803 0.8703 -0.4049
vn -0.0351 0.9964 -0.0767
vn -0.2325 -0.9201 -0.3152
vn -0.2881 0.8674 -0.4057
vn -0.0214 0.9995 -0.0235
vn 0.0094 0.9999 -0.0124
vn -0.0269 -0.9989 -0.0395
vn 0.0095 0.9999 -0.0115
vn -0.0049 1.0000 0.0073
vn -0.0088 0.9999 0.0061
vn -0.0207 0.9997 -0.0122
vn -0.0152 0.9999 -0.0015
vn 0.0011 0.9999 0.0111
vn -0.0046 1.0000 0.0014
vn 0.0067 1.0000 -0.0027
vn -0.0015 1.0000 0.0023
vn 0.0008 1.0000 -0.0000
vn -0.0014 1.0000 0.0003
vn -0.0241 -0.9995 -0.0193
vn -0.0274 -0.9994 -0.0193
vn -0.0089 -0.9997 -0.0218
vn 0.0044 -1.0000 -0.0023
vn -0.0074 -1.0000 0.0010
vn -0.0023 -1.0000 -0.0039
vn 0.0006 -1.0000 0.0009
vn 0.0030 -1.0000 0.0002
vn -0.3436 -0.7661 -0.5432
vn -0.4518 -0.5190 -0.7256
vn -0.4096 0.6356 -0.6544
vn -0.4467 -0.0716 -0.8918
vn -0.4386 0.2806 -0.8538
vn -0.2762 0.8421 -0.4633
vn -0.1594 -0.9415 -0.2970
vn -0.2855 -0.7546 -0.5908
vn -0.3843 -0.5084 -0.7706
vn -0.3075 0.6852 -0.6602
vn -0.1865 0.9263 -0.3273
vn -0.2661 -0.7528 -0.6021
vn -0.2923 -0.4447 -0.8466
vn -0.4126 -0.1166 -0.9034
vn -0.3895 0.1868 -0.9019
vn -0.2013 0.8770 -0.4363
vn -0.1576 -0.9415 -0.2979
vn -0.2587 0.6375 -0.7257
vn -0.2854 -0.6752 -0.6802
vn -0.3284 -0.4047 -0.8535
vn -0.2926 -0.0381 -0.9555
vn -0.3123 0.6143 -0.7247
vn -0.1635 -0.9302 -0.3287
vn -0.4156 -0.1705 -0.8934
vn -0.3459 0.3046 -0.8874
vn -0.1877 0.8641 -0.4670
vn -0.1084 0.9728 -0.2047
vn -0.1607 -0.9251 -0.3441
vn -0.2614 -0.7789 -0.5701
vn -0.3796 0.3081 -0.8723
vn -0.3194 0.5874 -0.7436
vn -0.1120 0.9604 -0.2551
vn -0.2194 -0.9484 -0.2288
vn -0.0817 -0.9907 -0.1085
vn -0.1613 -0.9448 -0.2852
vn -0.0612 -0.9925 -0.1061
vn -0.0673 -0.9954 -0.0679
vn -0.1120 0.9790 -0.1702
vn -0.1136 0.9725 -0.2033
vn -0.0677 -0.9931 -0.0957
vn -0.0393 0.9982 -0.0454
vn -0.0789 -0.9927 -0.0914
vn -0.0129 0.9999 -0.0072
vn -0.0010 0.9997 -0.0258
vn 0.0042 0.9994 -0.0339
vn -0.0118 0.9995 0.0296
vn 0.0081 0.9996 0.0253
vn 0.0244 0.9996 0.0139
vn 0.0138 0.9995 0.0289
vn -0.0004 1.0000 -0.0010
vn 0.0007 1.0000 -0.0012
vn 0.0014 1.0000 -0.0000
vn -0.0519 -0.9977 -0.0440
vn -0.2055 -0.9775 0.0469
vn -0.0305 -0.9977 0.0609
vn -0.4716 -0.8766 0.0959
vn -0.3431 -0.9313 0.1222
vn -0.1843 -0.9684 0.1679
vn -0.0646 -0.9944 0.0832
vn -0.0519 -0.9978 -0.0421
vn 0.0015 -1.0000 0.0056
vn 0.0050 -0.9998 0.0207
vn -0.0039 -1.0000 -0.0089
vn 0.0024 -1.0000 -0.0025
vn -0.0000 -1.0000 0.0023
vn -0.0050 -1.0000 -0.0024
vn 0.0018 -1.0000 -0.0002
vn -0.0000 -1.0000 -0.0008
vn 0.0032 -1.0000 -0.0005
vn -0.0007 -1.0000 -0.0007
vn -0.5478 -0.2125 -0.8091
vn -0.4186 0.2723 -0.8664
vn -0.5888 -0.5406 -0.6009
vn -0.5566 -0.1903 -0.8087
vn -0.2043 -0.9094 -0.3624
vn -0.3264 -0.6440 -0.6919
vn -0.4549 -0.0127 -0.8905
vn -0.1969 0.8419 -0.5024
vn -0.1308 -0.9748 -0.1807
vn -0.3848 -0.0166 -0.9229
vn -0.3217 0.3410 -0.8833
vn -0.2724 0.5890 -0.7608
vn -0.1878 -0.9740 -0.1270
vn -0.4116 -0.6524 -0.6364
vn -0.3657 -0.3961 -0.8422
vn -0.3688 0.3042 -0.8783
vn -0.1846 0.8284 -0.5288
vn -0.0729 0.9671 -0.2438
vn -0.3567 -0.8067 -0.4713
vn -0.3586 -0.9049 -0.2292
vn -0.3257 0.2093 -0.9220
vn -0.4942 -0.7513 -0.4374
vn -0.5326 -0.8142 -0.2311
vn -0.5185 -0.5435 -0.6601
vn -0.4969 -0.1685 -0.8513
vn -0.6000 -0.6827 -0.4171
vn -0.1443 0.8382 -0.5260
vn -0.0508 0.9584 -0.2808
vn -0.2425 0.6208 -0.7455
vn -0.1110 0.8551 -0.5064
vn -0.0577 0.9201 -0.3875
vn -0.0366 0.9978 -0.0548
vn 0.0034 1.0000 -0.0016
vn 0.0203 0.9997 0.0114
vn -0.0008 0.9999 -0.0153
vn 0.0091 0.9999 -0.0136
vn 0.0089 0.9999 -0.0132
vn -0.0057 1.0000 -0.0081
vn -0.0026 1.0000 0.0016
vn -0.0005 1.0000 0.0023
vn 0.0048 1.0000 0.0009
vn 0.0003 1.0000 -0.0015
vn 0.0065 1.0000 -0.0007
vn -0.0019 1.0000 0.0041
vn -0.5974 -0.6836 -0.4193
vn -0.4967 -0.7310 -0.4679
vn -0.3496 -0.9313 -0.1020
vn -0.4179 -0.2918 -0.8604
vn -0.3123 -0.8166 -0.4853
vn -0.3192 -0.6028 -0.7312
vn -0.2649 -0.9520 0.1533
vn -0.2462 -0.9503 -0.1908
vn -0.3505 -0.7807 -0.5173
vn -0.2557 -0.0370 -0.9660
vn -0.4246 -0.8426 -0.3313
vn -0.4598 -0.8880 -0.0104
vn -0.2804 -0.8890 0.3621
vn -0.3951 -0.6121 -0.6850
vn -0.3768 -0.2083 -0.9026
vn -0.4764 -0.8757 -0.0787
vn -0.1488 -0.9759 0.1599
vn -0.4987 -0.8657 -0.0442
vn -0.3159 -0.8984 0.3051
vn -0.2234 -0.9453 0.2378
vn -0.0435 -0.9952 0.0879
vn -0.4047 -0.9116 0.0720
vn -0.0874 -0.9661 0.2429
vn -0.1461 -0.9134 0.3800
vn -0.1115 -0.9291 0.3526
vn -0.2326 -0.9465 0.2239
vn -0.0797 -0.8868 0.4552
vn 0.0291 -0.9927 0.1170
vn -0.0930 -0.8840 0.4581
vn 0.0089 -0.9179 0.3967
vn -0.1481 -0.8368 0.5270
vn -0.0516 -0.8648 0.4995
vn 0.0191 -0.9748 0.2222
vn 0.0013 -0.9997 0.0227
vn -0.0035 -0.9999 -0.0127
vn 0.0142 -0.9976 0.0680
vn 0.0085 -0.9999 -0.0084
vn -0.0136 -0.9999 0.0003
vn -0.0026 -1.0000 -0.0061
vn -0.0021 -1.0000 -0.0053
vn -0.0028 -1.0000 -0.0054
vn 0.0021 -1.0000 0.0021
vn -0.0007 -1.0000 -0.0042
vn -0.0006 -1.0000 0.0001
vn 0.0036 -1.0000 -0.0018
vn 0.0005 -1.0000 0.0007
vn -0.6079 -0.2306 -0.7598
vn -0.4703 0.1256 -0.8736
vn -0.3755 0.2935 -0.8791
vn -0.3038 0.2342 -0.9235
vn -0.2063 0.5304 -0.8222
vn -0.2376 0.2769 -0.9311
vn -0.1535 0.4505 -0.8795
vn -0.1178 0.4633 -0.8784
vn -0.1016 0.6797 -0.7264
vn -0.0058 0.9929 -0.1187
vn 0.0067 0.9984 -0.0565
vn -0.1167 0.7596 -0.6398
vn -0.0390 0.9163 -0.3987
vn -0.0040 0.9902 -0.1394
vn -0.0789 0.7827 -0.6173
vn -0.0713 0.8104 -0.5815
vn -0.0463 0.9099 -0.4123
vn -0.0124 0.9782 -0.2075
vn 0.0168 0.9988 -0.0460
vn 0.0048 1.0000 -0.0023
vn 0.0041 0.9998 -0.0173
vn -0.0141 0.9999 -0.0008
vn 0.0111 0.9999 -0.0085
vn -0.0074 0.9999 -0.0100
vn -0.0034 0.9999 -0.0133
vn -0.0207 0.9997 -0.0105
vn -0.0023 0.9999 0.0150
vn -0.0098 1.0000 0.0005
vn -0.0042 0.9998 0.0214
vn -0.0008 1.0000 0.0025
vn 0.0016 1.0000 -0.0013
vn -0.0000 1.0000 0.0001
vn -0.3295 -0.1185 -0.9367
vn -0.4990 -0.8448 -0.1933
vn -0.4651 -0.8461 0.2603
vn -0.3390 -0.8671 0.3650
vn -0.3116 0.1332 -0.9408
vn -0.3439 -0.7694 0.5383
vn -0.4728 -0.3042 -0.8270
vn -0.5033 -0.2208 -0.8354
vn -0.5151 -0.8038 -0.2977
vn -0.4838 -0.8678 0.1136
vn -0.3801 -0.8292 0.4098
vn -0.4861 -0.5816 -0.6522
vn -0.3761 -0.9229 0.0827
vn -0.3824 -0.2422 -0.8917
vn -0.3299 0.0394 -0.9432
vn -0.4014 -0.8970 -0.1851
vn -0.3549 -0.3478 -0.8678
vn -0.2042 0.2539 -0.9454
vn -0.1610 0.3419 -0.9258
vn -0.2845 -0.7585 -0.5863
vn -0.1350 -0.8344 0.5344
vn -0.3501 -0.5227 -0.7773
vn -0.2150 -0.9540 0.2090
vn -0.2872 -0.7570 -0.5870
vn -0.2252 0.0477 -0.9732
vn -0.0288 -0.9055 0.4234
vn -0.2395 -0.8232 0.5148
vn -0.1541 -0.7880 0.5961
vn -0.0646 -0.9451 0.3203
vn -0.1042 -0.8688 0.4842
vn -0.1454 -0.7055 0.6936
vn -0.1105 -0.7450 0.6579
vn -0.0577 -0.8814 0.4688
vn -0.0777 -0.7252 0.6841
vn -0.0457 -0.9541 0.2960
vn 0.0278 -0.9996 0.0053
vn 0.0127 -0.9997 -0.0190
vn -0.0394 -0.9916 0.1235
vn -0.0315 -0.9987 0.0407
vn 0.0064 -0.9997 -0.0235
vn 0.0018 -1.0000 0.0032
vn 0.0040 -1.0000 0.0046
vn 0.0002 -1.0000 0.0004
vn -0.0005 -1.0000 0.0005
vn 0.0050 -1.0000 -0.0015
vn -0.1456 0.5448 -0.8258
vn -0.1839 0.3801 -0.9065
vn -0.1944 0.3686 -0.9090
vn -0.1323 0.4967 -0.8578
vn -0.1469 0.4883 -0.8602
vn -0.1171 0.6443 -0.7557
vn -0.0881 0.7735 -0.6276
vn -0.1138 0.6427 -0.7576
vn -0.0967 0.4449 -0.8903
vn -0.0595 0.5866 -0.8077
vn -0.0587 0.9093 -0.4119
vn -0.0166 0.9786 -0.2051
vn -0.0478 0.8802 -0.4721
vn -0.0162 0.9984 -0.0537
vn -0.0076 0.9392 -0.3434
vn 0.0062 0.9998 -0.0174
vn 0.0028 0.9996 -0.0272
vn 0.0051 0.9999 -0.0111
vn 0.0113 0.9997 0.0221
vn 0.0118 0.9996 0.0274
vn 0.0169 0.9998 0.0143
vn 0.0050 1.0000 0.0010
vn 0.0003 1.0000 -0.0000
vn -0.3196 0.0473 -0.9464
vn -0.2162 -0.9763 -0.0114
vn -0.0573 -0.7529 0.6557
vn -0.1342 0.2825 -0.9498
vn -0.1171 -0.9259 0.3592
vn -0.2381 -0.5376 -0.8089
vn -0.0538 -0.7906 0.6100
vn -0.2403 -0.4690 -0.8499
vn -0.2696 -0.0807 -0.9596
vn -0.2024 -0.8446 -0.4957
vn -0.2744 -0.9613 -0.0239
vn -0.1399 -0.9770 0.1607
vn -0.2240 -0.5478 -0.8061
vn 0.0098 -0.7821 0.6231
vn -0.2371 -0.0454 -0.9704
vn -0.2053 0.2176 -0.9542
vn -0.1591 0.3063 -0.9385
vn -0.0195 -0.8667 0.4985
vn -0.2547 -0.7035 -0.6634
vn 0.0366 -0.7044 0.7089
vn -0.3487 -0.2467 -0.9042
vn -0.2541 0.0831 -0.9636
vn -0.1516 0.4426 -0.8838
vn -0.2577 0.3012 -0.9181
vn -0.1634 0.4595 -0.8730
vn 0.0486 -0.8748 0.4820
vn 0.0449 -0.8687 0.4933
vn 0.0694 -0.7750 0.6281
vn -0.2232 0.4444 -0.8676
vn -0.0047 -0.8216 0.5700
vn 0.0047 -0.6893 0.7244
vn -0.0050 -0.7354 0.6777
vn 0.0187 -0.8865 0.4624
vn 0.0149 -0.9639 0.2660
vn 0.0025 -0.9803 0.1973
vn 0.0313 -0.8124 0.5822
vn 0.0335 -0.7281 0.6847
vn 0.0030 -0.9959 0.0903
vn -0.0003 -0.9997 0.0242
vn 0.0019 -1.0000 0.0030
vn -0.0116 -0.9998 -0.0141
vn 0.0095 -0.9999 -0.0096
vn 0.0057 -0.9998 -0.0181
vn -0.0050 -1.0000 -0.0037
vn -0.0045 -1.0000 -0.0056
vn -0.0008 -1.0000 0.0070
vn -0.0001 -1.0000 0.0010
vn 0.0001 -1.0000 0.0003
vn 0.0024 -1.0000 -0.0072
vn 0.0005 -1.0000 0.0001
vn -0.0353 0.6974 -0.7158
vn -0.0134 0.7929 -0.6092
vn -0.0778 0.4261 -0.9013
vn -0.0386 0.5295 -0.8475
vn -0.0200 0.6449 -0.7640
vn -0.1116 0.5452 -0.8308
vn -0.0063 0.9796 -0.2007
vn -0.0046 0.9944 -0.1056
vn -0.0003 1.0000 -0.0042
vn 0.0085 0.9999 -0.0142
vn 0.0007 1.0000 -0.0033
vn -0.0241 0.9996 -0.0166
vn -0.0000 0.9999 -0.0156
vn -0.0046 0.9999 0.0107
vn -0.0008 1.0000 -0.0011
vn -0.0027 1.0000 0.0014
vn -0.3709 -0.1346 -0.9189
vn -0.2520 -0.0796 -0.9644
vn -0.2558 0.3907 -0.8843
vn -0.1735 -0.6491 -0.7407
vn -0.1667 -0.4594 -0.8725
vn -0.1483 -0.7958 -0.5871
vn -0.2473 -0.0734 -0.9662
vn -0.1813 0.3385 -0.9233
vn -0.0977 -0.6542 -0.7500
vn -0.0411 0.0027 -0.9992
vn -0.1076 0.2339 -0.9663
vn -0.1032 -0.0489 -0.9935
vn -0.0573 0.6358 -0.7697
vn -0.2612 -0.6713 -0.6936
vn -0.2418 -0.7769 -0.5814
vn -0.1729 0.5709 -0.8026
vn 0.0742 -0.8932 0.4435
vn 0.0703 -0.8794 0.4708
vn 0.0784 -0.7464 0.6609
vn 0.0634 -0.7095 0.7019
vn -0.1242 0.5866 -0.8003
vn -0.0786 0.6336 -0.7696
vn 0.0914 -0.8128 0.5753
vn 0.0599 -0.7361 0.6743
vn 0.0353 -0.8125 0.5819
vn 0.0256 -0.8963 0.4427
vn 0.0127 -0.9641 0.2652
vn 0.0089 -0.9567 0.2909
vn 0.0066 -0.9830 0.1833
vn 0.0259 -0.8296 0.5577
vn 0.0176 -0.7461 0.6656
vn -0.0047 -1.0000 0.0024
vn -0.0090 -0.9999 -0.0076
vn -0.0027 -1.0000 -0.0086
vn 0.0006 -1.0000 -0.0001
vn 0.0005 -1.0000 0.0003
vn -0.0006 -1.0000 0.0003
vn -0.0002 -1.0000 0.0010
vn 0.0009 -1.0000 0.0007
vn -0.0299 0.6053 -0.7954
vn -0.0190 0.7058 -0.7082
vn -0.0527 0.5868 -0.8080
vn 0.0066 0.8910 -0.4539
vn 0.0035 0.7301 -0.6833
vn -0.0030 0.9333 -0.3590
vn 0.0168 0.9429 -0.3326
vn 0.0041 0.9992 -0.0392
vn -0.0017 1.0000 -0.0074
vn -0.0077 1.0000 0.0054
vn -0.0259 0.9992 -0.0311
vn -0.0190 0.9985 -0.0506
vn -0.0147 0.9994 -0.0300
vn 0.0117 0.9988 -0.0486
vn -0.0358 0.9988 0.0336
vn 0.0421 0.9987 0.0283
vn 0.0207 0.9993 0.0301
vn -0.0000 1.0000 0.0006
vn -0.0011 1.0000 -0.0008
vn 0.0010 1.0000 0.0008
vn -0.0320 0.3030 -0.9525
vn -0.0525 0.5343 -0.8437
vn 0.0141 -0.7589 -0.6511
vn 0.0101 -0.3318 -0.9433
vn 0.0388 -0.1020 -0.9940
vn 0.1995 -0.6775 -0.7079
vn 0.2067 -0.7838 -0.5856
vn 0.1379 -0.6806 -0.7196
vn 0.1021 -0.0704 -0.9923
vn 0.2061 0.2650 -0.9420
vn 0.1139 0.1379 -0.9839
vn 0.0969 0.4527 -0.8864
vn 0.0455 0.6384 -0.7683
vn 0.1885 -0.6163 -0.7646
vn 0.1683 -0.5217 -0.8364
vn 0.2667 -0.2459 -0.9319
vn 0.1727 -0.6222 -0.7636
vn 0.1330 -0.3243 -0.9366
vn 0.1557 0.1679 -0.9734
vn 0.1180 0.3556 -0.9271
vn 0.0995 0.5835 -0.8060
vn 0.0438 -0.9315 0.3612
vn 0.0325 -0.8842 0.4660
vn -0.0448 0.6484 -0.7599
vn 0.0102 -0.8109 0.5851
vn 0.0234 -0.9026 0.4299
vn -0.0052 -0.7502 0.6611
vn 0.2435 -0.8821 -0.4032
vn 0.0291 -0.9080 0.4179
vn 0.1145 -0.8816 -0.4579
vn 0.1427 -0.9545 -0.2618
vn 0.0683 -0.9940 0.0853
vn -0.0254 -0.9020 0.4310
vn -0.0164 -0.9553 0.2952
vn -0.0204 -0.8329 0.5530
vn -0.0250 -0.7723 0.6347
vn -0.0237 -0.9640 0.2648
vn -0.0075 -0.9935 0.1136
vn -0.0011 -0.9986 0.0523
vn 0.0034 -0.9998 0.0188
vn -0.0001 -1.0000 -0.0048
vn -0.0004 -1.0000 0.0012
vn -0.0012 -1.0000 0.0006
vn 0.0058 0.8367 -0.5477
vn 0.0422 0.6656 -0.7451
vn 0.0619 0.7002 -0.7112
vn 0.0700 0.7630 -0.6426
vn 0.0671 0.8177 -0.5717
vn 0.0094 0.9244 -0.3814
vn 0.0001 0.9553 -0.2957
vn -0.0132 0.9878 -0.1550
vn -0.0141 0.9994 -0.0317
vn -0.0196 0.9975 -0.0680
vn 0.0266 0.9963 -0.0819
vn -0.0016 1.0000 -0.0033
vn -0.0042 0.9999 -0.0152
vn -0.0048 0.9999 -0.0111
vn -0.0049 0.9997 -0.0229
vn -0.0144 0.9996 -0.0252
vn -0.0156 0.9998 0.0145
vn 0.0128 0.9999 0.0072
vn -0.0010 1.0000 -0.0010
vn 0.0020 1.0000 0.0017
vn -0.0007 1.0000 0.0014
vn -0.0003 1.0000 -0.0014
vn 0.0820 -0.6439 -0.7607
vn 0.0232 -0.2486 -0.9683
vn 0.0035 0.0843 -0.9964
vn 0.0005 0.3170 -0.9484
vn 0.0345 0.5450 -0.8377
vn -0.1020 -0.6526 -0.7508
vn -0.0805 -0.6155 -0.7840
vn -0.0680 -0.1769 -0.9819
vn -0.0696 0.4420 -0.8943
vn -0.1722 0.1898 -0.9666
vn 0.0694 0.6467 -0.7596
vn 0.0736 -0.8436 -0.5319
vn 0.0518 -0.9829 -0.1767
vn -0.0129 -0.9078 0.4192
vn -0.0080 -0.7790 0.6269
vn 0.0359 0.6875 -0.7253
vn -0.0260 -0.9970 0.0724
vn -0.0239 -0.9495 0.3127
vn -0.0391 -0.8968 -0.4406
vn -0.0142 0.6662 -0.7456
vn -0.1152 -0.9888 -0.0945
vn -0.0168 -0.7663 0.6423
vn -0.0228 -0.8999 0.4355
vn -0.0177 -0.8201 0.5719
vn -0.0669 0.6329 -0.7714
vn -0.0609 0.6962 -0.7153
vn -0.0071 -0.7560 0.6545
vn 0.0034 -0.8159 0.5781
vn 0.0083 -0.9006 0.4347
vn -0.0117 -0.9855 0.1695
vn -0.0198 -0.9652 0.2606
vn -0.0198 -0.8233 0.5673
vn -0.0258 -0.8934 0.4486
vn -0.0236 -0.9628 0.2690
vn -0.0040 -1.0000 -0.0073
vn -0.0124 -0.9986 0.0522
vn -0.0008 -1.0000 0.0005
vn -0.0009 -1.0000 -0.0024
vn 0.0002 -1.0000 0.0007
vn -0.0000 -1.0000 0.0005
vn 0.0017 -1.0000 0.0014
vn -0.0002 -1.0000 -0.0010
vn 0.0602 0.6784 -0.7322
vn 0.0689 0.7125 -0.6983
vn -0.0020 0.7628 -0.6467
vn 0.0099 0.8533 -0.5213
vn -0.0009 0.7545 -0.6563
vn -0.0820 0.7817 -0.6183
vn 0.0540 0.9744 -0.2181
vn 0.0179 0.9991 -0.0381
vn 0.0610 0.8974 -0.4370
vn 0.0692 0.9187 -0.3889
vn 0.0138 0.9956 -0.0928
vn -0.0082 0.9999 -0.0111
vn 0.0034 0.9993 -0.0363
vn 0.0036 1.0000 0.0062
vn -0.0013 0.9998 -0.0219
vn 0.0024 0.9997 0.0261
vn 0.0108 0.9994 0.0318
vn -0.0014 1.0000 0.0060
vn 0.0008 1.0000 0.0005
vn 0.0014 1.0000 -0.0004
vn 0.0016 1.0000 0.0019
vn -0.0009 1.0000 -0.0013
vn -0.0000 1.0000 0.0020
vn -0.9474 -0.3140 0.0625
vn -0.9931 -0.0891 0.0763
vn -0.9949 0.0851 0.0545
vn -0.9927 0.0884 0.0827
vn -0.9942 -0.1065 0.0117
vn -0.9996 0.0287 -0.0037
vn -0.8715 -0.4878 -0.0512
vn -0.9718 -0.2286 -0.0586
vn -0.9524 -0.2929 -0.0848
vn -0.9554 -0.2765 -0.1032
vn -0.9957 -0.0908 -0.0208
vn -0.9910 0.0339 -0.1292
vn -0.9937 0.0339 -0.1070
vn -0.9989 0.0230 -0.0411
vn -0.9652 0.2523 -0.0693
vn -0.9837 -0.1666 0.0673
vn -0.9699 0.2406 0.0361
vn -0.9599 0.2514 0.1239
vn -0.7868 -0.6147 0.0552
vn -0.8398 -0.5388 0.0669
vn -0.8694 0.4930 0.0321
vn -0.8848 0.4560 0.0953
vn -0.5960 -0.8018 0.0428
vn -0.7892 -0.6108 0.0644
vn -0.2124 -0.9699 0.1193
vn -0.5069 -0.8551 0.1091
vn -0.5133 -0.8570 0.0449
vn -0.1522 -0.9746 0.1642
vn -0.0561 -0.9977 0.0382
vn 0.2328 -0.9537 0.1904
vn 0.5401 -0.8300 0.1391
vn 0.3818 -0.9240 0.0216
vn 0.6930 -0.7172 0.0734
vn 0.6126 -0.7885 0.0549
vn 0.6448 -0.7554 0.1165
vn 0.7766 -0.6243 0.0842
vn 0.7652 -0.6354 0.1032
vn 0.7626 -0.6374 0.1102
vn -0.8957 -0.4421 -0.0479
vn -0.8521 -0.5116 -0.1102
vn -0.9133 -0.3882 -0.1232
vn -0.9589 0.2805 0.0428
vn -0.9636 0.2672 0.0022
vn -0.9236 0.3818 0.0353
vn -0.8744 0.4824 0.0531
vn -0.6694 -0.7350 -0.1076
vn -0.7257 -0.6871 -0.0349
vn -0.8326 0.5498 0.0670
vn -0.5178 -0.8457 -0.1290
vn -0.4525 -0.8662 -0.2119
vn -0.1453 -0.9779 -0.1505
vn 0.3203 -0.9469 0.0295
vn 0.1952 -0.9565 -0.2167
vn 0.5400 -0.8316 -0.1296
vn 0.6174 -0.7861 -0.0275
vn 0.6400 -0.7498 -0.1682
vn 0.7748 -0.6307 -0.0440
vn -0.6288 -0.7758 -0.0529
vn -0.8988 0.4369 -0.0351
vn -0.8761 0.4812 0.0293
vn -0.6443 -0.7645 -0.0219
vn -0.8200 0.5721 0.0179
vn 0.3676 -0.9071 0.2050
vn 0.4188 -0.9079 0.0189
vn 0.5736 -0.8087 0.1305
vn 0.6398 -0.7684 0.0140
vn 0.7503 -0.6568 0.0759
vn 0.7300 -0.6741 0.1130
vn 0.7046 -0.7093 0.0188
vn 0.7819 -0.6199 0.0656
vn -0.6465 -0.7629 0.0037
vn -0.7347 -0.6756 0.0613
vn -0.8463 -0.4914 0.2057
vn -0.9401 0.2394 0.2428
vn -0.8908 0.4336 0.1359
vn -0.8537 0.5157 0.0721
vn -0.8605 0.4892 0.1424
vn -0.8101 0.5802 0.0837
vn 0.4482 -0.8875 -0.1069
vn 0.5458 -0.8330 -0.0902
vn 0.6468 -0.7571 -0.0919
vn -0.9422 -0.1794 0.2828
vn -0.9219 0.3286 0.2052
vn -0.8103 -0.4914 0.3193
vn -0.9170 -0.1809 0.3554
vn -0.9481 -0.0929 0.3040
vn -0.9406 0.2235 0.2558
vn -0.8778 0.4630 0.1229
vn -0.6964 -0.6217 0.3585
vn -0.8080 -0.4808 0.3405
vn -0.8329 -0.4381 0.3380
vn -0.9486 -0.0231 0.3156
vn -0.8966 0.4070 0.1744
vn -0.9392 0.2777 0.2019
vn -0.5927 -0.7098 0.3806
vn -0.4787 -0.8496 0.2216
vn -0.4586 -0.7869 0.4130
vn -0.7026 -0.6271 0.3364
vn -0.8309 0.5517 0.0723
vn -0.8854 0.4412 0.1465
vn -0.0823 -0.9680 0.2372
vn -0.2305 -0.9360 0.2660
vn 0.2524 -0.9573 0.1411
vn 0.5353 -0.8444 -0.0199
vn 0.6457 -0.7626 -0.0388
vn 0.5293 -0.8312 0.1704
vn 0.6793 -0.7338 -0.0094
vn 0.6711 -0.7405 0.0372
vn -0.6175 -0.6505 0.4423
vn -0.8136 -0.4170 0.4052
vn -0.9368 -0.1358 0.3226
vn -0.9729 -0.0853 0.2149
vn -0.9576 0.2588 0.1263
vn -0.4738 -0.8046 0.3579
vn -0.6557 -0.6665 0.3546
vn -0.7930 -0.5700 0.2152
vn -0.8467 -0.4755 0.2387
vn -0.9613 -0.2620 0.0855
vn -0.8559 -0.5127 0.0670
vn -0.9741 0.2244 0.0262
vn -0.9616 0.2702 0.0483
vn -0.1403 -0.9319 0.3346
vn -0.4128 -0.8762 0.2486
vn -0.4775 -0.8747 0.0833
vn -0.7306 -0.6811 0.0473
vn 0.4213 -0.8903 0.1729
vn 0.1349 -0.9542 0.2671
vn 0.0103 -0.9898 0.1419
vn 0.0984 -0.9951 -0.0085
vn 0.3402 -0.9389 0.0532
vn 0.1817 -0.9833 0.0101
vn 0.5891 -0.8042 0.0788
vn -0.9194 -0.3273 0.2182
vn -0.9935 0.0800 0.0809
vn -0.9325 -0.0614 0.3559
vn -0.9368 0.2327 0.2612
vn -0.4859 -0.8685 0.0978
vn -0.4658 -0.7900 0.3987
vn -0.6246 -0.5370 0.5670
vn -0.5449 -0.4840 0.6847
vn -0.7104 -0.1664 0.6838
vn -0.0703 -0.9968 0.0373
vn -0.2071 -0.6799 0.7034
vn -0.4540 -0.3322 0.8268
vn -0.5790 -0.1828 0.7945
vn 0.1308 -0.9128 0.3869
vn -0.0151 -0.7108 0.7032
vn -0.0345 -0.6439 0.7643
vn -0.7783 0.6246 0.0644
vn -0.7691 0.6314 0.0986
vn -0.7564 0.6497 0.0765
vn -0.6975 0.7134 0.0680
vn -0.6236 0.7817 -0.0039
vn -0.6314 0.7741 0.0457
vn -0.6091 0.7894 0.0765
vn -0.5329 0.8461 0.0082
vn -0.5092 0.8581 0.0663
vn -0.4775 0.8786 0.0092
vn -0.4347 0.9004 0.0173
vn -0.8173 0.5708 0.0786
vn -0.8211 0.5676 0.0608
vn -0.6957 0.7138 0.0808
vn -0.6886 0.7239 0.0432
vn -0.6067 0.7946 0.0245
vn -0.5387 0.8425 -0.0047
vn -0.4520 0.8908 -0.0459
vn -0.7695 0.6350 0.0674
vn -0.6857 0.7266 0.0437
vn -0.6370 0.7700 0.0359
vn -0.6394 0.7684 0.0262
vn -0.5136 0.8580 0.0043
vn -0.7863 0.6169 0.0338
vn -0.7912 0.6108 0.0319
vn -0.7387 0.6739 0.0106
vn -0.7091 0.7049 0.0133
vn -0.5971 0.8022 0.0024
vn -0.8057 0.5877 0.0737
vn -0.7788 0.6127 0.1346
vn -0.7549 0.6491 0.0940
vn -0.6065 0.7909 0.0813
vn -0.9082 0.4168 0.0371
vn -0.9252 0.3756 0.0542
vn -0.8068 0.5872 0.0653
vn -0.8273 0.5615 0.0143
vn -0.7232 0.6870 0.0706
vn -0.7357 0.6773 0.0035
vn -0.6593 0.7510 0.0358
vn -0.8581 0.2897 0.4239
vn -0.8055 0.1703 0.5676
vn -0.8476 0.5268 0.0635
vn -0.8615 0.4647 0.2048
vn -0.8316 0.4307 0.3506
vn -0.7292 0.1675 0.6635
vn -0.7518 0.6562 0.0643
vn -0.5213 -0.0756 0.8500
vn -0.7478 0.6130 0.2552
vn 0.7075 -0.7048 0.0519
vn 0.7197 -0.6907 0.0703
vn 0.4621 -0.8864 0.0287
vn 0.2808 -0.9597 0.0128
vn 0.2375 -0.9712 0.0188
vn 0.1635 -0.9865 0.0063
vn 0.7220 -0.6888 -0.0656
vn 0.6249 -0.7807 0.0001
vn 0.7165 -0.6966 -0.0368
vn 0.5753 -0.8174 -0.0295
vn 0.5827 -0.8127 0.0064
vn 0.3903 -0.9206 -0.0088
vn 0.4254 -0.9050 0.0079
vn 0.2915 -0.9566 -0.0015
vn 0.2309 -0.9730 0.0076
vn 0.1640 -0.9865 -0.0008
vn 0.6232 -0.7796 -0.0614
vn 0.6895 -0.7239 0.0217
vn 0.5812 -0.8129 -0.0371
vn 0.4376 -0.8988 -0.0252
vn 0.3293 -0.9440 -0.0213
vn 0.2593 -0.9658 -0.0079
vn 0.1549 -0.9879 0.0002
vn 0.6796 -0.7310 -0.0618
vn 0.6832 -0.7283 -0.0531
vn 0.5902 -0.8055 -0.0539
vn 0.6159 -0.7875 -0.0211
vn 0.4750 -0.8790 -0.0418
vn 0.3109 -0.9500 -0.0304
vn 0.6964 -0.7013 0.1522
vn 0.7265 -0.6870 -0.0150
vn 0.7131 -0.6971 0.0744
vn 0.6841 -0.7293 0.0073
vn 0.7196 -0.6896 0.0813
vn 0.6029 -0.7959 0.0554
vn 0.4744 -0.8802 0.0162
vn 0.2605 -0.9654 0.0086
vn 0.5265 -0.8489 -0.0453
vn 0.6162 -0.7859 -0.0514
vn 0.4299 -0.9013 -0.0533
vn 0.2970 -0.9544 -0.0311
vn 0.1737 -0.9847 0.0130
vn 0.5236 -0.8404 0.1399
vn 0.4196 -0.8022 0.4248
vn 0.3240 -0.7495 0.5773
vn 0.1102 -0.6193 0.7774
vn 0.6207 -0.7793 0.0857
vn 0.5295 -0.7711 0.3535
vn 0.3234 -0.7506 0.5762
vn 0.1303 -0.7224 0.6791
vn -0.2114 -0.6329 0.7449
vn 0.5866 -0.8097 -0.0151
vn 0.0834 -0.8598 0.5037
vn 0.2372 -0.9316 0.2754
vn 0.2158 -0.9190 0.3298
vn 0.4327 -0.8991 0.0659
vn 0.3279 -0.9134 0.2412
vn 0.2488 -0.9641 0.0931
vn 0.1146 -0.9803 0.1607
vn 0.2928 -0.9562 -0.0030
vn -0.3808 0.9246 0.0028
vn -0.3489 0.9371 0.0047
vn -0.3341 0.9406 0.0607
vn -0.2920 0.9537 0.0722
vn -0.2366 0.9716 0.0053
vn -0.1848 0.9820 0.0390
vn -0.1914 0.9808 0.0385
vn -0.0785 0.9967 0.0212
vn -0.0635 0.9974 0.0334
vn -0.3414 0.9385 -0.0505
vn -0.2370 0.9704 -0.0452
vn -0.1917 0.9811 0.0246
vn -0.1860 0.9823 -0.0200
vn -0.1083 0.9939 -0.0224
vn -0.0940 0.9956 0.0024
vn -0.3041 0.9526 -0.0041
vn -0.1781 0.9840 -0.0073
vn -0.1794 0.9837 -0.0067
vn -0.1161 0.9932 0.0056
vn -0.1086 0.9940 -0.0106
vn -0.3977 0.9175 0.0081
vn -0.4380 0.8985 -0.0279
vn -0.1791 0.9836 -0.0198
vn -0.0684 0.9973 -0.0276
vn -0.0007 0.9998 -0.0211
vn -0.5938 0.7995 0.0907
vn -0.4296 0.9024 0.0328
vn -0.4273 0.9017 0.0668
vn -0.3568 0.9310 0.0770
vn -0.2382 0.9712 0.0022
vn -0.2138 0.9762 0.0375
vn -0.1694 0.9846 0.0423
vn -0.0312 0.9992 0.0234
vn -0.5601 0.8272 0.0446
vn -0.5967 0.8025 0.0012
vn -0.3935 0.9192 -0.0123
vn -0.1825 0.9829 0.0237
vn -0.2050 0.9786 -0.0196
vn -0.0342 0.9992 0.0224
vn -0.0424 0.9987 -0.0279
vn -0.3534 -0.2413 0.9038
vn -0.6000 0.2278 0.7669
vn -0.6738 0.5055 0.5389
vn -0.6070 0.7825 0.1386
vn -0.6544 0.6728 0.3453
vn -0.4996 0.1490 0.8534
vn -0.6252 0.5914 0.5093
vn -0.5884 0.7564 0.2858
vn -0.6385 0.5833 0.5020
vn -0.2151 -0.5535 0.8046
vn -0.6029 0.0063 0.7978
vn -0.6129 0.5047 0.6080
vn -0.5651 0.6961 0.4427
vn -0.4342 0.8996 0.0465
vn -0.4699 0.8641 0.1802
vn -0.1267 -0.7468 0.6529
vn -0.6670 0.4988 0.5535
vn -0.3971 0.8925 0.2140
vn -0.5697 0.6996 0.4313
vn -0.2189 0.9745 0.0500
vn -0.3484 0.9119 0.2169
vn -0.3879 0.8675 0.3115
vn -0.1995 0.9717 0.1265
vn -0.1302 0.9803 0.1486
vn -0.6541 0.3540 0.6684
vn -0.3335 -0.7842 0.5232
vn -0.3677 -0.6821 0.6321
vn -0.5482 -0.5055 0.6663
vn -0.6936 0.4550 0.5584
vn -0.5728 0.6891 0.4439
vn -0.7658 0.4020 0.5019
vn -0.4667 -0.7415 0.4821
vn -0.5573 -0.6839 0.4708
vn -0.6449 -0.4433 0.6226
vn -0.8600 -0.0083 0.5102
vn -0.9958 -0.0230 0.0883
vn -0.8563 0.4392 0.2719
vn -0.6541 0.6392 0.4044
vn -0.0966 -0.9660 0.2400
vn -0.2517 -0.9219 0.2946
vn -0.5349 -0.7838 0.3154
vn -0.8828 -0.4579 0.1051
vn -0.9183 -0.3229 0.2291
vn -0.9282 -0.1535 0.3390
vn -0.6676 0.6900 0.2796
vn -0.9141 0.3470 0.2097
vn -0.4119 0.8767 0.2484
vn -0.7039 0.6614 0.2590
vn -0.7779 0.6191 0.1078
vn -0.3354 -0.9174 0.2141
vn -0.6128 -0.7777 0.1403
vn -0.7909 -0.6003 0.1189
vn -0.6418 -0.7657 0.0415
vn -0.4589 0.8792 0.1280
vn -0.8277 -0.5492 0.1151
vn -0.8664 -0.4440 0.2283
vn -0.9893 0.0630 -0.1316
vn -0.9906 0.1369 -0.0069
vn -0.9251 -0.1347 0.3551
vn -0.9023 0.4303 -0.0276
vn -0.8824 0.4265 0.1987
vn -0.9111 0.1776 0.3719
vn -0.8172 0.5756 -0.0312
vn -0.6420 -0.7660 -0.0333
vn -0.5881 -0.8011 0.1116
vn -0.6504 -0.7571 0.0620
vn -0.7159 -0.5571 0.4209
vn -0.8653 -0.0561 0.4981
vn -0.8182 0.2342 0.5251
vn -0.5454 0.8366 0.0506
vn -0.6460 0.6917 0.3228
vn 0.1122 -0.9936 0.0147
vn 0.0324 -0.9994 0.0138
vn -0.0077 -0.9999 0.0109
vn -0.0010 -1.0000 -0.0032
vn 0.1064 -0.9943 0.0096
vn -0.0069 -0.9999 0.0135
vn 0.0393 -0.9988 0.0284
vn 0.0444 -0.9989 0.0143
vn 0.0493 -0.9988 0.0031
vn 0.0399 -0.9991 0.0121
vn 0.0271 -0.9996 0.0116
vn 0.1524 -0.9883 -0.0003
vn 0.1554 -0.9875 -0.0256
vn 0.0519 -0.9983 -0.0246
vn 0.0076 -0.9998 -0.0187
vn 0.1757 -0.9841 0.0264
vn 0.1088 -0.9940 0.0132
vn 0.0709 -0.9973 0.0209
vn 0.0120 -0.9997 -0.0195
vn 0.0111 -0.9997 0.0204
vn 0.0606 -0.9981 -0.0103
vn 0.0379 -0.9993 -0.0058
vn -0.0087 -0.9999 -0.0097
vn -0.0167 -0.9994 -0.0293
vn -0.0120 -0.9999 -0.0050
vn 0.1553 -0.9877 0.0159
vn 0.0746 -0.9946 0.0716
vn 0.0085 -0.9999 0.0088
vn -0.0203 -0.9996 0.0210
vn -0.0774 -0.9969 -0.0121
vn -0.0189 -0.9998 -0.0000
vn -0.0044 0.9999 0.0142
vn 0.0015 0.9999 -0.0114
vn -0.0020 1.0000 -0.0071
vn 0.0158 0.9998 0.0129
vn 0.0291 0.9995 0.0132
vn 0.0134 0.9995 0.0272
vn -0.0139 0.9998 0.0120
vn -0.0207 0.9998 0.0042
vn -0.0053 0.9999 0.0129
vn 0.0215 0.9998 -0.0047
vn 0.0484 -0.9988 0.0031
vn 0.0323 0.9995 -0.0029
vn 0.0375 -0.9993 -0.0052
vn -0.0056 0.9997 -0.0235
vn 0.0043 0.9999 -0.0163
vn -0.0002 1.0000 -0.0058
vn 0.0214 0.9997 0.0067
vn 0.0187 0.9998 0.0063
vn -0.0026 0.9998 0.0199
vn -0.0093 1.0000 0.0028
vn -0.0412 0.9987 0.0301
vn -0.1355 0.9871 0.0854
vn -0.0157 0.9998 -0.0137
vn -0.0728 0.9953 0.0641
vn -0.0221 -0.9932 0.1142
vn -0.1739 -0.9790 0.1067
vn -0.3658 -0.9298 0.0416
vn -0.4650 0.8822 0.0747
vn -0.5084 0.8609 -0.0206
vn -0.2355 0.9651 0.1145
vn -0.5344 0.8449 -0.0228
vn -0.1553 0.9809 0.1169
vn -0.2188 0.9745 0.0508
vn -0.2593 0.9658 -0.0086
vn -0.0602 0.9978 0.0293
vn -0.1370 0.9905 -0.0136
vn -0.0205 0.9998 -0.0021
vn -0.0232 0.9997 -0.0002
vn -0.3689 -0.9276 0.0582
vn -0.5644 -0.7679 0.3029
vn -0.7338 -0.4722 0.4884
vn -0.6802 -0.1176 0.7236
vn -0.5089 0.8605 -0.0239
vn -0.4898 0.8502 0.1930
vn -0.6312 0.6144 0.4735
vn -0.2524 -0.9675 0.0134
vn -0.2864 -0.9486 0.1346
vn -0.5385 -0.7576 0.3689
vn -0.4287 0.8510 0.3033
vn -0.2767 0.9584 0.0695
vn -0.1660 -0.9861 0.0017
vn -0.1656 -0.9862 0.0003
vn -0.2721 -0.9456 0.1784
vn -0.1608 0.9870 -0.0043
vn -0.1949 0.9753 0.1038
vn -0.0978 -0.9945 0.0374
vn -0.0437 0.9989 0.0195
vn -0.0614 0.9956 0.0705
vn -0.1437 0.9806 0.1331
vn -0.8744 -0.0034 0.4852
vn -0.7528 0.2963 0.5878
vn -0.6939 -0.6121 0.3793
vn -0.7528 -0.1563 0.6394
vn -0.6308 0.6110 0.4783
vn -0.5632 -0.7834 0.2631
vn -0.8555 -0.0435 0.5160
vn -0.6489 0.5921 0.4778
vn -0.7922 0.2534 0.5551
vn -0.6453 0.6055 0.4659
vn -0.7576 -0.5309 0.3796
vn -0.7328 -0.4756 0.4866
vn -0.7843 -0.1051 0.6114
vn -0.6510 0.5995 0.4657
vn -0.7704 0.3217 0.5504
vn -0.4254 0.8479 0.3164
vn -0.6462 0.6032 0.4675
vn -0.3301 -0.9271 0.1774
vn -0.8567 -0.0112 0.5157
vn -0.6516 0.6435 0.4016
vn -0.7816 0.4038 0.4755
vn -0.4411 0.8453 0.3014
vn -0.6587 0.6158 0.4324
vn -0.1521 -0.9831 0.1021
vn -0.5580 -0.7477 0.3601
vn -0.8648 -0.4154 0.2820
vn -0.7305 -0.4414 0.5210
vn -0.7294 0.0066 0.6841
vn -0.7412 0.2774 0.6113
vn -0.4489 0.8393 0.3067
vn -0.6401 0.6077 0.4701
vn -0.2068 0.9654 0.1589
vn -0.3241 -0.9197 0.2217
vn -0.5417 -0.7235 0.4280
vn -0.6892 -0.5089 0.5158
vn -0.6356 0.6004 0.4853
vn -0.4438 0.8393 0.3140
vn -0.6367 0.5970 0.4880
vn -0.4328 0.8335 0.3434
vn -0.1599 0.9779 0.1347
vn -0.2147 0.9618 0.1701
vn -0.7634 -0.1418 0.6301
vn -0.7376 0.3013 0.6043
vn -0.6313 0.5845 0.5097
vn -0.0108 -0.9999 -0.0003
vn -0.0309 -0.9994 0.0150
vn -0.0661 -0.9974 0.0285
vn -0.0519 -0.9987 0.0012
vn -0.0571 -0.9984 -0.0020
vn -0.1691 -0.9834 0.0656
vn -0.0234 -0.9997 -0.0055
vn -0.0378 -0.9992 -0.0163
vn -0.0197 -0.9998 -0.0056
vn -0.0073 -1.0000 -0.0025
vn 0.0082 -1.0000 -0.0054
vn 0.0105 -0.9998 0.0162
vn -0.0002 -0.9999 0.0169
vn -0.0166 -0.9998 0.0074
vn -0.0385 -0.9989 0.0280
vn -0.0108 -0.9999 0.0044
vn -0.0118 -0.9999 0.0024
vn -0.0098 1.0000 0.0006
vn -0.0197 -0.9989 0.0426
vn -0.0288 0.9995 0.0143
vn -0.0291 0.9994 0.0169
vn -0.0099 -0.9999 -0.0028
vn 0.0022 -1.0000 0.0001
vn -0.0381 0.9992 -0.0078
vn -0.0461 0.9989 0.0089
vn -0.0314 0.9993 -0.0184
vn -0.0291 0.9994 -0.0168
vn -0.0112 0.9996 -0.0245
vn -0.0178 0.9998 0.0113
vn -0.0015 1.0000 0.0032
vn 0.0013 0.9999 0.0132
vn -0.0108 0.9999 0.0035
vn -0.0111 0.9999 0.0032
vn -0.0040 1.0000 -0.0013
vn -0.0100 1.0000 -0.0000
vn 0.0013 1.0000 -0.0024
vn -0.0492 0.9980 0.0403
vn -0.0417 -0.9986 0.0316
vn -0.2063 0.9630 0.1733
vn -0.1619 -0.9777 0.1337
vn -0.0036 0.9999 0.0109
vn -0.0982 0.9920 0.0793
vn -0.0158 0.9999 0.0020
vn -0.0333 0.9991 0.0257
vn -0.0882 0.9928 0.0809
vn -0.3838 -0.8692 0.3118
vn -0.5119 -0.7301 0.4527
vn -0.6499 -0.4751 0.5932
vn -0.7794 -0.0706 0.6225
vn -0.6094 0.6008 0.5174
vn -0.7048 0.3553 0.6141
vn -0.5974 0.6252 0.5022
vn -0.7027 0.3837 0.5992
vn -0.5008 -0.7301 0.4649
vn -0.6556 -0.4678 0.5928
vn -0.7051 0.1940 0.6820
vn -0.7236 0.2474 0.6444
vn -0.3986 0.8419 0.3636
vn -0.5348 0.6522 0.5373
vn -0.6073 0.5710 0.5525
vn -0.2789 -0.9252 0.2574
vn -0.5039 -0.7335 0.4561
vn -0.6611 -0.4812 0.5757
vn -0.7337 -0.1046 0.6714
vn -0.7279 0.2702 0.6302
vn -0.2857 -0.9237 0.2552
vn -0.3355 -0.8873 0.3164
vn -0.7180 -0.4523 0.5291
vn -0.6571 -0.5250 0.5409
vn -0.7403 -0.1297 0.6596
vn -0.6013 0.6095 0.5168
vn -0.7362 0.3120 0.6005
vn -0.3734 0.8543 0.3615
vn -0.3753 0.8475 0.3754
vn -0.1808 0.9681 0.1737
vn -0.5835 -0.6896 0.4288
vn -0.7283 -0.2095 0.6524
vn -0.6147 0.6061 0.5048
vn -0.6138 0.6100 0.5011
vn -0.1261 -0.9829 0.1344
vn -0.3910 0.8585 0.3317
vn -0.1425 0.9746 0.1729
vn -0.0645 -0.9943 0.0846
vn -0.1700 0.9727 0.1579
vn -0.7710 -0.1741 0.6126
vn -0.5667 -0.7229 0.3952
vn -0.8203 -0.0974 0.5635
vn -0.6185 0.6181 0.4853
vn -0.7356 0.3875 0.5557
vn -0.3942 -0.8703 0.2953
vn -0.4988 -0.7624 0.4123
vn -0.6163 0.6240 0.4804
vn -0.7136 0.2081 0.6690
vn -0.0089 -1.0000 -0.0009
vn -0.0036 -1.0000 0.0013
vn 0.0008 -1.0000 -0.0001
vn -0.0021 -1.0000 -0.0054
vn -0.0090 -1.0000 0.0012
vn -0.0091 -0.9999 -0.0079
vn -0.0027 -1.0000 0.0006
vn -0.0039 -1.0000 -0.0027
vn 0.0013 -1.0000 -0.0002
vn 0.0204 -0.9993 0.0307
vn 0.0255 -0.9994 0.0244
vn -0.0220 -0.9994 -0.0264
vn -0.0227 -0.9997 -0.0119
vn 0.0013 1.0000 -0.0003
vn -0.0138 0.9999 0.0052
vn -0.0129 0.9999 -0.0032
vn -0.0042 1.0000 0.0015
vn -0.0213 0.9998 0.0063
vn -0.0156 0.9999 -0.0067
vn -0.0151 0.9999 0.0069
vn -0.0024 1.0000 -0.0050
vn -0.0168 0.9999 -0.0007
vn -0.0022 1.0000 0.0023
vn 0.0012 1.0000 0.0093
vn 0.0139 0.9996 0.0253
vn 0.0095 0.9984 0.0562
vn -0.0655 0.9928 0.1003
vn -0.1528 0.9748 0.1627
vn 0.0168 0.9995 0.0285
vn -0.0451 -0.9990 0.0003
vn -0.0473 0.9987 0.0187
vn -0.0095 0.9999 -0.0114
vn -0.6605 -0.4839 0.5741
vn -0.6111 0.5820 0.5365
vn -0.6930 0.1953 0.6940
vn -0.5757 0.6011 0.5543
vn -0.2729 -0.9418 0.1963
vn -0.6055 -0.0676 0.7930
vn -0.5723 0.5790 0.5808
vn -0.6927 0.1953 0.6943
vn -0.3792 0.8489 0.3682
vn -0.4418 -0.7417 0.5046
vn -0.5476 0.5750 0.6078
vn -0.0974 -0.9930 0.0674
vn -0.2217 -0.9383 0.2656
vn -0.6220 -0.1461 0.7693
vn -0.6010 0.3750 0.7058
vn -0.3450 0.8617 0.3721
vn -0.1215 0.9880 0.0959
vn -0.1816 0.9640 0.1944
vn -0.0642 -0.9972 0.0376
vn -0.4321 -0.7429 0.5113
vn -0.5772 -0.4709 0.6671
vn -0.1950 -0.9519 0.2365
vn -0.3830 -0.7975 0.4662
vn -0.6538 -0.1103 0.7486
vn -0.5049 0.6168 0.6039
vn -0.6081 0.3445 0.7152
vn -0.0185 0.9976 0.0662
vn -0.0972 -0.9888 0.1133
vn -0.3434 -0.8494 0.4007
vn -0.4252 -0.7105 0.5607
vn -0.0710 0.9929 0.0957
vn -0.3436 0.8506 0.3980
vn -0.5739 -0.1639 0.8024
vn -0.7130 -0.0999 0.6940
vn -0.5108 0.6106 0.6052
vn -0.6371 0.3591 0.6820
vn -0.3622 -0.7852 0.5023
vn -0.5056 0.5329 0.6785
vn -0.4985 0.6055 0.6204
vn 0.0007 -1.0000 -0.0006
vn -0.0011 -0.9999 0.0102
vn -0.0061 -1.0000 -0.0052
vn -0.0049 -1.0000 -0.0002
vn -0.0017 -1.0000 0.0003
vn 0.0080 -1.0000 -0.0019
vn -0.0049 -0.9999 0.0136
vn -0.0879 -0.9958 -0.0258
vn -0.0127 -0.9999 0.0039
vn -0.0256 -0.9987 0.0433
vn -0.0226 -0.9988 0.0436
vn 0.0221 -0.9998 0.0003
vn -0.0014 1.0000 -0.0002
vn 0.0007 1.0000 -0.0000
vn -0.0161 0.9998 -0.0076
vn 0.0040 0.9999 -0.0143
vn -0.0170 0.9998 -0.0069
vn -0.0088 0.9998 0.0193
vn -0.0102 0.9999 0.0107
vn -0.0011 1.0000 0.0085
vn -0.0082 1.0000 -0.0025
vn 0.0049 1.0000 0.0006
vn -0.0093 1.0000 -0.0013
vn -0.0057 1.0000 0.0054
vn -0.0083 0.9997 0.0232
vn -0.0049 0.9998 0.0196
vn -0.0279 0.9996 -0.0021
vn -0.0189 0.9998 -0.0083
vn -0.0344 0.9994 -0.0031
vn -0.0299 0.9996 -0.0015
vn 0.0039 1.0000 0.0042
vn -0.0248 0.9996 0.0153
vn -0.0949 0.9884 0.1187
vn -0.1241 -0.9785 0.1647
vn -0.0881 0.9890 0.1192
vn -0.0782 0.9750 0.2078
vn -0.0125 0.9996 0.0270
vn -0.0027 0.9997 0.0243
vn -0.0286 0.9968 0.0749
vn -0.4023 -0.7387 0.5409
vn -0.5411 -0.5043 0.6729
vn -0.3248 0.8400 0.4346
vn -0.5201 0.5730 0.6334
vn -0.2269 -0.9193 0.3214
vn -0.5288 -0.1265 0.8393
vn -0.5297 0.3148 0.7876
vn -0.2140 -0.9165 0.3381
vn -0.3365 -0.7543 0.5637
vn -0.4219 -0.5651 0.7090
vn -0.4735 0.2956 0.8297
vn -0.2932 0.8512 0.4353
vn -0.4913 -0.1147 0.8634
vn -0.3851 0.5971 0.7037
vn -0.0986 -0.9784 0.1819
vn -0.1948 -0.9174 0.3471
vn -0.3195 -0.6990 0.6398
vn -0.4317 -0.3065 0.8484
vn -0.4432 0.3769 0.8133
vn -0.2587 0.8449 0.4682
vn -0.3179 -0.7458 0.5855
vn -0.4103 -0.4751 0.7784
vn -0.5214 0.3655 0.7711
vn -0.2582 0.8451 0.4680
vn -0.0616 -0.9892 0.1329
vn -0.5096 -0.1046 0.8540
vn -0.3931 0.6027 0.6944
vn -0.4913 0.3198 0.8101
vn -0.4203 -0.5189 0.7444
vn -0.4128 0.6011 0.6843
vn -0.2550 0.8543 0.4529
vn -0.0268 0.9965 0.0793
vn -0.0037 -1.0000 0.0029
vn 0.0097 -0.9999 0.0078
vn -0.0008 -0.9998 0.0182
vn -0.0083 -0.9999 -0.0061
vn -0.0039 -0.9999 -0.0130
vn -0.0058 -1.0000 -0.0021
vn 0.0059 -1.0000 0.0035
vn 0.0228 -0.9993 0.0290
vn -0.0001 -0.9994 0.0335
vn 0.0227 -0.9997 -0.0018
vn -0.0036 -0.9999 -0.0136
vn -0.0364 -0.9993 -0.0053
vn -0.0151 -0.9999 0.0041
vn -0.0316 -0.9988 0.0381
vn 0.0013 1.0000 0.0023
vn -0.0011 1.0000 -0.0001
vn 0.0017 1.0000 -0.0020
vn 0.0045 1.0000 0.0017
vn -0.0033 1.0000 0.0073
vn 0.0012 1.0000 -0.0093
vn -0.0525 0.9985 0.0182
vn -0.0198 0.9997 0.0166
vn -0.0068 1.0000 0.0009
vn -0.0029 0.9998 0.0212
vn -0.0123 0.9993 0.0344
vn 0.0097 0.9999 0.0117
vn 0.0278 0.9995 0.0135
vn 0.0134 0.9999 -0.0078
vn -0.0036 0.9999 -0.0124
vn -0.0122 -0.9999 0.0015
vn -0.0321 0.9993 -0.0195
vn -0.5169 -0.1122 0.8487
vn -0.4878 0.3348 0.8062
vn -0.2543 0.8538 0.4543
vn -0.3513 -0.7044 0.6168
vn -0.4826 -0.1805 0.8570
vn -0.5577 0.3575 0.7491
vn -0.0252 0.9965 0.0793
vn -0.1230 0.9700 0.2098
vn -0.0735 -0.9906 0.1154
vn -0.3716 -0.7419 0.5581
vn -0.4545 0.6265 0.6332
vn -0.1656 -0.9448 0.2827
vn -0.1247 0.9725 0.1966
vn -0.0741 -0.9906 0.1151
vn -0.1567 -0.9615 0.2255
vn -0.0542 0.9958 0.0741
vn -0.0543 0.9958 0.0738
vn -0.5286 0.3339 0.7804
vn -0.3738 -0.7483 0.5481
vn -0.4336 -0.6140 0.6596
vn -0.5330 -0.1607 0.8307
vn -0.5700 0.3472 0.7447
vn -0.2320 -0.9127 0.3364
vn -0.3661 -0.7423 0.5612
vn -0.4899 -0.5272 0.6943
vn -0.2943 0.8396 0.4565
vn -0.4538 0.5987 0.6600
vn -0.4933 -0.0953 0.8646
vn -0.4644 0.3039 0.8318
vn -0.3413 -0.6850 0.6437
vn -0.4222 -0.1998 0.8842
vn -0.4634 0.3035 0.8325
vn 0.0007 -1.0000 -0.0021
vn 0.0020 -1.0000 -0.0035
vn -0.0001 -1.0000 -0.0018
vn -0.0156 -0.9998 0.0130
vn -0.0192 -0.9998 -0.0095
vn -0.0071 -0.9999 -0.0073
vn -0.0317 -0.9995 -0.0074
vn 0.0005 -1.0000 -0.0061
vn -0.0065 -1.0000 0.0042
vn -0.0374 -0.9975 0.0601
vn -0.0792 -0.9969 0.0038
vn -0.2494 -0.9680 -0.0270
vn 0.0003 1.0000 -0.0001
vn 0.0007 1.0000 0.0028
vn 0.0003 1.0000 -0.0025
vn -0.0073 1.0000 0.0033
vn -0.0001 1.0000 -0.0013
vn 0.0195 0.9996 -0.0179
vn 0.0141 0.9984 -0.0541
vn 0.0397 0.9991 0.0146
vn 0.0390 0.9992 0.0102
vn 0.0357 0.9994 0.0044
vn 0.0031 1.0000 -0.0037
vn 0.0209 0.9986 0.0496
vn 0.0022 0.9998 0.0209
vn -0.0009 0.9999 0.0170
vn 0.0081 1.0000 0.0022
vn -0.0102 0.9999 0.0032
vn -0.0129 0.9999 -0.0013
vn 0.0039 1.0000 0.0044
vn -0.0520 0.9934 0.1022
vn -0.0189 0.9996 0.0194
vn -0.3294 -0.7374 0.5897
vn -0.4208 -0.4657 0.7785
vn -0.5031 -0.1498 0.8512
vn -0.3635 0.6060 0.7075
vn -0.1702 -0.9309 0.3233
vn -0.4397 0.4263 0.7906
vn -0.2323 0.8574 0.4593
vn -0.2401 0.8500 0.4689
vn -0.2079 -0.9218 0.3273
vn -0.3618 -0.7337 0.5752
vn -0.4281 -0.5222 0.7376
vn -0.6114 0.3934 0.6866
vn -0.1077 0.9672 0.2299
vn -0.4266 -0.7265 0.5388
vn -0.5865 -0.4242 0.6900
vn -0.3784 0.6007 0.7042
vn -0.5033 0.4108 0.7602
vn -0.2787 -0.9156 0.2899
vn -0.5888 -0.6379 0.4964
vn -0.5029 -0.6967 0.5115
vn -0.6515 -0.3005 0.6966
vn -0.6409 0.0873 0.7626
vn -0.5496 0.4246 0.7195
vn -0.4240 0.6562 0.6242
vn -0.1964 -0.9723 0.1270
vn -0.1367 -0.9838 0.1160
vn -0.3446 -0.9121 0.2219
vn -0.6813 -0.5774 0.4499
vn -0.5892 -0.6380 0.4957
vn -0.6711 -0.2713 0.6899
vn -0.6854 0.1015 0.7210
vn -0.1332 0.9618 0.2391
vn -0.4792 -0.8656 0.1453
vn -0.7601 -0.2028 0.6174
vn -0.7108 -0.4888 0.5059
vn -0.6405 -0.5380 0.5480
vn -0.7163 -0.0470 0.6962
vn -0.5387 0.4976 0.6798
vn -0.6645 0.1658 0.7287
vn -0.6612 -0.6769 0.3234
vn -0.5770 -0.7301 0.3661
vn -0.7257 -0.3508 0.5918
vn -0.6559 -0.3917 0.6453
vn -0.5430 0.4984 0.6759
vn 0.0018 -1.0000 -0.0000
vn 0.0004 -1.0000 0.0025
vn -0.0031 -1.0000 0.0020
vn 0.0006 -1.0000 0.0004
vn 0.0105 -0.9999 -0.0014
vn 0.0106 -0.9998 -0.0194
vn -0.1746 -0.9823 -0.0686
vn -0.0796 -0.9902 -0.1147
vn -0.3015 -0.9258 -0.2281
vn -0.0268 -0.9969 -0.0739
vn -0.1503 -0.9681 -0.2007
vn -0.0625 -0.9724 -0.2248
vn -0.2725 -0.8661 -0.4190
vn -0.2828 -0.8633 -0.4180
vn -0.1448 -0.9113 -0.3854
vn -0.2022 -0.8318 -0.5170
vn -0.1310 -0.8979 -0.4202
vn -0.1604 -0.8415 -0.5159
vn -0.0028 -0.9955 -0.0950
vn -0.4797 -0.8577 0.1851
vn -0.5607 -0.7854 0.2620
vn -0.6159 -0.6522 0.4420
vn -0.4841 -0.8742 0.0383
vn -0.5573 -0.7164 0.4197
vn -0.4461 -0.8843 -0.1381
vn -0.5388 -0.8151 0.2129
vn -0.4792 -0.2626 0.8375
vn -0.5653 -0.8048 0.1812
vn -0.4334 -0.4062 0.8045
vn -0.3353 -0.8121 -0.4775
vn -0.3897 -0.8710 -0.2992
vn -0.5476 -0.6606 0.5136
vn -0.5049 -0.6859 0.5241
vn -0.4368 -0.5167 0.7364
vn -0.2344 -0.1611 0.9587
vn -0.2355 0.0218 0.9716
vn -0.4298 -0.9005 0.0664
vn -0.3869 -0.8471 0.3643
vn -0.2327 -0.3091 0.9221
vn -0.2746 -0.1111 0.9551
vn 0.0013 1.0000 0.0012
vn 0.0027 1.0000 -0.0089
vn -0.0019 1.0000 0.0060
vn 0.0009 1.0000 -0.0013
vn 0.0080 1.0000 -0.0046
vn 0.0027 1.0000 0.0030
vn 0.0077 1.0000 -0.0059
vn 0.0068 0.9998 0.0171
vn 0.0060 1.0000 0.0010
vn -0.0315 0.9995 0.0090
vn -0.0066 1.0000 -0.0033
vn -0.0054 1.0000 0.0018
vn -0.0010 1.0000 0.0069
vn -0.0021 1.0000 -0.0019
vn -0.0108 0.9998 0.0163
vn -0.0000 1.0000 -0.0032
vn -0.2348 0.8830 0.4065
vn -0.0834 0.9796 0.1826
vn -0.0163 0.9996 0.0251
vn -0.0074 0.9100 0.4145
vn 0.0011 0.9961 0.0880
vn 0.0093 0.9999 -0.0058
vn 0.0035 0.9997 0.0258
vn 0.0205 0.9723 0.2328
vn -0.6226 -0.6240 0.4722
vn -0.7203 -0.2846 0.6326
vn -0.6252 -0.1836 0.7586
vn -0.5189 0.3158 0.7944
vn -0.3659 0.7096 0.6021
vn -0.3721 0.7244 0.5804
vn -0.4483 0.5094 0.7345
vn -0.4776 -0.4513 0.7538
vn -0.5987 -0.0823 0.7967
vn -0.4316 0.2095 0.8774
vn -0.4228 0.4485 0.7875
vn -0.2435 0.7400 0.6270
vn -0.3172 0.7103 0.6284
vn -0.3330 0.1746 0.9266
vn -0.1919 0.4724 0.8602
vn -0.2191 0.3568 0.9081
vn -0.1266 0.5684 0.8129
vn -0.0835 0.7900 0.6074
vn -0.0748 0.8784 0.4721
vn -0.3747 -0.0134 0.9270
vn -0.2473 0.1325 0.9598
vn -0.0321 0.6431 0.7651
vn -0.0798 0.4251 0.9016
vn -0.1869 0.1480 0.9712
vn -0.0185 0.4433 0.8962
vn 0.0148 0.5001 0.8658
vn 0.0280 0.6621 0.7489
vn 0.0385 0.7788 0.6261
vn -0.0025 -1.0000 -0.0005
vn -0.0004 -1.0000 0.0011
vn -0.0021 -1.0000 -0.0001
vn 0.0005 -1.0000 -0.0001
vn -0.0021 -1.0000 0.0001
vn 0.0018 -1.0000 0.0024
vn 0.0148 -0.9998 0.0110
vn -0.0022 -0.9999 0.0145
vn -0.0027 -0.9999 0.0136
vn -0.0178 -0.9998 0.0066
vn 0.0183 -0.9998 -0.0076
vn 0.0148 -0.9982 -0.0574
vn 0.0052 -0.9991 -0.0426
vn -0.0181 -0.9998 0.0041
vn -0.0563 -0.9348 -0.3508
vn -0.0414 -0.8818 -0.4699
vn -0.0912 -0.8223 -0.5618
vn -0.0088 -0.8184 -0.5746
vn 0.0012 -0.9674 -0.2534
vn 0.1001 -0.8288 -0.5506
vn 0.0518 -0.8186 -0.5720
vn 0.0504 -0.9121 -0.4069
vn 0.0119 -0.9732 -0.2297
vn 0.0898 -0.8313 -0.5485
vn 0.0881 -0.8379 -0.5387
vn 0.0452 -0.9032 -0.4269
vn 0.0562 -0.9632 -0.2630
vn -0.2129 -0.8788 -0.4270
vn -0.2749 -0.7713 0.5741
vn -0.1732 -0.3233 0.9303
vn -0.0342 -0.9993 -0.0144
vn -0.0629 -0.5277 0.8471
vn 0.0473 -0.9935 0.1034
vn -0.0089 -0.8750 -0.4840
vn 0.0355 -0.7815 0.6229
vn -0.0147 -0.0508 0.9986
vn -0.0201 0.0855 0.9961
vn 0.0926 -0.9229 -0.3737
vn 0.2379 -0.8853 0.3995
vn 0.0991 -0.7696 0.6308
vn 0.0395 -0.1286 0.9909
vn 0.1057 -0.8830 0.4572
vn 0.0772 -0.9392 -0.3347
vn 0.0937 -0.9951 -0.0303
vn 0.0986 -0.8375 -0.5375
vn -0.0223 -0.6714 0.7408
vn -0.0783 -0.4248 0.9019
vn -0.1275 -0.1361 0.9825
vn -0.1276 0.2322 0.9643
vn -0.0034 1.0000 -0.0081
vn -0.0003 1.0000 0.0003
vn 0.0015 1.0000 0.0012
vn -0.0008 1.0000 0.0001
vn -0.0012 1.0000 0.0002
vn -0.0027 1.0000 0.0017
vn 0.0020 1.0000 -0.0011
vn -0.0022 1.0000 -0.0021
vn 0.0056 0.9997 -0.0246
vn 0.0005 0.9999 -0.0123
vn -0.0522 0.9980 0.0348
vn -0.0435 0.9988 0.0218
vn -0.0117 0.9991 -0.0419
vn -0.0131 0.9998 0.0123
vn -0.0233 0.9984 0.0522
vn 0.0089 0.9999 0.0137
vn -0.0136 0.9999 0.0074
vn 0.0168 0.9921 0.1245
vn 0.0146 0.9986 0.0499
vn -0.0070 0.9197 0.3927
vn 0.0052 0.9658 0.2593
vn 0.0431 0.7838 0.6195
vn 0.0339 0.8809 0.4721
vn -0.0521 0.2416 0.9690
vn -0.0166 0.4444 0.8957
vn -0.0048 0.5404 0.8414
vn -0.0076 0.6645 0.7472
vn -0.0124 0.2890 0.9573
vn -0.0091 0.3992 0.9168
vn -0.0228 0.7935 0.6082
vn -0.0160 0.8963 0.4431
vn 0.0035 -1.0000 -0.0024
vn -0.0004 -1.0000 -0.0008
vn -0.0012 -1.0000 0.0022
vn -0.0001 -1.0000 -0.0023
vn 0.0242 -0.9996 0.0172
vn 0.0039 -0.9995 0.0300
vn 0.0239 -0.9997 -0.0113
vn -0.0112 -0.9996 0.0269
vn -0.0300 -0.9993 -0.0240
vn 0.0729 -0.8425 -0.5338
vn 0.0749 -0.8926 -0.4445
vn 0.0467 -0.9493 -0.3108
vn 0.0404 -0.9879 -0.1498
vn -0.0289 -0.8312 -0.5552
vn -0.0395 -0.9004 -0.4332
vn -0.0390 -0.9933 -0.1092
vn -0.0402 -0.9731 -0.2267
vn -0.0317 -0.9440 -0.3285
vn -0.0355 -0.7378 -0.6741
vn -0.0106 -0.9175 -0.3977
vn -0.1844 -0.9788 -0.0897
vn -0.3670 -0.7997 0.4751
vn -0.3729 -0.4768 0.7960
vn -0.2804 -0.1941 0.9401
vn -0.2831 0.0704 0.9565
vn -0.1270 0.2336 0.9640
vn -0.0239 -0.8614 -0.5073
vn -0.1785 -0.9403 -0.2897
vn -0.0363 -0.7847 -0.6188
vn -0.3529 -0.4694 0.8094
vn -0.4249 -0.1182 0.8975
vn -0.2079 -0.9157 -0.3439
vn -0.3629 -0.9268 0.0962
vn -0.5501 -0.2326 0.8020
vn -0.2292 0.3271 0.9168
vn -0.2894 -0.9125 -0.2891
vn -0.6006 -0.7885 0.1325
vn -0.1624 -0.8220 -0.5459
vn -0.5322 -0.5790 0.6177
vn -0.6889 -0.5106 0.5146
vn -0.4267 0.1023 0.8986
vn -0.2655 -0.9284 -0.2599
vn -0.6456 -0.1866 0.7406
vn -0.5236 -0.0187 0.8518
vn -0.2476 0.3861 0.8886
vn -0.3459 -0.9276 -0.1412
vn -0.5414 -0.7751 0.3257
vn -0.4488 -0.8135 0.3699
vn -0.1459 -0.7659 -0.6262
vn -0.4619 -0.6250 0.6292
vn -0.0616 -0.7331 -0.6774
vn -0.4304 -0.2056 0.8789
vn -0.4409 -0.6876 0.5769
vn -0.3371 -0.4771 0.8116
vn -0.4302 -0.0590 0.9008
vn -0.3485 0.1752 0.9208
vn -0.2298 -0.9653 0.1241
vn -0.2347 -0.8780 0.4172
vn -0.3832 -0.4571 0.8026
vn -0.1969 0.4079 0.8915
vn -0.1908 0.0481 0.9804
vn -0.1966 0.2352 0.9519
vn 0.0016 1.0000 0.0022
vn 0.0193 0.9989 -0.0436
vn -0.0197 0.9989 0.0417
vn 0.0114 0.9995 -0.0305
vn 0.0083 0.9999 0.0107
vn 0.0213 0.9989 -0.0420
vn 0.0082 0.9999 0.0107
vn 0.0197 0.9989 -0.0421
vn -0.0084 0.9999 0.0089
vn -0.0264 0.9985 0.0477
vn -0.0030 0.9999 0.0104
vn 0.0213 0.9997 0.0152
vn 0.0024 0.9999 0.0150
vn 0.0100 0.9960 0.0889
vn -0.0337 0.9754 0.2179
vn -0.0354 0.9978 0.0552
vn -0.0291 0.9943 0.1030
vn -0.0295 0.9992 0.0260
vn -0.1138 0.4139 0.9032
vn -0.0791 0.5545 0.8284
vn -0.0500 0.9151 0.4002
vn -0.0738 0.6877 0.7222
vn -0.0911 0.5736 0.8141
vn -0.0676 0.8001 0.5961
vn -0.1523 0.4894 0.8587
vn -0.0694 0.5834 0.8092
vn -0.0355 0.9127 0.4071
vn -0.0251 0.7343 0.6784
vn -0.0276 0.8938 0.4477
vn 0.0006 -1.0000 -0.0003
vn -0.0007 -1.0000 -0.0008
vn -0.0025 -1.0000 -0.0014
vn -0.0014 -1.0000 0.0024
vn 0.0025 -1.0000 -0.0004
vn -0.0044 -1.0000 -0.0009
vn 0.0025 -0.9994 -0.0331
vn -0.0108 -0.8134 -0.5817
vn 0.0577 -0.7438 -0.6659
vn 0.0515 -0.8190 -0.5715
vn 0.0098 -0.9904 -0.1377
vn 0.0193 -0.9569 -0.2898
vn -0.0564 -0.9027 -0.4266
vn -0.0655 -0.9510 -0.3021
vn -0.0703 -0.8739 -0.4809
vn -0.1999 -0.7251 0.6590
vn -0.1017 0.4979 0.8612
vn -0.1023 0.5334 0.8397
vn -0.0711 -0.9940 0.0836
vn -0.0088 -0.7905 -0.6123
vn -0.0930 -0.9428 0.3201
vn 0.0214 -0.7389 -0.6735
vn -0.1127 0.4977 0.8600
vn -0.0682 0.5499 0.8324
vn 0.0416 -0.8842 -0.4652
vn -0.1062 0.5845 0.8044
vn -0.1082 -0.2132 0.9710
vn -0.1221 -0.8360 0.5349
vn -0.1346 -0.5706 0.8101
vn -0.1933 -0.3682 0.9094
vn -0.1920 0.0585 0.9796
vn -0.1544 0.3338 0.9299
vn -0.1098 0.4874 0.8662
vn -0.1769 -0.8082 0.5617
vn -0.2565 -0.5254 0.8113
vn -0.1718 -0.2419 0.9550
vn -0.2309 0.1787 0.9564
vn -0.2682 -0.1982 0.9428
vn -0.1558 0.4503 0.8792
vn -0.1930 0.6019 0.7749
vn -0.2933 -0.7293 0.6181
vn -0.2350 -0.4785 0.8461
vn -0.2663 0.2641 0.9270
vn 0.0005 1.0000 -0.0001
vn -0.0001 1.0000 -0.0028
vn -0.0026 1.0000 0.0021
vn 0.0002 1.0000 -0.0002
vn -0.0006 0.9997 -0.0264
vn 0.0064 0.9987 -0.0508
vn -0.0320 0.9978 -0.0587
vn -0.0376 0.9979 0.0524
vn -0.0272 0.9978 0.0606
vn -0.0268 0.9981 0.0560
vn -0.0569 0.9953 0.0788
vn -0.0548 0.9956 0.0757
vn -0.0057 0.9999 0.0094
vn -0.0001 1.0000 0.0082
vn -0.0168 0.9997 0.0190
vn -0.0048 1.0000 0.0008
vn -0.0332 0.9994 0.0015
vn 0.0196 0.9934 0.1132
vn 0.0119 0.9994 0.0327
vn 0.0258 0.9966 0.0782
vn 0.0305 0.9791 0.2012
vn -0.0477 0.6062 0.7939
vn -0.0089 0.7987 0.6017
vn -0.0452 0.5933 0.8037
vn 0.0061 0.6689 0.7433
vn 0.0089 0.7085 0.7057
vn 0.0192 0.8803 0.4740
vn 0.0194 0.7999 0.5998
vn 0.0361 0.9258 0.3762
vn 0.0345 0.8441 0.5351
vn 0.0011 -1.0000 0.0026
vn -0.0003 -1.0000 -0.0012
vn 0.0020 -1.0000 -0.0003
vn -0.0007 -1.0000 0.0087
vn -0.0114 -0.9999 -0.0080
vn 0.0233 -0.8367 -0.5471
vn -0.0043 -0.9863 -0.1649
vn 0.0028 -0.9624 -0.2716
vn 0.0095 -0.9094 -0.4158
vn -0.0108 -0.9979 -0.0632
vn -0.0034 -0.9260 -0.3775
vn -0.0616 0.6481 0.7591
vn 0.0421 -0.7519 -0.6580
vn 0.0272 -0.7835 -0.6207
vn 0.0305 -0.8688 -0.4942
vn 0.0394 -0.7953 -0.6049
vn -0.2166 -0.1005 0.9711
vn -0.2260 0.2588 0.9391
vn -0.1921 -0.6438 0.7407
vn -0.2483 -0.0879 0.9647
vn -0.1251 0.6063 0.7853
vn -0.1791 -0.4327 0.8835
vn -0.1922 -0.6916 0.6963
vn -0.1763 0.3264 0.9287
vn -0.1287 -0.5958 0.7928
vn -0.1716 -0.2121 0.9621
vn -0.1041 0.4740 0.8744
vn -0.0712 -0.6322 0.7715
vn -0.0370 -0.0258 0.9990
vn -0.0517 -0.2713 0.9611
vn -0.1159 0.0058 0.9932
vn -0.0543 0.6389 0.7673
vn -0.0476 0.5074 0.8604
vn -0.0433 0.6825 0.7296
vn 0.0011 1.0000 -0.0008
vn 0.0001 1.0000 -0.0001
vn 0.0252 0.9954 -0.0920
vn 0.0108 0.9985 -0.0541
vn 0.0298 0.9945 -0.1000
vn -0.0144 0.9992 -0.0367
vn 0.0283 0.9990 -0.0342
vn 0.0205 0.9983 0.0537
vn -0.0312 0.9915 0.1263
vn -0.0132 0.9950 0.0989
vn -0.0109 0.9991 0.0400
vn -0.0124 0.9998 0.0163
vn -0.0186 0.9962 0.0850
vn -0.0236 0.9778 0.2083
vn -0.0165 0.9687 0.2475
vn -0.0031 0.9911 0.1331
vn 0.0012 0.9696 0.2445
vn -0.0624 0.6430 0.7633
vn -0.0264 0.9202 0.3906
vn 0.0105 0.9202 0.3913
vn 0.0011 -1.0000 -0.0005
vn -0.0010 -1.0000 -0.0007
vn 0.0039 -1.0000 0.0092
vn 0.0057 -1.0000 -0.0045
vn -0.0002 -1.0000 0.0014
vn -0.0007 -1.0000 -0.0015
vn -0.0043 -1.0000 -0.0018
vn 0.0037 -1.0000 0.0050
vn 0.0202 -0.9054 -0.4242
vn 0.0317 -0.8344 -0.5503
vn 0.0016 -0.9979 -0.0647
vn 0.0022 -0.9900 -0.1408
vn -0.0043 -0.8523 -0.5231
vn 0.0142 -0.7827 -0.6223
vn 0.0292 -0.7365 -0.6758
vn 0.0354 -0.7781 -0.6272
vn -0.0035 -0.7408 -0.6717
vn -0.0238 -0.6926 0.7209
vn -0.0167 0.0380 0.9991
vn -0.0128 0.2606 0.9654
vn -0.0051 -0.3138 0.9495
vn 0.0262 0.6557 0.7546
vn 0.0223 0.6943 0.7193
vn 0.0385 -0.3133 0.9489
vn 0.0535 0.5161 0.8548
vn 0.0578 -0.6528 0.7553
vn 0.0831 -0.0626 0.9946
vn 0.1249 0.3743 0.9189
vn 0.0763 0.5136 0.8546
vn 0.2064 -0.3576 0.9108
vn 0.1709 -0.1124 0.9789
vn -0.0000 1.0000 -0.0009
vn 0.0055 1.0000 -0.0026
vn -0.0001 1.0000 0.0001
vn 0.0169 0.9985 -0.0520
vn 0.0218 0.9961 -0.0860
vn 0.0225 0.9966 -0.0790
vn 0.0133 0.9983 0.0566
vn -0.0124 0.9950 0.0992
vn 0.0198 0.9973 -0.0703
vn 0.0195 0.9990 -0.0394
vn 0.0048 1.0000 -0.0044
vn -0.0035 0.9986 0.0531
vn 0.0036 1.0000 -0.0014
vn -0.0049 0.9991 0.0428
vn -0.0021 0.9996 0.0295
vn 0.0022 0.9950 0.0998
vn 0.0039 1.0000 -0.0029
vn -0.0004 0.7474 0.6644
vn -0.0019 0.8279 0.5608
vn 0.0115 0.6834 0.7300
vn 0.0105 0.6835 0.7299
vn 0.0190 0.6611 0.7500
vn -0.0015 -1.0000 -0.0001
vn 0.0019 -1.0000 -0.0012
vn -0.0020 -1.0000 -0.0058
vn -0.0024 -1.0000 -0.0010
vn 0.0009 -1.0000 0.0012
vn -0.0006 -1.0000 0.0062
vn -0.0224 -0.9224 -0.3855
vn -0.0140 -0.9598 -0.2804
vn -0.0172 -0.9641 -0.2652
vn 0.0012 -0.9816 -0.1912
vn 0.0009 -0.9981 -0.0616
vn -0.0237 -0.7780 -0.6278
vn -0.0388 -0.7707 -0.6360
vn 0.0162 0.6615 0.7497
vn 0.0041 -0.8772 -0.4801
vn -0.0395 -0.7399 -0.6715
vn 0.0137 -0.9144 -0.4045
vn 0.1417 0.3585 0.9227
vn 0.0137 0.7019 0.7121
vn 0.1469 -0.0136 0.9891
vn 0.1006 0.4655 0.8793
vn 0.1236 -0.7437 0.6570
vn 0.0541 0.3322 0.9417
vn -0.0205 0.5981 0.8011
vn -0.0328 0.4946 0.8685
vn -0.1176 -0.7544 0.6458
vn -0.0417 -0.4904 0.8705
vn -0.0549 -0.0768 0.9955
vn -0.0354 0.6094 0.7921
vn -0.0004 1.0000 -0.0014
vn -0.0014 1.0000 -0.0059
vn -0.0012 1.0000 -0.0005
vn 0.0004 1.0000 -0.0038
vn 0.0043 0.9997 -0.0238
vn 0.0024 0.9971 -0.0756
vn -0.0146 0.9973 -0.0717
vn -0.0001 0.9998 0.0198
vn -0.0057 0.9995 0.0307
vn -0.0190 0.9953 0.0947
vn -0.0053 0.9995 0.0309
vn -0.0142 0.9958 0.0902
vn -0.0088 0.9786 0.2054
vn -0.0163 0.9472 0.3201
vn 0.0005 0.9991 0.0412
vn -0.0236 0.9270 0.3743
vn -0.0245 0.8261 0.5630
vn -0.0124 0.7284 0.6850
vn -0.0200 0.8991 0.4373
vn -0.0125 0.6417 0.7668
vn 0.0127 0.8357 0.5490
vn 0.0022 0.7252 0.6885
vn -0.0600 -0.9962 -0.0637
vn 0.0531 -0.9706 -0.2347
vn 0.0834 -0.9955 -0.0457
vn 0.0266 -0.9990 -0.0355
vn 0.0341 -0.9993 0.0134
vn -0.1626 -0.9802 0.1126
vn -0.1624 -0.9850 -0.0576
vn -0.0701 -0.9341 0.3501
vn -0.0937 -0.9297 -0.3561
vn -0.0170 -0.9947 0.1018
vn 0.1143 -0.9171 -0.3820
vn 0.0548 -0.9896 -0.1330
vn 0.0268 -0.9600 0.2787
vn 0.2349 -0.9632 -0.1307
vn 0.1544 -0.9863 -0.0577
vn 0.0780 -0.9921 -0.0978
vn 0.0956 -0.9954 -0.0044
vn 0.0270 -0.9993 -0.0245
vn 0.0019 -0.9968 -0.0804
vn -0.1585 -0.9870 -0.0259
vn -0.3378 -0.9402 -0.0447
vn 0.1360 -0.9886 -0.0649
vn 0.1272 -0.9878 -0.0895
vn -0.0766 -0.9933 -0.0869
vn 0.1671 -0.9758 -0.1412
vn 0.3353 -0.9271 -0.1673
vn -0.3647 -0.9306 -0.0299
vn -0.2309 -0.9723 -0.0375
vn -0.0165 -0.9940 -0.1081
vn -0.0269 -0.9994 0.0226
vn 0.2844 -0.9461 -0.1553
vn 0.1428 -0.9894 0.0267
vn 0.3978 -0.9077 -0.1333
vn 0.4318 -0.9009 -0.0440
vn 0.4249 -0.9003 0.0947
vn 0.4250 -0.9003 0.0942
vn -0.2560 -0.9623 0.0917
vn -0.3063 -0.9517 -0.0223
vn -0.1252 -0.9858 0.1122
vn -0.0854 -0.9962 0.0142
vn 0.1472 -0.9775 0.1509
vn 0.2194 -0.9672 0.1280
vn 0.2442 -0.9677 0.0622
vn 0.2702 -0.9626 -0.0214
vn 0.2538 -0.9536 -0.1620
vn -0.4116 -0.9113 -0.0100
vn -0.3623 -0.9262 -0.1046
vn -0.2449 -0.9690 -0.0327
vn -0.2441 -0.9559 -0.1631
vn -0.0111 -0.9957 -0.0924
vn 0.0315 -0.9979 0.0568
vn -0.0229 -0.9876 -0.1551
vn 0.1559 -0.9868 -0.0430
vn 0.1634 -0.9859 0.0362
vn 0.3137 -0.9276 -0.2026
vn 0.4209 -0.8974 -0.1325
vn 0.5337 -0.8452 0.0292
vn 0.5601 -0.8226 0.0978
vn 0.5562 -0.8246 0.1035
vn -0.0334 -0.9780 -0.2059
vn -0.0114 -0.9511 -0.3086
vn 0.0405 -0.9385 -0.3428
vn -0.1861 -0.9097 0.3713
vn -0.0535 -0.9959 -0.0727
vn -0.0610 -0.9944 0.0862
vn -0.0718 -0.9353 0.3464
vn 0.0341 -0.9858 -0.1645
vn 0.0064 -0.9591 -0.2830
vn -0.0387 -0.9333 -0.3571
vn 0.0582 -0.9805 0.1878
vn 0.0820 -0.9082 0.4104
vn -0.0390 -0.9872 0.1544
vn -0.0460 -0.8580 0.5115
vn -0.0512 -0.9944 -0.0929
vn -0.0725 -0.9813 0.1783
vn -0.0120 -0.8917 -0.4526
vn 0.0191 -0.9794 -0.2009
vn -0.0700 -0.9126 0.4028
vn -0.0098 -0.9973 -0.0721
vn 0.0218 -0.9967 0.0777
vn 0.0788 -0.8785 0.4711
vn 0.0721 -0.9883 -0.1344
vn 0.1490 -0.8784 0.4542
vn 0.2259 -0.8716 0.4350
vn 0.0477 -0.9313 -0.3610
vn 0.1188 -0.9920 0.0428
vn 0.1789 -0.9691 0.1700
vn -0.4237 -0.9049 0.0399
vn -0.2850 -0.9582 0.0264
vn -0.2922 -0.9560 0.0258
vn 0.0579 -0.9983 0.0029
vn -0.0635 -0.9968 -0.0479
vn 0.1179 -0.9920 -0.0462
vn 0.3645 -0.9285 -0.0712
vn 0.4995 -0.8508 -0.1630
vn 0.5095 -0.8447 -0.1642
vn -0.4034 -0.9149 -0.0173
vn -0.4238 -0.9057 -0.0089
vn -0.3055 -0.9522 -0.0069
vn -0.3307 -0.9437 0.0039
vn -0.1102 -0.9939 0.0096
vn 0.1103 -0.9930 0.0428
vn 0.1004 -0.9947 0.0235
vn 0.2669 -0.9637 -0.0029
vn 0.2162 -0.9759 0.0294
vn -0.4076 -0.9129 0.0215
vn -0.3467 -0.9376 0.0244
vn -0.1880 -0.9821 0.0132
vn -0.0432 -0.9988 0.0222
vn -0.0463 -0.9978 0.0475
vn 0.0525 -0.9978 0.0414
vn 0.4556 -0.8895 0.0341
vn 0.4569 -0.8891 0.0267
vn -0.2827 -0.9592 -0.0014
vn -0.1411 -0.9894 0.0332
vn -0.1374 -0.9902 0.0264
vn 0.1099 -0.9910 0.0759
vn 0.2544 -0.9653 0.0588
vn 0.1749 -0.9634 0.2033
vn 0.3388 -0.9360 0.0953
vn 0.4125 -0.9070 0.0845
vn 0.4540 -0.8850 0.1032
vn -0.2624 -0.9626 0.0682
vn -0.2069 -0.9664 0.1525
vn 0.0570 -0.9961 0.0670
vn 0.1040 -0.9836 0.1476
vn 0.3679 -0.9246 0.0987
vn 0.3772 -0.9248 0.0491
vn 0.4117 -0.9047 0.1094
vn 0.6115 -0.7868 -0.0843
vn 0.6199 -0.7827 0.0565
vn 0.5065 -0.8619 0.0231
vn -0.2611 -0.2053 -0.9432
vn -0.1712 0.4068 -0.8973
vn -0.1302 0.6363 -0.7603
vn -0.1749 0.0885 -0.9806
vn -0.0636 0.6719 -0.7379
vn -0.1218 -0.7936 -0.5961
vn -0.1928 -0.6019 -0.7749
vn -0.0845 -0.2372 -0.9678
vn -0.0819 0.5024 -0.8607
vn 0.0441 -0.7510 -0.6588
vn 0.0230 -0.4446 -0.8954
vn 0.0973 -0.7858 -0.6108
vn 0.2230 0.0888 -0.9708
vn 0.0663 0.2043 -0.9767
vn 0.0851 0.5863 -0.8056
vn 0.1099 -0.7816 -0.6140
vn 0.0839 -0.1775 -0.9805
vn 0.0638 0.6577 -0.7506
vn 0.1442 0.4954 -0.8566
vn -0.0719 -0.9813 -0.1784
vn 0.0049 -0.8959 0.4442
vn 0.0091 -0.8192 0.5735
vn 0.0409 0.7016 -0.7114
vn 0.0183 -0.9429 0.3327
vn 0.0068 -0.7518 0.6593
vn 0.0086 -0.8208 0.5711
vn 0.0089 -0.8987 0.4384
vn 0.0055 -0.9808 0.1950
vn 0.0076 -0.9512 0.3085
vn 0.0110 -0.9999 0.0071
vn 0.0058 -0.9944 0.1059
vn 0.0072 -0.9993 0.0365
vn 0.0006 -1.0000 -0.0007
vn 0.0001 -1.0000 0.0002
vn -0.0002 -1.0000 -0.0014
vn 0.0001 -1.0000 0.0009
vn -0.0010 -1.0000 0.0005
vn 0.0007 -1.0000 -0.0018
vn 0.0005 -1.0000 0.0012
vn -0.0020 -1.0000 -0.0007
vn -0.0714 0.8493 -0.5231
vn -0.0742 0.7303 -0.6790
vn -0.0664 0.7525 -0.6552
vn -0.0637 0.8939 -0.4436
vn -0.0222 0.7587 -0.6511
vn -0.0198 0.8063 -0.5911
vn 0.0444 0.6863 -0.7260
vn 0.0410 0.7480 -0.6624
vn -0.0331 0.9847 -0.1710
vn -0.0439 0.9895 -0.1375
vn -0.0387 0.9310 -0.3629
vn -0.0124 0.9681 -0.2504
vn -0.0049 0.9968 -0.0795
vn 0.0161 0.8861 -0.4632
vn 0.0043 0.9999 -0.0107
vn 0.0152 0.9861 -0.1654
vn 0.0089 0.9992 -0.0389
vn -0.0067 0.9998 -0.0161
vn 0.0008 1.0000 -0.0034
vn 0.0087 0.9999 -0.0078
vn 0.0129 0.9998 -0.0147
vn 0.0145 0.9996 0.0244
vn 0.0232 0.9995 0.0236
vn -0.0001 1.0000 -0.0007
vn -0.0004 1.0000 0.0010
vn -0.0015 1.0000 -0.0005
vn -0.0026 1.0000 0.0002
vn 0.2762 -0.0573 -0.9594
vn 0.1607 0.2335 -0.9590
vn 0.1059 0.6434 -0.7582
vn 0.0769 -0.5427 -0.8364
vn 0.1698 -0.3306 -0.9284
vn 0.1085 0.4431 -0.8899
vn 0.0597 -0.2815 -0.9577
vn 0.1014 0.5483 -0.8301
vn 0.0916 -0.2560 -0.9623
vn 0.1116 0.1278 -0.9855
vn 0.2354 -0.2458 -0.9403
vn 0.1020 0.1076 -0.9890
vn 0.1247 0.3791 -0.9169
vn 0.0901 0.5410 -0.8362
vn 0.1550 -0.8468 -0.5088
vn -0.0119 -0.8395 0.5432
vn -0.0067 -0.7716 0.6360
vn 0.1224 -0.8623 -0.4914
vn -0.0029 -0.8973 0.4413
vn 0.0557 -0.8815 -0.4689
vn 0.0149 -0.9612 0.2755
vn 0.0700 0.6894 -0.7210
vn 0.0675 -0.9976 -0.0141
vn 0.0541 -0.9626 0.2653
vn 0.0304 -0.9145 0.4034
vn 0.0623 0.6529 -0.7549
vn -0.0106 -0.7464 0.6654
vn -0.0085 -0.8938 0.4483
vn -0.0066 -0.8167 0.5770
vn -0.0092 -0.9726 0.2322
vn -0.0100 -0.9940 0.1085
vn -0.0077 -0.9991 0.0410
vn 0.0108 -0.9999 -0.0088
vn 0.0056 -0.9999 -0.0141
vn 0.0049 -0.9999 -0.0107
vn 0.0011 -1.0000 0.0012
vn 0.0003 -1.0000 0.0012
vn -0.0013 -1.0000 -0.0018
vn 0.0591 0.8053 -0.5899
vn 0.0140 0.7086 -0.7054
vn 0.0209 0.7828 -0.6219
vn 0.0236 0.7752 -0.6312
vn -0.0583 0.7299 -0.6811
vn -0.0424 0.8176 -0.5742
vn 0.0358 0.8936 -0.4474
vn 0.0244 0.9651 -0.2606
vn 0.0240 0.9911 -0.1311
vn -0.0090 0.9988 -0.0478
vn -0.0209 0.9300 -0.3669
vn -0.0146 0.9928 -0.1185
vn -0.0080 1.0000 -0.0004
vn -0.0090 0.9999 0.0094
vn -0.0313 0.9994 0.0132
vn 0.0042 1.0000 0.0063
vn -0.0252 0.9997 0.0074
vn -0.0207 0.9996 0.0213
vn -0.0022 1.0000 0.0005
vn -0.0020 1.0000 0.0026
vn -0.0006 1.0000 -0.0017
vn -0.0092 1.0000 -0.0034
vn -0.0008 1.0000 0.0004
vn 0.0016 1.0000 -0.0002
vn 0.0019 1.0000 -0.0026
vn 0.0850 -0.5086 -0.8568
vn 0.1385 0.0854 -0.9867
vn 0.0758 0.4230 -0.9030
vn -0.0619 -0.7067 -0.7048
vn -0.0109 -0.3076 -0.9514
vn -0.0416 0.2156 -0.9756
vn -0.2049 -0.6332 -0.7464
vn -0.2667 -0.2044 -0.9419
vn -0.0905 0.4739 -0.8759
vn -0.2167 0.1934 -0.9569
vn -0.2344 -0.0737 -0.9693
vn -0.1766 0.4962 -0.8500
vn -0.2079 -0.7208 -0.6612
vn -0.1914 -0.4629 -0.8655
vn 0.0645 -0.8895 -0.4523
vn 0.0400 -0.8809 0.4716
vn 0.0196 -0.7850 0.6192
vn 0.0924 0.5567 -0.8256
vn 0.0808 -0.9233 -0.3756
vn 0.0518 -0.9981 0.0331
vn 0.0052 0.6066 -0.7950
vn -0.0053 0.5588 -0.8293
vn -0.0021 0.6080 -0.7939
vn -0.0828 -0.9384 -0.3356
vn -0.0962 -0.9953 0.0145
vn -0.0159 -0.8563 0.5163
vn -0.0725 -0.9397 0.3342
vn -0.2687 -0.9456 -0.1834
vn -0.0557 0.5671 -0.8218
vn -0.0936 0.6247 -0.7752
vn -0.0066 -0.8238 0.5669
vn 0.0054 -0.7580 0.6523
vn -0.0404 -0.7699 0.6369
vn -0.0429 -0.7567 0.6524
vn -0.0075 -0.9999 0.0089
vn 0.0051 -0.9901 0.1399
vn 0.0116 -0.9997 0.0197
vn 0.0065 -1.0000 0.0062
vn 0.0008 -1.0000 0.0057
vn 0.0059 -0.9999 -0.0082
vn 0.0002 -1.0000 0.0002
vn -0.0009 -1.0000 0.0011
vn 0.0007 -1.0000 0.0007
vn -0.0112 0.6648 -0.7470
vn -0.0459 0.6969 -0.7157
vn -0.0509 0.7196 -0.6925
vn -0.0282 0.6051 -0.7957
vn 0.0063 0.6151 -0.7885
vn 0.0376 0.8008 -0.5977
vn -0.0440 0.8989 -0.4360
vn -0.0292 0.9193 -0.3924
vn -0.0197 0.9659 -0.2580
vn -0.0126 0.9041 -0.4272
vn 0.0184 0.9919 -0.1260
vn 0.0123 0.9999 -0.0073
vn 0.0026 0.9999 -0.0135
vn -0.0015 0.9998 -0.0213
vn 0.0080 0.9999 0.0062
vn 0.0058 0.9998 -0.0204
vn -0.0075 0.9988 -0.0491
vn -0.0063 0.9982 -0.0595
vn -0.0153 0.9997 0.0192
vn -0.0227 0.9997 0.0004
vn 0.0016 1.0000 0.0034
vn 0.0012 1.0000 -0.0023
vn 0.0005 1.0000 -0.0008
vn 0.0115 0.9999 0.0126
vn 0.0015 1.0000 -0.0006
vn -0.1831 -0.0745 -0.9803
vn -0.0921 0.3534 -0.9309
vn -0.0413 0.5913 -0.8054
vn 0.0446 -0.5347 -0.8438
vn 0.0453 -0.4666 -0.8833
vn 0.1036 0.3772 -0.9203
vn 0.0629 0.5742 -0.8163
vn 0.2252 -0.4189 -0.8797
vn 0.2497 -0.0772 -0.9652
vn 0.2298 0.3179 -0.9199
vn 0.0943 0.5833 -0.8068
vn 0.3636 -0.4478 -0.8169
vn 0.2134 0.4355 -0.8745
vn 0.4027 -0.1188 -0.9076
vn 0.2929 0.1717 -0.9406
vn 0.2129 0.4355 -0.8746
vn -0.0795 -0.8965 0.4359
vn -0.0572 0.6117 -0.7890
vn -0.0551 -0.7604 0.6471
vn -0.0373 -0.8793 0.4749
vn -0.0512 -0.8091 0.5854
vn 0.0504 0.6402 -0.7666
vn 0.2262 -0.7978 -0.5589
vn 0.0777 0.6441 -0.7610
vn 0.0062 -0.9343 0.3564
vn -0.0317 -0.7906 0.6116
vn -0.0439 -0.7234 0.6890
vn 0.1721 0.5166 -0.8387
vn -0.0611 -0.7501 0.6586
vn -0.0249 -0.7680 0.6399
vn -0.0177 -0.8919 0.4519
vn -0.0331 -0.7226 0.6904
vn -0.0358 -0.7497 0.6608
vn -0.0096 -0.9597 0.2809
vn -0.0134 -0.9084 0.4179
vn -0.0288 -0.7359 0.6765
vn -0.0023 -1.0000 -0.0033
vn -0.0129 -0.9893 0.1454
vn -0.0113 -0.9994 0.0340
vn -0.0081 -0.9999 -0.0077
vn 0.0026 -1.0000 0.0024
vn -0.0005 -1.0000 -0.0030
vn 0.0009 -1.0000 0.0011
vn 0.0012 -1.0000 -0.0016
vn -0.0000 -1.0000 0.0002
vn -0.0001 -1.0000 -0.0010
vn 0.0277 0.6857 -0.7274
vn 0.0472 0.7521 -0.6573
vn -0.0379 0.6494 -0.7595
vn -0.0337 0.6592 -0.7512
vn -0.0685 0.8306 -0.5526
vn 0.0144 0.9993 -0.0331
vn 0.0408 0.9100 -0.4126
vn 0.0191 0.9775 -0.2100
vn -0.0607 0.9123 -0.4051
vn -0.0314 0.9918 -0.1241
vn -0.0018 1.0000 -0.0003
vn -0.0044 0.9998 -0.0193
vn -0.0032 1.0000 0.0035
vn 0.0084 0.9995 -0.0290
vn 0.0159 0.9978 0.0638
vn 0.0278 0.9995 0.0157
vn -0.0176 0.9995 0.0254
vn 0.0018 0.9995 0.0314
vn -0.0010 1.0000 0.0071
vn -0.0013 0.9999 0.0141
vn 0.0015 1.0000 -0.0009
vn -0.0003 1.0000 -0.0008
vn -0.0012 1.0000 -0.0007
vn -0.0004 1.0000 -0.0013
vn 0.1936 -0.1184 -0.9739
vn 0.2016 -0.8462 -0.4933
vn 0.3023 -0.5997 -0.7410
vn 0.1137 0.5242 -0.8440
vn -0.0174 -0.8862 0.4629
vn 0.1745 0.4435 -0.8791
vn 0.2341 -0.6233 -0.7461
vn 0.1827 -0.8573 -0.4813
vn 0.0345 -0.9861 0.1627
vn 0.2160 -0.5610 -0.7992
vn -0.0501 -0.7675 0.6391
vn 0.3842 -0.2832 -0.8788
vn 0.1455 -0.8681 -0.4745
vn 0.2827 -0.5890 -0.7571
vn -0.0206 -0.7914 0.6110
vn -0.0274 -0.7773 0.6286
vn 0.2132 -0.3916 -0.8951
vn 0.0973 0.5197 -0.8488
vn 0.3089 0.0820 -0.9475
vn 0.2119 0.2994 -0.9303
vn 0.1817 -0.9016 -0.3925
vn 0.1062 -0.9943 -0.0057
vn 0.0461 -0.9397 0.3388
vn 0.1378 -0.6253 -0.7681
vn 0.2376 -0.0653 -0.9692
vn 0.1427 0.4132 -0.8994
vn 0.1756 -0.9047 -0.3883
vn 0.2502 -0.7804 -0.5731
vn 0.2351 -0.4413 -0.8660
vn 0.2024 0.2691 -0.9416
vn 0.2509 -0.9604 -0.1212
vn 0.3163 -0.1415 -0.9381
vn -0.0103 -0.8086 0.5882
vn -0.0070 -0.7344 0.6787
vn 0.0046 -0.9641 0.2654
vn 0.0105 -0.8912 0.4534
vn 0.0099 -0.8998 0.4362
vn 0.0311 -0.7230 0.6902
vn -0.0066 -1.0000 0.0043
vn 0.0016 -0.9868 0.1618
vn 0.0006 -1.0000 -0.0002
vn 0.0131 -0.9999 0.0045
vn 0.0024 -1.0000 -0.0018
vn -0.0027 -1.0000 -0.0004
vn 0.0091 -1.0000 0.0006
vn -0.0586 0.8089 -0.5850
vn -0.0221 0.6629 -0.7484
vn -0.0406 0.7291 -0.6831
vn 0.0934 0.4882 -0.8677
vn -0.0140 0.8345 -0.5509
vn 0.0430 0.5580 -0.8287
vn 0.0537 0.6282 -0.7762
vn 0.0578 0.7721 -0.6328
vn 0.0701 0.7926 -0.6056
vn -0.0633 0.9310 -0.3594
vn -0.0440 0.9788 -0.2000
vn -0.0073 0.9978 -0.0660
vn -0.0137 0.9060 -0.4231
vn 0.0074 0.9798 -0.1997
vn 0.0081 0.9859 -0.1669
vn -0.0052 1.0000 0.0016
vn 0.0030 1.0000 -0.0004
vn 0.0013 0.9999 -0.0124
vn 0.0146 0.9999 -0.0049
vn -0.0270 0.9995 0.0153
vn 0.0050 0.9990 -0.0441
vn -0.0020 0.9999 -0.0116
vn -0.0248 0.9994 0.0256
vn -0.0063 0.9992 0.0393
vn 0.0008 1.0000 0.0028
vn 0.0003 1.0000 0.0012
vn 0.2277 -0.9723 0.0528
vn 0.3934 -0.8087 -0.4374
vn 0.3377 -0.5948 -0.7295
vn 0.2398 0.1017 -0.9655
vn 0.2797 0.2520 -0.9264
vn 0.4119 -0.2808 -0.8669
vn 0.1586 0.3793 -0.9116
vn 0.4381 -0.8983 -0.0339
vn 0.5063 -0.6676 -0.5459
vn 0.2626 -0.8378 0.4787
vn 0.4876 -0.5010 -0.7150
vn 0.3174 0.1267 -0.9398
vn 0.5006 -0.6720 -0.5458
vn 0.4668 -0.5023 -0.7279
vn 0.2771 0.2346 -0.9318
vn 0.5264 -0.8354 -0.1579
vn 0.4291 -0.8524 0.2989
vn 0.5316 -0.2773 -0.8003
vn 0.6636 -0.7252 -0.1838
vn 0.4248 -0.8560 0.2948
vn 0.5750 -0.5105 -0.6393
vn 0.4371 -0.0245 -0.8991
vn 0.3612 0.1243 -0.9242
vn 0.5477 -0.8239 -0.1458
vn 0.4166 -0.8579 0.3007
vn 0.6029 -0.6310 -0.4882
vn 0.5748 -0.3168 -0.7545
vn 0.3086 0.1231 -0.9432
vn 0.5603 -0.8139 -0.1538
vn 0.5347 -0.5524 -0.6396
vn 0.4726 -0.1411 -0.8699
vn 0.0657 -0.7380 0.6716
vn 0.0458 -0.7844 0.6186
vn 0.0255 -0.9838 0.1774
vn 0.2221 -0.8072 0.5469
vn 0.0974 -0.9088 0.4056
vn 0.3178 -0.8748 0.3656
vn -0.0069 -1.0000 0.0038
vn 0.0257 -0.9915 0.1275
vn 0.0108 -0.9998 0.0149
vn 0.0100 -0.9999 0.0101
vn 0.0067 -0.9999 -0.0128
vn 0.0003 -1.0000 -0.0028
vn 0.0015 -1.0000 -0.0022
vn 0.0003 -1.0000 0.0031
vn -0.0009 -1.0000 -0.0030
vn -0.0028 -1.0000 0.0003
vn 0.1171 0.6046 -0.7879
vn 0.1233 0.6893 -0.7139
vn 0.1479 0.4819 -0.8637
vn 0.1560 0.5435 -0.8248
vn 0.1903 0.3853 -0.9029
vn 0.1430 0.7991 -0.5840
vn 0.2235 0.4401 -0.8697
vn 0.1633 0.6937 -0.7015
vn 0.1472 0.8200 -0.5532
vn 0.1756 0.4494 -0.8759
vn 0.2642 0.2904 -0.9197
vn 0.0682 0.8978 -0.4351
vn 0.0077 0.9998 -0.0183
vn 0.0741 0.9574 -0.2792
vn 0.0354 0.9960 -0.0818
vn 0.0755 0.9660 -0.2474
vn 0.0484 0.9924 -0.1134
vn 0.0189 0.9994 -0.0300
vn 0.0096 1.0000 0.0015
vn 0.0118 0.9999 0.0080
vn -0.0153 0.9999 -0.0054
vn 0.0018 0.9994 -0.0345
vn 0.0087 0.9996 0.0263
vn -0.0042 1.0000 0.0053
vn 0.0010 1.0000 0.0020
vn -0.0001 1.0000 -0.0032
vn 0.4810 -0.8764 -0.0229
vn 0.6218 -0.6757 -0.3959
vn 0.5527 -0.4595 -0.6953
vn 0.3681 -0.0872 -0.9257
vn 0.5623 -0.8236 -0.0745
vn 0.5341 -0.1813 -0.8258
vn 0.5444 -0.4620 -0.7001
vn 0.6312 -0.7143 -0.3023
vn 0.5691 -0.3862 -0.7259
vn 0.6628 -0.5255 -0.5334
vn 0.2805 -0.8781 0.3877
vn 0.0316 -0.9855 0.1665
vn 0.4536 -0.8868 0.0884
vn 0.0631 -0.9767 0.2049
vn 0.5664 -0.8168 -0.1097
vn 0.3702 -0.9159 0.1554
vn 0.6748 -0.6799 -0.2870
vn 0.0996 -0.9763 0.1920
vn 0.5630 -0.7718 -0.2956
vn 0.4572 -0.8871 -0.0635
vn 0.2545 -0.9637 0.0802
vn 0.0715 -0.9963 0.0468
vn 0.2981 -0.9432 -0.1470
vn 0.1329 -0.9909 0.0233
vn 0.0230 -0.9997 0.0093
vn -0.0033 -1.0000 0.0003
vn -0.0103 -0.9999 -0.0099
vn -0.0019 -0.9996 -0.0268
vn -0.0057 -1.0000 -0.0026
vn 0.0024 -1.0000 -0.0008
vn 0.0007 -1.0000 0.0016
vn -0.0013 -1.0000 -0.0002
vn 0.4224 0.2259 -0.8778
vn 0.2950 0.3783 -0.8774
vn 0.3301 0.7330 -0.5948
vn 0.1687 0.6974 -0.6965
vn 0.6911 -0.3465 -0.6342
vn 0.5590 0.3362 -0.7579
vn 0.3977 0.3312 -0.8557
vn 0.5962 0.0256 -0.8024
vn 0.4733 0.3830 -0.7933
vn 0.3833 0.4006 -0.8322
vn 0.0678 0.9159 -0.3957
vn 0.2200 0.6588 -0.7194
vn 0.0196 0.9782 -0.2067
vn 0.6701 -0.5198 -0.5299
vn 0.1447 0.7773 -0.6123
vn 0.1282 0.7715 -0.6232
vn 0.0588 0.8987 -0.4346
vn -0.0065 0.9911 -0.1327
vn 0.6845 -0.6382 -0.3525
vn 0.7183 -0.2172 -0.6610
vn 0.4030 0.4352 -0.8051
vn 0.5060 -0.8057 -0.3078
vn 0.6284 -0.4541 -0.6316
vn 0.6200 0.0830 -0.7802
vn 0.4374 0.4307 -0.7894
vn 0.3094 0.5504 -0.7754
vn 0.2310 0.7092 -0.6661
vn 0.0875 0.8810 -0.4650
vn 0.0343 0.9659 -0.2566
vn -0.0097 0.9987 -0.0500
vn -0.0062 1.0000 0.0025
vn 0.0014 1.0000 -0.0010
vn 0.0002 1.0000 0.0009
vn 0.1397 -0.9885 -0.0581
vn 0.0343 -0.9984 -0.0457
vn 0.0103 -0.9999 -0.0048
vn -0.0005 -1.0000 -0.0038
vn -0.0003 -1.0000 0.0022
vn -0.0033 -1.0000 0.0017
vn 0.0030 -1.0000 -0.0031
vn 0.0003 -1.0000 -0.0002
vn 0.0002 -1.0000 -0.0003
vn -0.0003 -1.0000 0.0008
vn 0.4257 -0.8161 -0.3907
vn 0.3532 -0.9025 -0.2464
vn 0.5683 -0.1596 -0.8072
vn 0.3416 0.5133 -0.7873
vn 0.5229 -0.5954 -0.6100
vn 0.5066 0.0669 -0.8596
vn 0.1650 0.8680 -0.4683
vn 0.0654 0.9647 -0.2551
vn 0.2947 -0.8654 -0.4052
vn 0.5428 -0.3231 -0.7753
vn 0.5014 0.0669 -0.8626
vn 0.3497 0.5187 -0.7802
vn 0.3522 0.5941 -0.7232
vn 0.2087 0.8454 -0.4916
vn 0.0757 0.9737 -0.2147
vn 0.2257 -0.9026 -0.3665
vn 0.1671 -0.9520 -0.2565
vn 0.3862 -0.7157 -0.5819
vn 0.3896 -0.4751 -0.7890
vn 0.4979 -0.0481 -0.8659
vn 0.4041 0.5237 -0.7500
vn 0.3051 0.6234 -0.7199
vn 0.1164 0.9644 -0.2375
vn 0.1783 -0.8985 -0.4012
vn 0.2874 -0.6792 -0.6753
vn 0.3144 -0.1220 -0.9414
vn 0.2107 0.8391 -0.5016
vn 0.1817 -0.9101 -0.3723
vn 0.4899 -0.0429 -0.8707
vn 0.3787 0.3261 -0.8662
vn 0.3165 0.5906 -0.7423
vn 0.0981 0.9642 -0.2462
vn 0.1502 -0.9146 -0.3754
vn 0.2558 -0.1636 -0.9528
vn 0.2051 0.8365 -0.5081
vn 0.2066 0.8431 -0.4965
vn 0.0138 0.9996 -0.0254
vn 0.0132 0.9999 -0.0033
vn 0.0026 1.0000 -0.0030
vn 0.0045 1.0000 -0.0054
vn 0.0029 1.0000 0.0025
vn 0.0037 0.9999 -0.0103
vn 0.0082 0.9999 -0.0111
vn -0.0019 0.9999 0.0109
vn 0.0124 0.9999 -0.0014
vn 0.0128 0.9999 -0.0041
vn -0.0006 1.0000 0.0078
vn -0.0003 1.0000 -0.0006
vn -0.0004 1.0000 -0.0000
vn -0.0009 1.0000 0.0003
vn -0.0007 1.0000 -0.0001
vn -0.0016 1.0000 0.0017
vn -0.0007 1.0000 0.0002
vn 0.0289 -0.9986 -0.0438
vn 0.0298 -0.9983 -0.0497
vn 0.0387 -0.9982 -0.0451
vn -0.0003 -1.0000 -0.0032
vn -0.0040 -1.0000 -0.0011
vn 0.0026 -1.0000 0.0013
vn 0.0053 -1.0000 -0.0034
vn -0.0030 -1.0000 0.0008
vn 0.0024 -1.0000 0.0010
vn 0.0039 -1.0000 -0.0005
vn 0.0003 -1.0000 -0.0003
vn 0.0007 -1.0000 0.0006
vn 0.2852 -0.7335 -0.6169
vn 0.2738 -0.6841 -0.6760
vn 0.4369 0.2236 -0.8713
vn 0.4301 0.4049 -0.8069
vn 0.4458 0.0455 -0.8940
vn 0.3289 0.5746 -0.7494
vn 0.2504 0.8363 -0.4878
vn 0.3208 -0.7364 -0.5957
vn 0.4176 -0.4687 -0.7785
vn 0.4920 0.1294 -0.8609
vn 0.3897 0.5884 -0.7084
vn 0.5357 -0.1237 -0.8353
vn 0.5301 -0.4543 -0.7159
vn 0.5196 -0.1348 -0.8437
vn 0.4843 0.3323 -0.8093
vn 0.1718 -0.9279 -0.3310
vn 0.1265 -0.9666 -0.2230
vn 0.0534 0.9952 -0.0820
vn 0.1886 -0.9195 -0.3449
vn 0.1307 0.9664 -0.2213
vn 0.0631 0.9952 -0.0750
vn 0.2356 -0.9041 -0.3566
vn 0.4207 0.6127 -0.6690
vn 0.4958 0.5354 -0.6838
vn 0.0237 0.9993 -0.0286
vn 0.4685 -0.6761 -0.5687
vn 0.7036 -0.0950 -0.7043
vn 0.3274 0.8371 -0.4382
vn 0.1700 0.9604 -0.2206
vn 0.2556 -0.9139 -0.3153
vn 0.1882 -0.9525 -0.2394
vn 0.4387 -0.7348 -0.5173
vn 0.4237 -0.6945 -0.5815
vn 0.5532 -0.1852 -0.8122
vn 0.6114 0.3389 -0.7150
vn 0.1703 0.9650 -0.1994
vn 0.6493 -0.1112 -0.7523
vn 0.6086 0.3324 -0.7205
vn 0.3698 0.8302 -0.4172
vn 0.1681 0.9655 -0.1991
vn 0.0615 0.9957 -0.0696
vn 0.0006 1.0000 -0.0052
vn -0.0030 1.0000 -0.0080
vn -0.0134 0.9999 -0.0012
vn 0.0113 0.9997 -0.0209
vn -0.0496 0.9988 0.0011
vn -0.0244 0.9995 -0.0198
vn -0.0489 0.9986 -0.0214
vn -0.0281 0.9995 0.0132
vn -0.0464 0.9989 -0.0117
vn -0.0023 1.0000 -0.0005
vn -0.0229 0.9997 -0.0030
vn -0.0000 1.0000 0.0005
vn 0.0392 -0.9982 -0.0454
vn 0.0008 -0.9999 -0.0108
vn -0.0034 -1.0000 0.0005
vn 0.0075 -1.0000 -0.0021
vn 0.0058 -1.0000 -0.0043
vn 0.0064 -1.0000 -0.0027
vn 0.0009 -1.0000 -0.0010
vn 0.0046 -0.9999 -0.0149
vn 0.0031 -1.0000 -0.0026
vn -0.0010 -1.0000 -0.0031
vn 0.4500 -0.7226 -0.5247
vn 0.5858 -0.4705 -0.6599
vn 0.3553 0.8137 -0.4601
vn 0.3546 0.8433 -0.4038
vn 0.1739 0.9700 -0.1701
vn 0.2894 -0.9009 -0.3234
vn 0.6323 -0.1385 -0.7622
vn 0.6075 0.4199 -0.6743
vn 0.5427 0.6375 -0.5469
vn 0.3463 0.8456 -0.4063
vn 0.1393 0.9747 -0.1747
vn 0.4493 -0.7206 -0.5280
vn 0.5622 0.5563 -0.6120
vn 0.6399 -0.2010 -0.7417
vn 0.7345 -0.0437 -0.6772
vn 0.3392 0.8424 -0.4186
vn 0.4074 -0.7262 -0.5538
vn 0.4886 -0.5553 -0.6730
vn 0.5800 -0.1408 -0.8023
vn 0.6119 0.3653 -0.7015
vn 0.5621 0.3085 -0.7674
vn 0.4318 0.7686 -0.4721
vn 0.5506 -0.2642 -0.7919
vn 0.5254 -0.4763 -0.7051
vn 0.5856 0.3430 -0.7345
vn 0.5391 -0.2735 -0.7966
vn 0.4668 0.3629 -0.8064
vn 0.0194 0.9997 -0.0114
vn 0.1357 -0.9748 -0.1770
vn 0.0860 0.9932 -0.0790
vn 0.1536 0.9664 -0.2060
vn 0.0957 -0.9815 -0.1660
vn 0.1512 0.9622 -0.2264
vn 0.0535 0.9949 -0.0859
vn 0.2344 -0.9077 -0.3480
vn 0.1309 -0.9714 -0.1980
vn 0.3177 0.8424 -0.4352
vn 0.1461 0.9632 -0.2257
vn 0.3870 -0.7231 -0.5721
vn 0.4283 -0.5644 -0.7057
vn 0.5302 0.5357 -0.6571
vn 0.3061 0.8379 -0.4519
vn 0.3075 0.8269 -0.4708
vn 0.1508 0.9722 -0.1793
vn 0.0004 1.0000 -0.0083
vn 0.0056 1.0000 0.0011
vn 0.0047 1.0000 -0.0008
vn 0.0016 1.0000 0.0012
vn 0.0017 1.0000 0.0002
vn 0.0072 0.9999 -0.0118
vn 0.0197 0.9993 -0.0303
vn 0.0163 0.9982 -0.0573
vn 0.0126 0.9980 -0.0612
vn -0.0145 0.9998 -0.0106
vn -0.0189 0.9986 0.0494
vn 0.0584 0.9979 -0.0287
vn -0.0218 0.9996 0.0198
vn -0.0378 0.9993 0.0079
vn 0.0091 1.0000 0.0035
vn -0.0519 0.9986 0.0131
vn -0.0145 0.9999 -0.0013
vn -0.0648 0.9979 -0.0021
vn 0.0484 -0.9961 -0.0743
vn 0.0193 -0.9996 -0.0221
vn -0.0006 -1.0000 -0.0040
vn -0.0018 -1.0000 0.0006
vn -0.0041 -1.0000 0.0017
vn -0.0047 -1.0000 0.0016
vn 0.0078 -0.9999 0.0152
vn -0.0167 -0.9998 -0.0051
vn -0.0189 -0.9998 -0.0073
vn 0.0035 -1.0000 0.0031
vn 0.0049 -1.0000 -0.0030
vn -0.0053 -1.0000 0.0016
vn 0.2321 -0.9143 -0.3320
vn 0.1480 -0.9691 -0.1972
vn 0.5511 -0.4336 -0.7130
vn 0.5381 0.3913 -0.7466
vn 0.0848 0.9961 -0.0246
vn 0.5513 -0.1215 -0.8254
vn 0.4561 0.5922 -0.6642
vn 0.1851 0.9507 -0.2489
vn 0.4038 -0.7257 -0.5571
vn 0.4825 -0.5309 -0.6966
vn 0.4648 0.6212 -0.6309
vn 0.3298 0.8254 -0.4583
vn 0.3300 0.8287 -0.4521
vn 0.4043 -0.7267 -0.5554
vn 0.5988 -0.1004 -0.7946
vn 0.5537 0.3426 -0.7590
vn 0.3318 0.8283 -0.4514
vn 0.1469 0.9789 -0.1422
vn 0.2496 -0.9086 -0.3350
vn 0.5685 0.3473 -0.7457
vn 0.4771 0.5909 -0.6506
vn 0.3332 0.8317 -0.4442
vn 0.5652 -0.2759 -0.7775
vn 0.5612 -0.4495 -0.6950
vn 0.4754 0.5910 -0.6516
vn 0.3816 -0.7421 -0.5510
vn 0.4487 -0.5717 -0.6869
vn 0.5621 -0.1450 -0.8143
vn 0.3176 0.8390 -0.4418
vn 0.5265 0.3598 -0.7703
vn 0.3037 0.8328 -0.4629
vn 0.0354 0.9990 -0.0260
vn 0.0027 1.0000 -0.0034
vn 0.0897 0.9936 -0.0684
vn 0.1352 -0.9744 -0.1799
vn 0.0540 0.9957 -0.0751
vn 0.0074 0.9999 -0.0085
vn 0.1572 0.9599 -0.2323
vn 0.1551 0.9648 -0.2123
vn 0.3042 0.8379 -0.4533
vn 0.0589 0.9954 -0.0752
vn -0.0091 1.0000 0.0014
vn -0.0069 1.0000 0.0025
vn 0.0017 1.0000 -0.0003
vn -0.0036 1.0000 -0.0046
vn -0.0004 0.9999 0.0121
vn 0.0232 0.9994 -0.0268
vn -0.0131 0.9998 -0.0148
vn 0.0390 0.9992 -0.0131
vn 0.0400 0.9980 -0.0494
vn 0.0500 0.9982 -0.0318
vn 0.0246 0.9995 0.0177
vn 0.0601 0.9981 -0.0123
vn 0.0372 0.9991 0.0190
vn -0.0257 0.9997 -0.0046
vn -0.0241 0.9989 0.0414
vn 0.0067 0.9995 0.0312
vn 0.0071 1.0000 0.0008
vn -0.0235 0.9995 -0.0208
vn -0.0157 0.9995 -0.0270
vn 0.0199 0.9995 -0.0249
vn 0.0418 0.9990 -0.0137
vn 0.0091 -0.9997 -0.0217
vn -0.0017 -1.0000 0.0005
vn 0.0604 -0.9970 -0.0475
vn 0.0910 -0.9897 -0.1105
vn -0.0120 -0.9999 -0.0097
vn -0.0477 -0.9987 0.0163
vn -0.0316 -0.9988 -0.0375
vn -0.1197 -0.9883 -0.0943
vn -0.2319 -0.9711 0.0558
vn -0.0213 -0.9997 0.0151
vn -0.1515 -0.9847 0.0861
vn -0.2430 -0.9643 0.1056
vn -0.2634 -0.9548 0.1379
vn 0.0024 -1.0000 0.0030
vn -0.0216 -0.9996 0.0161
vn 0.0017 -1.0000 -0.0025
vn 0.0048 -1.0000 -0.0015
vn 0.0042 -1.0000 -0.0038
vn 0.5149 -0.4713 -0.7160
vn 0.5433 -0.1198 -0.8310
vn 0.4882 0.5338 -0.6904
vn 0.4778 -0.5520 -0.6834
vn 0.5967 -0.0917 -0.7972
vn 0.5875 0.3743 -0.7174
vn 0.2037 -0.9446 -0.2574
vn 0.1601 0.9650 -0.2079
vn 0.1617 0.9622 -0.2190
vn 0.2563 -0.9225 -0.2887
vn 0.3996 -0.7294 -0.5552
vn 0.3189 0.8374 -0.4440
vn 0.3204 0.8470 -0.4243
vn 0.1268 0.9857 -0.1108
vn 0.4284 -0.7508 -0.5027
vn 0.1501 -0.9831 -0.1050
vn 0.1465 -0.9841 -0.1004
vn 0.6522 -0.1825 -0.7357
vn 0.3758 0.8275 -0.4172
vn 0.4941 -0.7479 -0.4432
vn 0.6003 -0.5207 -0.6071
vn 0.6657 0.3280 -0.6703
vn 0.3997 0.8430 -0.3600
vn 0.3974 0.8530 -0.3384
vn 0.2145 0.9657 -0.1464
vn 0.5266 -0.7395 -0.4194
vn 0.5240 -0.7663 -0.3718
vn 0.6784 -0.5136 -0.5254
vn 0.7557 -0.1602 -0.6350
vn 0.7355 0.3442 -0.5835
vn 0.4228 0.8430 -0.3325
vn 0.7234 -0.5012 -0.4748
vn 0.7925 -0.1460 -0.5921
vn 0.7700 0.2997 -0.5633
vn 0.6587 0.6065 -0.4453
vn 0.4535 0.8444 -0.2851
vn 0.5866 -0.7364 -0.3370
vn 0.7028 -0.6319 -0.3267
vn 0.8620 -0.1217 -0.4921
vn 0.8417 0.2388 -0.4842
vn 0.6238 0.7011 -0.3453
vn 0.0297 0.9995 -0.0110
vn 0.0197 0.9998 -0.0103
vn 0.0683 -0.9969 -0.0395
vn 0.1111 0.9920 -0.0599
vn 0.0878 0.9950 -0.0470
vn 0.2216 0.9681 -0.1167
vn 0.0741 0.9971 -0.0179
vn 0.3111 -0.9316 -0.1882
vn 0.2151 -0.9620 -0.1684
vn 0.1331 0.9904 -0.0372
vn 0.4835 0.8434 -0.2342
vn 0.1219 0.9924 -0.0178
vn 0.0276 0.9996 -0.0040
vn 0.0004 1.0000 0.0016
vn 0.0014 1.0000 0.0021
vn 0.0166 0.9999 0.0007
vn 0.0007 1.0000 -0.0043
vn 0.0149 0.9999 -0.0061
vn -0.0012 1.0000 -0.0039
vn 0.0139 0.9999 0.0004
vn 0.0023 1.0000 0.0010
vn 0.0354 0.9993 -0.0140
vn 0.0523 0.9986 -0.0002
vn 0.0050 1.0000 0.0003
vn 0.0397 -0.9660 -0.2554
vn 0.1431 -0.8854 -0.4422
vn -0.4267 -0.9038 0.0318
vn -0.4537 -0.8761 0.1629
vn -0.1965 -0.9642 -0.1782
vn -0.5742 -0.7884 -0.2210
vn -0.5733 -0.8184 -0.0391
vn -0.0469 -0.8791 -0.4742
vn -0.4944 -0.7671 -0.4087
vn -0.5565 -0.7953 -0.2405
vn -0.2328 -0.8400 -0.4901
vn -0.7001 -0.7054 -0.1108
vn -0.7042 -0.6677 0.2414
vn -0.3769 -0.7881 -0.4867
vn 0.1212 -0.6881 -0.7154
vn -0.6357 -0.7217 -0.2740
vn -0.6966 -0.6729 0.2488
vn -0.3646 -0.7287 -0.5797
vn 0.0439 -0.6137 -0.7883
vn -0.5651 -0.7941 -0.2236
vn -0.5403 -0.7825 -0.3094
vn -0.6619 -0.7307 0.1673
vn 0.0280 -0.6167 -0.7867
vn 0.0316 -0.6122 -0.7901
vn 0.2775 -0.5178 -0.8092
vn -0.1593 -0.9179 -0.3634
vn -0.3946 -0.9177 -0.0465
vn -0.0903 -0.7870 -0.6103
vn 0.1687 -0.5746 -0.8008
vn -0.4236 -0.8873 0.1821
vn -0.2105 -0.9653 0.1544
vn -0.0981 -0.9930 0.0661
vn -0.3887 -0.8772 0.2818
vn -0.1889 -0.9746 0.1205
vn -0.3246 -0.9219 0.2114
vn -0.6395 -0.6385 0.4282
vn -0.6064 -0.6679 0.4315
vn -0.5037 -0.7896 0.3504
vn -0.4197 -0.8602 0.2898
vn -0.5437 -0.7615 0.3528
vn -0.0836 -0.9954 0.0461
vn -0.2278 -0.9693 0.0929
vn -0.1636 -0.9850 0.0546
vn -0.4063 -0.8885 0.2135
vn -0.3937 -0.9027 0.1737
vn -0.3223 -0.9428 0.0852
vn 0.0089 -0.9998 0.0173
vn 0.0138 -0.9999 0.0051
vn 0.0042 -0.9999 -0.0118
vn -0.0475 -0.9984 0.0297
vn -0.0480 -0.9988 -0.0044
vn -0.1762 -0.9843 0.0062
vn -0.2707 -0.9621 0.0317
vn -0.0081 -0.9999 -0.0088
vn -0.0483 -0.9988 -0.0040
vn -0.2396 -0.9709 0.0015
vn -0.0283 -0.9996 -0.0017
vn -0.1252 -0.9921 -0.0022
vn -0.0039 -1.0000 -0.0048
vn -0.0245 -0.9997 -0.0007
vn -0.1253 -0.9921 -0.0023
vn -0.2082 -0.9781 -0.0058
vn -0.0009 -1.0000 0.0030
vn -0.0886 -0.9961 -0.0038
vn -0.0910 -0.9958 -0.0049
vn -0.1616 -0.9868 -0.0085
vn 0.0019 -1.0000 -0.0002
vn -0.0215 -0.9998 0.0028
vn -0.2763 -0.9610 -0.0154
vn 0.6428 -0.6661 -0.3784
vn 0.7268 0.5730 -0.3788
vn 0.3667 -0.9021 -0.2275
vn 0.6276 -0.7082 -0.3233
vn 0.8833 -0.1452 -0.4458
vn 0.8742 0.2455 -0.4190
vn 0.4879 0.8557 -0.1723
vn 0.2473 0.9674 -0.0545
vn 0.3328 -0.8551 -0.3976
vn 0.5293 -0.7701 -0.3561
vn 0.7318 -0.5782 -0.3608
vn 0.8953 -0.1035 -0.4333
vn 0.7621 0.5505 -0.3409
vn 0.8865 0.2364 -0.3977
vn 0.7092 0.6527 -0.2665
vn 0.5130 0.8465 -0.1421
vn 0.6294 -0.6169 -0.4725
vn 0.6402 -0.5324 -0.5538
vn 0.8742 -0.0503 -0.4830
vn 0.8466 0.3354 -0.4133
vn 0.7811 -0.1086 -0.6149
vn 0.8426 0.0862 -0.5316
vn 0.6866 0.6929 -0.2201
vn 0.5566 -0.4070 -0.7242
vn 0.6993 -0.1647 -0.6956
vn 0.7830 0.3267 -0.5292
vn 0.2242 0.9727 -0.0593
vn 0.4585 0.8784 -0.1350
vn 0.2177 0.9724 -0.0844
vn 0.2167 0.9727 -0.0834
vn 0.3971 0.9110 -0.1113
vn 0.3241 0.9383 -0.1208
vn 0.7208 0.4396 -0.5359
vn 0.5916 0.7721 -0.2321
vn 0.7086 0.1072 -0.6975
vn 0.5406 0.8020 -0.2539
vn 0.5403 -0.2425 -0.8058
vn 0.7357 0.2622 -0.6245
vn 0.7152 0.5941 -0.3682
vn 0.6974 0.5604 -0.4467
vn 0.6270 0.6976 -0.3468
vn 0.6603 -0.0589 -0.7487
vn 0.6206 0.7054 -0.3426
vn 0.5152 0.7955 -0.3188
vn 0.0391 0.9992 -0.0079
vn 0.0351 0.9994 0.0010
vn 0.0054 1.0000 -0.0078
vn 0.0227 0.9993 -0.0297
vn 0.0835 0.9943 -0.0656
vn 0.3424 0.9194 -0.1939
vn 0.2899 0.9295 -0.2279
vn 0.2033 0.9703 -0.1313
vn 0.0067 1.0000 -0.0018
vn 0.0590 0.9981 -0.0175
vn 0.0909 0.9950 -0.0408
vn 0.0517 0.9987 0.0009
vn 0.0087 0.9998 0.0184
vn 0.0540 0.9985 0.0107
vn 0.0328 0.9995 -0.0050
vn 0.0339 0.9994 -0.0036
vn 0.0067 1.0000 0.0021
vn 0.0248 0.9997 0.0008
vn 0.0061 1.0000 0.0007
vn -0.0190 -0.9832 -0.1817
vn 0.2082 -0.8190 -0.5347
vn 0.3006 -0.5644 -0.7688
vn 0.5196 -0.3618 -0.7740
vn 0.6681 -0.1653 -0.7255
vn 0.5815 -0.4326 -0.6890
vn 0.7173 -0.2463 -0.6518
vn 0.7791 -0.0274 -0.6263
vn 0.8041 0.1023 -0.5856
vn 0.8150 -0.0651 -0.5758
vn 0.8519 0.1579 -0.4994
vn 0.7084 -0.3537 -0.6108
vn 0.8094 -0.0778 -0.5821
vn -0.2522 -0.9523 0.1720
vn -0.5372 -0.7597 0.3665
vn 0.1815 -0.9676 -0.1755
vn 0.0713 -0.9970 -0.0301
vn -0.1992 -0.9635 0.1787
vn -0.4838 -0.7882 0.3804
vn -0.1580 -0.9673 0.1984
vn 0.6450 -0.5826 -0.4945
vn 0.3485 -0.9082 -0.2319
vn 0.7815 -0.2793 -0.5579
vn 0.3479 -0.9258 -0.1479
vn 0.0496 -0.9888 0.1405
vn 0.6610 -0.6109 -0.4358
vn 0.6595 -0.7260 -0.1949
vn 0.3104 -0.9492 0.0510
vn 0.0155 -0.9797 0.2001
vn -0.2641 -0.9376 0.2262
vn 0.7657 -0.4571 -0.4525
vn 0.7921 -0.2814 -0.5416
vn 0.8436 0.1577 -0.5133
vn 0.8461 -0.3959 -0.3569
vn 0.8512 -0.2707 -0.4496
vn 0.8527 0.0108 -0.5223
vn 0.8349 0.2977 -0.4630
vn 0.7316 -0.6413 -0.2313
vn 0.4332 -0.9010 -0.0230
vn 0.6965 -0.7122 -0.0873
vn 0.8786 -0.2777 -0.3885
vn 0.8706 0.0213 -0.4915
vn 0.8774 0.1623 -0.4515
vn 0.9491 -0.2213 -0.2239
vn 0.9180 0.0378 -0.3947
vn -0.4325 -0.8882 0.1550
vn -0.5409 -0.8227 0.1749
vn -0.6311 -0.6648 0.3996
vn -0.5544 -0.7496 0.3615
vn -0.5598 -0.7446 0.3635
vn -0.5897 -0.7602 0.2728
vn -0.5567 -0.7483 0.3608
vn -0.5564 -0.7964 0.2372
vn -0.1946 -0.9455 0.2612
vn -0.3678 -0.8699 0.3287
vn -0.3518 -0.9180 0.1830
vn -0.5713 -0.8137 0.1068
vn 0.2573 -0.9638 0.0697
vn 0.6741 -0.7312 -0.1042
vn 0.6641 -0.7441 -0.0730
vn 0.2865 -0.9567 -0.0505
vn -0.1465 -0.9870 -0.0661
vn -0.3539 -0.9315 -0.0840
vn 0.8688 -0.4157 -0.2691
vn 0.8732 0.2861 -0.3945
vn -0.3695 -0.9289 0.0248
vn -0.4265 -0.9038 0.0337
vn -0.5510 -0.8312 0.0742
vn -0.4570 -0.8890 0.0294
vn -0.6211 -0.7823 0.0469
vn -0.5932 -0.8036 0.0484
vn -0.6672 -0.7442 0.0317
vn -0.4657 -0.8814 -0.0790
vn -0.5997 -0.8002 0.0073
vn -0.2700 -0.9629 0.0007
vn -0.4549 -0.8905 -0.0000
vn -0.5586 -0.8294 -0.0034
vn -0.7075 -0.7064 -0.0203
vn -0.6441 -0.7643 -0.0322
vn -0.4736 -0.8807 0.0036
vn -0.5603 -0.8283 0.0105
vn -0.7093 -0.7043 0.0300
vn -0.2630 -0.9648 -0.0042
vn -0.5587 -0.8294 -0.0037
vn -0.6370 -0.7708 -0.0060
vn -0.6566 -0.7543 -0.0013
vn -0.6824 -0.7310 -0.0067
vn -0.6754 -0.7369 0.0267
vn -0.6804 -0.7327 -0.0149
vn -0.3773 -0.9261 -0.0087
vn -0.4456 -0.8952 -0.0051
vn -0.5497 -0.8353 -0.0093
vn -0.5914 -0.8063 0.0103
vn -0.6723 -0.7393 0.0373
vn -0.6595 -0.7510 -0.0331
vn -0.5239 -0.8508 -0.0403
vn -0.5650 -0.8251 -0.0027
vn -0.6382 -0.7687 -0.0432
vn -0.6996 -0.7115 -0.0656
vn -0.6955 -0.7185 -0.0085
vn -0.6288 -0.7754 -0.0576
vn -0.6956 -0.7151 -0.0684
vn -0.6473 -0.7602 -0.0555
vn -0.6675 -0.7446 -0.0005
vn -0.6797 -0.7273 -0.0948
vn 0.7860 0.1764 -0.5926
vn 0.7586 0.4621 -0.4594
vn 0.7631 0.4689 -0.4448
vn 0.6937 0.6072 -0.3874
vn 0.8021 0.4055 -0.4385
vn 0.7359 0.5296 -0.4218
vn 0.8348 0.2989 -0.4623
vn 0.3673 0.8926 -0.2613
vn 0.6894 0.5734 -0.4426
vn 0.6171 0.6748 -0.4046
vn 0.4915 0.8026 -0.3381
vn 0.7049 0.5654 -0.4284
vn 0.5536 0.7629 -0.3340
vn 0.5326 0.7938 -0.2938
vn 0.3864 0.9020 -0.1928
vn 0.8311 0.2964 -0.4705
vn 0.7892 0.4313 -0.4372
vn 0.6598 0.6259 -0.4159
vn 0.7532 0.5037 -0.4231
vn 0.6855 0.6195 -0.3824
vn 0.6872 0.6572 -0.3097
vn 0.8112 0.3883 -0.4372
vn 0.7814 0.4727 -0.4073
vn 0.8204 0.3959 -0.4125
vn 0.1936 0.9760 -0.0996
vn 0.1426 0.9894 -0.0264
vn 0.3584 0.9286 -0.0964
vn 0.5806 0.7826 -0.2247
vn 0.4382 0.8976 -0.0478
vn 0.3901 0.9187 -0.0614
vn 0.7039 0.6096 -0.3646
vn 0.7104 0.6641 -0.2329
vn 0.5963 0.7857 -0.1647
vn 0.8347 0.4350 -0.3376
vn 0.7848 0.5811 -0.2152
vn 0.1458 0.9893 0.0035
vn 0.1680 0.9858 0.0054
vn 0.3293 0.9440 0.0196
vn 0.4105 0.9117 0.0174
vn 0.5519 0.8321 -0.0548
vn 0.5362 0.8437 0.0269
vn 0.6520 0.7579 0.0226
vn 0.0987 0.9951 -0.0118
vn 0.1068 0.9942 -0.0108
vn 0.1932 0.9808 -0.0263
vn 0.4117 0.9102 -0.0453
vn 0.4007 0.9151 -0.0461
vn 0.3806 0.9247 -0.0056
vn 0.5542 0.8299 -0.0639
vn 0.6263 0.7766 -0.0680
vn 0.5393 0.8416 -0.0277
vn 0.1158 0.9933 -0.0023
vn 0.2159 0.9764 -0.0026
vn 0.3904 0.9206 0.0064
vn 0.5678 0.8231 0.0094
vn 0.1038 0.9946 -0.0013
vn 0.2453 0.9694 -0.0053
vn 0.4097 0.9122 -0.0069
vn 0.5552 0.8317 -0.0044
vn 0.5556 0.8313 0.0172
vn 0.0793 0.9968 0.0025
vn 0.4178 0.9085 0.0114
vn 0.6312 0.7756 -0.0089
vn 0.1474 0.9890 0.0130
vn 0.1882 0.9821 0.0079
vn 0.3482 0.9374 0.0091
vn 0.4320 0.9018 0.0040
vn 0.5377 0.8431 0.0080
vn -0.0308 -0.9685 -0.2470
vn 0.5724 -0.8041 -0.1604
vn 0.3595 -0.9190 -0.1618
vn 0.4134 -0.8605 -0.2976
vn 0.9622 -0.1647 -0.2170
vn 0.9033 -0.2920 -0.3143
vn 0.9438 0.0400 -0.3280
vn 0.9223 0.1813 -0.3414
vn 0.2666 -0.8822 -0.3882
vn 0.7505 -0.5772 -0.3219
vn 0.8937 -0.2217 -0.3899
vn 0.9355 0.0172 -0.3530
vn 0.6989 -0.5406 -0.4683
vn 0.8451 -0.2454 -0.4749
vn 0.9029 -0.0374 -0.4283
vn -0.4244 -0.9026 -0.0729
vn -0.5245 -0.8513 0.0124
vn -0.1574 -0.9608 -0.2281
vn -0.4457 -0.8949 -0.0222
vn -0.0887 -0.9959 -0.0198
vn 0.3664 -0.8738 -0.3196
vn 0.8792 0.4283 -0.2086
vn 0.1703 -0.9853 -0.0163
vn 0.4119 -0.8880 -0.2046
vn 0.6314 -0.7749 -0.0285
vn 0.7521 -0.5337 -0.3866
vn 0.8519 -0.2835 -0.4403
vn 0.8999 -0.0363 -0.4345
vn 0.9116 0.2042 -0.3567
vn 0.9195 0.3234 -0.2236
vn 0.9018 0.3915 -0.1831
vn 0.8949 0.4310 -0.1154
vn 0.8645 0.5020 -0.0262
vn 0.6981 -0.7159 -0.0042
vn 0.9052 -0.3914 -0.1655
vn 0.9156 -0.4019 -0.0109
vn 0.9588 -0.2052 -0.1964
vn 0.9980 -0.0622 -0.0122
vn 0.9613 0.0872 -0.2614
vn 0.9798 0.1978 -0.0285
vn 0.9312 0.3640 -0.0189
vn -0.5423 -0.8396 -0.0310
vn -0.5351 -0.8428 -0.0580
vn -0.5260 -0.8479 -0.0659
vn -0.6039 -0.7971 -0.0001
vn -0.4483 -0.8928 -0.0448
vn -0.2117 -0.9718 -0.1041
vn -0.3330 -0.9375 -0.1011
vn 0.1589 -0.9770 -0.1420
vn 0.1588 -0.9731 -0.1667
vn 0.4321 -0.8825 -0.1859
vn 0.7069 -0.6968 -0.1216
vn 0.8751 -0.4692 -0.1187
vn 0.9859 -0.1110 -0.1254
vn 0.9674 0.2315 -0.1025
vn 0.9112 0.4049 -0.0757
vn 0.8644 0.4845 -0.1342
vn 0.5576 -0.8069 -0.1950
vn 0.8267 -0.5226 -0.2084
vn 0.9324 -0.2198 -0.2870
vn 0.9612 0.0707 -0.2667
vn 0.9555 0.2367 -0.1760
vn 0.9364 0.2988 -0.1842
vn 0.8860 0.4379 -0.1521
vn -0.6523 -0.7566 0.0450
vn -0.4923 -0.8702 0.0209
vn 0.8059 0.5838 -0.0987
vn 0.7612 0.6436 -0.0796
vn 0.5536 -0.8080 -0.2014
vn 0.8276 0.5357 -0.1675
vn 0.6270 -0.7543 -0.1946
vn 0.8539 -0.4590 -0.2454
vn 0.8565 -0.4455 -0.2607
vn 0.9401 -0.2443 -0.2377
vn 0.9677 0.1460 -0.2057
vn 0.9594 0.0893 -0.2676
vn 0.8920 0.4034 -0.2041
vn 0.8942 0.3992 -0.2024
vn 0.8910 0.3888 -0.2342
vn 0.7400 0.6684 -0.0748
vn 0.8503 -0.4418 -0.2860
vn 0.8339 -0.4924 -0.2493
vn 0.9680 -0.1426 -0.2067
vn 0.9259 -0.2126 -0.3124
vn 0.9614 0.0640 -0.2678
vn 0.9367 0.2404 -0.2545
vn -0.6096 -0.7925 -0.0192
vn -0.6045 -0.7964 -0.0172
vn -0.5970 -0.8011 0.0428
vn -0.4643 -0.8848 -0.0395
vn 0.6809 0.7309 -0.0457
vn 0.6625 0.7487 0.0255
vn 0.7440 0.6603 -0.1023
vn 0.6607 0.7507 -0.0009
vn 0.6611 0.7498 0.0272
vn 0.7513 0.6527 -0.0973
vn -0.4622 -0.8836 0.0749
vn -0.4604 -0.8850 0.0688
vn -0.4755 -0.8797 0.0060
vn -0.3996 -0.9101 -0.1098
vn 0.6697 0.7407 0.0530
vn 0.6845 0.7289 0.0098
vn 0.6978 0.7162 0.0129
vn 0.7251 0.6842 0.0776
vn 0.6435 -0.7556 0.1226
vn 0.6491 -0.7563 0.0815
vn 0.6282 -0.7749 -0.0708
vn 0.7848 -0.6196 0.0150
vn 0.7868 0.6059 0.1172
vn 0.8305 0.5484 0.0979
vn 0.8708 0.4891 -0.0498
vn -0.5910 -0.7954 -0.1341
vn -0.5801 -0.8052 -0.1234
vn -0.5701 -0.8168 -0.0880
vn -0.5645 -0.8254 0.0057
vn -0.4574 -0.8750 -0.1589
vn 0.7097 0.7033 -0.0404
vn 0.7084 0.7017 0.0768
vn 0.7673 -0.6087 0.2017
vn 0.7652 0.6409 -0.0610
vn 0.7460 0.6617 0.0746
vn 0.8719 0.3771 -0.3124
vn 0.8594 0.4418 -0.2572
vn 0.7020 0.7057 -0.0965
vn 0.7654 0.6419 -0.0465
vn 0.6914 0.7225 0.0018
vn 0.8268 0.5250 -0.2018
vn 0.7154 0.6948 -0.0739
vn 0.8234 0.5617 -0.0808
vn 0.7686 0.6361 -0.0683
vn 0.7654 0.6415 -0.0509
vn 0.8040 0.5872 -0.0934
vn 0.7111 0.7031 -0.0037
vn 0.7565 0.6520 -0.0517
vn 0.7099 0.7039 -0.0254
vn 0.7092 0.7047 -0.0210
vn 0.6099 0.7925 -0.0040
vn 0.6465 0.7625 0.0250
vn 0.6890 0.7248 -0.0066
vn 0.6915 0.7223 -0.0059
vn 0.6921 0.7215 0.0199
vn 0.6800 0.7330 -0.0188
vn 0.5969 0.8021 0.0149
vn 0.6525 0.7576 0.0163
vn 0.6962 0.7173 0.0285
vn 0.7528 -0.6217 -0.2162
vn 0.7550 -0.6543 -0.0428
vn 0.7998 -0.5973 0.0597
vn 0.8740 -0.4492 -0.1851
vn 0.8682 -0.4856 0.1021
vn 0.9642 -0.0965 -0.2470
vn 0.9762 0.0720 0.2047
vn 0.9509 0.2432 -0.1915
vn 0.8483 0.5083 -0.1486
vn 0.8979 0.4390 0.0309
vn 0.8468 0.5319 0.0007
vn 0.7244 0.6886 -0.0332
vn 0.7263 0.6867 0.0310
vn 0.9886 -0.1075 -0.1054
vn 0.9951 0.0920 -0.0349
vn 0.8262 -0.5417 0.1547
vn 0.8248 -0.5326 0.1897
vn 0.8538 -0.5138 -0.0842
vn 0.9810 0.0404 0.1898
vn 0.9967 -0.0557 0.0591
vn 0.9964 0.0809 -0.0260
vn 0.9447 0.2987 0.1356
vn 0.7904 -0.6119 -0.0298
vn 0.8509 -0.5059 0.1419
vn 0.9451 -0.2995 -0.1304
vn 0.9134 -0.3755 -0.1573
vn 0.9348 -0.3186 0.1569
vn 0.9208 -0.3749 0.1077
vn 0.9786 0.0513 -0.1994
vn 0.9834 0.0969 -0.1531
vn 0.9926 0.0915 0.0803
vn 0.9706 0.1817 0.1578
vn 0.9160 0.3931 -0.0796
vn 0.8396 0.5372 0.0802
vn -0.0007 -1.0000 -0.0033
vn -0.0001 -1.0000 0.0006
vn -0.0020 -1.0000 0.0005
vn -0.0026 -1.0000 0.0021
vn 0.0015 -1.0000 0.0041
vn -0.0036 -0.9025 -0.4307
vn -0.0009 -0.9865 -0.1638
vn -0.0034 -0.8191 -0.5736
vn 0.0131 -0.9803 -0.1970
vn 0.0221 -0.9015 -0.4323
vn 0.0113 -0.9683 -0.2496
vn -0.0304 -0.9005 -0.4338
vn -0.0064 -0.8023 -0.5969
vn 0.0046 -0.7660 -0.6428
vn -0.0077 -0.8652 -0.5014
vn 0.0206 -0.7705 -0.6371
vn 0.0283 -0.8624 -0.5054
vn 0.0345 -0.7758 -0.6300
vn -0.2610 -0.7276 0.6344
vn -0.2284 -0.4717 0.8517
vn -0.3288 -0.0022 0.9444
vn -0.2209 0.3031 0.9270
vn -0.3236 -0.7027 0.6336
vn -0.5018 -0.4682 0.7273
vn -0.2017 0.5060 0.8386
vn -0.2963 -0.6710 0.6797
vn -0.2625 0.0268 0.9646
vn -0.2735 0.2960 0.9152
vn -0.1596 0.6998 0.6963
vn -0.2477 -0.6484 0.7199
vn -0.2108 -0.4113 0.8868
vn -0.1916 0.5788 0.7927
vn -0.1963 -0.0429 0.9796
vn -0.1435 0.3945 0.9076
vn -0.0032 -0.6479 0.7617
vn -0.0426 -0.4885 0.8715
vn -0.0351 0.6764 0.7357
vn -0.0273 0.6950 0.7185
vn 0.0948 0.4072 0.9084
vn 0.1072 0.5675 0.8163
vn 0.0673 0.6672 0.7418
vn -0.0005 1.0000 -0.0014
vn 0.0001 1.0000 -0.0015
vn -0.0000 1.0000 0.0002
vn 0.0060 0.9994 -0.0334
vn 0.0269 0.9945 -0.1012
vn 0.0415 0.9980 -0.0470
vn 0.0409 0.9980 0.0489
vn 0.0127 0.9974 -0.0703
vn 0.0078 0.9992 -0.0389
vn 0.0125 0.9950 0.0993
vn 0.0070 0.9960 0.0886
vn 0.0361 0.9961 0.0801
vn -0.0008 1.0000 0.0015
vn 0.0017 1.0000 0.0038
vn 0.0061 0.9996 0.0287
vn 0.0061 0.9995 0.0310
vn 0.0259 0.9914 0.1282
vn 0.0366 0.9541 0.2972
vn 0.0079 0.6793 0.7338
vn 0.0404 0.9176 0.3955
vn 0.0090 0.6991 0.7150
vn 0.0394 0.6822 0.7301
vn 0.0634 0.9220 0.3821
vn 0.0589 0.7509 0.6578
vn 0.0852 0.8326 0.5473
vn 0.0343 0.8244 0.5650
vn -0.0004 -1.0000 0.0005
vn -0.0006 -1.0000 0.0016
vn -0.0002 -1.0000 0.0016
vn 0.0001 -1.0000 -0.0011
vn -0.0011 -1.0000 -0.0094
vn 0.0038 -0.9999 -0.0097
vn 0.0223 -0.8357 -0.5488
vn -0.0043 -0.9185 -0.3955
vn -0.0049 -0.9646 -0.2638
vn -0.0062 -0.9668 -0.2554
vn -0.0087 -0.9860 -0.1664
vn -0.0217 -0.8262 -0.5630
vn -0.0023 -0.9993 -0.0368
vn 0.0244 -0.8586 -0.5121
vn 0.0304 -0.7458 -0.6655
vn 0.0312 -0.7617 -0.6472
vn -0.0360 -0.7413 -0.6702
vn -0.0265 -0.7816 -0.6232
vn -0.0319 -0.8389 -0.5434
vn -0.0332 -0.7758 -0.6301
vn -0.0344 -0.7378 -0.6741
vn 0.1632 -0.7071 0.6880
vn 0.1203 -0.3421 0.9319
vn 0.1486 0.0658 0.9867
vn 0.1137 0.3999 0.9095
vn 0.0493 -0.6615 0.7483
vn 0.0950 0.5822 0.8074
vn 0.0060 0.6998 0.7143
vn 0.0209 -0.1851 0.9825
vn -0.0772 -0.5604 0.8246
vn -0.0719 -0.2687 0.9605
vn -0.0620 0.1051 0.9925
vn -0.0434 0.3990 0.9159
vn -0.0246 0.5616 0.8270
vn -0.0153 0.6636 0.7479
vn -0.0174 0.6990 0.7150
vn -0.0939 -0.7455 0.6599
vn -0.0456 0.5714 0.8194
vn 0.0003 1.0000 0.0007
vn 0.0006 1.0000 -0.0002
vn -0.0053 1.0000 -0.0014
vn -0.0004 1.0000 -0.0006
vn -0.0008 1.0000 0.0018
vn 0.0003 1.0000 0.0032
vn -0.0092 0.9989 -0.0455
vn -0.0034 1.0000 -0.0083
vn -0.0176 0.9977 -0.0661
vn -0.0027 0.9999 -0.0126
vn -0.0174 0.9983 -0.0554
vn -0.0126 0.9999 0.0052
vn -0.0074 0.9999 0.0148
vn 0.0032 1.0000 -0.0010
vn 0.0045 0.9980 0.0630
vn 0.0088 0.9991 0.0406
vn 0.0030 0.9999 0.0131
vn -0.0616 0.9335 0.3534
vn -0.0194 0.9955 0.0928
vn -0.0136 0.7236 0.6901
vn -0.0107 0.8938 0.4484
vn -0.0497 0.6938 0.7184
vn -0.0604 0.8246 0.5625
vn -0.0451 0.9145 0.4022
vn -0.0543 0.8379 0.5432
vn -0.0596 0.7640 0.6425
vn -0.0513 0.9065 0.4192
vn -0.0018 -1.0000 0.0024
vn -0.0001 -1.0000 -0.0005
vn 0.0002 -1.0000 0.0001
vn 0.0011 -1.0000 0.0030
vn 0.0023 -1.0000 -0.0006
vn -0.0062 -1.0000 0.0031
vn -0.0177 -0.8941 -0.4474
vn -0.0056 -0.9934 -0.1147
vn -0.0105 -0.9679 -0.2510
vn -0.0293 -0.7733 -0.6333
vn -0.0253 -0.7731 -0.6338
vn -0.0031 -0.8492 -0.5280
vn -0.0249 -0.7412 -0.6708
vn -0.0241 -0.2847 0.9583
vn -0.0256 0.0503 0.9984
vn 0.0031 0.6488 0.7609
vn 0.0503 -0.3457 0.9370
vn 0.0362 0.3695 0.9285
vn 0.0211 0.6877 0.7257
vn 0.1275 -0.7322 0.6690
vn 0.0800 0.5484 0.8324
vn 0.2567 -0.5390 0.8022
vn 0.1902 0.0292 0.9813
vn 0.0482 0.6919 0.7204
vn 0.3007 -0.7384 0.6036
vn 0.3238 -0.0802 0.9427
vn 0.2327 0.3784 0.8959
vn 0.3059 -0.3928 0.8673
vn 0.1163 0.6475 0.7532
vn -0.0010 1.0000 0.0007
vn 0.0017 1.0000 0.0005
vn 0.0004 1.0000 -0.0000
vn 0.0002 1.0000 -0.0009
vn -0.0158 0.9977 -0.0664
vn -0.0218 0.9991 -0.0351
vn 0.0074 0.9965 0.0828
vn 0.0092 0.9973 0.0724
vn 0.0101 0.9973 0.0730
vn -0.0008 1.0000 0.0076
vn -0.0004 1.0000 0.0014
vn -0.0007 0.9999 0.0132
vn -0.0016 0.9968 0.0799
vn 0.0030 0.9846 0.1746
vn -0.0037 0.9993 0.0368
vn 0.0101 0.9619 0.2732
vn -0.0107 0.6800 0.7332
vn -0.0163 0.9384 0.3453
vn 0.0122 0.7554 0.6551
vn 0.0327 0.7004 0.7130
vn 0.0107 0.8180 0.5751
vn 0.0051 0.9348 0.3552
vn 0.0069 0.8870 0.4618
vn 0.0160 0.8325 0.5538
vn -0.0013 -0.9999 0.0112
vn -0.0053 -1.0000 -0.0065
vn 0.0043 -0.9986 -0.0531
vn -0.0291 -0.8327 -0.5529
vn -0.0145 -0.9233 -0.3839
vn -0.0280 -0.8708 -0.4909
vn -0.0063 -0.9793 -0.2024
vn -0.0023 -0.9951 -0.0989
vn -0.0451 -0.7737 -0.6319
vn -0.0232 -0.9162 -0.4001
vn 0.0603 0.6204 0.7820
vn -0.0071 -0.8836 -0.4683
vn -0.0258 -0.7723 -0.6348
vn -0.0027 -0.9492 -0.3147
vn 0.1123 -0.9927 0.0451
vn 0.1267 0.5640 0.8160
vn -0.0125 -0.9929 0.1179
vn 0.0266 -0.8873 0.4605
vn 0.0684 -0.6820 0.7282
vn 0.0418 0.5516 0.8331
vn 0.0822 0.4746 0.8764
vn -0.0638 -0.7949 -0.6034
vn -0.0575 -0.7360 -0.6746
vn 0.3112 0.2617 0.9136
vn 0.3605 -0.3578 0.8614
vn 0.3315 -0.8434 0.4229
vn 0.4315 0.0689 0.8995
vn 0.2328 0.4102 0.8818
vn 0.2466 0.0893 0.9650
vn 0.1723 -0.8457 0.5051
vn 0.2717 -0.3276 0.9049
vn 0.2005 0.4349 0.8779
vn 0.1509 -0.8781 0.4541
vn 0.2067 0.0006 0.9784
vn 0.0769 -0.2810 0.9566
vn 0.0005 1.0000 0.0019
vn 0.0021 1.0000 -0.0032
vn 0.0012 1.0000 0.0001
vn 0.0053 0.9980 -0.0630
vn 0.0287 0.9966 -0.0770
vn 0.0311 0.9991 -0.0277
vn 0.0475 0.9972 -0.0577
vn 0.0415 0.9966 0.0707
vn 0.0518 0.9975 0.0472
vn 0.0766 0.9932 0.0881
vn 0.0298 0.9988 0.0401
vn 0.0021 0.9999 0.0105
vn 0.0082 1.0000 0.0021
vn 0.0101 0.9998 0.0167
vn 0.0066 0.9963 0.0862
vn -0.0009 0.7494 0.6621
vn -0.0135 0.8634 0.5043
vn 0.0065 0.6743 0.7384
vn 0.0477 0.5839 0.8104
vn 0.0186 0.6629 0.7485
vn -0.0001 -1.0000 -0.0004
vn -0.0032 -1.0000 0.0018
vn 0.0001 -1.0000 -0.0008
vn 0.0012 -1.0000 0.0005
vn -0.0002 -1.0000 0.0043
vn -0.0014 -1.0000 -0.0002
vn -0.0037 -0.9998 -0.0179
vn -0.0085 -1.0000 0.0007
vn -0.0434 -0.8195 -0.5714
vn -0.0080 -0.9933 -0.1151
vn -0.0117 -0.9648 -0.2627
vn -0.0040 -0.7969 -0.6042
vn -0.0662 -0.9751 -0.2117
vn -0.0662 -0.9054 -0.4193
vn -0.0742 -0.9970 0.0225
vn -0.0477 -0.8347 0.5487
vn -0.0273 -0.7553 0.6548
vn 0.0429 0.4793 0.8766
vn 0.0375 -0.8869 0.4605
vn 0.0952 0.4282 0.8986
vn -0.0208 -0.9063 -0.4220
vn 0.1096 -0.9937 -0.0217
vn -0.0192 -0.8209 -0.5707
vn 0.1215 0.4286 0.8953
vn 0.1047 -0.9945 -0.0075
vn 0.1255 -0.8108 0.5717
vn 0.3660 -0.2745 0.8892
vn 0.2021 0.2428 0.9488
vn 0.1183 0.5408 0.8328
vn 0.0443 -0.0167 0.9989
vn 0.0382 0.3259 0.9446
vn -0.0259 -0.4637 0.8856
vn -0.0092 -0.2363 0.9716
vn 0.0086 0.0321 0.9994
vn 0.1032 -0.1424 0.9844
vn 0.0001 1.0000 -0.0000
vn 0.0004 1.0000 -0.0009
vn -0.0019 0.9999 -0.0125
vn 0.0395 0.9992 0.0050
vn 0.0070 1.0000 0.0016
vn 0.0034 1.0000 0.0018
vn -0.0062 0.9971 0.0762
vn 0.0035 0.9823 0.1873
vn 0.0139 0.9984 0.0543
vn 0.0048 0.9241 0.3822
vn 0.0256 0.7311 0.6818
vn 0.0159 0.8993 0.4371
vn 0.0259 0.8097 0.5863
vn 0.0771 0.6333 0.7701
vn 0.0857 0.6786 0.7295
vn 0.1181 0.6193 0.7763
vn 0.1241 0.7357 0.6658
vn 0.0008 -1.0000 -0.0004
vn -0.0004 -1.0000 -0.0001
vn -0.0003 -1.0000 -0.0001
vn 0.0047 -1.0000 -0.0024
vn -0.0004 -1.0000 0.0009
vn -0.0010 -1.0000 -0.0001
vn -0.0020 -1.0000 0.0033
vn 0.0019 -1.0000 0.0005
vn 0.0017 -1.0000 -0.0017
vn 0.0032 -1.0000 0.0004
vn 0.0022 -1.0000 0.0051
vn 0.0128 -0.9197 -0.3925
vn 0.0222 -0.9674 -0.2522
vn 0.0271 -0.7428 -0.6690
vn 0.0126 -0.8047 -0.5936
vn 0.0128 -0.9893 -0.1453
vn 0.0297 -0.7792 -0.6261
vn 0.0331 -0.7845 -0.6193
vn 0.3437 -0.7470 0.5690
vn 0.2830 -0.0710 0.9565
vn 0.1869 0.2521 0.9495
vn 0.1412 0.4656 0.8736
vn 0.1290 -0.9916 -0.0071
vn 0.2626 -0.6629 0.7011
vn -0.0070 -0.7339 -0.6792
vn 0.2083 -0.3432 0.9159
vn 0.0662 -0.9705 -0.2317
vn 0.0382 -0.8253 -0.5634
vn 0.0059 -0.7121 -0.7020
vn 0.3384 -0.1383 0.9308
vn 0.1999 0.2860 0.9371
vn 0.1245 0.4742 0.8716
vn 0.0516 -0.8203 -0.5695
vn 0.3068 -0.7479 0.5886
vn 0.3238 -0.3637 0.8734
vn 0.2961 -0.2310 0.9268
vn 0.1354 0.5247 0.8405
vn 0.1713 -0.9652 0.1978
vn 0.0138 -0.7217 -0.6921
vn 0.0326 -0.7042 -0.7093
vn 0.1524 0.3273 0.9326
vn 0.0959 -0.8310 -0.5480
vn 0.3063 -0.7478 0.5890
vn 0.2485 -0.2286 0.9413
vn 0.1974 -0.9241 -0.3272
vn 0.3646 -0.5092 0.7796
vn 0.1159 -0.7374 -0.6655
vn 0.2746 -0.0897 0.9574
vn 0.2119 -0.9600 -0.1831
vn 0.3195 -0.9370 0.1411
vn 0.2357 -0.8335 -0.4997
vn 0.4834 -0.6778 0.5540
vn 0.2271 -0.7834 -0.5785
vn 0.3895 -0.1753 0.9042
vn 0.1919 0.2273 0.9547
vn 0.0009 1.0000 -0.0011
vn -0.0004 1.0000 -0.0003
vn 0.0006 1.0000 -0.0001
vn -0.0022 1.0000 0.0003
vn -0.0021 1.0000 0.0002
vn 0.0105 0.9998 0.0173
vn 0.0100 0.9999 0.0032
vn 0.0031 1.0000 0.0011
vn -0.0002 0.9999 0.0112
vn 0.0638 0.9126 0.4037
vn 0.0303 0.9930 0.1144
vn 0.0511 0.9703 0.2365
vn 0.0050 0.9996 0.0260
vn -0.0130 0.9713 0.2376
vn -0.0138 0.9065 0.4219
vn 0.0048 0.9997 0.0257
vn 0.0006 0.9930 0.1181
vn -0.0068 0.9851 0.1721
vn 0.1178 0.5402 0.8333
vn 0.1374 0.6650 0.7341
vn 0.1375 0.7351 0.6638
vn 0.0877 0.8257 0.5572
vn 0.0526 0.6994 0.7128
vn -0.0371 0.8052 0.5918
vn 0.0437 0.5457 0.8369
vn -0.0704 0.7113 0.6993
vn 0.0016 -1.0000 -0.0006
vn 0.0011 -1.0000 0.0005
vn -0.0015 -1.0000 -0.0071
vn 0.0067 -0.9999 0.0080
vn -0.0007 -1.0000 0.0019
vn -0.0063 -0.9997 -0.0222
vn -0.0036 -0.9994 -0.0356
vn 0.0024 -0.9999 -0.0104
vn 0.0158 -0.9993 -0.0340
vn 0.0018 -0.9883 -0.1522
vn 0.0425 -0.9291 -0.3674
vn 0.0813 -0.8442 -0.5298
vn -0.0074 -0.9963 -0.0862
vn 0.0387 -0.9601 -0.2768
vn 0.2490 -0.8659 -0.4338
vn 0.0078 -0.9897 -0.1426
vn 0.1532 -0.9361 -0.3167
vn 0.0863 -0.9719 -0.2190
vn 0.0066 -0.9974 -0.0718
vn 0.0686 -0.9753 -0.2102
vn 0.3866 -0.9217 -0.0309
vn 0.1915 -0.9791 -0.0681
vn 0.4333 -0.8984 -0.0717
vn 0.4826 -0.8269 0.2888
vn 0.5293 -0.4434 0.7234
vn 0.3448 -0.0128 0.9386
vn 0.3433 -0.8372 -0.4257
vn 0.6189 -0.3923 0.6804
vn 0.5482 -0.8287 0.1131
vn 0.2928 -0.9436 -0.1547
vn 0.4654 -0.8760 -0.1267
vn 0.6467 -0.5580 0.5200
vn 0.3625 -0.8686 -0.3377
vn 0.6067 -0.6315 0.4828
vn 0.5301 -0.3008 0.7928
vn 0.5553 -0.3136 0.7703
vn 0.3687 -0.9164 -0.1561
vn 0.4940 -0.8695 -0.0020
vn 0.5541 -0.8187 0.1510
vn 0.3393 -0.9307 -0.1368
vn 0.5973 -0.7103 0.3724
vn 0.6297 -0.5600 0.5384
vn 0.3507 -0.9344 0.0628
vn -0.0012 1.0000 0.0019
vn 0.0019 1.0000 -0.0011
vn -0.0016 1.0000 -0.0023
vn -0.0037 1.0000 -0.0006
vn 0.0205 0.9997 0.0100
vn -0.0015 1.0000 -0.0049
vn 0.0001 1.0000 -0.0017
vn 0.0002 1.0000 -0.0007
vn 0.0109 0.9999 0.0095
vn 0.0136 0.9999 0.0025
vn -0.0165 0.9991 0.0394
vn -0.0406 0.9325 0.3589
vn -0.0146 0.9987 0.0490
vn -0.0125 0.9867 0.1619
vn 0.0685 0.9048 0.4203
vn 0.0326 0.9672 0.2519
vn 0.0615 0.4181 0.9063
vn -0.0625 0.8256 0.5608
vn 0.2710 0.1501 0.9508
vn -0.0189 0.6096 0.7925
vn 0.0760 0.4756 0.8764
vn 0.3751 -0.0079 0.9270
vn 0.2866 0.2122 0.9343
vn 0.1560 0.4460 0.8813
vn 0.0187 0.7153 0.6986
vn 0.4467 -0.0548 0.8930
vn 0.4578 -0.0079 0.8890
vn 0.2252 0.5127 0.8285
vn 0.0533 0.8937 0.4455
vn 0.0732 0.8204 0.5670
vn 0.5405 -0.0731 0.8382
vn 0.3550 0.3847 0.8521
vn -0.0006 -1.0000 0.0005
vn -0.0015 -1.0000 0.0020
vn -0.0003 -1.0000 0.0010
vn 0.0028 -1.0000 0.0027
vn 0.0044 -1.0000 0.0004
vn 0.0015 -1.0000 0.0042
vn -0.0019 -1.0000 -0.0014
vn 0.0126 -0.9999 0.0052
vn 0.0018 -0.9999 -0.0138
vn -0.0004 -1.0000 -0.0031
vn -0.0012 -1.0000 0.0031
vn 0.0005 -1.0000 -0.0031
vn 0.0797 -0.9960 -0.0404
vn 0.0796 -0.9961 -0.0392
vn 0.2212 -0.9721 -0.0780
vn 0.3687 -0.9140 0.1694
vn 0.0407 -0.9985 -0.0368
vn 0.2423 -0.9576 0.1557
vn 0.1141 -0.9909 0.0709
vn 0.1147 -0.9881 0.1025
vn 0.5903 -0.7106 0.3829
vn -0.0010 1.0000 0.0011
vn -0.0103 0.9999 -0.0009
vn -0.0040 1.0000 -0.0015
vn -0.0081 0.9999 -0.0090
vn -0.0193 0.9996 -0.0209
vn 0.0044 0.9996 0.0279
vn -0.0031 1.0000 -0.0024
vn -0.0029 1.0000 -0.0022
vn 0.0147 0.9999 0.0060
vn -0.0003 1.0000 -0.0067
vn 0.0087 0.9998 0.0200
vn 0.0111 0.9993 0.0353
vn 0.0353 0.9869 0.1576
vn 0.1832 0.8747 0.4487
vn 0.1713 0.8685 0.4651
vn 0.3585 -0.7975 0.4853
vn 0.3898 -0.8212 0.4168
vn 0.5371 -0.2261 0.8127
vn 0.0725 0.9681 0.2398
vn 0.2369 -0.9376 0.2547
vn 0.2139 -0.9081 0.3601
vn 0.5121 -0.5449 0.6640
vn 0.5648 -0.1051 0.8185
vn 0.2940 0.6238 0.7242
vn 0.1949 0.8598 0.4719
vn 0.2825 0.7242 0.6291
vn 0.0464 -0.9919 0.1184
vn 0.1112 -0.9371 0.3308
vn 0.3601 -0.4423 0.8214
vn 0.4459 -0.0031 0.8951
vn 0.1833 0.8475 0.4982
vn 0.0960 0.9601 0.2627
vn 0.3107 0.3886 0.8674
vn 0.2865 0.5543 0.7815
vn 0.3492 -0.4445 0.8249
vn 0.2757 -0.2725 0.9218
vn 0.4666 0.3796 0.7989
vn 0.0512 0.9920 0.1155
vn 0.6262 -0.4034 0.6672
vn 0.5564 0.0350 0.8302
vn 0.2391 0.7088 0.6636
vn 0.6400 -0.1092 0.7606
vn 0.5225 0.2553 0.8135
vn 0.2671 0.7149 0.6462
vn 0.4024 0.4941 0.7707
vn 0.5388 -0.6778 0.5003
vn 0.6304 -0.4723 0.6161
vn 0.5327 0.2026 0.8217
vn 0.3892 0.5066 0.7693
vn 0.0023 -1.0000 0.0014
vn 0.0093 -0.9999 0.0040
vn 0.0248 -0.9997 0.0022
vn 0.0150 -0.9996 0.0234
vn 0.0114 -0.9997 -0.0211
vn 0.0034 -1.0000 0.0073
vn -0.0025 -1.0000 0.0002
vn 0.0022 -0.9999 0.0164
vn 0.0037 -0.9999 0.0126
vn -0.0034 -0.9999 0.0121
vn 0.0128 -0.9999 -0.0099
vn 0.0096 -0.9999 -0.0040
vn 0.0271 -0.9995 0.0156
vn 0.0650 -0.9958 0.0645
vn 0.0031 1.0000 -0.0008
vn -0.0195 0.9998 0.0054
vn -0.0037 1.0000 0.0010
vn -0.0021 1.0000 -0.0020
vn -0.0023 1.0000 -0.0011
vn -0.0350 0.9989 -0.0299
vn -0.0168 0.9994 -0.0302
vn -0.0489 0.9988 -0.0081
vn -0.0412 0.9991 -0.0039
vn -0.0408 0.9992 0.0046
vn -0.0123 0.9998 -0.0180
vn 0.0102 0.9998 0.0182
vn -0.0081 0.9984 0.0567
vn 0.0092 0.9999 -0.0081
vn 0.1700 -0.9712 0.1670
vn 0.0390 0.9989 0.0274
vn 0.1493 -0.9749 0.1652
vn 0.1411 -0.9825 0.1212
vn 0.1529 -0.9762 0.1539
vn 0.1006 0.9897 0.1016
vn 0.1106 -0.9844 0.1370
vn 0.2504 -0.9077 0.3367
vn 0.4808 -0.7245 0.4938
vn 0.1937 0.9601 0.2016
vn 0.1066 -0.9847 0.1379
vn 0.1074 -0.9835 0.1457
vn 0.5242 -0.7003 0.4845
vn 0.3647 0.8433 0.3947
vn 0.1117 -0.9761 0.1866
vn 0.1104 -0.9730 0.2026
vn 0.2697 -0.7436 0.6118
vn 0.3657 -0.1204 0.9229
vn 0.3638 0.2252 0.9038
vn 0.1887 0.8395 0.5096
vn 0.1034 0.9602 0.2596
vn 0.1794 -0.9217 0.3440
vn 0.3136 0.5973 0.7381
vn 0.2931 0.6912 0.6606
vn 0.1677 -0.9688 0.1825
vn 0.3514 -0.7434 0.5692
vn 0.4189 -0.4644 0.7803
vn 0.4722 -0.0794 0.8779
vn 0.4682 0.2813 0.8376
vn 0.2932 0.8487 0.4400
vn 0.4171 -0.7537 0.5079
vn 0.5237 -0.4937 0.6942
vn 0.5260 -0.5082 0.6820
vn 0.6533 -0.0982 0.7507
vn 0.6084 0.2466 0.7544
vn 0.4573 0.6233 0.6344
vn 0.5504 -0.4917 0.6747
vn 0.6914 -0.1370 0.7094
vn 0.6604 0.2977 0.6894
vn 0.5216 0.5803 0.6254
vn 0.3842 0.8328 0.3985
vn 0.2029 0.9589 0.1984
vn 0.7021 -0.1450 0.6972
vn 0.5598 0.5939 0.5779
vn 0.3911 0.8346 0.3879
vn 0.4475 -0.5887 0.6732
vn 0.6873 -0.1145 0.7173
vn 0.6632 0.3386 0.6674
vn 0.5701 0.5990 0.5623
vn 0.5826 -0.5261 0.6195
vn 0.6932 -0.1186 0.7109
vn 0.5508 0.6074 0.5724
vn 0.0037 -1.0000 0.0002
vn 0.0022 -1.0000 0.0009
vn 0.0023 -1.0000 0.0013
vn 0.0035 -1.0000 0.0001
vn -0.0020 -1.0000 -0.0003
vn -0.0027 -0.9997 0.0263
vn -0.0059 -0.9997 -0.0222
vn -0.0047 -1.0000 0.0069
vn 0.0010 -0.9999 0.0112
vn -0.0083 -0.9998 0.0160
vn 0.0067 -0.9999 -0.0152
vn -0.0093 -0.9999 0.0123
vn 0.0019 -0.9992 0.0399
vn -0.0025 -0.9999 0.0159
vn 0.0136 -0.9998 0.0108
vn -0.0063 1.0000 -0.0002
vn -0.0975 0.9952 0.0029
vn -0.0249 0.9994 -0.0246
vn -0.0823 0.9963 -0.0258
vn -0.0779 0.9968 -0.0168
vn -0.0426 0.9974 -0.0574
vn -0.0455 0.9989 0.0089
vn -0.0247 0.9996 0.0138
vn -0.0807 0.9966 0.0156
vn -0.0555 0.9980 0.0314
vn -0.0543 0.9977 0.0402
vn -0.0217 0.9996 0.0173
vn 0.0008 0.9998 -0.0178
vn -0.0017 0.9998 0.0208
vn -0.0147 0.9998 -0.0159
vn 0.0089 0.9993 -0.0358
vn 0.0340 0.9994 0.0082
vn 0.0263 0.9984 0.0507
vn 0.0045 0.9999 0.0095
vn -0.0050 1.0000 0.0060
vn 0.0054 1.0000 0.0031
vn 0.0161 0.9999 -0.0027
vn 0.0134 0.9999 -0.0108
vn -0.0065 0.9999 -0.0130
vn 0.0073 0.9994 0.0347
vn -0.0024 0.9999 0.0166
vn 0.0443 -0.9961 0.0766
vn 0.1072 -0.9858 0.1295
vn 0.1298 -0.9701 0.2053
vn 0.0165 0.9998 0.0125
vn 0.0344 -0.9936 0.1072
vn 0.2409 -0.8620 0.4460
vn 0.4440 -0.5719 0.6898
vn 0.6563 -0.1540 0.7386
vn 0.6390 0.3594 0.6800
vn 0.1681 0.9628 0.2117
vn 0.4855 0.6325 0.6035
vn 0.3188 0.8512 0.4170
vn 0.0954 -0.9877 0.1238
vn 0.5623 -0.0892 0.8221
vn 0.5489 0.2890 0.7843
vn 0.2871 0.8515 0.4387
vn 0.1441 -0.9249 0.3518
vn 0.3386 -0.7536 0.5634
vn 0.3794 -0.5042 0.7758
vn 0.4973 -0.4159 0.7614
vn 0.5813 -0.1116 0.8060
vn 0.3697 0.6439 0.6698
vn 0.4669 0.6140 0.6365
vn 0.1383 0.9681 0.2089
vn 0.0597 -0.9852 0.1610
vn 0.4812 0.3601 0.7992
vn 0.4399 0.5689 0.6948
vn 0.2629 0.8602 0.4369
vn 0.1251 0.9671 0.2217
vn 0.1695 -0.9260 0.3374
vn 0.4265 -0.5472 0.7202
vn 0.4871 -0.1378 0.8624
vn 0.3807 0.6057 0.6987
vn 0.1220 0.9680 0.2195
vn 0.2803 0.8404 0.4638
vn 0.4166 -0.4809 0.7715
vn 0.4784 -0.1171 0.8703
vn 0.4751 0.2629 0.8398
vn 0.2704 0.8384 0.4732
vn 0.0013 -1.0000 0.0017
vn 0.0020 -1.0000 -0.0016
vn 0.0076 -1.0000 0.0044
vn 0.0054 -1.0000 -0.0022
vn 0.0094 -1.0000 -0.0002
vn 0.0017 -1.0000 0.0019
vn 0.0029 -1.0000 -0.0025
vn -0.0015 -1.0000 0.0032
vn 0.0031 -1.0000 -0.0014
vn 0.0013 -1.0000 0.0004
vn -0.0209 -0.9998 0.0080
vn 0.0009 -1.0000 -0.0000
vn 0.0016 -0.9998 0.0178
vn 0.0382 -0.9972 0.0648
vn -0.0494 0.9986 0.0162
vn -0.0396 0.9990 0.0218
vn -0.0382 0.9989 0.0269
vn -0.0008 0.9996 0.0278
vn 0.0104 0.9996 0.0247
vn 0.0320 0.9992 0.0256
vn 0.0717 0.9974 0.0041
vn 0.0039 1.0000 -0.0067
vn 0.0102 0.9985 -0.0530
vn 0.0595 0.9974 -0.0404
vn 0.0798 0.9968 0.0096
vn -0.0502 0.9986 0.0164
vn 0.0478 0.9970 0.0608
vn 0.0469 0.9973 0.0557
vn 0.0900 0.9956 0.0255
vn 0.0328 0.9991 0.0279
vn 0.0066 1.0000 0.0003
vn 0.0128 0.9999 -0.0014
vn 0.0014 0.9999 0.0115
vn -0.0015 1.0000 -0.0025
vn -0.0160 0.9998 0.0108
vn 0.0669 -0.9881 0.1386
vn 0.0691 0.9909 0.1156
vn 0.0468 0.9983 0.0335
vn 0.0558 0.9973 0.0479
vn 0.1335 -0.9828 0.1277
vn 0.1340 0.9844 0.1143
vn 0.2371 0.9403 0.2441
vn 0.1363 -0.9843 0.1121
vn 0.2519 -0.9356 0.2474
vn 0.3430 0.8546 0.3899
vn 0.5187 0.6118 0.5972
vn 0.2179 0.9549 0.2015
vn 0.0841 -0.9915 0.0991
vn 0.2596 -0.9340 0.2455
vn 0.4707 -0.7363 0.4861
vn 0.5908 -0.5106 0.6247
vn 0.5626 0.5973 0.5716
vn 0.5526 0.5852 0.5934
vn 0.2120 -0.9392 0.2700
vn 0.4623 -0.7555 0.4643
vn 0.6950 -0.1151 0.7097
vn 0.6862 0.2487 0.6836
vn 0.3735 0.8557 0.3582
vn 0.0712 -0.9919 0.1051
vn 0.4466 -0.7456 0.4946
vn 0.5980 -0.5161 0.6133
vn 0.6927 -0.1108 0.7126
vn 0.5593 0.6006 0.5714
vn 0.6756 0.2492 0.6939
vn 0.1566 0.9696 0.1881
vn 0.0723 0.9893 0.1264
vn 0.1422 -0.9500 0.2779
vn 0.1995 -0.9420 0.2700
vn 0.3962 -0.7810 0.4829
vn 0.5682 -0.4992 0.6542
vn 0.6726 -0.1237 0.7296
vn 0.5391 0.6037 0.5873
vn 0.6541 0.2708 0.7062
vn 0.3937 -0.7684 0.5045
vn 0.5241 -0.5164 0.6772
vn 0.6263 -0.1505 0.7649
vn 0.4819 0.6446 0.5936
vn 0.5951 0.3255 0.7348
vn 0.3760 -0.7198 0.5835
vn 0.4247 -0.4865 0.7635
vn 0.4344 0.6020 0.6700
vn 0.4128 -0.7124 0.5676
vn 0.5744 -0.1700 0.8007
vn 0.4389 0.5992 0.6696
vn 0.5305 0.3265 0.7822
vn 0.3265 0.8360 0.4411
vn 0.5301 -0.0152 0.8478
vn 0.4951 0.5977 0.6305
vn 0.5436 0.3740 0.7514
vn 0.5868 -0.4976 0.6388
vn 0.7287 0.0014 0.6848
vn 0.0023 -1.0000 0.0026
vn -0.0001 -1.0000 0.0053
vn -0.0021 -1.0000 0.0028
vn 0.0073 -0.9999 0.0093
vn 0.0064 -1.0000 0.0012
vn -0.0049 -0.9999 0.0119
vn 0.0080 -0.9998 0.0190
vn -0.0002 -0.9999 -0.0127
vn -0.0015 -1.0000 0.0007
vn -0.0124 -0.9999 -0.0008
vn 0.0082 -1.0000 -0.0052
vn 0.0265 -0.9996 0.0107
vn 0.0304 -0.9993 0.0236
vn 0.0109 -0.9999 0.0127
vn 0.0670 -0.9967 0.0464
vn 0.0713 -0.9959 0.0564
vn 0.0420 0.9991 0.0024
vn 0.0060 1.0000 -0.0032
vn 0.0286 0.9996 0.0090
vn 0.0045 1.0000 0.0045
vn 0.0092 1.0000 0.0034
vn -0.0023 1.0000 0.0021
vn 0.0066 1.0000 -0.0033
vn 0.0461 0.9989 0.0057
vn 0.0093 0.9999 0.0142
vn 0.0011 1.0000 0.0006
vn 0.0040 0.9999 0.0113
vn 0.0106 0.9999 -0.0057
vn 0.0011 0.9999 -0.0132
vn 0.0012 0.9999 -0.0101
vn 0.1957 -0.9684 0.1549
vn 0.0576 0.9973 0.0449
vn 0.0205 0.9998 0.0049
vn 0.1198 0.9882 0.0950
vn 0.1186 -0.9300 0.3478
vn 0.1112 0.9901 0.0855
vn 0.0092 0.9999 0.0096
vn 0.0560 0.9972 0.0502
vn 0.1632 -0.9790 0.1225
vn 0.2624 -0.9333 0.2452
vn 0.1336 0.9873 0.0854
vn 0.1592 -0.9797 0.1221
vn 0.3495 -0.9017 0.2546
vn 0.3833 0.8466 0.3693
vn 0.3520 -0.9018 0.2508
vn 0.5573 -0.7199 0.4136
vn 0.6666 -0.5263 0.5278
vn 0.4584 0.8354 0.3033
vn 0.6585 0.5599 0.5029
vn 0.2419 0.9586 0.1505
vn 0.2111 -0.9590 0.1891
vn 0.2942 -0.9337 0.2042
vn 0.3710 -0.9007 0.2262
vn 0.5620 -0.7507 0.3472
vn 0.7096 -0.5654 0.4205
vn 0.8556 -0.1086 0.5061
vn 0.7423 0.4467 0.4995
vn 0.4654 0.8329 0.2996
vn 0.2274 0.9609 0.1582
vn 0.5709 -0.7399 0.3558
vn 0.7264 -0.4816 0.4904
vn 0.8425 -0.1125 0.5268
vn 0.8075 0.3878 0.4445
vn 0.7012 0.5913 0.3983
vn 0.4554 0.8389 0.2983
vn 0.4650 0.7900 0.3997
vn 0.2957 -0.9245 0.2406
vn 0.5398 -0.7524 0.3775
vn 0.6974 -0.5245 0.4884
vn 0.7878 0.3107 0.5318
vn 0.6822 0.5733 0.4538
vn 0.1811 -0.9384 0.2944
vn 0.3423 -0.7795 0.5245
vn 0.4643 0.6140 0.6383
vn 0.1381 0.9692 0.2037
vn 0.5067 -0.4789 0.7168
vn 0.5450 -0.0610 0.8362
vn 0.5634 0.2386 0.7909
vn 0.2869 0.8630 0.4159
vn 0.4213 -0.7604 0.4943
vn 0.5466 -0.4977 0.6735
vn 0.5452 -0.4898 0.6803
vn 0.6600 -0.0905 0.7458
vn 0.5403 0.5957 0.5943
vn 0.4721 0.6312 0.6154
vn 0.4812 -0.7077 0.5174
vn 0.5681 -0.4971 0.6559
vn 0.7298 -0.1863 0.6578
vn 0.4994 0.6395 0.5845
vn 0.6411 0.2561 0.7234
vn 0.7177 -0.3027 0.6271
vn 0.8092 -0.0524 0.5852
vn 0.7452 0.2067 0.6340
vn 0.5987 0.5637 0.5690
vn 0.7198 0.2060 0.6629
vn -0.0368 -0.9993 -0.0058
vn -0.0722 -0.9973 -0.0108
vn -0.1216 -0.9926 -0.0031
vn -0.2397 -0.9708 -0.0057
vn -0.0676 -0.9977 0.0040
vn -0.1423 -0.9898 0.0031
vn -0.2310 -0.9729 0.0081
vn -0.1376 -0.9905 0.0061
vn -0.2301 -0.9731 0.0099
vn -0.0485 -0.9988 0.0007
vn -0.1415 -0.9899 -0.0011
vn -0.0108 -0.9999 0.0131
vn -0.0524 -0.9985 0.0166
vn -0.1507 -0.9885 0.0122
vn -0.0195 -0.9998 -0.0090
vn -0.0931 -0.9957 0.0027
vn -0.0042 -1.0000 0.0076
vn -0.0314 -0.9982 0.0517
vn 0.0472 -0.9983 0.0328
vn 0.0698 -0.9968 0.0377
vn 0.0625 -0.9976 0.0295
vn 0.0380 0.9992 -0.0138
vn 0.0523 0.9986 0.0044
vn 0.0012 1.0000 0.0041
vn 0.0156 0.9999 -0.0004
vn 0.0598 0.9982 -0.0061
vn 0.0049 1.0000 0.0003
vn 0.0045 1.0000 -0.0000
vn 0.0358 0.9994 0.0022
vn 0.0126 0.9999 -0.0105
vn 0.0335 0.9994 0.0064
vn 0.0023 1.0000 0.0015
vn 0.0092 0.9999 -0.0114
vn 0.1808 -0.9780 0.1038
vn 0.0816 0.9959 0.0395
vn 0.3523 -0.9196 0.1735
vn 0.0448 0.9985 0.0304
vn 0.2392 0.9609 0.1394
vn 0.2292 0.9666 0.1146
vn 0.1613 -0.9701 0.1813
vn 0.2929 -0.9322 0.2127
vn 0.3722 -0.9004 0.2253
vn 0.6461 -0.7076 0.2861
vn 0.4791 0.8406 0.2526
vn 0.1131 0.9907 0.0750
vn 0.2190 0.9649 0.1450
vn 0.1628 -0.9729 0.1644
vn 0.5209 -0.7589 0.3908
vn 0.7516 -0.5088 0.4197
vn 0.8312 -0.1493 0.5355
vn 0.8852 -0.2276 0.4057
vn 0.8144 0.3884 0.4312
vn 0.7175 0.5862 0.3763
vn 0.4755 0.8288 0.2951
vn 0.2209 0.9631 0.1537
vn 0.1897 -0.9695 0.1551
vn 0.2219 0.9575 0.1842
vn 0.1790 -0.9752 0.1302
vn 0.4203 0.8403 0.3423
vn 0.0876 0.9955 0.0367
vn 0.2318 0.9553 0.1835
vn 0.1887 -0.9766 0.1036
vn 0.5223 -0.7316 0.4381
vn 0.6724 -0.4607 0.5793
vn 0.7225 0.3432 0.6002
vn 0.6222 0.6009 0.5018
vn 0.1861 -0.9790 0.0835
vn 0.3484 -0.9155 0.2010
vn 0.5567 -0.7330 0.3909
vn 0.7051 -0.5366 0.4636
vn 0.7862 -0.1043 0.6091
vn 0.7265 0.3460 0.5937
vn 0.6340 0.5937 0.4955
vn 0.4594 0.8256 0.3276
vn 0.2271 0.9669 0.1162
vn 0.2301 0.9658 0.1194
vn 0.3573 -0.9183 0.1703
vn 0.6660 -0.6715 0.3248
vn 0.8633 -0.1340 0.4865
vn 0.7816 0.4342 0.4478
vn 0.7310 0.5145 0.4482
vn 0.4499 0.8551 0.2577
vn 0.6897 0.6162 0.3802
vn 0.7016 -0.6681 0.2479
vn 0.6211 -0.6672 0.4113
vn 0.8894 -0.1340 0.4370
vn 0.8349 0.3896 0.3889
vn 0.7213 0.5830 0.3739
vn 0.4957 0.8373 0.2305
vn 0.6207 -0.6644 0.4163
vn 0.8860 -0.0946 0.4539
vn 0.8361 0.3607 0.4133
vn 0.7211 0.5993 0.3476
vn 0.5288 -0.7325 0.4288
vn 0.8027 -0.1442 0.5787
vn 0.7354 0.3089 0.6031
vn 0.4046 0.8628 0.3030
vn 0.6181 0.6085 0.4977
vn 0.7994 -0.0638 0.5974
vn -0.3882 -0.9216 -0.0022
vn -0.4069 -0.9135 -0.0045
vn -0.4441 -0.8960 0.0004
vn -0.5565 -0.8309 -0.0010
vn -0.6290 -0.7774 0.0043
vn -0.6240 -0.7814 -0.0079
vn -0.6794 -0.7330 -0.0328
vn -0.6691 -0.7426 -0.0294
vn -0.4415 -0.8973 0.0054
vn -0.6409 -0.7676 0.0058
vn -0.6985 -0.7156 0.0066
vn -0.6933 -0.7200 0.0306
vn -0.4410 -0.8973 0.0218
vn -0.5668 -0.8234 0.0268
vn -0.6455 -0.7634 0.0216
vn -0.6350 -0.7719 0.0322
vn -0.2736 -0.9618 0.0011
vn -0.4062 -0.9138 -0.0057
vn -0.4420 -0.8970 -0.0065
vn -0.5621 -0.8270 -0.0105
vn -0.6436 -0.7653 0.0047
vn -0.6821 -0.7310 0.0192
vn -0.5327 -0.8463 0.0019
vn -0.6199 -0.7846 -0.0063
vn -0.5936 -0.8042 0.0305
vn -0.6293 -0.7764 0.0335
vn -0.5856 -0.8065 0.0817
vn -0.2764 -0.9610 0.0084
vn -0.2542 -0.9657 0.0525
vn -0.3907 -0.9203 0.0175
vn -0.4238 -0.9054 0.0257
vn -0.4049 -0.9114 0.0736
vn -0.5592 -0.8283 0.0340
vn -0.5048 -0.8618 0.0504
vn -0.4253 -0.8853 0.1882
vn -0.5170 -0.8461 0.1293
vn -0.3600 -0.8895 0.2813
vn -0.5854 -0.8052 0.0950
vn -0.3956 -0.8887 0.2317
vn -0.4513 -0.8754 0.1733
vn -0.2971 -0.9149 0.2734
vn -0.1624 -0.9090 0.3839
vn -0.1332 -0.9885 0.0717
vn -0.2350 -0.9662 0.1059
vn -0.0533 -0.9722 0.2281
vn -0.2020 -0.9613 0.1873
vn -0.4346 -0.8748 0.2144
vn -0.3188 -0.9274 0.1957
vn -0.0216 -0.9106 0.4127
vn -0.2016 -0.9207 0.3342
vn -0.1441 -0.9167 0.3727
vn 0.0359 -0.8206 0.5704
vn -0.1913 -0.8952 0.4025
vn -0.0680 -0.8328 0.5494
vn 0.1997 -0.7492 0.6315
vn -0.0289 -0.8720 0.4887
vn 0.1658 -0.7653 0.6219
vn 0.3509 -0.6597 0.6646
vn 0.1403 0.9901 -0.0080
vn 0.2470 0.9690 -0.0090
vn 0.3603 0.9328 -0.0118
vn 0.4059 0.9139 -0.0040
vn 0.4985 0.8668 -0.0125
vn 0.6005 0.7995 -0.0112
vn 0.1583 0.9874 0.0074
vn 0.2644 0.9644 0.0087
vn 0.3889 0.9210 0.0239
vn 0.5084 0.8609 0.0193
vn 0.2170 0.9761 -0.0107
vn 0.3073 0.9514 -0.0202
vn 0.4082 0.9126 -0.0221
vn 0.5034 0.8635 -0.0300
vn 0.1212 0.9926 -0.0080
vn 0.1164 0.9932 0.0029
vn 0.3231 0.9455 -0.0399
vn 0.3997 0.9161 -0.0315
vn 0.3738 0.9275 0.0097
vn 0.5433 0.8390 -0.0292
vn 0.5357 0.8443 0.0169
vn 0.0965 0.9953 -0.0084
vn 0.2195 0.9755 0.0163
vn 0.2307 0.9729 -0.0165
vn 0.3925 0.9196 -0.0165
vn 0.5692 0.8220 -0.0172
vn 0.1402 0.9901 0.0053
vn 0.3854 0.9226 0.0174
vn 0.2539 0.9671 0.0142
vn 0.4143 0.9101 0.0127
vn 0.4240 0.9055 0.0143
vn 0.5459 0.8379 -0.0004
vn 0.5733 0.8186 0.0345
vn 0.1074 0.9941 -0.0147
vn 0.1172 0.9930 -0.0132
vn 0.2322 0.9725 -0.0172
vn 0.4344 0.9004 -0.0245
vn 0.4081 0.9118 -0.0443
vn 0.5760 0.8163 -0.0437
vn 0.5965 0.8017 -0.0381
vn 0.0320 0.9994 0.0098
vn 0.2014 -0.9243 0.3243
vn 0.0969 0.9947 0.0352
vn 0.2010 0.9763 0.0799
vn 0.2115 -0.8595 0.4652
vn 0.2154 0.9734 0.0776
vn 0.5444 -0.5865 0.5997
vn 0.5452 -0.5249 0.6536
vn 0.7846 0.1657 0.5975
vn 0.7325 0.4710 0.4915
vn 0.6563 0.6321 0.4119
vn 0.4497 0.8573 0.2505
vn 0.3388 -0.6314 0.6975
vn 0.5369 -0.4832 0.6916
vn 0.6503 -0.3097 0.6937
vn 0.7649 0.1870 0.6164
vn 0.3987 0.9167 0.0270
vn 0.3696 -0.6469 0.6670
vn 0.7024 0.5534 0.4476
vn 0.7263 0.5637 0.3932
vn 0.5504 -0.4554 0.6997
vn 0.5535 -0.4681 0.6888
vn 0.7923 -0.0725 0.6059
vn 0.7184 -0.0726 0.6919
vn 0.7536 0.4267 0.5000
vn 0.7957 0.2740 0.5402
vn 0.7269 0.6582 0.1961
vn 0.2798 -0.9278 0.2468
vn 0.3797 -0.8818 0.2797
vn 0.5437 -0.7507 0.3753
vn 0.6990 -0.5562 0.4496
vn 0.7390 0.4119 0.5331
vn 0.6719 0.6155 0.4120
vn 0.4436 0.8448 0.2991
vn 0.1987 -0.9161 0.3484
vn 0.3285 -0.8876 0.3228
vn 0.5660 -0.7038 0.4293
vn 0.6715 -0.4985 0.5483
vn 0.7868 -0.2147 0.5786
vn 0.7011 0.3863 0.5993
vn 0.7337 0.5149 0.4433
vn 0.4460 0.8396 0.3101
vn 0.2545 0.9538 0.1596
vn 0.5544 -0.7033 0.4450
vn 0.7105 -0.3939 0.5831
vn 0.8156 -0.0399 0.5772
vn 0.7273 0.3619 0.5831
vn 0.6585 0.6162 0.4320
vn 0.6547 0.6179 0.4354
vn 0.5120 -0.6903 0.5112
vn 0.6821 -0.5316 0.5021
vn 0.7063 0.5550 0.4393
vn 0.6064 0.6348 0.4790
vn -0.6658 -0.7440 0.0561
vn -0.6334 -0.7734 -0.0259
vn -0.5233 -0.8502 0.0583
vn -0.5487 -0.8356 0.0276
vn 0.7273 0.6848 -0.0457
vn 0.7126 0.6975 -0.0748
vn 0.7056 0.7076 -0.0389
vn 0.7452 -0.6652 -0.0466
vn 0.8586 0.5001 0.1129
vn 0.8837 0.4608 -0.0826
vn 0.7918 0.6102 -0.0262
vn 0.7703 0.6285 -0.1078
vn 0.7720 0.6266 -0.1067
vn -0.5568 -0.8305 -0.0158
vn -0.5206 -0.8538 -0.0088
vn 0.7048 0.7086 -0.0326
vn 0.7698 0.6358 -0.0564
vn 0.7368 0.6756 0.0260
vn 0.6917 0.7221 0.0054
vn -0.6423 -0.7658 0.0319
vn -0.5338 -0.8450 0.0333
vn 0.7715 0.6354 -0.0329
vn 0.7688 0.6388 -0.0311
vn 0.7033 0.7100 -0.0366
vn -0.6464 -0.7629 0.0046
vn -0.5188 -0.8548 -0.0113
vn 0.7726 0.6227 0.1243
vn 0.8773 0.4323 0.2084
vn 0.7455 0.6382 0.1919
vn 0.8223 0.5436 0.1685
vn 0.6918 0.7220 0.0115
vn 0.7134 0.6968 0.0739
vn 0.6979 -0.6993 0.1546
vn 0.7128 -0.6698 0.2084
vn 0.7968 -0.5819 0.1627
vn 0.9032 -0.3940 0.1702
vn 0.9545 -0.0628 0.2915
vn 0.9615 -0.1100 0.2520
vn 0.9274 0.2547 0.2739
vn 0.9403 0.2712 0.2054
vn 0.8291 0.5218 0.2007
vn 0.7035 0.7101 0.0271
vn -0.6824 -0.7302 0.0337
vn -0.5828 -0.8097 0.0688
vn -0.5729 -0.8190 0.0324
vn -0.5504 -0.8326 0.0617
vn -0.5270 -0.8400 0.1289
vn 0.8308 0.5535 0.0581
vn 0.4852 -0.8268 0.2845
vn 0.7281 -0.6587 0.1896
vn 0.8683 0.4887 0.0854
vn 0.9148 0.3898 0.1056
vn 0.8031 0.5920 0.0675
vn 0.7331 -0.6603 0.1633
vn 0.8484 -0.5225 0.0846
vn 0.9026 -0.4135 0.1196
vn 0.9823 -0.0574 0.1785
vn 0.9696 -0.1921 0.1517
vn 0.9721 -0.2013 0.1207
vn 0.9713 0.2036 0.1230
vn 0.9829 0.0138 0.1836
vn 0.9817 0.0159 0.1898
vn 0.9411 0.3232 0.0990
vn 0.9973 0.0192 0.0715
vn -0.4338 -0.8824 0.1823
vn -0.4582 -0.8749 0.1567
vn -0.4292 -0.8964 0.1111
vn -0.3644 -0.8985 0.2446
vn -0.3707 -0.9188 0.1357
vn -0.2496 -0.9635 0.0964
vn 0.0495 -0.9867 0.1548
vn -0.0676 -0.9585 0.2769
vn -0.0852 -0.9337 0.3479
vn -0.1282 -0.9698 0.2075
vn 0.0690 -0.9683 0.2402
vn 0.1016 -0.9859 0.1332
vn 0.0909 -0.8915 0.4437
vn 0.3288 -0.9073 0.2620
vn 0.6188 -0.6591 0.4275
vn 0.8770 0.4659 0.1180
vn 0.8777 0.4653 0.1149
vn 0.2582 -0.9223 0.2877
vn 0.3434 -0.9225 0.1764
vn 0.6716 -0.6686 0.3193
vn 0.4942 -0.8375 0.2330
vn 0.7980 -0.5338 0.2796
vn 0.8699 -0.3593 0.3380
vn 0.8856 -0.3593 0.2943
vn 0.9559 0.0157 0.2932
vn 0.9441 0.2183 0.2471
vn 0.8954 0.4311 0.1115
vn 0.8959 0.4307 0.1091
vn 0.5775 -0.7920 0.1983
vn 0.8020 -0.5392 0.2569
vn 0.8685 -0.3953 0.2992
vn 0.9034 -0.3891 0.1803
vn 0.9624 -0.1186 0.2444
vn 0.9742 -0.1703 0.1479
vn 0.9592 0.2318 0.1617
vn 0.9678 0.1105 0.2263
vn 0.9679 -0.0166 0.2508
vn -0.2301 -0.9336 0.2747
vn -0.2727 -0.8943 0.3549
vn 0.0740 -0.8909 0.4481
vn -0.2039 -0.8989 0.3879
vn 0.0766 -0.8804 0.4680
vn 0.4162 -0.7501 0.5138
vn 0.4290 -0.7969 0.4253
vn 0.6718 -0.6142 0.4142
vn 0.5313 -0.6686 0.5203
vn 0.7292 -0.4825 0.4852
vn 0.7623 -0.5126 0.3952
vn 0.8639 -0.2231 0.4515
vn 0.1901 -0.8605 0.4727
vn 0.5166 -0.6841 0.5149
vn 0.5172 -0.7309 0.4454
vn 0.5560 -0.6807 0.4770
vn 0.8359 -0.2811 0.4715
vn 0.6213 -0.6148 0.4859
vn 0.9119 -0.0846 0.4016
vn 0.9509 0.1259 0.2828
vn 0.5776 -0.7224 0.3800
vn 0.7297 -0.4545 0.5108
vn 0.7271 -0.5816 0.3648
vn 0.8730 -0.2652 0.4093
vn 0.7414 -0.4089 0.5321
vn 0.9183 -0.0020 0.3958
vn 0.9235 0.3073 0.2294
vn 0.9414 0.1909 0.2780
vn 0.8172 -0.1600 0.5537
vn 0.1958 -0.8567 0.4772
vn 0.5209 -0.6676 0.5319
vn 0.4691 -0.6474 0.6007
vn 0.6948 -0.5067 0.5104
vn 0.5525 -0.4744 0.6853
vn 0.6657 -0.5030 0.5513
vn 0.6920 0.7215 -0.0242
vn 0.6972 0.7166 -0.0204
vn 0.7159 0.6981 0.0088
vn 0.6109 0.7917 0.0108
vn 0.6104 0.7918 -0.0198
vn 0.6838 0.7296 0.0043
vn 0.6529 0.7568 -0.0296
vn 0.6892 0.7240 -0.0281
vn 0.6122 0.7901 -0.0309
vn 0.6381 0.7697 0.0195
vn 0.6905 0.7233 -0.0053
vn 0.7329 0.6799 0.0226
vn 0.6553 0.7553 -0.0094
vn 0.7596 0.6471 0.0656
vn 0.7424 0.6698 0.0131
vn 0.8282 0.5572 0.0604
vn 0.8208 0.5680 0.0601
vn 0.6680 0.7429 0.0426
vn 0.6660 0.7443 -0.0501
vn 0.8948 0.4419 0.0639
vn 0.8992 0.4218 0.1163
vn 0.8397 0.5427 0.0189
vn 0.7336 0.6793 -0.0192
vn 0.8201 0.5706 0.0422
vn 0.8922 0.4216 0.1617
vn 0.8941 0.4295 0.1270
vn 0.9481 0.2546 0.1906
vn 0.8176 0.5705 0.0777
vn 0.8121 -0.2840 0.5098
vn 0.8317 0.1247 0.5411
vn 0.8191 -0.0809 0.5679
vn 0.8667 0.3100 0.3908
vn 0.7238 0.6889 0.0395
vn 0.8456 0.4859 0.2209
vn 0.9182 0.0996 0.3833
vn 0.7365 -0.1974 0.6470
vn 0.9205 0.2925 0.2589
vn 0.9261 0.3268 0.1884
vn 0.9914 -0.1308 -0.0059
vn 0.9728 -0.1754 -0.1516
vn 0.9874 0.1264 -0.0952
vn 0.9620 0.2086 -0.1764
vn 0.9604 0.1671 -0.2230
vn 0.8905 0.4387 -0.1209
vn 0.7868 -0.6108 -0.0883
vn 0.6942 -0.7174 0.0578
vn 0.9851 -0.1226 0.1206
vn 0.8883 0.4532 -0.0747
vn 0.8517 0.5180 0.0796
vn 0.8983 0.4384 0.0283
vn 0.9332 -0.3583 0.0262
vn 0.9143 -0.4001 0.0630
vn 0.9987 0.0475 -0.0182
vn 0.9921 -0.1252 -0.0025
vn 0.9955 0.0886 0.0338
vn 0.9980 0.0627 0.0111
vn 0.8773 -0.4797 0.0164
vn 0.9325 -0.3595 0.0355
vn 0.8910 -0.4539 -0.0117
vn 0.9993 -0.0365 -0.0071
vn 0.8985 0.4386 -0.0203
vn 0.7899 -0.6040 0.1064
vn 0.8830 -0.4587 0.1000
vn 0.7470 -0.5775 0.3293
vn 0.9891 -0.0748 0.1270
vn 0.9732 -0.0773 0.2165
vn 0.9366 0.3492 0.0297
vn 0.9369 0.3090 0.1636
vn 0.7707 0.6372 -0.0070
vn 0.8172 0.5741 0.0512
vn 0.9448 0.2909 0.1509
vn 0.9199 0.3879 0.0573
vn 0.9832 -0.0187 0.1816
vn 0.9985 0.0421 0.0356
vn 0.9208 -0.3330 0.2032
vn 0.9022 -0.4159 0.1142
vn 0.7723 0.6347 -0.0265
vn 0.9142 0.4022 -0.0496
vn 0.9046 0.4256 -0.0240
vn 0.9988 0.0421 -0.0266
vn 0.9088 -0.4172 -0.0038
vn 0.7656 -0.6397 0.0684
vn 0.9764 0.2103 -0.0495
vn 0.9856 -0.1221 0.1168
vn 0.9916 -0.0397 -0.1233
vn 0.8926 0.4504 0.0192
vn 0.8509 0.5237 -0.0419
vn 0.9747 0.2055 0.0882
vn 0.9325 -0.3594 0.0345
vn 0.8029 -0.5931 0.0593
vn 0.8426 -0.5299 0.0964
vn 0.8111 -0.5846 -0.0196
vn 0.8887 -0.4302 -0.1589
vn 0.8287 0.5419 -0.1399
vn 0.8895 0.4403 -0.1224
vn 0.9651 0.1990 -0.1702
vn 0.9630 0.2653 -0.0483
vn 0.9963 0.0729 0.0445
vn 0.9191 -0.3092 -0.2442
vn 0.9550 -0.2834 -0.0875
vn 0.8556 -0.4962 -0.1474
vn 0.8535 -0.4974 -0.1553
vn 0.9669 0.1534 0.2039
vn 0.9501 -0.1168 0.2894
vn 0.7717 0.5859 0.2474
vn 0.8738 0.4142 0.2547
vn 0.8896 -0.0289 0.4559
vn 0.6753 -0.4493 0.5850
vn 0.7936 0.6032 0.0796
vn 0.9890 0.0767 0.1264
vn 0.9423 0.3325 0.0383
vn 0.8775 0.4656 0.1150
vn 0.8157 0.5772 0.0381
vn 0.8773 0.4762 0.0597
vn 0.8160 0.5778 0.0189
vn 0.7723 0.6322 0.0622
vn 0.9429 0.3324 0.0189
vn 0.7426 0.6691 0.0276
vn 0.7331 0.6799 -0.0192
vn 0.6831 0.7285 0.0505
vn 0.7775 0.6280 0.0333
vn 0.7749 0.6315 0.0290
vn 0.6838 0.7296 0.0109
vn 0.7359 0.6771 0.0063
vn 0.6415 0.7671 -0.0015
vn 0.6401 0.7680 0.0210
vn 0.7799 0.6230 0.0602
vn 0.7583 0.6494 0.0578
vn 0.7145 0.6987 0.0349
vn 0.7068 0.7073 0.0092
vn 0.6474 0.7622 -0.0015
vn 0.6248 0.7804 -0.0259
vn 0.6845 0.7287 -0.0208
vn 0.6102 0.7920 -0.0198
vn 0.6922 0.7215 -0.0177
vn 0.6573 0.7535 0.0159
vn 0.6013 0.7990 0.0052
vn 0.6929 0.7200 -0.0375
vn 0.6800 0.7325 0.0331
vn 0.6117 0.7911 -0.0068
vn 0.8884 -0.2929 0.3535
vn 0.6841 -0.4615 0.5648
vn 0.6003 -0.6519 0.4633
vn 0.4954 -0.7360 0.4614
vn 0.9673 0.1412 0.2108
vn 0.9432 0.2896 0.1628
vn 0.9445 -0.1259 0.3036
vn 0.8667 -0.3460 0.3592
vn 0.7241 -0.5736 0.3830
vn 0.9789 -0.0075 0.2041
vn 0.9652 0.1519 0.2128
vn 0.9414 -0.2255 0.2510
vn 0.8608 -0.3889 0.3284
vn 0.7319 -0.5450 0.4090
vn 0.5170 -0.7309 0.4455
vn 0.2744 -0.8996 0.3397
vn 0.4284 -0.7971 0.4257
vn 0.5661 -0.6915 0.4488
vn 0.2419 -0.9047 0.3506
vn 0.0093 -0.9552 0.2958
vn 0.2297 -0.8874 0.3998
vn 0.0223 -0.9576 0.2871
vn -0.4302 -0.8865 0.1703
vn 0.9154 0.3890 0.1033
vn 0.9887 0.0841 0.1240
vn 0.9674 0.2105 0.1408
vn 0.9849 -0.0299 0.1704
vn 0.7444 -0.6095 0.2727
vn 0.7546 -0.6433 0.1291
vn 0.9612 0.1767 0.2117
vn 0.9455 0.2717 0.1797
vn 0.9598 -0.0933 0.2647
vn 0.8892 -0.3413 0.3048
vn 0.7541 -0.6400 0.1472
vn 0.7214 -0.5885 0.3650
vn 0.5627 -0.7534 0.3402
vn 0.5852 -0.7737 0.2426
vn 0.3530 -0.9133 0.2029
vn 0.5790 -0.7240 0.3749
vn 0.3050 -0.9329 0.1916
vn -0.0321 -0.9865 0.1609
vn 0.0264 -0.9653 0.2600
vn -0.2465 -0.9662 0.0752
vn -0.1820 -0.9678 0.1740
vn -0.3330 -0.9404 0.0692
vn -0.4787 -0.8732 0.0917
vn -0.5426 -0.8357 0.0849
vn -0.5412 -0.8372 0.0786
vn -0.5900 -0.8070 0.0244
vn 0.9263 0.3672 0.0844
vn 0.9852 0.1323 0.1093
vn 0.9819 -0.1387 0.1291
vn 0.9042 -0.4029 0.1419
vn 0.8100 -0.5138 0.2825
vn 0.7085 -0.6913 0.1417
vn 0.7093 -0.6908 0.1405
vn 0.8737 0.4821 0.0653
vn 0.8681 0.4891 0.0852
vn 0.9331 0.3427 0.1095
vn 0.8016 -0.5390 0.2587
vn 0.7652 0.6430 0.0310
vn 0.8129 0.5811 0.0386
vn 0.7833 0.6175 0.0716
vn 0.8623 0.5019 0.0674
vn -0.3809 -0.9177 0.1127
vn -0.5641 -0.8252 0.0287
vn -0.6566 -0.7540 0.0201
vn -0.6626 -0.7485 0.0279
vn 0.7569 0.6481 0.0842
vn 0.8500 0.5037 0.1539
vn 0.7965 0.5983 0.0869
vn 0.9645 0.1985 0.1742
vn 0.9150 0.2873 0.2834
vn 0.9657 -0.1573 0.2067
vn 0.9567 -0.1095 0.2697
vn 0.8461 -0.4673 0.2564
vn 0.7142 -0.6657 0.2161
vn 0.7099 0.7037 0.0286
vn 0.8084 0.5747 0.1270
vn 0.7807 -0.6120 0.1264
vn -0.5625 -0.8268 0.0042
vn 0.6874 0.7257 -0.0289
vn -0.5265 -0.8496 0.0308
vn -0.6246 -0.7806 0.0221
vn 0.7084 0.7051 -0.0331
vn 0.7313 0.6812 -0.0350
vn 0.7737 0.6334 0.0133
vn 0.6871 0.7265 0.0077
vn -0.5469 -0.8370 -0.0186
vn -0.5476 -0.8365 -0.0211
vn -0.4867 -0.8731 -0.0291
vn -0.6198 -0.7837 -0.0413
vn 0.7595 0.6470 -0.0680
vn 0.8683 0.4916 -0.0664
vn 0.7123 -0.6748 -0.1930
vn 0.7585 -0.6506 -0.0365
vn 0.7359 -0.6574 0.1618
vn 0.7403 0.6713 -0.0360
vn 0.7424 0.6689 0.0369
vn -0.5701 -0.8202 0.0480
vn -0.6094 -0.7926 0.0225
vn 0.7570 0.0168 0.6532
vn 0.7696 0.4079 0.4913
vn 0.7934 -0.0478 0.6068
vn 0.7050 -0.3855 0.5952
vn 0.4627 0.8358 0.2955
vn 0.8432 -0.2335 0.4843
vn 0.6976 -0.4796 0.5322
vn 0.5557 -0.6943 0.4574
vn 0.6536 0.6211 0.4326
vn 0.6606 0.5506 0.5104
vn 0.8134 0.3618 0.4556
vn 0.7700 -0.0274 0.6374
vn 0.2971 -0.9377 0.1800
vn 0.6715 0.5851 0.4547
vn 0.4384 0.8436 0.3102
vn 0.7660 0.3777 0.5202
vn 0.8402 -0.1325 0.5259
vn 0.7271 -0.4510 0.5176
vn 0.5484 -0.7168 0.4307
vn 0.2523 -0.9472 0.1981
vn 0.6474 0.7333 0.2078
vn 0.6411 0.7671 0.0237
vn 0.8227 0.4349 0.3660
vn 0.7775 -0.0006 0.6289
vn 0.6201 -0.4176 0.6642
vn 0.6240 -0.4793 0.6172
vn 0.5779 0.8084 0.1123
vn 0.6391 0.7211 0.2674
vn 0.7887 0.2825 0.5460
vn 0.5981 0.7473 0.2896
vn 0.4548 0.8857 0.0930
vn 0.3977 0.9168 0.0369
vn 0.6240 0.6859 0.3743
vn 0.7489 0.4991 0.4360
vn 0.7684 -0.1601 0.6196
vn 0.5828 -0.5572 0.5914
vn 0.3576 -0.7956 0.4890
vn 0.6441 0.6738 0.3620
vn 0.4536 0.8638 0.2192
vn 0.4243 0.8893 0.1706
vn 0.7757 0.4046 0.4843
vn 0.8253 0.0509 0.5624
vn 0.7480 -0.3680 0.5524
vn 0.3719 -0.7980 0.4741
vn 0.2397 0.9699 0.0418
vn 0.3547 -0.8735 0.3335
vn 0.3521 -0.8832 0.3097
vn 0.4491 0.8576 0.2507
vn 0.2561 0.9536 0.1581
vn 0.1300 0.9899 0.0559
vn 0.0421 0.9990 0.0163
vn 0.4487 0.8929 -0.0356
vn 0.4223 0.9060 0.0283
vn 0.3631 0.9315 -0.0230
vn 0.1877 0.9814 -0.0394
vn 0.2378 0.9711 -0.0211
vn 0.0544 0.9985 -0.0068
vn 0.4358 0.8997 0.0248
vn 0.5545 0.8313 0.0378
vn 0.2368 0.9714 0.0165
vn 0.0795 0.9967 0.0132
vn 0.5409 0.8410 -0.0095
vn 0.5412 0.8407 0.0191
vn 0.3897 0.9208 -0.0173
vn 0.2596 0.9656 -0.0115
vn 0.1427 0.9898 -0.0013
vn 0.5353 0.8443 -0.0262
vn 0.3936 0.9192 0.0166
vn 0.2373 0.9714 0.0119
vn 0.2119 0.9771 -0.0217
vn 0.0469 0.9987 0.0181
vn 0.5421 0.8400 -0.0228
vn 0.4162 0.9086 -0.0350
vn 0.4005 0.9160 -0.0236
vn 0.3284 0.9444 -0.0170
vn 0.1788 0.9836 -0.0242
vn 0.1836 0.9828 -0.0188
vn 0.1407 0.9899 -0.0153
vn 0.1056 0.9944 -0.0107
vn 0.5121 0.8587 0.0205
vn 0.4062 0.9136 0.0185
vn 0.3579 0.9334 0.0245
vn 0.2079 0.9780 0.0158
vn 0.1417 0.9898 0.0111
vn 0.5127 0.8585 -0.0088
vn 0.2694 0.9630 -0.0043
vn 0.1441 0.9895 -0.0091
vn 0.3894 -0.7062 0.5912
vn 0.2386 -0.8173 0.5245
vn 0.0799 -0.9001 0.4282
vn 0.2779 -0.7815 0.5586
vn 0.0871 -0.9141 0.3959
vn 0.1798 -0.8981 0.4013
vn -0.0333 -0.9056 0.4229
vn -0.2739 -0.9018 0.3343
vn -0.3227 -0.9199 0.2228
vn -0.2160 -0.9351 0.2809
vn 0.0994 -0.9700 0.2218
vn -0.0644 -0.9651 0.2537
vn -0.3074 -0.9432 0.1257
vn -0.2048 -0.9721 0.1144
vn 0.0451 -0.9934 0.1056
vn -0.0603 -0.9910 0.1193
vn 0.0387 -0.9936 0.1064
vn -0.1217 -0.9919 0.0359
vn -0.1303 -0.9457 0.2978
vn -0.2859 -0.9228 0.2581
vn -0.4517 -0.8774 0.1616
vn -0.2468 -0.9092 0.3353
vn -0.4511 -0.8778 0.1615
vn -0.3842 -0.8971 0.2181
vn -0.5435 -0.8354 0.0820
vn -0.4626 -0.8821 0.0894
vn -0.6021 -0.7968 0.0510
vn -0.5081 -0.8594 0.0577
vn -0.4720 -0.8815 0.0129
vn -0.3894 -0.9189 0.0634
vn -0.2084 -0.9778 0.0243
vn -0.2955 -0.9553 0.0061
vn -0.6091 -0.7923 0.0351
vn -0.6266 -0.7788 0.0299
vn -0.6616 -0.7499 -0.0063
vn -0.6287 -0.7777 0.0037
vn -0.2805 -0.9598 0.0119
vn -0.7041 -0.7095 0.0293
vn -0.6935 -0.7204 0.0040
vn -0.6245 -0.7809 -0.0104
vn -0.5375 -0.8432 -0.0065
vn -0.4277 -0.9039 -0.0044
vn -0.2585 -0.9660 -0.0011
vn -0.7012 -0.7123 0.0310
vn -0.6496 -0.7598 0.0269
vn -0.5476 -0.8364 0.0230
vn -0.4604 -0.8875 0.0171
vn -0.2734 -0.9619 0.0071
vn -0.3786 -0.9254 0.0181
vn -0.7001 -0.7135 0.0281
vn -0.6541 -0.7563 0.0088
vn -0.6764 -0.7365 0.0015
vn -0.6641 -0.7475 0.0125
vn -0.5754 -0.8178 0.0098
vn -0.5823 -0.8129 0.0090
vn -0.7006 -0.7135 0.0059
vn -0.6566 -0.7542 -0.0103
vn -0.6440 -0.7650 -0.0036
vn -0.4109 -0.9117 0.0082
vn -0.3586 -0.9335 0.0045
vn -0.6945 -0.7190 0.0260
vn -0.7112 -0.7028 0.0114
vn -0.5617 -0.8273 -0.0036
vn 0.7475 0.4044 0.5270
vn 0.6930 -0.0782 0.7166
vn 0.7813 -0.0184 0.6239
vn 0.7082 -0.5278 0.4690
vn 0.6903 -0.4633 0.5557
vn 0.6725 -0.4778 0.5652
vn 0.4617 0.8057 0.3710
vn 0.6046 0.6426 0.4706
vn 0.7297 0.4227 0.5374
vn 0.7973 -0.1190 0.5918
vn 0.8251 0.3778 0.4201
vn 0.8951 -0.1261 0.4277
vn 0.7715 -0.5303 0.3515
vn 0.6161 -0.7275 0.3020
vn 0.7256 0.5942 0.3471
vn 0.7928 0.4466 0.4147
vn 0.8856 -0.1191 0.4489
vn 0.7501 -0.5541 0.3609
vn 0.6152 -0.7309 0.2954
vn 0.7044 0.5265 0.4760
vn 0.8533 -0.0871 0.5141
vn 0.7222 -0.5276 0.4472
vn 0.3572 -0.9185 0.1695
vn 0.6399 0.6102 0.4670
vn 0.4809 0.8381 0.2573
vn 0.7251 0.3473 0.5946
vn 0.7980 -0.1678 0.5788
vn 0.7252 -0.4042 0.5575
vn 0.5370 -0.7430 0.3993
vn 0.5599 -0.7511 0.3498
vn 0.3446 -0.9212 0.1809
vn 0.1400 0.9871 0.0776
vn 0.6942 0.3787 0.6121
vn 0.7658 -0.1275 0.6303
vn 0.5203 -0.7388 0.4284
vn 0.3102 -0.9191 0.2430
vn 0.3123 -0.9244 0.2190
vn 0.1788 -0.9801 0.0856
vn 0.5817 0.6496 0.4896
vn 0.4214 0.8426 0.3353
vn 0.3018 -0.9213 0.2451
vn 0.3021 -0.9202 0.2491
vn 0.4050 0.8453 0.3486
vn 0.1794 -0.9751 0.1301
vn 0.8347 0.3559 0.4203
vn 0.8692 -0.1063 0.4830
vn 0.6204 -0.6943 0.3648
vn 0.3725 -0.9014 0.2207
vn 0.7101 0.5953 0.3760
vn 0.7664 -0.4506 0.4577
vn 0.2624 -0.9573 0.1214
vn 0.0961 0.9930 0.0689
vn 0.4965 0.8316 0.2487
vn 0.3525 -0.9195 0.1741
vn 0.1878 -0.9756 0.1135
vn 0.0084 0.9999 0.0126
vn 0.0735 -0.9951 0.0655
vn 0.0089 0.9999 0.0065
vn 0.0050 1.0000 0.0080
vn 0.0058 0.9998 -0.0175
vn 0.0025 0.9999 0.0128
vn 0.0003 0.9999 0.0147
vn -0.0018 1.0000 0.0017
vn 0.0001 1.0000 0.0024
vn 0.0001 1.0000 0.0041
vn 0.0322 0.9994 -0.0092
vn 0.0048 1.0000 0.0015
vn -0.0008 1.0000 -0.0010
vn 0.0603 0.9982 0.0075
vn 0.0572 0.9983 -0.0080
vn 0.0109 0.9999 -0.0062
vn -0.0010 1.0000 -0.0088
vn 0.0474 -0.9988 0.0148
vn 0.0518 -0.9968 0.0610
vn 0.0058 -1.0000 0.0024
vn -0.0268 -0.9995 0.0165
vn -0.0370 -0.9993 -0.0001
vn 0.0070 -1.0000 0.0042
vn -0.3373 -0.9413 0.0105
vn -0.1227 -0.9918 0.0352
vn -0.1339 -0.9907 -0.0241
vn -0.0126 -0.9999 0.0064
vn -0.0024 -0.9999 -0.0170
vn -0.1487 -0.9888 0.0130
vn -0.0229 -0.9997 0.0096
vn 0.0015 -0.9999 0.0115
vn -0.1353 -0.9908 0.0007
vn -0.0401 -0.9992 0.0030
vn -0.0100 -0.9999 0.0014
vn -0.1579 -0.9875 0.0033
vn -0.0869 -0.9962 0.0060
vn -0.0371 -0.9993 0.0016
vn -0.0030 -1.0000 -0.0005
vn -0.2714 -0.9625 0.0030
vn -0.1621 -0.9868 0.0052
vn -0.0924 -0.9957 0.0023
vn -0.0366 -0.9993 0.0018
vn -0.0194 -0.9998 0.0024
vn -0.0057 -1.0000 0.0012
vn -0.1739 -0.9848 -0.0057
vn -0.0233 -0.9997 -0.0084
vn -0.0023 -1.0000 -0.0056
vn 0.6931 0.2501 0.6761
vn 0.6560 -0.2426 0.7147
vn 0.6560 0.2288 0.7193
vn 0.6479 -0.1078 0.7541
vn 0.5269 -0.7118 0.4644
vn 0.4100 -0.7410 0.5319
vn 0.2418 -0.9257 0.2910
vn 0.2846 0.8796 0.3811
vn 0.5067 0.3773 0.7752
vn 0.4668 0.6133 0.6372
vn 0.5712 -0.1589 0.8053
vn 0.5056 -0.5365 0.6757
vn 0.3919 -0.7421 0.5437
vn 0.5848 0.3147 0.7477
vn 0.1925 -0.9431 0.2711
vn 0.7527 0.3755 0.5408
vn 0.8219 -0.1515 0.5491
vn 0.7145 -0.4570 0.5297
vn 0.5428 -0.7230 0.4273
vn 0.4617 0.8322 0.3071
vn 0.7043 0.6112 0.3611
vn 0.7519 0.4573 0.4748
vn 0.8439 -0.1157 0.5239
vn 0.7046 -0.5671 0.4266
vn 0.3715 -0.9023 0.2186
vn 0.9536 0.1575 0.2566
vn 0.8474 -0.0568 0.5279
vn 0.7309 -0.4834 0.4818
vn 0.6030 -0.7271 0.3282
vn 0.5607 -0.7476 0.3560
vn 0.2531 -0.9638 0.0840
vn 0.6565 0.5891 0.4711
vn 0.7603 0.3214 0.5645
vn 0.6799 -0.5569 0.4771
vn 0.3361 -0.9232 0.1866
vn 0.4323 0.8502 0.3005
vn 0.5046 -0.7560 0.4170
vn 0.1896 0.9727 0.1335
vn 0.1636 -0.9784 0.1264
vn 0.0529 0.9976 0.0440
vn 0.1387 0.9687 0.2060
vn 0.1112 -0.9809 0.1597
vn 0.0428 0.9989 0.0215
vn 0.2806 -0.9447 0.1695
vn 0.2537 0.9471 0.1965
vn 0.0121 0.9999 0.0015
vn 0.0796 -0.9951 0.0580
vn -0.0119 0.9999 0.0025
vn -0.0028 1.0000 0.0044
vn 0.0008 0.9997 0.0231
vn 0.0027 1.0000 -0.0019
vn 0.0075 0.9999 0.0141
vn 0.0026 1.0000 0.0012
vn 0.0024 1.0000 0.0050
vn 0.0075 1.0000 -0.0029
vn 0.0706 0.9975 -0.0017
vn 0.0514 0.9987 -0.0067
vn 0.0336 0.9991 0.0271
vn 0.0248 0.9996 0.0111
vn 0.0102 0.9999 -0.0036
vn 0.0638 -0.9963 0.0573
vn 0.0795 -0.9952 0.0572
vn 0.0331 -0.9992 0.0220
vn 0.0008 -1.0000 -0.0000
vn 0.0095 -0.9999 -0.0104
vn 0.0088 -0.9999 -0.0127
vn -0.0067 -0.9998 0.0175
vn 0.0157 -0.9998 -0.0110
vn 0.0084 -1.0000 0.0053
vn 0.0058 -1.0000 -0.0029
vn 0.0091 -0.9998 0.0182
vn 0.0002 -1.0000 -0.0010
vn 0.0013 -1.0000 -0.0019
vn -0.0051 -1.0000 0.0018
vn 0.5809 0.3297 0.7442
vn 0.6152 -0.1852 0.7663
vn 0.5762 -0.4937 0.6513
vn 0.4644 0.6196 0.6328
vn 0.5802 0.2519 0.7746
vn 0.5571 -0.1187 0.8219
vn 0.3845 -0.7296 0.5655
vn 0.2188 -0.9181 0.3305
vn 0.4499 0.6277 0.6353
vn 0.3060 0.8664 0.3947
vn 0.6267 0.2779 0.7281
vn 0.6306 -0.1624 0.7589
vn 0.5215 -0.5536 0.6493
vn 0.5405 0.6103 0.5791
vn 0.6652 0.2519 0.7030
vn 0.6769 -0.1298 0.7245
vn 0.5673 -0.5478 0.6149
vn 0.2112 -0.9694 0.1248
vn 0.1582 0.9687 0.1912
vn 0.3518 0.8392 0.4147
vn 0.3480 0.8481 0.3995
vn 0.6769 0.2470 0.6934
vn 0.6953 -0.1147 0.7095
vn 0.5979 -0.5224 0.6079
vn 0.4436 -0.7864 0.4298
vn 0.6723 -0.0851 0.7354
vn 0.2268 -0.9470 0.2275
vn 0.1661 -0.9731 0.1597
vn 0.6014 0.4071 0.6875
vn 0.5907 -0.5119 0.6238
vn 0.4752 -0.7505 0.4594
vn 0.2723 -0.9400 0.2056
vn 0.3402 0.8689 0.3595
vn 0.4319 -0.7519 0.4981
vn 0.1380 -0.9833 0.1183
vn 0.1305 0.9855 0.1083
vn 0.2384 -0.9280 0.2863
vn 0.2190 -0.9312 0.2915
vn 0.0406 0.9974 0.0602
vn 0.0004 0.9999 0.0105
vn 0.0150 0.9990 0.0416
vn -0.0095 0.9999 0.0063
vn 0.0135 0.9999 -0.0002
vn -0.0073 0.9999 0.0090
vn 0.0114 0.9999 -0.0111
vn 0.0167 0.9999 0.0014
vn 0.0005 1.0000 -0.0022
vn 0.0105 0.9999 0.0062
vn 0.0126 0.9999 0.0061
vn 0.0119 0.9999 -0.0040
vn 0.0161 0.9999 -0.0016
vn 0.0205 0.9991 0.0382
vn 0.0534 0.9966 0.0628
vn 0.0460 0.9988 0.0189
vn 0.0030 0.9978 0.0659
vn 0.0824 0.9963 -0.0255
vn 0.0614 0.9978 -0.0237
vn 0.0098 0.9997 -0.0234
vn -0.0090 0.9988 -0.0483
vn 0.0432 0.9988 -0.0217
vn -0.0062 0.9999 0.0083
vn 0.0227 0.9997 -0.0119
vn -0.0018 0.9996 0.0285
vn -0.0415 0.9989 0.0225
vn 0.0427 -0.9986 0.0324
vn 0.0444 -0.9985 0.0325
vn 0.0226 -0.9984 0.0520
vn 0.0013 -1.0000 0.0052
vn -0.0068 -1.0000 0.0067
vn 0.0218 -0.9998 -0.0012
vn 0.0028 -1.0000 -0.0025
vn -0.0016 -1.0000 0.0028
vn -0.0020 -1.0000 -0.0006
vn 0.0009 -1.0000 -0.0005
vn 0.0010 -1.0000 -0.0004
vn 0.2693 0.8390 0.4728
vn 0.3841 0.4662 0.7970
vn 0.4857 -0.1386 0.8631
vn 0.4225 -0.5460 0.7234
vn 0.3253 -0.7481 0.5784
vn 0.3243 -0.7391 0.5904
vn 0.1250 0.9673 0.2205
vn 0.3714 0.5954 0.7124
vn 0.6311 0.2646 0.7291
vn 0.1913 -0.9160 0.3527
vn 0.4608 0.3014 0.8347
vn 0.4258 -0.5027 0.7523
vn 0.3362 -0.7550 0.5629
vn 0.1230 -0.9698 0.2108
vn 0.2440 0.8548 0.4580
vn 0.5394 0.2848 0.7924
vn 0.4979 -0.1687 0.8507
vn 0.4506 -0.7194 0.5285
vn 0.1900 -0.9385 0.2884
vn 0.1900 -0.9568 0.2199
vn 0.2873 0.8519 0.4379
vn 0.5048 0.3874 0.7714
vn 0.4650 0.6111 0.6406
vn 0.5775 -0.1536 0.8018
vn 0.5244 -0.5083 0.6831
vn 0.3586 -0.8118 0.4610
vn 0.0716 0.9930 0.0936
vn 0.4777 0.6019 0.6399
vn 0.6175 0.2992 0.7274
vn 0.2134 -0.9365 0.2783
vn 0.1695 0.9597 0.2242
vn 0.3471 0.8375 0.4219
vn 0.6556 -0.1521 0.7396
vn 0.4396 -0.7241 0.5314
vn 0.2788 -0.9308 0.2364
vn 0.2236 -0.9424 0.2487
vn 0.1310 0.9677 0.2152
vn 0.0467 -0.9960 0.0764
vn 0.0185 0.9969 0.0760
vn 0.0755 0.9912 0.1088
vn -0.0064 0.9999 0.0144
vn -0.0085 0.9999 0.0088
vn -0.0032 0.9999 0.0140
vn 0.0394 0.9991 0.0159
vn 0.0039 0.9998 0.0203
vn 0.0294 0.9987 0.0410
vn 0.0188 0.9994 0.0304
vn 0.0352 0.9993 -0.0097
vn 0.0596 0.9982 0.0114
vn 0.0394 0.9992 -0.0081
vn 0.0576 0.9979 -0.0310
vn 0.0393 0.9992 -0.0050
vn 0.0224 0.9997 0.0105
vn 0.0199 0.9998 0.0053
vn 0.0004 1.0000 0.0019
vn 0.0238 0.9997 -0.0039
vn -0.0164 0.9996 0.0246
vn -0.0154 0.9998 -0.0138
vn -0.0043 0.9974 0.0717
vn -0.0461 0.9989 0.0092
vn -0.0431 0.9990 -0.0103
vn -0.0582 0.9981 -0.0211
vn -0.0134 0.9999 -0.0066
vn -0.0262 0.9994 -0.0224
vn -0.0189 0.9998 -0.0036
vn -0.0075 1.0000 -0.0020
vn -0.0167 0.9998 0.0065
vn 0.0141 -0.9999 0.0070
vn 0.0068 -1.0000 -0.0043
vn 0.0161 -0.9999 -0.0057
vn 0.0124 -0.9999 -0.0060
vn 0.0030 -1.0000 -0.0000
vn -0.0216 -0.9997 -0.0113
vn -0.0076 -0.9999 -0.0073
vn -0.0196 -0.9997 0.0167
vn -0.0058 -0.9998 0.0172
vn 0.0017 -1.0000 0.0003
vn -0.0000 -1.0000 -0.0007
vn 0.0011 -1.0000 0.0007
vn 0.6610 0.3302 0.6738
vn 0.6736 0.3228 0.6649
vn 0.7010 -0.1456 0.6981
vn 0.5816 -0.6782 0.4492
vn 0.5723 0.5968 0.5624
vn 0.6642 0.3229 0.6743
vn 0.5099 -0.6976 0.5033
vn 0.5101 -0.6980 0.5025
vn 0.5544 0.5982 0.5786
vn 0.3867 0.8366 0.3881
vn 0.6249 0.3254 0.7097
vn 0.6825 -0.1040 0.7234
vn 0.5157 -0.6980 0.4969
vn 0.2891 -0.9119 0.2912
vn 0.6403 -0.0731 0.7647
vn 0.3967 -0.7349 0.5500
vn 0.2687 -0.9201 0.2850
vn 0.2674 -0.9160 0.2989
vn 0.3748 0.7337 0.5668
vn 0.3015 0.8440 0.4436
vn 0.3987 0.4209 0.8148
vn 0.4928 -0.1319 0.8601
vn 0.4273 -0.5505 0.7172
vn 0.3308 -0.7204 0.6096
vn 0.1656 0.9531 0.2534
vn 0.5954 0.3049 0.7433
vn 0.1789 -0.9294 0.3229
vn 0.1104 0.9680 0.2252
vn 0.0689 0.9888 0.1323
vn 0.1896 0.8391 0.5099
vn 0.2355 0.4536 0.8595
vn 0.4034 -0.2180 0.8887
vn 0.3166 -0.4890 0.8128
vn 0.1735 -0.9175 0.3579
vn 0.5514 0.5866 0.5931
vn 0.5748 -0.4996 0.6480
vn 0.3031 -0.8927 0.3334
vn 0.0333 -0.9986 0.0419
vn 0.3851 0.8328 0.3976
vn 0.2724 -0.9224 0.2739
vn 0.2346 -0.9394 0.2501
vn 0.2930 -0.9172 0.2700
vn 0.0348 -0.9986 0.0390
vn 0.2061 0.9564 0.2068
vn 0.0430 0.9984 0.0370
vn 0.1067 0.9886 0.1063
vn 0.0091 0.9999 -0.0044
vn 0.0014 0.9999 0.0117
vn 0.0036 0.9999 0.0107
vn 0.0093 0.9999 -0.0042
vn -0.0005 1.0000 0.0001
vn 0.0052 0.9999 0.0094
vn 0.0075 0.9999 0.0108
vn -0.0003 0.9999 0.0158
vn -0.0070 0.9989 0.0473
vn -0.0152 0.9998 -0.0136
vn -0.0192 0.9997 -0.0149
vn -0.0196 0.9993 -0.0320
vn -0.0212 0.9997 -0.0156
vn -0.0114 0.9999 -0.0097
vn -0.0022 1.0000 -0.0019
vn 0.0030 1.0000 -0.0015
vn -0.0075 1.0000 -0.0019
vn 0.0001 1.0000 0.0009
vn 0.0515 -0.9960 0.0726
vn 0.0260 -0.9994 0.0234
vn 0.0602 -0.9973 0.0416
vn 0.0002 -1.0000 0.0018
vn -0.0004 -1.0000 0.0090
vn 0.0006 -1.0000 0.0024
vn 0.0145 -0.9999 -0.0036
vn 0.0027 -0.9999 0.0114
vn -0.0018 -1.0000 -0.0016
vn 0.0078 -0.9999 -0.0102
vn 0.0037 -1.0000 -0.0017
vn 0.0035 -1.0000 0.0002
vn 0.0011 -1.0000 0.0001
vn 0.0007 -1.0000 0.0005
vn -0.0011 -1.0000 -0.0013
vn 0.4493 0.1949 0.8719
vn 0.4947 0.2508 0.8321
vn 0.5300 -0.2169 0.8198
vn 0.3095 0.6795 0.6653
vn 0.3752 0.4533 0.8086
vn 0.5450 0.0306 0.8379
vn 0.6130 -0.4256 0.6657
vn 0.6342 -0.6459 0.4251
vn 0.2524 0.6350 0.7301
vn 0.4144 0.4354 0.7992
vn 0.6229 -0.5806 0.5243
vn 0.1962 0.8413 0.5038
vn 0.3610 0.4578 0.8124
vn 0.2342 0.0225 0.9719
vn 0.4492 -0.3957 0.8010
vn 0.2640 -0.7312 0.6290
vn 0.1234 -0.9721 0.1993
vn 0.2021 0.7644 0.6122
vn 0.3810 -0.0767 0.9214
vn 0.3546 -0.7077 0.6111
vn 0.2449 0.4684 0.8489
vn 0.4341 -0.5577 0.7075
vn 0.4010 -0.7636 0.5061
vn 0.0547 0.9922 0.1123
vn 0.3954 0.5040 0.7679
vn 0.4403 0.4629 0.7693
vn 0.4412 0.2013 0.8746
vn 0.4822 0.6071 0.6316
vn 0.5450 -0.5754 0.6098
vn 0.3612 -0.9037 0.2298
vn 0.1012 0.9689 0.2259
vn 0.0356 0.9948 0.0956
vn 0.5316 -0.7886 0.3092
vn 0.0111 0.9998 0.0158
vn 0.0493 0.9803 0.1912
vn 0.0222 0.9992 0.0328
vn 0.0026 1.0000 -0.0049
vn 0.0024 0.9999 0.0127
vn -0.0008 1.0000 -0.0000
vn 0.0015 0.9999 0.0161
vn 0.0093 0.9998 0.0180
vn -0.0066 1.0000 -0.0008
vn -0.0119 0.9998 -0.0161
vn -0.0296 0.9995 -0.0099
vn -0.0039 1.0000 -0.0054
vn -0.0055 1.0000 -0.0058
vn -0.0005 1.0000 0.0011
vn -0.0008 1.0000 -0.0025
vn -0.0029 1.0000 -0.0008
vn 0.5053 -0.8556 0.1119
vn 0.0494 -0.9962 0.0712
vn 0.1953 -0.9805 -0.0241
vn 0.3468 -0.9377 0.0183
vn 0.5212 -0.8524 0.0428
vn 0.2178 -0.9622 -0.1635
vn 0.0310 -0.9956 -0.0883
vn 0.0185 -0.9996 0.0194
vn 0.0335 -0.9994 0.0048
vn -0.0001 -1.0000 0.0047
vn 0.0028 -1.0000 0.0030
vn 0.0002 -1.0000 -0.0023
vn -0.0003 -1.0000 -0.0006
vn -0.0026 -1.0000 -0.0013
vn 0.4017 0.2453 0.8823
vn 0.6072 -0.3630 0.7068
vn 0.2002 0.5815 0.7885
vn 0.3869 0.1558 0.9089
vn 0.0179 0.7753 0.6313
vn 0.2667 0.1518 0.9517
vn -0.0104 0.6928 0.7211
vn 0.0528 0.4210 0.9055
vn 0.1886 0.2271 0.9554
vn -0.0543 0.8936 0.4455
vn -0.0329 0.6066 0.7943
vn -0.0646 0.8235 0.5637
vn -0.0672 0.7168 0.6940
vn -0.0288 0.5318 0.8464
vn -0.0126 0.9986 0.0516
vn 0.0547 0.8970 0.4386
vn -0.0228 0.9931 0.1150
vn -0.0333 0.9719 0.2330
vn -0.0334 0.9720 0.2324
vn -0.0605 0.9075 0.4156
vn -0.0097 0.9999 0.0084
vn 0.0040 1.0000 -0.0076
vn -0.0112 0.9999 0.0047
vn 0.0046 0.9999 0.0090
vn -0.0206 0.9998 -0.0010
vn -0.0083 0.9998 -0.0161
vn -0.0144 0.9999 0.0022
vn 0.0017 1.0000 0.0003
vn 0.0004 1.0000 -0.0001
vn 0.0024 1.0000 -0.0006
vn 0.5519 -0.8338 -0.0128
vn 0.6067 -0.7285 0.3182
vn 0.5406 -0.8409 0.0243
vn 0.5459 -0.3713 0.7511
vn 0.6751 -0.6400 0.3669
vn 0.5557 -0.7909 -0.2564
vn 0.4208 -0.8467 -0.3257
vn 0.6234 -0.5505 0.5553
vn 0.6559 -0.7434 0.1310
vn 0.3760 -0.0424 0.9257
vn 0.6296 -0.7470 0.2137
vn 0.4587 -0.7963 -0.3944
vn 0.3414 -0.0145 0.9398
vn 0.5066 -0.4736 0.7205
vn 0.2404 -0.8152 -0.5269
vn 0.7057 -0.7071 -0.0445
vn 0.5517 -0.8031 -0.2250
vn 0.2866 -0.7919 -0.5392
vn 0.5818 -0.7293 0.3599
vn 0.2989 -0.7656 -0.5697
vn 0.3762 -0.2022 0.9042
vn 0.5377 -0.6157 0.5760
vn 0.4841 -0.8493 -0.2104
vn 0.3485 -0.8324 -0.4310
vn 0.1862 -0.9697 -0.1578
vn 0.2985 -0.9267 -0.2282
vn 0.0690 -0.9813 -0.1797
vn 0.3337 -0.9125 -0.2366
vn 0.1495 -0.9233 -0.3539
vn 0.2448 -0.8813 -0.4043
vn 0.2815 -0.8402 -0.4634
vn 0.0971 -0.8957 -0.4340
vn 0.2073 -0.8497 -0.4849
vn 0.1585 -0.8004 -0.5781
vn 0.0362 -0.8891 -0.4562
vn 0.0143 -0.9672 -0.2536
vn 0.0056 -0.9873 -0.1585
vn 0.1378 -0.8096 -0.5705
vn 0.1170 -0.7453 -0.6564
vn 0.0129 -0.9999 -0.0004
vn -0.0026 -1.0000 0.0044
vn 0.0067 -1.0000 0.0065
vn -0.0010 -1.0000 0.0011
vn -0.0049 -1.0000 -0.0012
vn 0.0087 -1.0000 0.0017
vn 0.0015 -1.0000 0.0044
vn -0.0025 -1.0000 0.0025
vn -0.0038 -1.0000 0.0010
vn -0.0193 0.5928 0.8051
vn -0.0062 0.6325 0.7745
vn 0.0141 0.7606 0.6491
vn 0.0350 0.6734 0.7385
vn 0.0542 0.5873 0.8075
vn 0.0293 0.8510 0.5243
vn 0.1006 0.8337 0.5429
vn 0.0996 0.7630 0.6387
vn 0.0991 0.6028 0.7917
vn -0.0200 0.9976 0.0658
vn -0.0126 0.9710 0.2387
vn -0.0164 0.9092 0.4160
vn 0.0555 0.9160 0.3974
vn 0.0558 0.9681 0.2442
vn 0.0305 0.9932 0.1123
vn 0.0096 0.9999 0.0075
vn -0.0016 1.0000 0.0007
vn 0.0030 1.0000 0.0012
vn 0.0115 0.9999 0.0063
vn 0.0072 0.9999 0.0097
vn 0.0006 0.9999 -0.0165
vn -0.0015 0.9999 -0.0171
vn -0.0009 1.0000 -0.0002
vn -0.0004 1.0000 0.0020
vn 0.0021 1.0000 -0.0006
vn 0.0761 0.4448 0.8924
vn 0.1276 0.3079 0.9428
vn 0.2337 0.1270 0.9640
vn 0.4099 -0.4541 0.7911
vn 0.1256 -0.7364 -0.6647
vn 0.4983 -0.8248 0.2673
vn 0.3120 -0.7928 -0.5235
vn 0.3276 -0.8980 -0.2937
vn 0.0488 0.4746 0.8788
vn 0.2247 0.0734 0.9717
vn 0.3599 -0.6470 0.6722
vn 0.1302 -0.7860 -0.6043
vn 0.4211 -0.9040 0.0741
vn 0.0699 -0.7184 -0.6921
vn 0.2820 -0.4016 0.8713
vn 0.3129 -0.8813 0.3541
vn 0.1913 -0.9476 -0.2558
vn 0.1983 -0.9236 -0.3280
vn 0.2475 0.0471 0.9678
vn 0.0951 -0.8312 -0.5478
vn 0.1369 -0.9746 -0.1771
vn 0.2133 -0.1084 0.9710
vn 0.2607 -0.6635 0.7012
vn 0.1635 -0.9631 0.2137
vn 0.2198 -0.9525 0.2108
vn 0.1819 -0.9142 0.3622
vn 0.1188 -0.9419 -0.3141
vn 0.2193 -0.3508 0.9104
vn 0.0006 -0.8055 -0.5926
vn 0.0137 -0.9662 -0.2573
vn 0.0223 -0.8843 -0.4665
vn 0.0175 -0.9942 -0.1060
vn 0.0188 -0.9696 -0.2441
vn 0.0213 -0.8825 -0.4698
vn 0.0101 -0.9988 -0.0481
vn 0.0125 -0.9992 -0.0369
vn 0.0058 -1.0000 0.0021
vn 0.0016 -1.0000 0.0015
vn 0.0038 -1.0000 0.0008
vn 0.0001 -1.0000 -0.0000
vn 0.0019 -1.0000 0.0001
vn 0.1143 0.8275 0.5497
vn 0.0854 0.9074 0.4115
vn 0.0994 0.8070 0.5822
vn 0.0866 0.6225 0.7778
vn 0.0430 0.6178 0.7851
vn 0.0165 0.9032 0.4288
vn 0.0221 0.5799 0.8144
vn 0.0280 0.8143 0.5797
vn 0.0226 0.7256 0.6878
vn 0.0143 0.9997 0.0176
vn 0.0926 0.9192 0.3828
vn 0.0466 0.9689 0.2431
vn 0.0099 0.9749 0.2225
vn 0.0036 0.9920 0.1265
vn -0.0069 0.9999 0.0073
vn 0.0049 0.9653 0.2612
vn -0.0035 0.9985 0.0549
vn -0.0112 0.9999 0.0124
vn -0.0068 1.0000 0.0042
vn 0.0016 0.9999 0.0113
vn 0.0078 0.9999 0.0153
vn -0.0162 0.9999 -0.0045
vn -0.0046 1.0000 -0.0061
vn -0.0021 1.0000 -0.0012
vn -0.0009 1.0000 0.0016
vn 0.0005 1.0000 -0.0010
vn -0.0023 1.0000 0.0010
vn 0.0020 1.0000 0.0002
vn 0.1007 0.1021 0.9897
vn 0.1380 -0.2343 0.9623
vn 0.1195 -0.4599 0.8799
vn 0.0542 0.2818 0.9579
vn 0.0734 0.1341 0.9882
vn 0.0054 -0.3130 0.9497
vn -0.0180 -0.5226 0.8524
vn 0.0282 0.3060 0.9516
vn 0.0401 0.0006 0.9992
vn 0.0405 -0.3563 0.9335
vn 0.1414 -0.5741 0.8065
vn 0.1606 -0.8328 0.5298
vn 0.2079 -0.9093 0.3604
vn 0.0556 -0.9436 -0.3265
vn 0.1567 -0.5886 0.7931
vn 0.0761 0.5509 0.8311
vn -0.0370 -0.9517 -0.3049
vn -0.0251 -0.9094 -0.4152
vn -0.0547 -0.7879 -0.6133
vn 0.0450 0.4817 0.8752
vn 0.0547 0.5346 0.8433
vn -0.0475 -0.7170 -0.6954
vn -0.0391 -0.7449 -0.6660
vn -0.0249 -0.7642 0.6445
vn -0.0293 -0.8873 0.4603
vn -0.0959 -0.9884 0.1174
vn -0.0880 -0.9572 -0.2759
vn -0.0605 -0.8962 -0.4395
vn 0.0034 -0.9029 -0.4299
vn 0.0107 -0.8265 -0.5628
vn 0.0012 -0.7066 -0.7076
vn -0.0125 -0.7510 -0.6602
vn -0.0208 -0.9705 -0.2402
vn -0.0119 -0.9946 -0.1032
vn -0.0455 -0.8251 -0.5631
vn -0.0186 -0.9626 -0.2704
vn -0.0299 -0.8964 -0.4422
vn -0.0080 -0.9996 -0.0279
vn -0.0000 -1.0000 0.0007
vn -0.0002 -1.0000 0.0002
vn 0.0152 0.6595 0.7516
vn 0.0156 0.6156 0.7879
vn 0.0026 0.8172 0.5764
vn 0.0040 0.7349 0.6782
vn 0.0584 0.6439 0.7629
vn 0.0080 0.9999 0.0141
vn 0.0010 1.0000 0.0081
vn -0.0014 1.0000 0.0083
vn 0.0139 0.9983 0.0558
vn 0.0039 0.9990 0.0452
vn 0.0428 0.9991 0.0074
vn 0.0869 0.9960 -0.0218
vn 0.0221 0.9996 0.0181
vn 0.0509 0.9976 0.0472
vn 0.0318 0.9990 -0.0325
vn 0.0331 0.9989 0.0321
vn 0.0246 0.9995 -0.0196
vn 0.0133 0.9992 -0.0381
vn 0.0198 0.9976 -0.0657
vn 0.0036 1.0000 -0.0037
vn 0.0001 1.0000 0.0018
vn 0.1535 0.2201 0.9633
vn 0.1056 -0.6419 0.7595
vn 0.0666 0.4078 0.9107
vn 0.1476 0.1335 0.9800
vn 0.1794 -0.3943 0.9013
vn 0.1559 -0.4427 0.8830
vn 0.4387 -0.4592 0.7724
vn 0.2556 -0.7319 0.6317
vn 0.1953 0.1730 0.9654
vn 0.3302 -0.3045 0.8935
vn 0.1283 0.5486 0.8262
vn 0.2782 -0.4595 0.8435
vn 0.2546 0.2520 0.9336
vn 0.3498 -0.1991 0.9154
vn 0.3356 -0.7122 0.6165
vn 0.2084 0.5360 0.8181
vn 0.3148 -0.0893 0.9450
vn 0.3584 -0.3542 0.8638
vn 0.3293 -0.7266 0.6031
vn -0.0582 -0.7369 -0.6735
vn 0.0524 -0.9271 0.3711
vn 0.0350 -0.9971 -0.0674
vn -0.0129 -0.9440 -0.3298
vn -0.0464 -0.8103 -0.5842
vn 0.2127 -0.9402 0.2661
vn 0.1337 -0.9868 -0.0915
vn -0.0021 -0.8919 -0.4521
vn 0.0261 -0.9185 -0.3947
vn 0.0558 -0.9095 -0.4118
vn -0.0288 -0.8720 -0.4887
vn -0.0017 -0.9947 -0.1024
vn -0.0138 -0.9609 -0.2767
vn 0.0020 -0.9998 -0.0182
vn 0.0072 -1.0000 -0.0024
vn 0.0022 -1.0000 0.0005
vn -0.0013 -1.0000 0.0048
vn -0.0053 -1.0000 -0.0043
vn 0.0013 -1.0000 -0.0034
vn -0.0019 -1.0000 -0.0011
vn 0.0089 0.9256 0.3785
vn 0.0477 0.6488 0.7594
vn 0.0214 0.7450 0.6667
vn 0.0277 0.6777 0.7348
vn -0.0118 0.7357 0.6772
vn -0.0036 0.6850 0.7285
vn 0.0030 0.9956 0.0935
vn 0.0057 0.9823 0.1874
vn 0.0006 0.9999 0.0166
vn 0.0007 1.0000 -0.0011
vn 0.0003 1.0000 -0.0032
vn 0.0022 0.9979 0.0649
vn -0.0165 0.9995 -0.0273
vn -0.0118 0.9985 0.0535
vn 0.0111 0.9989 0.0451
vn -0.0219 0.9968 -0.0768
vn -0.0119 0.9993 -0.0348
vn -0.0001 1.0000 0.0015
vn -0.0001 1.0000 -0.0017
vn 0.1327 0.6057 0.7845
vn 0.2215 0.3787 0.8986
vn 0.3766 -0.4682 0.7993
vn 0.2864 -0.6647 0.6901
vn 0.1076 0.5524 0.8266
vn 0.1742 0.0986 0.9798
vn 0.1415 -0.2676 0.9531
vn 0.2396 -0.6242 0.7436
vn 0.0495 0.2305 0.9718
vn 0.1132 -0.7218 0.6828
vn -0.0061 0.7038 0.7103
vn 0.0039 0.6376 0.7704
vn -0.0273 -0.2691 0.9627
vn -0.1046 -0.5589 0.8226
vn -0.1033 -0.7520 0.6510
vn -0.0306 -0.7487 -0.6622
vn -0.0124 -0.8575 -0.5143
vn -0.0304 -0.7739 -0.6326
vn -0.0307 -0.7790 -0.6263
vn -0.0278 -0.8258 -0.5632
vn -0.0107 -0.9846 -0.1746
vn -0.0028 -0.9992 -0.0392
vn -0.0224 -0.9381 -0.3455
vn -0.0241 -0.9001 -0.4350
vn 0.0006 -1.0000 -0.0024
vn 0.0011 -1.0000 0.0044
vn 0.0029 -1.0000 0.0009
vn 0.0023 -1.0000 0.0034
vn 0.0009 -1.0000 -0.0007
vn 0.0016 -1.0000 -0.0010
vn 0.0011 -1.0000 -0.0003
vn 0.0028 -1.0000 0.0022
vn -0.0000 -1.0000 -0.0005
vn -0.0000 -1.0000 -0.0004
vn -0.0325 0.6844 0.7284
vn -0.0500 0.9116 0.4081
vn -0.0499 0.7494 0.6602
vn 0.0098 0.7086 0.7055
vn 0.0239 0.7695 0.6382
vn -0.0021 0.8420 0.5394
vn -0.0254 0.9774 0.2099
vn -0.0204 0.9960 0.0868
vn -0.0293 0.9777 0.2079
vn -0.0055 0.9993 0.0366
vn -0.0062 0.9997 0.0215
vn -0.0338 0.9833 0.1788
vn 0.0224 0.9640 0.2649
vn 0.0070 0.9993 0.0358
vn 0.0104 0.9974 0.0714
vn -0.0045 0.9990 -0.0451
vn -0.0038 0.9999 0.0145
vn -0.0218 0.9977 -0.0643
vn 0.0331 0.9994 0.0121
vn -0.0101 0.9994 -0.0334
vn -0.0337 0.4278 0.9033
vn -0.0261 0.7099 0.7038
vn -0.0178 0.6714 0.7409
vn -0.0151 0.5449 0.8384
vn -0.0178 0.2904 0.9567
vn -0.0481 0.0248 0.9985
vn -0.0593 -0.3186 0.9460
vn -0.1129 -0.6896 0.7154
vn 0.0241 -0.6936 0.7200
vn 0.0617 0.2560 0.9647
vn 0.1276 0.0023 0.9918
vn 0.0532 0.7320 0.6792
vn 0.0364 0.7113 0.7019
vn 0.1288 -0.3831 0.9147
vn 0.1354 -0.6230 0.7704
vn -0.0351 -0.7813 -0.6232
vn -0.0452 -0.8719 -0.4877
vn 0.0287 -0.7676 -0.6403
vn 0.0358 -0.7372 -0.6747
vn -0.0086 -0.9564 -0.2918
vn -0.0226 -0.8287 -0.5593
vn -0.0053 -0.9930 -0.1176
vn 0.0306 -0.8225 -0.5680
vn -0.0017 -1.0000 -0.0015
vn 0.0001 -1.0000 0.0001
vn -0.0007 -1.0000 -0.0005
vn 0.0549 0.9254 0.3749
vn 0.0747 0.7312 0.6781
vn 0.0724 0.8391 0.5391
vn 0.0424 0.7041 0.7088
vn 0.0391 0.9118 0.4089
vn 0.0270 0.7518 0.6589
vn 0.0299 0.8087 0.5874
vn 0.0401 0.7429 0.6682
vn -0.0284 0.6396 0.7682
vn 0.0371 0.9844 0.1722
vn 0.0269 0.9963 0.0810
vn 0.0555 0.9770 0.2059
vn -0.0007 1.0000 0.0061
vn 0.0245 0.9947 0.0994
vn 0.0033 0.9993 0.0376
vn 0.0003 0.9990 0.0439
vn 0.0149 0.9977 -0.0657
vn 0.0235 0.9990 0.0376
vn 0.0253 0.9996 -0.0098
vn -0.0001 1.0000 -0.0077
vn 0.0033 0.9988 -0.0479
vn 0.0080 0.9976 -0.0681
vn -0.0000 1.0000 -0.0001
vn -0.0001 1.0000 0.0045
vn 0.0018 1.0000 -0.0019
vn 0.0002 1.0000 0.0008
vn 0.0687 0.6730 0.7364
vn 0.0895 0.4177 0.9042
vn 0.1415 0.0869 0.9861
vn -0.0043 0.7293 0.6841
vn -0.0155 0.6627 0.7487
vn -0.0294 0.4696 0.8824
vn -0.0431 -0.5639 0.8247
vn -0.2182 0.0269 0.9755
vn -0.1628 -0.3657 0.9164
vn -0.1668 0.4111 0.8962
vn -0.2376 -0.6601 0.7126
vn -0.0798 0.6778 0.7309
vn -0.0644 0.5992 0.7980
vn -0.1518 0.5583 0.8156
vn -0.2627 0.0274 0.9645
vn -0.2931 -0.2748 0.9157
vn -0.2463 0.2642 0.9325
vn -0.0883 0.5971 0.7973
vn -0.0482 0.6716 0.7393
vn -0.0911 0.6042 0.7916
vn -0.2541 -0.1853 0.9493
vn -0.2476 -0.4320 0.8672
vn -0.2058 -0.7828 0.5873
vn 0.0284 -0.7832 -0.6211
vn 0.0321 -0.8588 -0.5112
vn 0.0131 0.7170 0.6969
vn 0.0193 -0.7451 -0.6667
vn -0.0193 -0.8908 -0.4541
vn -0.0009 -0.7763 -0.6304
vn -0.0101 -0.7252 -0.6885
vn -0.0086 -0.8624 -0.5062
vn -0.0124 -0.7937 -0.6082
vn 0.0238 -0.9026 -0.4297
vn 0.0207 -0.9573 -0.2884
vn 0.0047 -0.9946 -0.1037
vn 0.0018 -0.9084 -0.4180
vn 0.0060 -0.8474 -0.5309
vn 0.0023 -0.9986 -0.0532
vn 0.0001 -1.0000 -0.0012
vn -0.0001 -1.0000 0.0004
vn 0.0005 -1.0000 -0.0012
vn 0.8089 0.5697 0.1456
vn 0.8664 0.4835 0.1246
vn 0.8887 0.4559 -0.0481
vn 0.9175 0.3905 -0.0759
vn 0.9602 0.2250 0.1655
vn 0.9576 0.2751 -0.0853
vn 0.9622 -0.2261 0.1517
vn 0.9759 -0.2013 0.0840
vn 0.9251 -0.3497 -0.1482
vn 0.9137 -0.3669 -0.1750
vn 0.8262 -0.5498 0.1232
vn 0.8601 -0.4887 -0.1460
vn 0.9038 0.4264 -0.0363
vn 0.9750 0.2153 0.0544
vn 0.9014 0.4228 0.0937
vn 0.9935 -0.0338 -0.1086
vn 0.9947 0.0114 0.1024
vn 0.9835 -0.0905 0.1566
vn 0.9534 -0.2984 0.0435
vn 0.8907 -0.4362 0.1280
vn 0.7073 -0.6784 -0.1989
vn 0.7852 -0.6008 0.1504
vn 0.9556 0.2944 -0.0136
vn 0.9986 0.0530 -0.0089
vn 0.7484 0.6632 0.0005
vn 0.8996 0.4191 -0.1231
vn 0.8985 0.4193 -0.1302
vn 0.9767 -0.0072 -0.2144
vn 0.8904 -0.4371 0.1269
vn 0.8677 -0.4740 0.1498
vn 0.8959 -0.4203 -0.1440
vn 0.7942 -0.6074 -0.0204
vn 0.7957 -0.5624 -0.2247
vn 0.7147 0.6970 0.0583
vn 0.6971 0.7165 -0.0252
vn 0.6770 0.7355 0.0284
vn 0.6548 0.7552 -0.0290
vn 0.6918 0.7215 -0.0290
vn 0.7033 0.7100 -0.0355
vn 0.6731 0.7392 0.0246
vn 0.6021 0.7983 -0.0148
vn 0.6880 0.7253 0.0248
vn 0.6921 0.7217 -0.0049
vn 0.6279 0.7781 0.0163
vn 0.6407 0.7678 0.0013
vn 0.6950 0.7184 -0.0301
vn 0.8202 0.5668 -0.0776
vn 0.7643 0.6410 -0.0709
vn 0.6895 0.7242 -0.0071
vn 0.6726 0.7376 -0.0606
vn 0.8491 0.5193 -0.0963
vn 0.8503 0.5014 -0.1598
vn 0.7769 0.6296 0.0103
vn 0.8011 0.5977 -0.0322
vn 0.8045 0.5938 -0.0096
vn 0.7196 0.6941 0.0211
vn 0.7551 0.6514 -0.0741
vn 0.8285 0.5291 -0.1835
vn 0.8585 0.4414 -0.2609
vn 0.8730 0.3817 -0.3036
vn 0.7825 0.6138 0.1043
vn 0.7890 0.6132 -0.0369
vn 0.7911 0.6015 -0.1112
vn 0.6236 -0.7420 -0.2460
vn 0.7235 0.6869 0.0688
vn 0.7221 0.6892 0.0600
vn 0.7099 0.7031 -0.0403
vn -0.5955 -0.8033 -0.0102
vn -0.5850 -0.8041 -0.1056
vn 0.7868 0.6168 0.0227
vn 0.8186 0.5690 0.0779
vn 0.6840 -0.7225 0.1003
vn 0.6288 -0.7640 -0.1446
vn 0.6268 -0.7730 0.0980
vn 0.5787 -0.7944 0.1842
vn 0.7614 0.6483 0.0064
vn 0.6913 0.7206 0.0526
vn 0.7116 0.7020 -0.0298
vn 0.6961 0.7179 0.0100
vn -0.4775 -0.8764 -0.0622
vn -0.4556 -0.8878 0.0658
vn -0.6051 -0.7945 -0.0517
vn -0.5868 -0.8090 -0.0344
vn -0.5914 -0.8042 0.0589
vn -0.5982 -0.7989 0.0625
vn 0.6949 0.7181 0.0394
vn 0.6495 -0.7239 -0.2328
vn 0.6802 0.7325 -0.0282
vn -0.5489 -0.8348 0.0432
vn -0.5464 -0.8373 -0.0193
vn -0.6182 -0.7855 0.0281
vn 0.8482 0.5088 -0.1471
vn 0.9360 0.2468 -0.2508
vn 0.9570 0.2192 -0.1897
vn 0.9591 -0.0950 -0.2668
vn 0.7473 -0.5951 -0.2957
vn 0.8711 -0.4194 -0.2554
vn 0.6436 -0.7270 -0.2393
vn 0.7890 0.5990 -0.1366
vn 0.8371 0.5254 -0.1527
vn 0.9575 0.0630 -0.2814
vn 0.8845 -0.3320 -0.3277
vn 0.9432 -0.2024 -0.2633
vn 0.6130 -0.7511 -0.2450
vn 0.6101 -0.7667 -0.1999
vn 0.7894 0.6049 -0.1040
vn 0.7038 -0.6319 -0.3246
vn 0.3912 -0.9108 -0.1316
vn -0.4797 -0.8771 0.0236
vn -0.5069 -0.8620 -0.0000
vn -0.6082 -0.7933 0.0281
vn 0.9406 0.2142 -0.2635
vn 0.9384 0.3181 -0.1350
vn 0.9817 -0.0884 -0.1688
vn 0.9216 -0.3276 -0.2081
vn 0.7875 -0.5764 -0.2183
vn 0.8123 -0.5368 -0.2282
vn 0.6046 -0.7753 -0.1827
vn 0.8392 0.5232 -0.1485
vn 0.8610 0.5000 -0.0928
vn 0.9411 0.3116 -0.1310
vn 0.9820 0.1669 -0.0880
vn 0.9916 -0.0625 -0.1130
vn 0.8727 -0.4176 -0.2530
vn 0.8755 -0.4685 -0.1184
vn 0.6923 -0.6824 -0.2345
vn 0.7889 -0.5956 -0.1511
vn 0.4389 -0.8788 -0.1873
vn 0.4691 -0.8713 -0.1440
vn 0.8767 0.4749 -0.0761
vn 0.4386 -0.8885 -0.1348
vn 0.3021 -0.9468 -0.1107
vn -0.2394 -0.9672 -0.0852
vn -0.1467 -0.9866 -0.0714
vn -0.1244 -0.9922 -0.0095
vn -0.6385 -0.7690 -0.0321
vn 0.9346 0.3550 -0.0231
vn 0.9814 0.1894 -0.0310
vn 0.9588 0.1841 -0.2164
vn 0.9935 -0.1118 -0.0232
vn 0.9582 -0.1085 -0.2648
vn 0.9098 -0.4150 -0.0068
vn 0.8839 -0.4322 -0.1786
vn 0.8234 0.5675 -0.0029
vn 0.8670 0.4934 -0.0706
vn 0.8691 0.4942 -0.0225
vn 0.9060 0.2837 -0.3140
vn 0.9237 0.0975 -0.3704
vn 0.8520 -0.2846 -0.4395
vn 0.7592 -0.4975 -0.4197
vn 0.6598 -0.5765 -0.4820
vn 0.6098 -0.7922 -0.0246
vn 0.6729 -0.7215 -0.1630
vn 0.5461 -0.7707 -0.3282
vn 0.0786 -0.9965 -0.0286
vn 0.4825 -0.7357 -0.4753
vn 0.2130 -0.9055 -0.3671
vn 0.1762 -0.9367 -0.3025
vn -0.1228 -0.9924 -0.0114
vn -0.2210 -0.9602 -0.1710
vn 0.8761 0.4075 -0.2577
vn 0.8963 0.3156 -0.3114
vn 0.9128 0.2083 -0.3512
vn 0.9029 -0.0365 -0.4284
vn 0.7365 -0.4096 -0.5384
vn 0.7841 -0.4391 -0.4385
vn 0.4968 -0.7279 -0.4726
vn 0.5237 -0.7663 -0.3721
vn 0.8983 0.3257 -0.2948
vn 0.9172 0.1908 -0.3498
vn 0.8848 -0.3230 -0.3358
vn 0.1661 -0.9379 -0.3045
vn 0.9212 0.2061 -0.3300
vn 0.9394 -0.0073 -0.3426
vn 0.9044 -0.2965 -0.3067
vn 0.7268 -0.6021 -0.3305
vn 0.7775 -0.6096 -0.1546
vn -0.0097 -0.9970 -0.0766
vn 0.4781 -0.8769 -0.0498
vn -0.1549 -0.9776 -0.1424
vn 0.8844 0.2502 -0.3940
vn 0.5924 0.8055 0.0161
vn 0.4854 0.8741 0.0166
vn 0.3551 0.9348 0.0102
vn 0.2388 0.9710 0.0147
vn 0.0826 0.9966 0.0054
vn 0.5415 0.8407 -0.0037
vn 0.5588 0.8291 0.0184
vn 0.5645 0.8255 0.0014
vn 0.4302 0.9027 0.0052
vn 0.4639 0.8857 0.0189
vn 0.3472 0.9377 0.0157
vn 0.2439 0.9698 0.0024
vn 0.1877 0.9822 0.0094
vn 0.5564 0.8309 -0.0040
vn 0.4194 0.9077 -0.0116
vn 0.2423 0.9702 -0.0064
vn 0.1054 0.9944 -0.0054
vn 0.5727 0.8197 0.0076
vn 0.6276 0.7785 0.0076
vn 0.4176 0.9085 0.0137
vn 0.2295 0.9733 0.0060
vn 0.1168 0.9932 -0.0027
vn 0.5647 0.8232 -0.0597
vn 0.4103 0.9115 -0.0295
vn 0.4069 0.9121 -0.0495
vn 0.2209 0.9753 -0.0047
vn 0.2241 0.9744 -0.0202
vn 0.6559 0.7545 0.0209
vn 0.6367 0.7693 -0.0529
vn 0.5345 0.8447 0.0277
vn 0.4353 0.8999 0.0259
vn 0.4674 0.8837 -0.0239
vn 0.5039 0.8633 -0.0275
vn 0.3205 0.9471 0.0174
vn 0.2067 0.9781 0.0224
vn 0.0635 0.9979 0.0129
vn 0.6968 0.7010 -0.1517
vn 0.7869 0.5685 -0.2401
vn 0.8701 0.3783 -0.3160
vn 0.6073 0.7804 -0.1488
vn 0.6739 0.7214 -0.1595
vn 0.7175 0.6576 -0.2295
vn 0.7851 0.5702 -0.2419
vn 0.7953 0.5218 -0.3085
vn 0.5578 0.8224 -0.1120
vn 0.6096 0.7684 -0.1950
vn 0.4178 0.9034 -0.0971
vn 0.4628 0.8778 -0.1238
vn 0.2677 0.9631 -0.0283
vn 0.3056 0.9517 -0.0307
vn 0.4164 0.8979 -0.1431
vn 0.4168 0.8974 -0.1448
vn 0.2357 0.9699 -0.0606
vn 0.2220 0.9732 -0.0602
vn 0.7820 0.5714 -0.2489
vn 0.7607 0.5317 -0.3722
vn 0.8128 0.4027 -0.4210
vn 0.5856 0.7692 -0.2557
vn 0.7162 0.6083 -0.3421
vn 0.7080 0.5839 -0.3972
vn 0.7707 0.4177 -0.4812
vn 0.7879 0.4399 -0.4310
vn 0.8310 0.3008 -0.4679
vn 0.4085 0.8834 -0.2296
vn 0.5536 0.7640 -0.3315
vn 0.6755 0.6305 -0.3824
vn 0.5390 0.7693 -0.3429
vn 0.6139 0.7077 -0.3497
vn 0.2066 0.9701 -0.1277
vn 0.3700 0.8899 -0.2669
vn 0.7988 0.4263 -0.4246
vn 0.6968 0.6156 -0.3682
vn 0.8300 0.3093 -0.4642
vn 0.6572 0.6480 -0.3850
vn 0.7461 0.5285 -0.4050
vn 0.7650 0.3760 -0.5228
vn 0.7951 0.2449 -0.5548
vn -0.6797 -0.7274 -0.0942
vn -0.6807 -0.7325 -0.0084
vn -0.6510 -0.7591 -0.0029
vn -0.6421 -0.7652 -0.0472
vn -0.5623 -0.8265 -0.0271
vn -0.4637 -0.8854 -0.0325
vn -0.3670 -0.9301 -0.0137
vn -0.3711 -0.9285 -0.0162
vn -0.6895 -0.7230 0.0429
vn -0.6419 -0.7666 0.0154
vn -0.5173 -0.8558 -0.0011
vn -0.6354 -0.7722 0.0031
vn -0.3800 -0.9249 -0.0091
vn -0.6928 -0.7211 -0.0054
vn -0.6772 -0.7355 0.0200
vn -0.6544 -0.7560 0.0116
vn -0.6873 -0.7261 0.0188
vn -0.6485 -0.7611 0.0128
vn -0.5432 -0.8396 0.0037
vn -0.3845 -0.9231 0.0007
vn -0.6869 -0.7265 -0.0199
vn -0.6617 -0.7498 -0.0039
vn -0.6603 -0.7510 -0.0039
vn -0.6524 -0.7578 -0.0065
vn -0.5725 -0.8199 0.0003
vn -0.4734 -0.8808 0.0037
vn -0.3329 -0.9429 0.0036
vn -0.6370 -0.7704 0.0275
vn -0.5944 -0.8027 0.0480
vn -0.6056 -0.7950 0.0349
vn -0.6118 -0.7876 0.0735
vn -0.5683 -0.8224 0.0286
vn -0.5217 -0.8523 0.0371
vn -0.5102 -0.8545 0.0975
vn -0.4376 -0.8954 0.0819
vn -0.4649 -0.8825 0.0707
vn -0.3902 -0.9058 0.1650
vn -0.0730 -0.9807 0.1814
vn -0.1105 -0.9670 0.2296
vn 0.2889 -0.9275 0.2372
vn 0.3821 -0.9208 0.0784
vn 0.1472 -0.9786 0.1439
vn -0.5990 -0.7868 0.1490
vn -0.3565 -0.9152 0.1877
vn -0.1489 -0.9626 0.2263
vn -0.3684 -0.8696 0.3286
vn -0.5711 -0.8000 0.1838
vn -0.5566 -0.8146 0.1631
vn -0.6003 -0.7297 0.3276
vn -0.5466 -0.8018 0.2413
vn -0.5991 -0.7557 0.2646
vn -0.6146 -0.7131 0.3372
vn -0.3835 -0.9184 0.0976
vn -0.5242 -0.8314 0.1845
vn -0.5321 -0.8059 0.2596
vn -0.5635 -0.7610 0.3215
vn -0.5963 -0.7267 0.3411
vn 0.9243 -0.1737 -0.3398
vn 0.8545 -0.3793 -0.3549
vn 0.8521 0.3155 -0.4175
vn 0.8484 0.2268 -0.4783
vn 0.8841 0.1250 -0.4503
vn 0.8711 -0.2533 -0.4207
vn 0.7511 -0.6086 -0.2558
vn 0.7653 -0.6026 -0.2264
vn 0.2006 -0.9621 0.1846
vn 0.4295 -0.9020 0.0441
vn 0.6391 -0.7459 -0.1875
vn 0.8349 0.2922 -0.4664
vn 0.8435 -0.1951 -0.5005
vn 0.6840 -0.6071 -0.4045
vn 0.5861 -0.7579 -0.2866
vn 0.8478 0.2253 -0.4801
vn 0.8546 0.0055 -0.5192
vn -0.2847 -0.8759 0.3897
vn 0.4772 -0.8237 -0.3063
vn 0.6662 -0.6076 -0.4324
vn 0.0506 -0.9887 0.1412
vn 0.1671 -0.9856 -0.0244
vn 0.6389 -0.5868 -0.4975
vn -0.3487 -0.8614 0.3693
vn 0.3393 -0.9111 -0.2342
vn -0.5532 -0.7104 0.4351
vn -0.4869 -0.7676 0.4167
vn 0.5255 -0.7003 -0.4832
vn -0.1965 -0.9657 0.1698
vn 0.1720 -0.9648 -0.1992
vn -0.6181 -0.6574 0.4309
vn -0.6252 -0.6409 0.4453
vn -0.6054 -0.6365 0.4779
vn -0.5237 -0.7696 0.3654
vn 0.7797 -0.2638 -0.5678
vn 0.8514 0.1592 -0.4997
vn 0.8143 -0.0877 -0.5738
vn 0.6360 -0.5078 -0.5812
vn 0.4881 -0.7161 -0.4989
vn 0.6874 -0.3246 -0.6497
vn 0.5892 -0.5519 -0.5902
vn 0.5271 -0.5411 -0.6553
vn 0.4567 -0.7390 -0.4954
vn 0.3613 -0.7435 -0.5628
vn 0.6556 -0.1548 -0.7391
vn 0.6603 -0.1877 -0.7272
vn 0.5109 -0.3965 -0.7627
vn 0.4751 -0.5893 -0.6534
vn 0.0052 -0.9241 -0.3820
vn -0.1866 -0.9813 -0.0461
vn 0.0474 0.9988 0.0110
vn 0.0269 0.9996 0.0043
vn -0.0003 1.0000 0.0035
vn 0.0305 0.9995 -0.0003
vn 0.0012 1.0000 -0.0002
vn 0.0096 1.0000 -0.0017
vn 0.0278 0.9996 -0.0047
vn 0.0006 1.0000 -0.0050
vn 0.0310 0.9995 -0.0040
vn 0.0062 0.9999 -0.0081
vn 0.0041 0.9999 -0.0104
vn 0.0093 0.9998 0.0179
vn 0.0069 0.9999 -0.0115
vn 0.0968 0.9950 -0.0265
vn 0.0138 0.9999 0.0009
vn 0.0519 0.9975 -0.0479
vn 0.0124 0.9999 -0.0009
vn 0.2066 0.9669 -0.1499
vn 0.3131 0.9046 -0.2894
vn 0.3731 0.8981 -0.2328
vn 0.0783 0.9938 -0.0786
vn 0.1538 0.9781 -0.1400
vn 0.0861 0.9941 -0.0655
vn 0.3247 0.9262 -0.1917
vn 0.1742 0.9775 -0.1192
vn 0.1671 0.9808 -0.1009
vn 0.0830 0.9944 -0.0646
vn 0.0203 0.9994 -0.0289
vn 0.5114 0.7977 -0.3195
vn 0.6631 0.6626 -0.3483
vn 0.7553 0.1523 -0.6374
vn 0.5281 0.8090 -0.2580
vn 0.6342 0.7090 -0.3084
vn 0.6898 0.6046 -0.3984
vn 0.7588 0.3685 -0.5371
vn 0.7011 -0.0293 -0.7124
vn 0.5412 0.7931 -0.2794
vn 0.7995 0.3164 -0.5106
vn 0.3935 0.9015 -0.1802
vn 0.6188 0.7279 -0.2955
vn 0.7262 0.5868 -0.3582
vn 0.3913 0.9024 -0.1803
vn 0.4223 0.8928 -0.1566
vn 0.1028 0.9937 -0.0437
vn 0.4173 0.9024 -0.1073
vn 0.1188 0.9919 -0.0449
vn 0.7917 0.5052 -0.3436
vn 0.8190 0.1432 -0.5556
vn 0.6464 -0.3223 -0.6916
vn 0.4100 -0.6417 -0.6481
vn 0.6177 0.7271 -0.2996
vn 0.7133 0.5970 -0.3671
vn 0.8724 0.2934 -0.3908
vn 0.8765 0.3056 -0.3720
vn 0.8103 -0.3125 -0.4957
vn 0.6090 -0.5543 -0.5674
vn 0.3687 -0.6675 -0.6470
vn 0.4570 0.8755 -0.1568
vn 0.7343 0.6098 -0.2983
vn 0.7589 0.5966 -0.2613
vn 0.9116 0.1063 -0.3970
vn 0.8404 -0.2952 -0.4545
vn 0.1857 -0.8333 -0.5207
vn 0.3768 -0.8345 -0.4020
vn 0.4687 0.8707 -0.1490
vn 0.8636 0.3731 -0.3392
vn 0.7302 0.2540 -0.6343
vn 0.9096 -0.0546 -0.4118
vn 0.7562 -0.5200 -0.3972
vn 0.2749 -0.9082 -0.3155
vn 0.3750 -0.9004 -0.2205
vn 0.2665 0.9611 -0.0726
vn 0.5067 0.8339 -0.2189
vn 0.7026 0.6559 -0.2760
vn 0.8250 0.4626 -0.3247
vn 0.8970 -0.1050 -0.4295
vn 0.7709 -0.5137 -0.3767
vn 0.1230 -0.9652 -0.2310
vn 0.3621 -0.9085 -0.2084
vn 0.6698 0.0863 -0.7375
vn -0.1094 -0.9940 0.0020
vn -0.0354 -0.9994 -0.0003
vn 0.0020 -1.0000 -0.0009
vn -0.2069 -0.9783 -0.0068
vn -0.0228 -0.9997 -0.0009
vn -0.2083 -0.9780 -0.0059
vn -0.0722 -0.9974 -0.0022
vn -0.0041 -1.0000 -0.0047
vn -0.0042 -1.0000 0.0006
vn -0.2028 -0.9792 -0.0022
vn -0.1336 -0.9910 -0.0029
vn -0.0736 -0.9973 -0.0057
vn 0.0026 -1.0000 -0.0036
vn -0.2209 -0.9753 0.0091
vn -0.2663 -0.9626 0.0503
vn -0.1343 -0.9909 -0.0044
vn -0.1261 -0.9913 0.0367
vn -0.0645 -0.9979 -0.0110
vn -0.0665 -0.9975 0.0260
vn -0.2749 -0.9561 0.1012
vn -0.3917 -0.8920 0.2257
vn -0.1638 -0.9849 0.0554
vn -0.2122 -0.9694 0.1233
vn -0.0482 -0.9986 0.0235
vn -0.6111 -0.6655 0.4285
vn -0.6227 -0.6249 0.4709
vn -0.5152 -0.7624 0.3915
vn -0.5442 -0.7475 0.3809
vn -0.6639 -0.6304 0.4024
vn -0.4149 -0.8621 0.2910
vn -0.5458 -0.7684 0.3343
vn -0.3235 -0.9213 0.2159
vn -0.4298 -0.8815 0.1954
vn -0.6030 -0.7502 0.2713
vn 0.3753 -0.3912 -0.8403
vn 0.2019 -0.5960 -0.7772
vn 0.0148 -0.7598 -0.6500
vn -0.3647 -0.9138 -0.1785
vn 0.5488 -0.2254 -0.8050
vn 0.3650 -0.3705 -0.8541
vn 0.0067 -0.5861 -0.8102
vn -0.2442 -0.7045 -0.6664
vn -0.2167 -0.7601 -0.6125
vn -0.5783 -0.7930 0.1916
vn 0.3675 -0.4988 -0.7850
vn -0.4658 -0.6610 -0.5882
vn -0.6793 -0.7311 0.0634
vn -0.5662 -0.7571 -0.3258
vn -0.2980 -0.6560 -0.6934
vn -0.6355 -0.7150 -0.2915
vn -0.0259 -0.8747 -0.4840
vn -0.2814 -0.6716 -0.6854
vn -0.2266 -0.8414 -0.4907
vn -0.5194 -0.6985 -0.4922
vn -0.6872 -0.7243 0.0563
vn -0.3816 -0.8712 -0.3089
vn -0.5825 -0.8007 0.1401
vn -0.1230 -0.9502 -0.2864
vn -0.6268 -0.7752 0.0786
vn -0.4323 -0.8920 -0.1318
vn -0.3654 -0.8760 -0.3148
vn -0.1857 -0.9523 -0.2421
vn -0.4470 -0.8925 0.0600
vn -0.4418 -0.8881 -0.1271
vn -0.0456 -0.9490 -0.3120
vn 0.0524 -0.9909 -0.1244
vn 0.0136 0.9999 -0.0021
vn 0.0051 1.0000 0.0021
vn 0.0157 0.9999 0.0023
vn 0.0176 0.9998 -0.0048
vn 0.0139 0.9998 -0.0120
vn 0.0078 1.0000 -0.0035
vn 0.0107 0.9998 0.0181
vn 0.0077 1.0000 0.0041
vn -0.0093 0.9999 0.0047
vn 0.0072 0.9999 -0.0084
vn 0.0323 0.9995 -0.0071
vn 0.0068 1.0000 0.0015
vn 0.1439 0.9890 -0.0327
vn 0.2556 0.9631 -0.0843
vn 0.4890 0.8404 -0.2337
vn 0.3899 -0.8990 -0.1995
vn 0.2263 0.9702 -0.0861
vn 0.2247 0.9675 -0.1157
vn 0.1904 -0.9717 -0.1396
vn 0.1821 -0.9794 -0.0870
vn 0.1041 0.9940 -0.0335
vn 0.0318 0.9995 -0.0062
vn 0.0994 0.9927 -0.0684
vn 0.0278 0.9993 -0.0259
vn 0.8070 0.4354 -0.3990
vn 0.8612 -0.1240 -0.4929
vn 0.7444 -0.4840 -0.4600
vn 0.4456 0.8485 -0.2855
vn 0.5946 0.7149 -0.3680
vn 0.6565 0.5943 -0.4646
vn 0.7616 0.2323 -0.6050
vn 0.8029 -0.1199 -0.5840
vn 0.7219 -0.4814 -0.4971
vn 0.5659 -0.7390 -0.3657
vn 0.2276 0.9633 -0.1424
vn 0.6229 0.6106 -0.4890
vn 0.6227 0.6046 -0.4967
vn 0.7259 0.3036 -0.6172
vn 0.7633 -0.1461 -0.6293
vn 0.6837 -0.4374 -0.5841
vn 0.2979 -0.9330 -0.2018
vn 0.3097 -0.9245 -0.2223
vn 0.5858 0.6143 -0.5287
vn 0.5855 0.6043 -0.5404
vn 0.6778 0.3605 -0.6407
vn 0.6992 -0.0875 -0.7095
vn 0.4934 -0.7161 -0.4936
vn 0.1361 0.9854 -0.1024
vn 0.2348 0.9510 -0.2012
vn 0.5268 0.6141 -0.5877
vn 0.5252 0.6252 -0.5773
vn 0.6294 0.3724 -0.6821
vn 0.6033 -0.4161 -0.6804
vn 0.2969 -0.9149 -0.2735
vn 0.4962 0.5892 -0.6377
vn 0.5868 0.3712 -0.7196
vn 0.2526 -0.9238 -0.2879
vn 0.0544 0.9978 -0.0382
vn 0.1698 0.9666 -0.1918
vn 0.0621 0.9954 -0.0723
vn 0.3320 -0.7775 -0.5341
vn 0.1418 -0.9726 -0.1841
vn 0.5833 -0.1115 -0.8046
vn 0.5323 -0.4666 -0.7064
vn 0.4739 0.6024 -0.6423
vn 0.4613 0.5179 -0.7204
vn 0.5729 -0.0849 -0.8152
vn 0.4854 0.2864 -0.8260
vn 0.4597 -0.5472 -0.6995
vn 0.3769 -0.7676 -0.5184
vn 0.3756 -0.7398 -0.5583
vn 0.0018 -1.0000 -0.0004
vn 0.0051 -1.0000 0.0006
vn 0.0053 -1.0000 0.0018
vn 0.0062 -1.0000 -0.0038
vn -0.0008 -1.0000 0.0031
vn 0.0033 -1.0000 0.0025
vn -0.4855 -0.8530 0.1915
vn -0.1214 -0.9908 0.0605
vn -0.3487 -0.9367 0.0306
vn -0.3360 -0.9383 -0.0816
vn -0.2322 -0.9720 -0.0366
vn -0.1224 -0.9867 -0.1074
vn -0.1211 -0.9925 0.0155
vn -0.1565 -0.9877 0.0011
vn -0.0015 -1.0000 0.0010
vn -0.0591 -0.9913 -0.1180
vn -0.0172 -0.9983 -0.0554
vn 0.0005 -0.9998 -0.0206
vn 0.0430 -0.9986 -0.0306
vn 0.0289 -0.9994 -0.0209
vn 0.0421 0.9990 -0.0146
vn 0.0208 0.9997 -0.0087
vn -0.0226 0.9995 -0.0200
vn -0.0454 0.9987 -0.0239
vn 0.0436 0.9990 0.0111
vn -0.0081 0.9997 0.0212
vn -0.0340 0.9994 0.0037
vn 0.0591 0.9982 -0.0126
vn 0.0612 0.9981 0.0059
vn 0.0592 0.9982 -0.0126
vn 0.0125 0.9997 0.0210
vn 0.0455 0.9987 -0.0229
vn 0.0319 0.9992 -0.0234
vn 0.0028 0.9993 -0.0360
vn 0.0075 0.9995 -0.0291
vn 0.0095 0.9999 -0.0045
vn 0.0353 0.9994 0.0018
vn 0.0396 0.9992 -0.0006
vn -0.0016 1.0000 -0.0031
vn 0.0047 1.0000 -0.0027
vn 0.0321 0.9994 -0.0139
vn 0.0349 0.9993 -0.0131
vn -0.0139 0.9999 0.0046
vn 0.0021 1.0000 -0.0037
vn -0.0054 1.0000 -0.0016
vn 0.2146 -0.9125 -0.3482
vn 0.0587 -0.9948 -0.0830
vn 0.1358 -0.9736 -0.1836
vn 0.0550 0.9920 -0.1134
vn 0.0109 0.9997 -0.0204
vn -0.0043 0.9989 -0.0466
vn 0.4284 0.6066 -0.6697
vn 0.5596 -0.1484 -0.8154
vn 0.4636 0.6116 -0.6411
vn 0.4689 0.5720 -0.6730
vn 0.5799 0.2915 -0.7608
vn 0.5132 -0.4724 -0.7166
vn 0.5672 0.2909 -0.7705
vn 0.5626 0.2753 -0.7795
vn 0.6490 -0.1852 -0.7379
vn 0.4714 -0.5658 -0.6765
vn 0.4115 -0.7222 -0.5559
vn 0.4119 -0.7236 -0.5539
vn 0.5421 0.2705 -0.7956
vn 0.5195 -0.1873 -0.8337
vn 0.2427 -0.9118 -0.3313
vn 0.1219 0.9603 -0.2510
vn 0.1849 0.9507 -0.2490
vn 0.4834 0.5839 -0.6522
vn 0.5866 -0.1365 -0.7983
vn 0.5358 -0.4440 -0.7181
vn 0.2423 -0.9115 -0.3324
vn 0.4719 0.5755 -0.6679
vn 0.5998 0.2595 -0.7569
vn 0.5139 0.2989 -0.8041
vn 0.4799 -0.5294 -0.6996
vn 0.3897 -0.7346 -0.5555
vn 0.1308 -0.9743 -0.1834
vn 0.0650 0.9896 -0.1286
vn 0.5514 -0.1216 -0.8253
vn 0.3886 -0.7231 -0.5710
vn 0.2451 -0.9075 -0.3411
vn -0.0009 -1.0000 0.0025
vn -0.0024 -1.0000 0.0001
vn 0.0022 -1.0000 -0.0004
vn 0.0009 -1.0000 0.0008
vn -0.0002 -1.0000 -0.0053
vn 0.0056 -1.0000 -0.0001
vn -0.0096 -0.9999 0.0125
vn 0.0139 -0.9999 -0.0013
vn -0.0005 -1.0000 -0.0043
vn 0.0497 -0.9968 -0.0620
vn -0.0192 0.9998 -0.0043
vn -0.0511 0.9981 0.0340
vn -0.0232 0.9994 0.0261
vn -0.0024 1.0000 0.0010
vn -0.0159 0.9999 0.0047
vn -0.0583 0.9982 0.0105
vn -0.0651 0.9978 -0.0111
vn -0.0490 0.9987 0.0109
vn -0.0237 0.9991 -0.0348
vn -0.0145 0.9999 -0.0030
vn -0.0384 0.9993 0.0032
vn 0.0552 0.9985 0.0072
vn 0.0656 0.9976 -0.0217
vn 0.0627 0.9978 0.0195
vn 0.0012 0.9991 0.0431
vn -0.0274 0.9991 0.0322
vn -0.0049 0.9997 0.0258
vn 0.0224 0.9994 -0.0269
vn 0.0554 0.9970 -0.0536
vn 0.0041 0.9997 -0.0255
vn 0.0097 0.9997 -0.0243
vn 0.0149 0.9999 0.0038
vn 0.0207 0.9998 -0.0051
vn 0.0043 1.0000 -0.0001
vn 0.0053 1.0000 0.0017
vn 0.0015 1.0000 -0.0075
vn 0.1114 0.9734 -0.2001
vn 0.4565 0.5920 -0.6642
vn 0.4515 0.4763 -0.7545
vn 0.5088 -0.4400 -0.7399
vn 0.3868 -0.7232 -0.5721
vn 0.3886 -0.7288 -0.5638
vn 0.0163 0.9966 -0.0803
vn 0.2228 -0.9129 -0.3420
vn 0.2252 -0.9206 -0.3191
vn 0.0562 0.9925 -0.1086
vn 0.0009 0.9997 -0.0224
vn 0.1232 0.9718 -0.2008
vn 0.6149 -0.0682 -0.7857
vn 0.4654 -0.5555 -0.6890
vn 0.3727 0.5994 -0.7084
vn 0.4685 0.5721 -0.6732
vn 0.5158 -0.1803 -0.8375
vn 0.4821 0.5926 -0.6453
vn 0.5703 0.2994 -0.7649
vn 0.5852 -0.1313 -0.8002
vn 0.5439 -0.4648 -0.6987
vn 0.3604 -0.7625 -0.5373
vn 0.3115 0.8454 -0.4339
vn 0.3108 0.8170 -0.4856
vn 0.5105 0.5765 -0.6380
vn 0.5019 0.5130 -0.6964
vn 0.4932 -0.5547 -0.6701
vn 0.4030 -0.7522 -0.5213
vn 0.3401 0.8421 -0.4185
vn 0.5724 0.1951 -0.7964
vn 0.6235 0.2883 -0.7267
vn 0.6498 -0.2153 -0.7290
vn 0.5425 -0.4968 -0.6774
vn 0.4503 -0.7225 -0.5246
vn 0.2403 -0.9212 -0.3062
vn 0.5063 0.5977 -0.6216
vn 0.5158 0.2698 -0.8131
vn 0.5839 -0.2642 -0.7677
vn 0.5712 -0.4805 -0.6655
vn 0.5726 -0.4862 -0.6601
vn 0.7482 0.3523 -0.5622
vn 0.4506 -0.7313 -0.5120
vn 0.0035 -1.0000 -0.0003
vn -0.0016 -1.0000 0.0046
vn 0.0031 -0.9998 -0.0214
vn 0.0025 -1.0000 -0.0020
vn 0.0183 -0.9998 0.0007
vn 0.0021 -1.0000 0.0001
vn -0.0042 -1.0000 0.0014
vn -0.0039 -1.0000 -0.0016
vn 0.0053 -1.0000 0.0023
vn 0.0049 -1.0000 -0.0045
vn 0.0033 -1.0000 -0.0011
vn 0.0290 -0.9979 -0.0585
vn 0.0014 -0.9999 -0.0143
vn -0.0032 1.0000 0.0094
vn -0.0013 1.0000 0.0009
vn -0.0252 0.9995 0.0197
vn -0.0659 0.9971 0.0391
vn -0.0614 0.9981 -0.0013
vn -0.0433 0.9986 0.0294
vn -0.0533 0.9986 -0.0009
vn -0.0289 0.9995 0.0133
vn -0.0179 0.9998 -0.0009
vn 0.0068 1.0000 -0.0066
vn -0.0170 0.9999 -0.0005
vn 0.0055 1.0000 0.0019
vn -0.0015 1.0000 -0.0077
vn -0.0041 1.0000 -0.0000
vn 0.0226 0.9993 -0.0285
vn -0.0014 1.0000 0.0002
vn -0.0040 1.0000 -0.0090
vn 0.5202 0.5568 -0.6476
vn 0.5171 0.5982 -0.6121
vn 0.6146 0.3558 -0.7040
vn 0.6369 -0.1386 -0.7584
vn 0.5783 -0.4516 -0.6794
vn 0.2862 -0.9002 -0.3282
vn 0.0816 0.9912 -0.1044
vn 0.5078 0.5882 -0.6294
vn 0.6077 0.3331 -0.7209
vn 0.6049 -0.1068 -0.7891
vn 0.5799 -0.4497 -0.6793
vn 0.1249 -0.9812 -0.1468
vn 0.1698 -0.9648 -0.2008
vn 0.2580 -0.9107 -0.3226
vn 0.0816 0.9909 -0.1070
vn 0.3281 0.8445 -0.4233
vn 0.4827 0.6030 -0.6351
vn 0.4662 0.5236 -0.7131
vn 0.3940 -0.7394 -0.5460
vn 0.2570 -0.9200 -0.2958
vn 0.4541 -0.4918 -0.7429
vn 0.3749 -0.7469 -0.5492
vn 0.3729 -0.7393 -0.5607
vn 0.2976 0.8359 -0.4613
vn 0.0477 0.9936 -0.1022
vn 0.1337 0.9682 -0.2116
vn 0.2617 0.8517 -0.4540
vn 0.0700 -0.9920 -0.1046
vn 0.0546 0.9957 -0.0745
vn 0.1164 0.9693 -0.2165
vn 0.0905 -0.9805 -0.1742
vn 0.5470 -0.0582 -0.8351
vn 0.4898 -0.5005 -0.7139
vn 0.4526 -0.4258 -0.7835
vn 0.4832 0.3328 -0.8098
vn 0.4172 0.1112 -0.9020
vn 0.3205 -0.7366 -0.5955
vn 0.3597 0.6122 -0.7041
vn 0.3129 0.2959 -0.9025
vn 0.3708 -0.4340 -0.8211
vn 0.3825 0.1773 -0.9068
vn 0.3755 -0.4290 -0.8215
vn -0.0008 -1.0000 -0.0002
vn 0.0044 -1.0000 0.0011
vn 0.0025 -1.0000 0.0018
vn -0.0032 -1.0000 0.0013
vn -0.0015 -1.0000 -0.0073
vn 0.0045 -1.0000 0.0009
vn -0.0012 -1.0000 -0.0019
vn 0.0004 1.0000 0.0005
vn -0.0032 1.0000 0.0008
vn -0.0060 1.0000 0.0054
vn 0.0064 0.9999 -0.0089
vn 0.0074 1.0000 -0.0006
vn 0.0038 1.0000 -0.0050
vn 0.0157 0.9997 -0.0210
vn 0.0990 0.9679 -0.2312
vn 0.0418 0.9950 -0.0907
vn 0.0041 1.0000 0.0030
vn 0.0361 0.9956 -0.0867
vn 0.3131 0.5827 -0.7499
vn 0.3138 0.5886 -0.7450
vn 0.3536 0.2361 -0.9051
vn 0.3784 -0.2004 -0.9037
vn 0.2886 -0.6811 -0.6729
vn 0.2963 0.6102 -0.7347
vn 0.3858 -0.3231 -0.8641
vn 0.3353 0.3284 -0.8830
vn 0.3948 -0.1571 -0.9052
vn 0.3487 -0.6652 -0.6602
vn 0.0609 -0.9821 -0.1782
vn 0.2009 0.8436 -0.4980
vn 0.3197 0.6144 -0.7214
vn 0.3032 0.5299 -0.7920
vn 0.4511 -0.0330 -0.8919
vn 0.4280 -0.4834 -0.7636
vn 0.3898 -0.7151 -0.5803
vn 0.1657 -0.9573 -0.2370
vn 0.0328 0.9936 -0.1083
vn 0.1598 0.8654 -0.4748
vn 0.4828 -0.3197 -0.8153
vn 0.3028 -0.8863 -0.3504
vn 0.2180 0.6978 -0.6823
vn 0.4162 0.2136 -0.8838
vn 0.5100 -0.5845 -0.6311
vn 0.1610 -0.9792 -0.1233
vn -0.0005 -1.0000 0.0017
vn 0.0011 -1.0000 -0.0007
vn 0.0041 -1.0000 -0.0007
vn 0.0024 -1.0000 -0.0039
vn 0.0073 -1.0000 0.0027
vn 0.0040 -1.0000 -0.0049
vn 0.0013 -1.0000 -0.0038
vn 0.0026 -1.0000 0.0014
vn 0.0109 -0.9999 -0.0096
vn 0.0391 -0.9959 -0.0821
vn 0.0625 -0.9971 -0.0441
vn -0.0033 1.0000 0.0002
vn -0.0049 0.9999 0.0088
vn -0.0045 1.0000 0.0048
vn 0.0088 0.9999 -0.0067
vn 0.0254 0.9993 -0.0258
vn 0.0092 1.0000 -0.0025
vn 0.0283 0.9996 -0.0035
vn 0.0016 1.0000 -0.0021
vn 0.0006 1.0000 -0.0090
vn -0.0066 1.0000 0.0011
vn -0.0026 0.9999 -0.0147
vn 0.3063 0.5448 -0.7806
vn 0.3313 0.1718 -0.9277
vn 0.5299 -0.1481 -0.8350
vn 0.5827 -0.3530 -0.7320
vn 0.5009 -0.7370 -0.4538
vn 0.0551 0.8991 -0.4343
vn 0.5895 -0.5603 -0.5818
vn 0.0004 0.9947 -0.1033
vn 0.0110 0.9722 -0.2338
vn 0.2065 0.5783 -0.7892
vn 0.2203 0.6590 -0.7192
vn 0.0305 0.9230 -0.3837
vn 0.1134 0.7923 -0.5995
vn 0.1674 0.6919 -0.7023
vn 0.1331 0.8187 -0.5586
vn 0.0396 0.9889 -0.1432
vn 0.1009 0.9472 -0.3043
vn 0.1056 0.8968 -0.4297
vn 0.4203 0.1151 -0.9001
vn 0.5174 -0.1605 -0.8406
vn 0.6011 -0.4099 -0.6861
vn 0.2514 0.5524 -0.7947
vn 0.4403 0.0606 -0.8958
vn 0.5214 -0.1794 -0.8343
vn 0.2193 0.4974 -0.8393
vn 0.6508 -0.0648 -0.7565
vn 0.2185 0.4974 -0.8395
vn 0.2754 0.3480 -0.8961
vn 0.3812 0.0260 -0.9241
vn 0.2494 0.3964 -0.8836
vn 0.1518 0.5427 -0.8261
vn 0.1577 0.1483 -0.9763
vn -0.0011 -1.0000 0.0009
vn -0.0064 -1.0000 0.0005
vn 0.0098 -1.0000 0.0004
vn -0.0013 -0.9999 -0.0125
vn -0.0026 -1.0000 -0.0024
vn -0.0068 -1.0000 0.0026
vn 0.0030 -1.0000 0.0077
vn 0.0097 -0.9972 0.0738
vn 0.0023 -1.0000 0.0094
vn 0.1310 -0.9906 0.0390
vn 0.3160 -0.9441 -0.0941
vn 0.2330 -0.9591 0.1609
vn 0.4582 -0.8861 -0.0701
vn 0.5576 -0.7552 -0.3446
vn 0.0227 -0.9883 0.1510
vn 0.0962 -0.9746 0.2024
vn 0.4250 -0.9001 -0.0960
vn 0.1833 -0.9303 0.3178
vn 0.1928 -0.9358 0.2952
vn 0.3931 -0.9162 0.0780
vn 0.0438 -0.9589 0.2802
vn 0.0849 -0.9095 0.4070
vn 0.0966 -0.9218 0.3755
vn 0.3504 -0.9134 0.2074
vn 0.6116 -0.5601 -0.5588
vn 0.5740 -0.3848 -0.7228
vn 0.5241 -0.7720 -0.3597
vn 0.4512 -0.2474 -0.8575
vn 0.5341 -0.5477 -0.6440
vn 0.4560 -0.8743 -0.1662
vn 0.4479 -0.5859 -0.6754
vn 0.4580 -0.7766 -0.4325
vn 0.3514 -0.2564 -0.9004
vn 0.5028 -0.5682 -0.6514
vn 0.3653 -0.8990 0.2416
vn 0.4662 -0.8485 -0.2503
vn -0.0001 1.0000 0.0008
vn 0.0010 1.0000 0.0002
vn 0.0030 1.0000 -0.0005
vn -0.0037 1.0000 0.0005
vn 0.0080 0.9996 0.0260
vn 0.0222 0.9995 -0.0240
vn 0.0131 0.9990 -0.0417
vn -0.0166 0.9998 -0.0127
vn 0.0001 0.9998 -0.0213
vn -0.0118 0.9999 -0.0088
vn 0.0067 0.9999 0.0114
vn 0.0125 0.9999 -0.0074
vn 0.0110 0.9998 -0.0164
vn 0.0218 0.9961 -0.0858
vn 0.0680 0.9721 -0.2244
vn 0.1183 0.9095 -0.3985
vn 0.1386 0.8144 -0.5635
vn 0.0696 0.9756 -0.2080
vn 0.0215 0.9960 -0.0868
vn 0.0943 0.9208 -0.3784
vn 0.0352 0.9896 -0.1394
vn 0.0887 0.9038 -0.4186
vn 0.2035 0.5270 -0.8251
vn 0.2447 0.3080 -0.9194
vn 0.1757 0.5766 -0.7979
vn 0.1562 0.7049 -0.6919
vn 0.1586 0.5166 -0.8414
vn 0.1692 0.3973 -0.9019
vn 0.0010 -1.0000 -0.0009
vn 0.0015 -1.0000 0.0007
vn -0.0038 -1.0000 -0.0054
vn 0.0063 -1.0000 -0.0043
vn -0.0021 -1.0000 -0.0048
vn 0.0005 -1.0000 0.0056
vn -0.0152 -0.9998 -0.0127
vn -0.0086 -0.9998 -0.0176
vn -0.0126 -0.9999 -0.0076
vn 0.0119 -0.9999 0.0091
vn 0.0092 -0.9999 0.0092
vn 0.0127 -0.9971 0.0744
vn 0.0121 -0.9999 0.0081
vn 0.0065 -0.9942 0.1069
vn 0.1679 -0.8379 0.5194
vn 0.1672 -0.8366 0.5217
vn 0.0444 -0.9589 0.2804
vn 0.1076 -0.8117 0.5741
vn 0.1101 -0.8166 0.5666
vn 0.2344 -0.7306 0.6414
vn 0.2864 -0.8082 0.5146
vn 0.0431 -0.9557 0.2910
vn 0.0652 -0.9098 0.4099
vn 0.0538 -0.8680 0.4936
vn 0.1480 -0.7328 0.6641
vn 0.0669 -0.8360 0.5446
vn 0.0761 -0.6977 0.7124
vn 0.0457 -0.7097 0.7030
vn 0.2916 0.0944 -0.9519
vn 0.4393 -0.4047 -0.8020
vn 0.3484 -0.9026 0.2530
vn 0.4835 -0.6925 -0.5354
vn 0.3173 -0.0036 -0.9483
vn 0.5045 -0.5342 -0.6782
vn 0.4990 -0.8063 -0.3175
vn 0.2287 0.2697 -0.9354
vn 0.3646 -0.1862 -0.9124
vn 0.4164 -0.3467 -0.8405
vn 0.5540 -0.6553 -0.5134
vn 0.4602 -0.8872 -0.0323
vn 0.5265 -0.6841 -0.5047
vn 0.2457 0.2643 -0.9326
vn 0.2236 0.1526 -0.9627
vn 0.2947 0.0313 -0.9551
vn 0.2695 -0.8365 0.4771
vn 0.3901 -0.1739 -0.9042
vn 0.3422 -0.3123 -0.8862
vn 0.2160 -0.7403 0.6366
vn 0.4659 -0.6079 -0.6429
vn 0.2431 -0.8564 0.4555
vn 0.3706 -0.9262 0.0694
vn 0.4091 -0.8234 -0.3933
vn 0.1987 0.2747 -0.9408
vn 0.2241 -0.8600 0.4585
vn 0.3752 -0.8250 -0.4225
vn 0.3804 -0.6608 -0.6471
vn 0.1588 0.1596 -0.9743
vn 0.2788 -0.1723 -0.9448
vn 0.0665 -0.8055 0.5888
vn 0.1444 -0.9473 0.2860
vn 0.2048 -0.9671 -0.1509
vn 0.0004 1.0000 0.0001
vn -0.0010 1.0000 0.0002
vn -0.0070 0.9994 0.0348
vn 0.0087 0.9996 0.0262
vn 0.0008 0.9999 -0.0107
vn -0.0053 0.9998 -0.0193
vn -0.0067 0.9998 -0.0188
vn 0.0072 1.0000 -0.0049
vn 0.0134 0.9996 -0.0246
vn -0.0023 1.0000 0.0052
vn -0.0055 1.0000 -0.0052
vn 0.0097 0.9990 -0.0443
vn 0.0015 0.9772 -0.2122
vn 0.0032 0.9193 -0.3936
vn -0.0590 0.9143 -0.4006
vn 0.0633 0.7524 -0.6557
vn 0.0268 0.6013 -0.7985
vn 0.0762 0.4717 -0.8785
vn 0.0768 0.4761 -0.8760
vn 0.0058 0.7987 -0.6016
vn -0.0234 0.6592 -0.7516
vn 0.0126 0.5581 -0.8297
vn 0.0186 0.5731 -0.8193
vn -0.0558 0.7451 -0.6647
vn -0.0006 -1.0000 -0.0002
vn -0.0004 -1.0000 -0.0019
vn 0.0005 -1.0000 0.0017
vn -0.0000 -1.0000 0.0004
vn 0.0032 -1.0000 -0.0078
vn 0.0001 -1.0000 -0.0020
vn 0.0078 -0.9923 0.1238
vn -0.0048 -0.9983 0.0576
vn 0.0069 -0.8942 0.4475
vn -0.0022 -0.7889 0.6145
vn 0.0016 -0.9600 0.2801
vn -0.0141 -0.6797 0.7333
vn -0.0105 -0.7283 0.6852
vn 0.1325 0.3845 -0.9136
vn 0.0356 -0.6849 0.7277
vn 0.0463 -0.8232 0.5658
vn 0.2228 -0.8114 -0.5404
vn 0.3138 -0.6003 -0.7357
vn 0.2660 0.0952 -0.9593
vn 0.0479 -0.9389 0.3409
vn 0.1980 0.2734 -0.9413
vn 0.2394 -0.0639 -0.9688
vn 0.3353 -0.4478 -0.8289
vn 0.0526 -0.9851 0.1636
vn 0.1158 -0.9710 -0.2090
vn 0.2487 -0.0687 -0.9662
vn 0.2793 -0.5855 -0.7611
vn 0.1478 0.4095 -0.9002
vn -0.0368 -0.9033 0.4275
vn -0.0347 -0.9031 0.4281
vn 0.1352 -0.9694 -0.2048
vn 0.1725 -0.8489 -0.4996
vn 0.2127 0.2984 -0.9304
vn 0.3341 -0.5532 -0.7632
vn -0.0220 -0.9502 0.3108
vn 0.1165 0.4853 -0.8666
vn 0.2778 -0.7983 -0.5344
vn -0.0014 1.0000 0.0010
vn 0.0005 1.0000 -0.0003
vn -0.0005 1.0000 -0.0012
vn 0.0030 1.0000 -0.0003
vn -0.0050 1.0000 0.0043
vn 0.0396 0.9992 0.0088
vn 0.0161 0.9979 0.0621
vn 0.0033 0.9997 0.0256
vn 0.0415 0.9986 -0.0314
vn 0.0188 0.9996 -0.0192
vn 0.0205 0.9983 -0.0543
vn 0.0107 0.9988 -0.0475
vn -0.0071 0.9999 -0.0089
vn -0.0106 0.9999 -0.0100
vn -0.0145 0.9980 -0.0612
vn -0.0260 0.9669 -0.2537
vn -0.0176 0.9990 -0.0410
vn 0.0329 0.9324 -0.3599
vn 0.0241 0.8851 -0.4648
vn 0.0109 0.5705 -0.8212
vn -0.0463 0.7601 -0.6481
vn 0.0307 0.6668 -0.7446
vn 0.0486 0.8252 -0.5627
vn 0.0024 -1.0000 0.0004
vn -0.0015 -1.0000 0.0006
vn -0.0001 -1.0000 -0.0012
vn -0.0012 -1.0000 0.0010
vn 0.0002 -1.0000 -0.0035
vn -0.0020 -1.0000 0.0061
vn 0.0027 -1.0000 -0.0019
vn 0.0036 -1.0000 -0.0042
vn 0.0001 -1.0000 -0.0080
vn -0.0023 -1.0000 0.0053
vn 0.0012 -0.9998 -0.0211
vn -0.0112 -0.9885 0.1506
vn -0.0109 -0.9212 0.3888
vn -0.0097 -0.8485 0.5291
vn -0.0276 -0.7889 0.6139
vn -0.0125 -0.9542 0.2987
vn -0.0188 -0.8258 0.5637
vn 0.0050 -0.9641 0.2654
vn 0.0188 0.6017 -0.7985
vn 0.0821 0.5759 -0.8134
vn 0.3374 -0.7192 -0.6075
vn -0.0050 0.6626 -0.7489
vn -0.0358 -0.8732 0.4861
vn -0.0533 -0.8064 0.5890
vn 0.0086 0.6439 -0.7650
vn 0.1281 0.2123 -0.9688
vn 0.2770 0.0612 -0.9589
vn 0.2893 -0.2847 -0.9139
vn 0.2609 -0.5754 -0.7752
vn 0.1398 0.2137 -0.9668
vn 0.2370 -0.1032 -0.9660
vn 0.2480 -0.3623 -0.8985
vn 0.2442 -0.7301 -0.6383
vn 0.0744 0.5876 -0.8057
vn 0.0924 0.3561 -0.9299
vn 0.1881 -0.0292 -0.9817
vn 0.1755 -0.7917 -0.5852
vn 0.0442 -0.4689 -0.8822
vn 0.0513 -0.2938 -0.9545
vn -0.1541 -0.0177 -0.9879
vn -0.0569 0.6100 -0.7903
vn -0.0905 0.3498 -0.9324
vn -0.1659 -0.4207 -0.8919
vn -0.1820 -0.7447 -0.6421
vn 0.0036 1.0000 -0.0010
vn -0.0009 1.0000 0.0014
vn 0.0026 1.0000 0.0028
vn 0.0119 0.9999 -0.0087
vn -0.0307 0.9995 0.0007
vn -0.0375 0.9979 0.0526
vn -0.0386 0.9992 0.0100
vn -0.0377 0.9987 -0.0332
vn -0.0246 0.9992 -0.0319
vn 0.0011 0.9997 -0.0245
vn 0.0033 1.0000 0.0031
vn -0.0108 0.9999 0.0072
vn 0.0097 0.9999 -0.0046
vn 0.0183 0.9990 -0.0409
vn 0.0173 0.9912 -0.1309
vn 0.0183 0.9780 -0.2080
vn -0.0275 0.9123 -0.4085
vn -0.0141 0.8124 -0.5829
vn -0.0377 0.7957 -0.6045
vn -0.0281 0.5901 -0.8068
vn -0.0471 0.6923 -0.7201
vn -0.0518 0.8053 -0.5905
vn -0.0421 0.6225 -0.7815
vn -0.0067 -1.0000 -0.0015
vn -0.0016 -1.0000 -0.0055
vn 0.0007 -0.9999 0.0135
vn 0.0001 -1.0000 -0.0001
vn -0.0008 -1.0000 -0.0000
vn 0.0033 -0.9999 0.0131
vn 0.0092 -0.9995 0.0294
vn 0.0116 -0.9933 0.1149
vn -0.0100 -0.9995 0.0315
vn -0.0387 -0.7641 0.6439
vn -0.0190 -0.8264 0.5628
vn -0.0053 -0.7464 0.6655
vn -0.1053 -0.8239 0.5569
vn -0.0723 -0.8991 0.4316
vn -0.0615 -0.7859 0.6153
vn -0.1374 -0.9444 0.2987
vn -0.2885 -0.8423 -0.4553
vn -0.0562 0.6051 -0.7942
vn -0.0353 -0.8629 0.5042
vn -0.1472 -0.8218 -0.5504
vn -0.0881 -0.9954 0.0373
vn -0.0188 -0.9698 0.2433
vn -0.0883 -0.9415 -0.3252
vn 0.0021 0.5701 -0.8216
vn 0.0097 -0.8029 0.5960
vn 0.0499 -0.9605 -0.2738
vn 0.0199 -0.8364 0.5478
vn -0.1359 0.3664 -0.9205
vn -0.2433 -0.3631 -0.8994
vn -0.2483 -0.7493 -0.6139
vn -0.1135 0.4557 -0.8829
vn -0.2133 -0.1268 -0.9687
vn -0.3982 -0.5776 -0.7126
vn -0.1518 0.0378 -0.9877
vn -0.1843 -0.5814 -0.7925
vn 0.0081 0.3467 -0.9379
vn -0.0440 -0.3675 -0.9290
vn -0.0093 -0.5588 -0.8293
vn 0.1265 0.0553 -0.9904
vn 0.1171 -0.3917 -0.9126
vn -0.0041 1.0000 -0.0005
vn -0.0005 1.0000 0.0006
vn -0.0075 0.9999 0.0076
vn -0.0023 0.9999 -0.0100
vn -0.0024 1.0000 0.0004
vn -0.0003 1.0000 0.0004
vn 0.0035 1.0000 0.0007
vn -0.0060 1.0000 -0.0017
vn -0.0080 1.0000 -0.0005
vn 0.0140 0.9999 -0.0075
vn -0.0144 0.9600 -0.2796
vn -0.0199 0.8660 -0.4996
vn -0.0061 0.9983 -0.0582
vn -0.0087 0.9897 -0.1431
vn 0.0395 0.9143 -0.4031
vn 0.0337 0.8900 -0.4547
vn -0.0005 0.6901 -0.7237
vn 0.0348 0.6662 -0.7450
vn 0.0412 0.8318 -0.5535
vn 0.0094 -0.9999 -0.0040
vn -0.0006 -1.0000 -0.0087
vn -0.0053 -1.0000 0.0059
vn -0.0077 -0.9929 0.1188
vn -0.0108 -0.9213 0.3887
vn -0.0052 -0.9808 0.1950
vn -0.0058 -0.9537 0.3006
vn -0.0092 -0.8206 0.5714
vn -0.0084 -0.8937 0.4486
vn -0.0073 -0.7503 0.6611
vn 0.0642 0.6273 -0.7761
vn 0.0497 -0.9600 0.2756
vn 0.0680 -0.9976 -0.0126
vn 0.1070 -0.9502 -0.2927
vn 0.0344 0.6646 -0.7464
vn 0.0675 -0.8876 -0.4556
vn -0.0114 -0.9149 0.4036
vn 0.1119 -0.8614 -0.4955
vn -0.0027 -0.9451 0.3269
vn 0.0718 0.6252 -0.7771
vn -0.0215 -0.8183 0.5745
vn 0.1246 0.3789 -0.9170
vn 0.1154 -0.6052 -0.7876
vn 0.1145 -0.1549 -0.9813
vn 0.1543 -0.6177 -0.7712
vn 0.0938 0.3988 -0.9122
vn 0.1540 -0.6180 -0.7709
vn 0.1251 0.1059 -0.9865
vn 0.0695 0.6170 -0.7839
vn 0.1570 -0.3016 -0.9404
vn 0.1403 -0.5685 -0.8106
vn -0.0024 1.0000 0.0024
vn 0.0021 1.0000 0.0001
vn -0.0014 1.0000 0.0004
vn -0.0008 1.0000 -0.0014
vn -0.0000 1.0000 -0.0006
vn 0.0007 1.0000 0.0094
vn 0.0206 0.9996 0.0180
vn 0.0168 0.9998 -0.0104
vn 0.0041 0.9996 -0.0292
vn 0.0050 0.9997 -0.0241
vn -0.0022 1.0000 -0.0044
vn 0.0087 1.0000 -0.0023
vn 0.0040 0.9978 -0.0666
vn 0.0127 0.9727 -0.2315
vn -0.0312 0.9153 -0.4017
vn -0.0215 0.9967 -0.0786
vn -0.0220 0.9977 -0.0646
vn -0.0525 0.9782 -0.2007
vn -0.0683 0.9314 -0.3574
vn 0.0596 0.7031 -0.7086
vn 0.0401 0.7009 -0.7122
vn 0.0135 0.8411 -0.5407
vn -0.0154 0.7670 -0.6415
vn -0.0113 0.6981 -0.7159
vn -0.0302 0.6902 -0.7230
vn -0.0818 0.8421 -0.5330
vn -0.0596 0.6965 -0.7151
vn -0.0006 -1.0000 -0.0011
vn 0.0014 -1.0000 0.0009
vn 0.0006 -1.0000 -0.0013
vn 0.0092 -1.0000 -0.0002
vn 0.0108 -0.9977 0.0663
vn 0.0096 -0.9865 0.1635
vn 0.0113 -0.9579 0.2868
vn 0.0101 -0.9011 0.4334
vn 0.0061 -0.8163 0.5776
vn -0.0166 -0.7484 0.6631
vn 0.0115 -0.8222 0.5691
vn 0.0039 -0.7545 0.6563
vn 0.0089 -0.9010 0.4337
vn -0.0414 0.7043 -0.7087
vn -0.0119 -0.7545 0.6562
vn 0.0977 0.4546 -0.8853
vn 0.1564 0.2396 -0.9582
vn 0.2061 -0.5099 -0.8352
vn 0.1501 -0.8457 -0.5121
vn 0.0308 0.5427 -0.8393
vn 0.0429 0.1490 -0.9879
vn 0.0712 -0.1643 -0.9838
vn -0.0287 0.5770 -0.8162
vn -0.0584 0.3008 -0.9519
vn -0.0838 -0.2877 -0.9541
vn -0.1396 -0.7794 -0.6108
vn -0.1758 -0.0619 -0.9825
vn -0.1218 0.5064 -0.8536
vn -0.2024 0.1425 -0.9689
vn -0.2140 -0.5894 -0.7790
vn 0.5711 -0.8195 0.0484
vn 0.5239 -0.8479 0.0816
vn 0.5468 -0.8372 -0.0052
vn 0.5735 -0.8119 -0.1092
vn 0.5718 -0.8070 -0.1476
vn 0.3517 -0.9258 0.1388
vn 0.3509 -0.9343 0.0631
vn 0.1071 -0.9837 0.1447
vn 0.0332 -0.9966 0.0754
vn -0.1622 -0.9785 0.1270
vn -0.2390 -0.9705 0.0318
vn -0.3219 -0.9462 0.0343
vn 0.4055 -0.9124 0.0548
vn 0.4119 -0.9078 0.0790
vn 0.2314 -0.9724 0.0310
vn 0.0155 -0.9993 0.0333
vn -0.0077 -1.0000 0.0046
vn -0.3062 -0.9519 -0.0111
vn 0.4521 -0.8914 0.0327
vn 0.1815 -0.9825 0.0430
vn 0.1878 -0.9820 0.0221
vn -0.1129 -0.9935 0.0118
vn -0.2090 -0.9777 0.0228
vn -0.3388 -0.9405 0.0264
vn 0.4124 -0.9075 0.0793
vn -0.0489 -0.9988 0.0096
vn -0.1528 -0.9883 0.0018
vn -0.3072 -0.9516 -0.0067
vn -0.3114 -0.9503 0.0013
vn -0.4362 -0.8998 -0.0085
vn -0.4021 -0.9155 -0.0149
vn 0.5688 -0.8222 -0.0209
vn 0.2190 -0.9752 -0.0327
vn 0.4732 -0.8793 0.0540
vn 0.1198 -0.9919 -0.0412
vn 0.0366 -0.9993 0.0127
vn -0.3712 -0.9283 0.0207
vn -0.3862 -0.9213 0.0450
vn 0.0178 -0.9994 -0.0297
vn 0.0025 -0.9998 0.0211
vn 0.3103 -0.9487 0.0606
vn 0.1669 -0.9671 -0.1921
vn 0.1935 -0.9588 0.2082
vn 0.1630 -0.9846 0.0634
vn 0.0979 -0.9068 0.4100
vn 0.0825 -0.9676 0.2386
vn 0.0177 -0.9821 -0.1876
vn -0.0038 -0.8724 0.4889
vn -0.0281 -0.8742 0.4848
vn -0.0739 -0.9819 0.1742
vn 0.0611 -0.9189 -0.3896
vn 0.0219 -0.9390 -0.3433
vn -0.0075 -0.9536 -0.3010
vn -0.0678 -0.9867 -0.1478
vn -0.0826 -0.9019 0.4239
vn -0.0477 -0.9810 0.1880
vn -0.0374 -0.9909 -0.1293
vn 0.0187 -0.9378 0.3468
vn 0.0964 -0.9245 0.3689
vn 0.0826 -0.9928 0.0862
vn 0.0540 -0.9950 -0.0837
vn -0.0354 -0.9080 -0.4175
vn -0.0479 -0.9441 -0.3261
vn -0.0182 -0.9174 0.3976
vn -0.1324 -0.9072 0.3994
vn -0.0736 -0.9885 0.1322
vn -0.0558 -0.9952 -0.0799
vn -0.2003 -0.9488 0.2442
vn -0.1320 -0.9479 0.2899
vn -0.1821 -0.9805 0.0738
vn 0.0324 -0.9493 -0.3127
vn -0.0531 -0.9740 -0.2202
vn 0.4697 -0.8828 0.0031
vn 0.4272 -0.8984 0.1021
vn 0.4163 -0.9029 -0.1066
vn 0.4007 -0.9124 0.0835
vn -0.0322 -0.9881 -0.1502
vn -0.0899 -0.9957 -0.0245
vn -0.3088 -0.9511 0.0023
vn -0.3548 -0.9245 -0.1396
vn -0.4431 -0.8965 0.0051
vn -0.4448 -0.8926 -0.0739
vn 0.3233 -0.9462 0.0104
vn 0.2106 -0.9707 0.1161
vn 0.0863 -0.9956 -0.0362
vn -0.0547 -0.9936 0.0989
vn -0.2208 -0.9691 -0.1103
vn -0.2883 -0.9574 -0.0140
vn -0.2247 -0.9704 0.0881
vn -0.2230 -0.9710 0.0865
vn 0.3646 -0.9307 0.0287
vn 0.1486 -0.9886 0.0249
vn 0.1420 -0.9838 -0.1093
vn -0.1465 -0.9885 -0.0380
vn -0.2569 -0.9659 -0.0307
vn -0.3890 -0.9194 0.0580
vn -0.3516 -0.9356 -0.0326
vn 0.2872 -0.9474 -0.1412
vn 0.0042 -0.9962 -0.0872
vn 0.1729 -0.9811 -0.0871
vn -0.2308 -0.9719 -0.0462
vn -0.0770 -0.9967 -0.0265
vn -0.2595 -0.9657 0.0072
vn -0.2006 -0.9796 0.0138
vn -0.0004 -0.9959 -0.0910
vn 0.0057 -0.9768 0.2141
vn 0.1260 -0.9693 -0.2112
vn 0.0274 -0.9820 0.1871
vn 0.0557 -0.9539 -0.2948
vn -0.0173 -0.9967 0.0797
vn -0.0924 -0.9630 0.2530
vn -0.1134 -0.9638 0.2412
vn -0.1652 -0.9629 -0.2133
vn -0.1634 -0.9850 -0.0553
vn 0.0196 -0.9988 -0.0444
vn 0.0561 -0.9716 -0.2299
vn 0.0237 -0.9954 0.0931
vn 0.0079 -0.9639 0.2660
vn -0.0631 -0.9860 -0.1543
vn -0.0389 -0.9698 0.2406
vn 0.0118 0.8845 0.4663
vn -0.0051 0.6399 0.7684
vn -0.0231 0.8918 0.4518
vn -0.0188 0.7477 0.6638
vn -0.0190 0.8100 0.5861
vn -0.0172 0.6564 0.7542
vn 0.0146 0.9629 0.2695
vn 0.0147 0.9631 0.2689
vn 0.0108 0.9926 0.1208
vn 0.0013 0.9991 0.0416
vn -0.0002 0.9847 0.1745
vn -0.0183 0.9841 0.1765
vn -0.0046 1.0000 0.0005
vn -0.0156 0.9948 0.1009
vn -0.0138 0.9959 0.0896
vn -0.0116 0.9959 0.0897
vn -0.0122 0.9999 -0.0082
vn -0.0062 0.9954 -0.0960
vn 0.0145 0.9983 -0.0556
vn 0.0028 0.9970 -0.0767
vn 0.0013 0.9997 -0.0260
vn -0.0002 1.0000 0.0013
vn -0.0003 1.0000 0.0010
vn -0.0056 1.0000 -0.0013
vn 0.0016 0.9999 0.0120
vn -0.1675 0.4514 0.8765
vn -0.0883 -0.6443 0.7597
vn -0.0218 -0.8050 0.5929
vn -0.0260 0.4852 0.8740
vn -0.0167 0.1312 0.9912
vn 0.0552 -0.2197 0.9740
vn 0.1601 -0.6179 0.7698
vn 0.1197 -0.4321 0.8938
vn 0.1301 -0.7604 0.6362
vn 0.0545 0.5704 0.8196
vn 0.0583 0.6034 0.7953
vn 0.0845 0.2803 0.9562
vn 0.1959 -0.7403 0.6431
vn 0.0970 0.6096 0.7867
vn 0.1870 -0.0705 0.9798
vn -0.0206 -0.7440 -0.6678
vn -0.0128 -0.8758 -0.4824
vn -0.0388 -0.7706 -0.6361
vn -0.0150 -0.7999 -0.6000
vn -0.0254 -0.7241 -0.6892
vn -0.0032 -0.9669 -0.2552
vn -0.0285 -0.9109 -0.4116
vn -0.0072 -0.9884 -0.1519
vn -0.0322 -0.8409 -0.5402
vn -0.0240 -0.8877 -0.4599
vn -0.0299 -0.8302 -0.5567
vn -0.0006 -0.9999 -0.0104
vn 0.0007 -1.0000 -0.0043
vn 0.0011 -1.0000 -0.0021
vn 0.0004 -1.0000 -0.0002
vn 0.0012 -1.0000 0.0020
vn 0.0017 -1.0000 0.0012
vn 0.0009 -1.0000 -0.0001
vn -0.0006 -1.0000 0.0012
vn -0.0045 -1.0000 0.0033
vn 0.0060 0.8843 0.4669
vn -0.0022 0.9353 0.3539
vn -0.0001 0.8219 0.5696
vn -0.0007 0.7480 0.6637
vn -0.0129 0.9961 0.0873
vn -0.0021 0.9999 0.0131
vn 0.0046 1.0000 0.0007
vn -0.0118 0.9960 0.0885
vn -0.0164 0.9964 0.0834
vn -0.0072 0.9998 0.0201
vn -0.0070 0.9997 0.0217
vn 0.0044 0.9999 -0.0134
vn 0.0004 1.0000 0.0012
vn -0.0001 1.0000 -0.0009
vn 0.1495 -0.5945 0.7901
vn 0.0296 0.6873 0.7257
vn 0.0468 0.1085 0.9930
vn 0.0830 -0.6907 0.7184
vn 0.0271 0.3171 0.9480
vn 0.0860 0.0638 0.9943
vn 0.0116 0.6803 0.7328
vn 0.0102 0.5947 0.8039
vn -0.0274 0.0768 0.9967
vn -0.0180 -0.2539 0.9671
vn -0.0251 -0.6893 0.7241
vn -0.0234 0.5773 0.8162
vn -0.0047 -0.7543 -0.6565
vn -0.0144 -0.8585 -0.5126
vn 0.0296 -0.7682 -0.6395
vn 0.0180 -0.7513 -0.6597
vn 0.0010 -0.8599 -0.5105
vn 0.0056 -0.7978 -0.6029
vn 0.0022 -0.9981 -0.0622
vn 0.0110 -0.9331 -0.3595
vn 0.0086 -0.9600 -0.2799
vn 0.0230 -0.8908 -0.4538
vn 0.0094 -0.9859 -0.1671
vn 0.0156 -0.9667 -0.2556
vn 0.0276 -0.9095 -0.4147
vn 0.0279 -0.8413 -0.5399
vn 0.0177 -0.9657 -0.2591
vn 0.0038 -1.0000 -0.0086
vn 0.0020 -1.0000 -0.0040
vn -0.0012 -1.0000 -0.0016
vn 0.0022 -1.0000 -0.0003
vn -0.0006 0.6919 0.7220
vn -0.0236 0.6800 0.7329
vn -0.0315 0.7372 0.6749
vn -0.0354 0.6863 0.7265
vn -0.0344 0.6823 0.7303
vn -0.0296 0.8359 0.5481
vn -0.0248 0.9220 0.3865
vn -0.0270 0.8322 0.5539
vn -0.0290 0.7332 0.6794
vn 0.0075 0.9797 0.2004
vn -0.0108 0.9911 0.1324
vn -0.0082 0.9991 0.0427
vn -0.0074 0.9999 0.0106
vn -0.0069 1.0000 -0.0013
vn -0.0120 0.9976 0.0686
vn -0.0053 1.0000 0.0023
vn -0.0131 0.9982 0.0590
vn 0.0260 0.9987 -0.0432
vn 0.0362 0.9957 -0.0851
vn -0.0136 0.9945 0.1041
vn 0.0059 0.9999 -0.0105
vn -0.0419 0.9965 0.0718
vn -0.0058 0.9999 -0.0115
vn 0.0261 0.9961 -0.0845
vn 0.0031 0.9962 -0.0871
vn 0.0067 0.9999 -0.0144
vn -0.0017 1.0000 0.0001
vn -0.0001 1.0000 -0.0001
vn -0.0209 0.6990 0.7149
vn -0.1068 -0.6562 0.7470
vn -0.1481 0.3552 0.9230
vn -0.1886 -0.4339 0.8810
vn -0.1176 0.6022 0.7896
vn -0.2419 -0.0780 0.9672
vn -0.1810 0.3296 0.9266
vn -0.2274 -0.6743 0.7026
vn -0.1173 0.5796 0.8064
vn -0.1989 0.4325 0.8794
vn -0.2319 -0.7492 0.6205
vn -0.3078 -0.1739 0.9354
vn -0.3116 -0.6049 0.7328
vn 0.0126 -0.8560 -0.5168
vn 0.0363 -0.8013 -0.5971
vn 0.0220 -0.8768 -0.4804
vn 0.0368 -0.7581 -0.6511
vn -0.0899 0.6850 0.7230
vn -0.0663 0.6476 0.7591
vn 0.0611 -0.7481 -0.6608
vn 0.0198 -0.8916 -0.4523
vn 0.0090 -0.9573 -0.2889
vn -0.0006 -0.9904 -0.1380
vn 0.0345 -0.8166 -0.5762
vn -0.0067 -0.9994 -0.0341
vn -0.0074 -1.0000 0.0011
vn -0.0001 -1.0000 0.0002
vn -0.0005 -1.0000 0.0039
vn 0.0218 0.7368 0.6758
vn -0.0342 0.6014 0.7982
vn -0.0155 0.6551 0.7554
vn 0.0311 0.9206 0.3893
vn -0.0091 0.6293 0.7771
vn 0.0033 0.8732 0.4873
vn 0.0138 0.9997 0.0188
vn 0.0276 0.9761 0.2153
vn -0.0030 0.9999 0.0105
vn -0.0528 0.9983 -0.0231
vn -0.0029 0.9950 -0.1002
vn -0.0065 0.9968 -0.0799
vn -0.0330 0.9995 0.0015
vn 0.0022 1.0000 -0.0065
vn -0.0023 1.0000 0.0036
vn -0.2706 -0.2006 0.9416
vn -0.2062 -0.8124 0.5454
vn -0.0967 0.4946 0.8637
vn -0.2329 0.1773 0.9562
vn -0.2150 -0.5067 0.8349
vn -0.0746 0.0931 0.9929
vn -0.2416 -0.3538 0.9036
vn -0.2374 -0.5591 0.7944
vn -0.1504 -0.8330 0.5324
vn -0.1815 0.3001 0.9365
vn -0.1902 0.0471 0.9806
vn -0.1949 -0.3792 0.9045
vn -0.1566 -0.7482 0.6447
vn -0.1311 0.3240 0.9369
vn 0.0203 -0.9401 -0.3404
vn 0.0398 -0.8765 -0.4797
vn 0.0593 -0.7508 -0.6578
vn -0.1614 -0.9376 0.3079
vn -0.0696 0.5610 0.8249
vn 0.0534 -0.8036 -0.5928
vn 0.0579 -0.8165 -0.5744
vn 0.0013 -0.9548 -0.2973
vn -0.1273 -0.8913 0.4351
vn -0.0885 -0.9956 0.0300
vn 0.0037 -0.7511 -0.6601
vn -0.0561 -0.9583 -0.2803
vn -0.1570 0.4238 0.8920
vn -0.2415 -0.6044 0.7592
vn -0.0356 -0.8107 -0.5844
vn -0.1962 -0.8571 0.4764
vn 0.0328 -0.8903 -0.4542
vn 0.0250 -0.9736 -0.2268
vn 0.0159 -0.9947 -0.1012
vn 0.0166 -0.9599 -0.2798
vn 0.0329 -0.8905 -0.4538
vn 0.0344 -0.8332 -0.5519
vn 0.0117 -0.7683 -0.6400
vn -0.0043 -0.9149 -0.4036
vn 0.0047 -0.9998 -0.0211
vn -0.0234 -0.9997 0.0120
vn -0.0002 -1.0000 0.0081
vn -0.0091 -0.9999 0.0042
vn -0.0005 -1.0000 -0.0008
vn -0.0026 -1.0000 0.0032
vn -0.0240 0.7736 0.6332
vn -0.0498 0.6066 0.7935
vn -0.0809 0.5252 0.8471
vn -0.0520 0.6807 0.7307
vn -0.1354 0.4715 0.8714
vn -0.1390 0.4873 0.8621
vn -0.0682 0.7998 0.5963
vn -0.0607 0.9029 0.4255
vn -0.0864 0.4704 0.8782
vn -0.0669 0.7980 0.5989
vn -0.0743 0.6866 0.7232
vn -0.0908 0.5206 0.8489
vn -0.1342 0.2849 0.9491
vn -0.0145 0.9518 0.3063
vn -0.0152 0.9641 0.2649
vn -0.0336 0.9994 0.0019
vn -0.0373 0.9824 0.1829
vn -0.0218 0.9997 0.0139
vn 0.0105 0.9998 0.0158
vn -0.0551 0.9434 0.3272
vn 0.0276 0.9992 0.0300
vn -0.0197 0.9997 0.0107
vn 0.0143 0.9994 0.0320
vn 0.0011 1.0000 0.0047
vn -0.0028 0.9999 0.0167
vn -0.0121 0.9997 0.0204
vn -0.0274 0.9996 -0.0020
vn 0.0100 0.9986 -0.0520
vn -0.0590 0.9955 -0.0738
vn 0.0033 1.0000 -0.0066
vn 0.0213 0.9988 -0.0450
vn 0.0009 1.0000 -0.0023
vn -0.0027 1.0000 -0.0003
vn -0.0005 1.0000 -0.0007
vn -0.0006 1.0000 0.0007
vn -0.0016 1.0000 -0.0044
vn -0.2719 0.9469 0.1715
vn -0.2383 0.2789 0.9303
vn -0.2553 -0.9449 0.2049
vn -0.2314 -0.9697 -0.0783
vn -0.1935 0.4050 0.8936
vn -0.3491 -0.1673 0.9220
vn -0.4523 -0.5894 0.6694
vn -0.1658 -0.8597 -0.4832
vn -0.3332 0.1691 0.9276
vn -0.3750 -0.6141 0.6945
vn -0.4670 -0.7863 0.4045
vn -0.4714 -0.8693 0.1489
vn -0.3491 -0.9006 -0.2590
vn -0.3360 0.1885 0.9228
vn -0.4713 -0.3674 0.8018
vn -0.1236 -0.8158 -0.5650
vn -0.2124 0.3356 0.9178
vn -0.4345 -0.1050 0.8945
vn -0.5937 -0.7054 0.3873
vn -0.6053 -0.7859 0.1263
vn -0.3300 0.0414 0.9431
vn -0.3262 0.0033 0.9453
vn -0.5050 -0.6250 0.5953
vn -0.5269 -0.7711 0.3574
vn -0.3607 -0.9299 -0.0724
vn -0.6232 -0.6781 0.3895
vn -0.3679 -0.3125 0.8758
vn -0.3134 -0.5755 0.7554
vn -0.2073 -0.9031 0.3761
vn -0.1815 -0.9802 -0.0794
vn -0.0313 -0.8286 -0.5590
vn -0.0303 -0.9868 -0.1589
vn -0.0324 -0.9449 -0.3258
vn -0.0248 -0.8793 -0.4756
vn -0.0598 -0.7790 -0.6241
vn 0.0310 -0.8110 -0.5842
vn 0.0346 -0.8509 -0.5241
vn 0.0626 -0.9021 -0.4270
vn -0.0280 -0.9991 -0.0320
vn 0.0349 -0.9989 -0.0307
vn 0.0079 -0.9998 0.0193
vn -0.0004 -1.0000 0.0050
vn -0.0069 -1.0000 0.0020
vn -0.0062 -1.0000 0.0035
vn 0.0019 -1.0000 0.0018
vn -0.0008 -1.0000 0.0007
vn -0.0023 -1.0000 -0.0017
vn -0.0013 -1.0000 -0.0004
vn -0.0211 0.8867 0.4619
vn -0.0123 0.6549 0.7556
vn -0.0067 0.5352 0.8447
vn -0.0133 0.2921 0.9563
vn -0.0155 0.7291 0.6843
vn 0.0278 0.8512 0.5242
vn 0.0170 0.8952 0.4454
vn 0.0187 0.6546 0.7557
vn -0.0066 0.9792 0.2029
vn 0.0053 0.9956 0.0941
vn -0.0165 0.9391 0.3431
vn 0.0464 0.9304 0.3635
vn -0.0154 0.9998 0.0092
vn 0.0028 1.0000 0.0038
vn -0.0022 0.9999 -0.0149
vn -0.0167 0.9999 0.0043
vn 0.0061 0.9999 0.0093
vn 0.0065 0.9999 0.0088
vn -0.0146 0.9989 0.0455
vn -0.0419 0.9990 -0.0154
vn -0.0092 0.9985 -0.0533
vn -0.0198 0.9996 -0.0209
vn 0.0007 1.0000 -0.0004
vn -0.0000 1.0000 -0.0014
vn -0.1212 -0.1200 0.9853
vn -0.1750 -0.8974 0.4051
vn -0.0143 -0.9898 -0.1415
vn -0.1059 -0.4829 0.8692
vn -0.0161 -0.9385 0.3449
vn 0.0984 -0.9231 -0.3718
vn 0.1103 -0.9922 -0.0580
vn -0.0146 0.0999 0.9949
vn 0.0447 -0.4018 0.9146
vn 0.1251 -0.5247 0.8420
vn 0.1726 -0.9669 0.1877
vn 0.2862 -0.9581 -0.0151
vn 0.1406 -0.9580 -0.2501
vn 0.1325 -0.9003 -0.4147
vn -0.0191 -0.0296 0.9994
vn -0.0401 -0.2417 0.9695
vn 0.0207 -0.3923 0.9196
vn 0.0084 -0.9999 0.0115
vn -0.0526 0.1568 0.9862
vn -0.0804 -0.7099 0.6997
vn -0.1298 -0.9075 -0.3994
vn -0.0698 -0.9974 0.0158
vn -0.3400 -0.8444 0.4139
vn 0.0383 -0.9886 -0.1456
vn 0.0245 -0.9865 -0.1621
vn 0.0441 -0.9042 -0.4248
vn 0.0316 -0.8294 -0.5578
vn 0.0319 -0.8098 -0.5858
vn -0.0097 -0.9930 -0.1178
vn -0.0780 -0.8100 -0.5812
vn -0.0779 -0.7956 -0.6008
vn -0.0333 -0.9549 -0.2951
vn -0.0361 -0.9861 -0.1621
vn -0.0752 -0.9065 -0.4155
vn -0.1693 -0.7999 -0.5758
vn -0.0000 -0.9999 -0.0137
vn -0.0046 -0.9987 -0.0505
vn -0.0008 -1.0000 0.0023
vn -0.0004 -1.0000 0.0002
vn 0.0017 -1.0000 -0.0038
vn -0.0002 -1.0000 -0.0006
vn -0.0021 -1.0000 -0.0021
vn 0.0019 -1.0000 0.0023
vn -0.0068 -1.0000 -0.0008
vn 0.0382 0.6506 0.7584
vn 0.0427 0.7838 0.6195
vn -0.0566 0.2468 0.9674
vn -0.0174 0.4418 0.8969
vn -0.0188 0.0555 0.9983
vn 0.0554 0.8899 0.4527
vn -0.0041 0.3610 0.9325
vn -0.1291 0.2248 0.9658
vn -0.0275 0.7552 0.6550
vn -0.0493 0.6188 0.7840
vn -0.2945 -0.2524 0.9217
vn -0.1192 0.1855 0.9754
vn -0.2443 -0.0427 0.9688
vn -0.3438 -0.2044 0.9165
vn -0.6232 -0.3906 0.6775
vn -0.1647 0.8813 0.4430
vn -0.2752 0.5910 0.7583
vn -0.2330 0.7290 0.6437
vn -0.2762 0.2735 0.9214
vn -0.5073 -0.1939 0.8397
vn -0.5028 0.2385 0.8308
vn -0.3147 -0.3469 0.8835
vn -0.6582 -0.4652 0.5920
vn 0.0294 0.9687 0.2464
vn 0.0207 0.9925 0.1203
vn -0.0073 0.9658 0.2593
vn 0.0011 0.9996 0.0280
vn -0.0596 0.9701 0.2353
vn -0.0571 0.9915 0.1166
vn -0.0111 0.9993 0.0351
vn -0.1810 0.8911 0.4162
vn -0.1262 0.9715 0.2006
vn -0.0615 0.9938 0.0929
vn -0.2389 0.8846 0.4005
vn 0.0192 0.9998 -0.0026
vn 0.0111 0.9999 -0.0005
vn 0.0018 1.0000 0.0042
vn -0.0008 1.0000 0.0002
vn -0.0168 0.9996 0.0215
vn -0.0205 0.9998 -0.0002
vn -0.0135 0.9999 0.0074
vn 0.0058 1.0000 -0.0068
vn 0.0018 1.0000 -0.0009
vn 0.0033 1.0000 0.0012
vn 0.0069 1.0000 0.0026
vn -0.4191 -0.5224 0.7426
vn -0.4193 -0.5852 0.6941
vn -0.2185 -0.8267 -0.5185
vn -0.4337 -0.8972 0.0835
vn -0.3824 -0.8763 -0.2929
vn -0.1628 -0.1160 0.9798
vn -0.4729 -0.3997 0.7853
vn -0.5231 -0.6577 0.5421
vn -0.5775 -0.7983 0.1708
vn -0.4965 -0.6094 0.6181
vn -0.4275 -0.6972 0.5755
vn -0.5935 -0.7723 0.2264
vn -0.5390 -0.8256 -0.1670
vn -0.3869 -0.3782 0.8410
vn -0.6052 -0.6701 0.4297
vn -0.5583 -0.8281 0.0502
vn -0.4426 -0.8624 -0.2457
vn -0.5543 -0.4945 0.6695
vn -0.5589 -0.7167 0.4170
vn -0.5828 -0.7680 0.2654
vn -0.4848 -0.8743 0.0228
vn -0.6067 -0.5755 0.5484
vn -0.6020 -0.6390 0.4788
vn -0.6142 -0.7814 0.1099
vn -0.0785 -0.9683 -0.2371
vn -0.0632 -0.9833 -0.1707
vn -0.2375 -0.9166 -0.3217
vn -0.2611 -0.9092 -0.3243
vn -0.1542 -0.9764 -0.1510
vn -0.0278 -0.9979 -0.0583
vn -0.4123 -0.8974 -0.1573
vn -0.3117 -0.9475 -0.0717
vn -0.2898 -0.9457 -0.1474
vn -0.4879 -0.8602 0.1485
vn -0.3911 -0.9197 -0.0342
vn -0.1828 -0.9825 -0.0360
vn -0.0801 -0.9968 0.0044
vn 0.0028 -1.0000 -0.0071
vn -0.0150 -0.9999 -0.0023
vn 0.0097 -0.9999 0.0056
vn -0.0005 -1.0000 0.0056
vn -0.0016 -1.0000 0.0001
vn -0.0112 -0.9999 -0.0080
vn -0.0058 -1.0000 0.0054
vn -0.0018 -1.0000 0.0032
vn -0.0055 -1.0000 0.0043
vn -0.0000 -1.0000 0.0067
vn -0.0000 -1.0000 -0.0009
vn 0.0005 -1.0000 -0.0006
vn 0.0011 -1.0000 0.0010
vn 0.0008 -1.0000 0.0032
vn 0.0012 -1.0000 -0.0076
vn -0.0019 -1.0000 0.0045
vn -0.4724 0.5435 0.6939
vn -0.6626 -0.0153 0.7488
vn -0.6257 0.2304 0.7453
vn -0.6713 -0.1160 0.7320
vn -0.6521 0.1542 0.7423
vn -0.5714 -0.7216 0.3909
vn -0.1316 0.9713 0.1982
vn -0.0536 0.9943 0.0922
vn -0.4188 0.6791 0.6029
vn -0.2826 0.8715 0.4009
vn -0.5353 0.4555 0.7113
vn -0.4270 0.7018 0.5703
vn -0.4613 -0.8611 0.2136
vn -0.0522 0.9934 0.1018
vn -0.2667 0.8620 0.4312
vn -0.2662 0.8589 0.4375
vn -0.5274 0.4536 0.7184
vn -0.4340 0.6717 0.6003
vn -0.6563 -0.2983 0.6930
vn -0.1013 0.9643 0.2448
vn -0.6208 0.0023 0.7840
vn -0.5816 -0.4120 0.7014
vn -0.4697 -0.6960 0.5431
vn -0.2742 -0.9172 0.2892
vn -0.1042 -0.9809 0.1641
vn -0.3791 0.6078 0.6978
vn -0.2517 0.8631 0.4379
vn -0.4740 0.2753 0.8364
vn -0.4243 0.6561 0.6241
vn -0.5037 -0.1176 0.8558
vn -0.2088 -0.9214 0.3277
vn -0.0988 -0.9821 0.1602
vn -0.0521 0.9934 0.1018
vn -0.5278 -0.1563 0.8349
vn -0.4759 -0.4371 0.7632
vn -0.3599 -0.7351 0.5745
vn -0.2401 0.8655 0.4397
vn -0.4046 0.3087 0.8608
vn -0.3706 0.6136 0.6973
vn -0.5168 -0.1704 0.8389
vn -0.2206 -0.9037 0.3670
vn -0.1304 0.9605 0.2458
vn -0.4400 0.3380 0.8320
vn -0.3885 0.5851 0.7119
vn -0.4135 -0.6687 0.6179
vn -0.0496 0.9959 0.0760
vn -0.0027 1.0000 -0.0040
vn -0.0318 0.9995 0.0018
vn -0.0124 0.9999 0.0090
vn 0.0077 1.0000 0.0013
vn 0.0047 0.9993 0.0365
vn 0.0420 0.9991 -0.0072
vn 0.0253 0.9997 0.0040
vn 0.0272 0.9992 -0.0287
vn 0.0060 0.9995 -0.0303
vn 0.0008 1.0000 -0.0007
vn -0.0057 0.9999 -0.0106
vn 0.0004 1.0000 -0.0008
vn 0.0006 1.0000 0.0007
vn -0.3275 -0.9379 0.1144
vn -0.0792 -0.9968 0.0042
vn -0.0357 -0.9982 0.0475
vn -0.0066 -1.0000 0.0027
vn -0.0413 -0.9981 0.0451
vn -0.0012 -1.0000 0.0051
vn -0.0016 -1.0000 0.0043
vn 0.0058 -0.9999 0.0114
vn -0.0295 -0.9993 0.0243
vn -0.0169 -0.9998 0.0135
vn -0.0047 -1.0000 -0.0039
vn -0.0022 -1.0000 0.0022
vn 0.0007 -1.0000 0.0001
vn 0.0013 -1.0000 0.0009
vn -0.3963 0.5928 0.7011
vn -0.2879 0.8325 0.4734
vn -0.4894 -0.0944 0.8669
vn -0.4864 -0.4678 0.7380
vn -0.2204 -0.9037 0.3670
vn -0.2886 0.8325 0.4729
vn -0.4643 0.5258 0.7127
vn -0.5263 -0.0256 0.8499
vn -0.4484 -0.5085 0.7351
vn -0.3604 -0.7448 0.5616
vn -0.4559 0.5204 0.7220
vn -0.3463 -0.6253 0.6993
vn -0.4411 0.5837 0.6817
vn -0.3499 0.8069 0.4760
vn -0.6702 -0.0699 0.7389
vn -0.5402 -0.1482 0.8284
vn -0.5077 -0.5022 0.7000
vn -0.3787 -0.7452 0.5489
vn -0.4827 0.1999 0.8527
vn -0.4969 0.5192 0.6954
vn -0.5007 -0.1712 0.8485
vn -0.5483 -0.2569 0.7959
vn -0.4495 -0.5382 0.7130
vn -0.7493 -0.0453 0.6607
vn -0.1453 0.9685 0.2022
vn -0.1185 -0.9812 0.1525
vn -0.0222 0.9997 0.0135
vn -0.2798 0.8712 0.4034
vn -0.1395 0.9692 0.2028
vn -0.1377 0.9744 0.1778
vn -0.0227 0.9996 0.0192
vn -0.0643 0.9947 0.0798
vn -0.2186 -0.9362 0.2754
vn -0.3193 0.7862 0.5291
vn -0.3022 0.8607 0.4098
vn -0.2393 -0.9096 0.3397
vn -0.1285 0.9717 0.1981
vn -0.4662 0.4909 0.7360
vn -0.4492 -0.6768 0.5833
vn -0.1077 -0.9824 0.1524
vn -0.0249 -0.9992 0.0313
vn -0.0576 0.9945 0.0879
vn -0.0495 0.9984 0.0264
vn -0.4355 0.5967 0.6739
vn -0.2887 0.8560 0.4289
vn -0.2887 0.8512 0.4382
vn -0.5343 -0.1143 0.8375
vn -0.5109 -0.4712 0.7190
vn -0.1929 -0.9267 0.3225
vn -0.4628 0.2329 0.8553
vn -0.4258 0.6056 0.6722
vn -0.5212 -0.1043 0.8471
vn -0.4483 -0.5355 0.7157
vn -0.3613 -0.7381 0.5697
vn -0.0147 0.9999 -0.0010
vn -0.0243 0.9997 0.0004
vn -0.0402 0.9992 -0.0081
vn -0.0016 -1.0000 -0.0082
vn -0.0044 0.9999 0.0152
vn 0.0165 0.9995 0.0253
vn 0.0198 0.9993 0.0315
vn -0.0024 0.9999 0.0099
vn -0.0059 1.0000 -0.0002
vn -0.0314 0.9982 0.0510
vn -0.0230 0.9996 0.0185
vn -0.0062 1.0000 -0.0009
vn -0.0223 0.9997 0.0065
vn -0.0359 0.9988 -0.0346
vn -0.0490 0.9985 0.0242
vn -0.0355 0.9988 -0.0345
vn -0.0494 0.9985 0.0253
vn -0.0488 0.9983 -0.0332
vn -0.0235 0.9995 0.0229
vn -0.0177 0.9982 -0.0570
vn -0.0149 0.9997 -0.0212
vn -0.0288 0.9995 -0.0119
vn -0.0009 1.0000 0.0009
vn 0.0066 1.0000 -0.0039
vn 0.0002 1.0000 0.0027
vn -0.0317 -0.9988 0.0381
vn -0.0329 -0.9994 -0.0119
vn -0.0147 -0.9999 -0.0051
vn 0.0319 -0.9993 0.0203
vn 0.0006 -0.9998 0.0175
vn 0.0018 -0.9995 0.0313
vn 0.0164 -0.9996 0.0211
vn 0.0054 -1.0000 0.0026
vn 0.0110 -0.9999 0.0077
vn 0.0003 -1.0000 -0.0017
vn 0.0010 -1.0000 -0.0007
vn -0.1278 0.9687 0.2126
vn -0.4148 0.6117 0.6736
vn -0.3372 -0.7536 0.5643
vn -0.1833 -0.9241 0.3353
vn -0.3920 0.5944 0.7022
vn -0.2677 0.8493 0.4551
vn -0.5340 0.2493 0.8079
vn -0.4579 -0.2039 0.8653
vn -0.4436 -0.4889 0.7512
vn -0.1991 -0.9178 0.3435
vn -0.1187 -0.9736 0.1947
vn -0.1186 0.9683 0.2199
vn -0.1178 0.9709 0.2085
vn -0.5152 -0.2481 0.8204
vn -0.3985 -0.6816 0.6136
vn -0.4196 0.3151 0.8513
vn -0.3863 0.5984 0.7019
vn -0.5286 -0.1283 0.8391
vn -0.4550 -0.5019 0.7356
vn -0.1742 -0.9263 0.3340
vn -0.4554 0.3276 0.8278
vn -0.4041 0.5806 0.7068
vn -0.4016 -0.5539 0.7293
vn -0.3353 -0.7546 0.5641
vn -0.1338 0.9715 0.1956
vn -0.4219 0.5982 0.6813
vn -0.2893 0.8425 0.4545
vn -0.4970 -0.1067 0.8612
vn -0.3546 -0.7400 0.5715
vn -0.5191 0.2723 0.8101
vn -0.4466 0.5730 0.6872
vn -0.4922 -0.1812 0.8514
vn -0.4823 -0.4847 0.7297
vn -0.5407 0.2826 0.7923
vn -0.5605 -0.2319 0.7951
vn -0.5193 -0.5255 0.6739
vn -0.4076 -0.7662 0.4967
vn -0.0096 0.9998 0.0158
vn 0.0071 0.9999 0.0105
vn -0.1267 0.9829 0.1339
vn -0.0585 0.9958 0.0699
vn -0.0968 -0.9888 0.1132
vn -0.2039 -0.9498 0.2375
vn -0.0307 0.9992 -0.0264
vn 0.0070 1.0000 -0.0008
vn -0.0436 0.9990 0.0063
vn 0.0076 0.9999 0.0124
vn 0.0146 0.9998 0.0096
vn 0.0088 0.9999 -0.0107
vn 0.0034 0.9997 0.0236
vn -0.0186 0.9998 0.0082
vn -0.0041 1.0000 -0.0039
vn -0.0204 -0.9989 0.0424
vn -0.0217 -0.9996 0.0190
vn -0.0078 -1.0000 0.0034
vn 0.0037 -1.0000 0.0062
vn -0.0048 -0.9999 -0.0134
vn -0.0476 -0.9988 -0.0147
vn -0.0237 -0.9996 -0.0134
vn -0.0134 -0.9995 0.0277
vn -0.0113 -0.9996 0.0270
vn -0.0067 -1.0000 0.0062
vn -0.0018 -1.0000 0.0037
vn -0.0070 -1.0000 0.0045
vn 0.0016 -1.0000 0.0009
vn -0.6684 -0.0660 0.7409
vn -0.4664 -0.5304 0.7079
vn -0.4881 -0.6832 0.5432
vn -0.6150 -0.1066 0.7813
vn -0.6215 0.3334 0.7089
vn -0.1750 0.9638 0.2010
vn -0.1739 0.9648 0.1971
vn -0.0912 0.9923 0.0842
vn -0.5109 0.6131 0.6025
vn -0.3465 0.8491 0.3988
vn -0.5977 -0.4390 0.6709
vn -0.4404 -0.7510 0.4920
vn -0.1625 0.9653 0.2043
vn -0.1579 0.9705 0.1820
vn -0.0712 0.9964 0.0458
vn -0.6372 -0.1466 0.7566
vn -0.5753 -0.4658 0.6724
vn -0.4182 -0.7530 0.5080
vn -0.2395 -0.9334 0.2671
vn -0.4994 0.5898 0.6346
vn -0.3449 0.8492 0.3999
vn -0.3448 0.8473 0.4039
vn -0.6138 0.3683 0.6983
vn -0.0897 -0.9939 0.0644
vn -0.1785 0.9691 0.1700
vn -0.1226 0.9882 0.0916
vn -0.3335 0.8484 0.4111
vn -0.5514 0.2357 0.8002
vn -0.5664 0.5082 0.6488
vn -0.5736 -0.2689 0.7738
vn -0.5633 -0.4874 0.6672
vn -0.5417 0.4894 0.6835
vn -0.5674 -0.5036 0.6515
vn -0.4431 -0.7596 0.4760
vn -0.2204 0.9590 0.1783
vn -0.8555 -0.0361 0.5165
vn -0.6625 -0.2939 0.6890
vn -0.5587 -0.5087 0.6551
vn -0.5563 -0.6658 0.4973
vn -0.4453 -0.7588 0.4754
vn -0.2684 -0.9352 0.2312
vn -0.6113 0.6260 0.4841
vn -0.3990 0.8560 0.3286
vn -0.3972 0.8635 0.3109
vn -0.6970 0.2070 0.6865
vn -0.6874 -0.2746 0.6723
vn -0.6851 -0.2713 0.6760
vn -0.4750 -0.7090 0.5212
vn -0.5349 -0.7340 0.4184
vn -0.0096 -0.9999 -0.0051
vn -0.0075 0.9996 -0.0274
vn -0.0349 0.9994 -0.0008
vn -0.0778 0.9963 0.0371
vn -0.1668 0.9814 0.0948
vn -0.0915 0.9951 0.0371
vn -0.2307 -0.9567 0.1773
vn -0.0017 -0.9989 0.0462
vn -0.0378 0.9980 0.0508
vn 0.0148 0.9996 0.0257
vn 0.0195 0.9995 0.0253
vn -0.0085 1.0000 0.0046
vn 0.0084 0.9999 0.0080
vn -0.0013 1.0000 0.0006
vn -0.0209 0.9998 0.0074
vn -0.0158 0.9998 -0.0076
vn -0.0040 1.0000 0.0049
vn -0.0552 0.9984 -0.0144
vn 0.0009 1.0000 -0.0005
vn -0.0111 0.9999 -0.0016
vn -0.0045 1.0000 0.0003
vn -0.0008 1.0000 0.0020
vn -0.0233 -0.9996 0.0173
vn 0.0105 -0.9995 0.0284
vn 0.0133 -0.9998 0.0120
vn 0.0007 -1.0000 0.0035
vn -0.0018 -1.0000 -0.0023
vn -0.0028 -0.9999 0.0139
vn -0.0026 -1.0000 0.0038
vn -0.0096 -1.0000 0.0001
vn -0.0023 -1.0000 0.0014
vn -0.0330 -0.9994 0.0054
vn -0.0005 -1.0000 0.0015
vn -0.6163 0.6193 0.4865
vn -0.4039 0.8611 0.3089
vn -0.7192 0.3898 0.5751
vn -0.7593 -0.0469 0.6491
vn -0.6692 -0.4877 0.5607
vn -0.7350 0.3265 0.5943
vn -0.7791 -0.1779 0.6012
vn -0.6366 -0.5155 0.5736
vn -0.7298 0.3178 0.6054
vn -0.1579 0.9780 0.1363
vn -0.0953 -0.9888 0.1147
vn -0.0791 0.9930 0.0881
vn -0.3925 0.8554 0.3379
vn -0.5353 -0.7230 0.4367
vn -0.3326 -0.8959 0.2945
vn -0.2037 -0.9558 0.2120
vn -0.5110 -0.7208 0.4684
vn -0.1808 0.9683 0.1726
vn -0.0881 0.9928 0.0808
vn -0.6009 0.5721 0.5582
vn -0.3970 0.8538 0.3368
vn -0.7285 0.2702 0.6295
vn -0.7606 -0.1497 0.6318
vn -0.5107 -0.7291 0.4557
vn -0.7241 0.2473 0.6438
vn -0.7454 -0.1229 0.6551
vn -0.6211 -0.5299 0.5775
vn -0.4972 -0.7329 0.4643
vn -0.2016 0.9639 0.1738
vn -0.5856 0.6645 0.4641
vn -0.5350 0.6437 0.5472
vn -0.4027 0.8441 0.3541
vn -0.7039 0.3839 0.5976
vn -0.7036 -0.1408 0.6965
vn -0.7131 -0.1679 0.6807
vn -0.6383 -0.4925 0.5917
vn -0.2788 -0.9249 0.2586
vn -0.5975 0.6038 0.5276
vn -0.4114 0.8366 0.3617
vn -0.6944 0.3557 0.6255
vn -0.7642 0.0592 0.6423
vn -0.7291 0.0150 0.6842
vn -0.5178 -0.7248 0.4545
vn -0.6091 0.5965 0.5227
vn -0.4217 0.8356 0.3521
vn -0.6998 0.3129 0.6422
vn -0.7531 -0.1421 0.6424
vn -0.6507 -0.4701 0.5963
vn -0.0047 1.0000 -0.0025
vn -0.0318 0.9993 0.0193
vn -0.0504 0.9982 0.0314
vn -0.2320 -0.9535 0.1925
vn -0.1333 -0.9863 0.0974
vn -0.2041 0.9644 0.1682
vn -0.1312 0.9865 0.0975
vn -0.0358 0.9990 0.0254
vn -0.4219 0.8375 0.3472
vn -0.0140 0.9999 -0.0041
vn 0.0070 1.0000 -0.0056
vn -0.0002 0.9999 0.0129
vn -0.0058 0.9999 -0.0142
vn 0.0079 1.0000 0.0003
vn -0.0320 0.9995 -0.0046
vn -0.0338 0.9993 -0.0128
vn 0.0004 0.9998 -0.0188
vn -0.0402 0.9992 -0.0038
vn -0.0336 0.9994 -0.0045
vn -0.0008 -1.0000 -0.0079
vn -0.0509 0.9985 0.0214
vn -0.0221 0.9991 0.0371
vn -0.0143 0.9998 0.0123
vn -0.0112 0.9999 -0.0013
vn -0.0154 -0.9999 0.0053
vn -0.0502 -0.9981 0.0344
vn -0.0012 -1.0000 0.0088
vn -0.0161 -0.9999 -0.0015
vn 0.0036 -1.0000 -0.0082
vn -0.0112 -0.9999 -0.0041
vn -0.0066 -0.9999 -0.0116
vn -0.0094 -1.0000 0.0013
vn -0.0130 -0.9999 0.0050
vn -0.0081 -0.9999 0.0060
vn -0.0079 -1.0000 -0.0047
vn -0.0335 -0.9994 0.0067
vn -0.0387 -0.9990 -0.0203
vn -0.0366 -0.9992 -0.0149
vn -0.0370 -0.9991 -0.0198
vn -0.0250 -0.9993 -0.0273
vn -0.0351 -0.9994 -0.0018
vn -0.0208 -0.9989 0.0412
vn -0.0102 -0.9999 0.0112
vn 0.0037 -1.0000 -0.0007
vn -0.7096 0.3253 0.6251
vn -0.7322 0.2775 0.6220
vn -0.7582 -0.1563 0.6330
vn -0.7038 -0.4210 0.5722
vn -0.1757 0.9803 0.0904
vn -0.1159 0.9903 0.0770
vn -0.5415 -0.7239 0.4274
vn -0.3876 -0.8680 0.3103
vn -0.2437 0.9604 0.1348
vn -0.4440 0.8392 0.3140
vn -0.3642 -0.8931 0.2641
vn -0.1854 0.9804 0.0668
vn -0.6297 0.6336 0.4495
vn -0.4490 0.8382 0.3096
vn -0.7365 0.4002 0.5453
vn -0.7970 -0.1286 0.5902
vn -0.5863 -0.6471 0.4874
vn -0.2712 -0.9458 0.1784
vn -0.4568 0.8378 0.2990
vn -0.7829 0.3251 0.5305
vn -0.8111 -0.1469 0.5662
vn -0.7352 -0.4354 0.5195
vn -0.5387 -0.7507 0.3825
vn -0.3651 -0.8886 0.2777
vn -0.4240 0.8515 0.3085
vn -0.7609 0.2572 0.5958
vn -0.8100 -0.1479 0.5675
vn -0.5420 -0.6931 0.4753
vn -0.7789 0.3721 0.5048
vn -0.8026 -0.1796 0.5689
vn -0.6437 -0.5475 0.5347
vn -0.6229 -0.6685 0.4063
vn -0.4059 -0.8386 0.3634
vn -0.7452 0.3036 0.5937
vn -0.5004 -0.6695 0.5490
vn -0.7444 0.2274 0.6278
vn -0.7675 -0.2117 0.6052
vn -0.0752 0.9971 -0.0066
vn -0.0200 0.9998 -0.0012
vn -0.2135 0.9678 0.1334
vn -0.2248 0.9685 0.1075
vn -0.1234 0.9920 0.0249
vn -0.1460 -0.9856 0.0857
vn -0.1920 0.9740 0.1199
vn -0.3894 -0.8675 0.3096
vn -0.2709 -0.9521 0.1420
vn -0.2612 0.9652 -0.0093
vn -0.4174 0.8669 0.2726
vn -0.5569 -0.6932 0.4576
vn -0.3195 -0.9451 0.0679
vn -0.5650 0.7289 0.3867
vn -0.4781 0.8692 0.1258
vn -0.5684 -0.7547 0.3277
vn -0.4314 -0.9021 -0.0095
vn -0.1754 -0.9845 -0.0017
vn -0.1946 -0.9754 0.1036
vn -0.1713 -0.9817 0.0835
vn -0.2551 0.9661 0.0400
vn -0.3299 -0.9428 -0.0486
vn -0.3604 -0.9318 0.0427
vn -0.5065 0.8620 -0.0195
vn -0.4816 0.8697 0.1081
vn -0.0014 0.9998 0.0193
vn 0.0065 1.0000 0.0067
vn -0.0214 0.9995 0.0244
vn -0.0524 0.9986 0.0082
vn -0.0131 0.9996 -0.0244
vn -0.0169 0.9998 -0.0113
vn -0.0170 0.9998 -0.0134
vn 0.0185 0.9997 0.0133
vn 0.0202 0.9997 0.0141
vn 0.0003 0.9999 -0.0158
vn 0.0173 0.9998 0.0112
vn 0.0290 0.9995 -0.0078
vn -0.0337 0.9994 -0.0026
vn -0.0142 0.9998 0.0124
vn -0.0070 0.9999 0.0118
vn -0.0079 0.9999 -0.0150
vn 0.0161 -0.9999 -0.0032
vn -0.0443 -0.9988 0.0199
vn -0.0200 -0.9998 -0.0012
vn -0.0230 -0.9977 0.0639
vn 0.0047 -0.9998 0.0177
vn 0.0150 -0.9998 0.0149
vn 0.0185 -0.9997 0.0180
vn -0.0350 -0.9862 0.1620
vn 0.0764 -0.9925 0.0956
vn 0.1107 -0.9934 -0.0288
vn -0.0169 -0.9994 -0.0318
vn 0.0014 -0.9999 -0.0130
vn 0.0639 -0.9978 -0.0174
vn 0.0306 -0.9995 0.0113
vn 0.1089 -0.9940 0.0131
vn 0.0056 -0.9999 -0.0164
vn 0.0097 -0.9999 -0.0067
vn 0.0540 -0.9982 -0.0258
vn 0.1740 -0.9843 -0.0313
vn 0.0050 -1.0000 0.0010
vn 0.0484 -0.9988 0.0025
vn 0.0534 -0.9986 -0.0046
vn 0.0582 -0.9983 -0.0026
vn 0.1077 -0.9941 -0.0126
vn -0.0080 -0.9999 0.0106
vn 0.0576 -0.9983 0.0058
vn -0.7953 0.4338 0.4234
vn -0.7128 0.3135 0.6275
vn -0.6895 0.6416 0.3363
vn -0.8293 -0.1664 0.5335
vn -0.7360 -0.4709 0.4864
vn -0.6086 -0.7591 0.2311
vn -0.6524 -0.7574 -0.0284
vn -0.7874 0.6156 0.0339
vn -0.8792 0.4277 0.2100
vn -0.9356 0.3438 -0.0797
vn -0.9236 -0.1252 0.3624
vn -0.9514 0.2609 0.1635
vn -0.9891 0.1464 -0.0151
vn -0.9849 -0.1692 -0.0373
vn -0.8389 -0.4854 0.2463
vn -0.8738 -0.4862 -0.0005
vn -0.8475 -0.5282 -0.0516
vn -0.8201 -0.5721 -0.0109
vn -0.1972 0.9696 0.1449
vn -0.4445 0.8660 0.2289
vn -0.5518 -0.8295 0.0864
vn -0.3321 -0.9200 0.2083
vn -0.1888 -0.9530 0.2369
vn -0.8223 0.5683 -0.0289
vn -0.7535 0.6532 0.0748
vn -0.4139 0.8714 0.2632
vn -0.8987 0.4013 0.1769
vn -0.9783 0.0761 0.1929
vn -0.6935 -0.6872 0.2164
vn -0.6740 -0.6276 0.3895
vn -0.5162 -0.7957 0.3170
vn -0.2777 -0.8194 0.5015
vn -0.6282 0.6912 0.3572
vn -0.8775 0.3584 0.3185
vn -0.9187 -0.1793 0.3519
vn -0.7559 -0.5363 0.3755
vn -0.7666 0.4295 0.4773
vn -0.7964 -0.1130 0.5940
vn -0.7445 -0.0034 0.6676
vn -0.6080 -0.4468 0.6563
vn -0.7187 -0.0476 0.6937
vn -0.1652 0.9831 0.0790
vn -0.0877 0.9959 0.0233
vn -0.0520 -0.8178 0.5731
vn -0.1861 0.9806 0.0621
vn -0.3959 0.8768 0.2728
vn -0.4370 0.8509 0.2916
vn -0.3966 0.8925 0.2149
vn -0.3518 0.9322 0.0857
vn -0.4402 -0.4132 0.7972
vn -0.1648 -0.6322 0.7570
vn -0.4114 0.9086 0.0720
vn -0.5351 0.7650 0.3583
vn -0.6917 0.1721 0.7013
vn -0.4897 -0.2772 0.8266
vn -0.5682 0.7945 0.2141
vn -0.6790 0.1572 0.7171
vn -0.5665 0.8230 0.0426
vn -0.6766 0.3723 0.6354
vn -0.4823 -0.1000 0.8703
vn -0.0517 0.9985 -0.0165
vn -0.0816 0.9965 -0.0164
vn -0.2104 0.9774 -0.0220
vn -0.1798 0.9835 0.0221
vn -0.4026 0.9152 -0.0183
vn -0.4291 0.9030 0.0233
vn -0.5874 0.8093 -0.0055
vn -0.4198 0.9076 -0.0083
vn -0.0331 0.9992 0.0209
vn -0.0085 1.0000 -0.0029
vn -0.1197 0.9925 0.0232
vn -0.3482 0.9350 0.0674
vn -0.4154 0.9079 0.0558
vn -0.5876 0.8038 0.0925
vn -0.0714 0.9971 -0.0263
vn -0.0697 0.9976 0.0037
vn -0.1181 0.9928 -0.0198
vn -0.1916 0.9812 -0.0243
vn -0.3481 0.9370 -0.0285
vn -0.3824 0.9240 -0.0052
vn -0.3869 0.9220 -0.0162
vn -0.4363 0.8998 -0.0034
vn -0.0589 0.9983 0.0018
vn -0.1873 0.9822 -0.0104
vn -0.3040 0.9527 -0.0042
vn -0.3345 0.9423 -0.0113
vn -0.3911 0.9204 -0.0005
vn -0.0442 0.9990 0.0112
vn -0.0968 0.9952 -0.0158
vn -0.3184 0.9479 0.0045
vn -0.3393 0.9394 -0.0492
vn -0.3543 0.9348 0.0239
vn -0.4637 0.8845 -0.0510
vn -0.4194 0.9078 0.0073
vn -0.0892 0.9957 0.0243
vn -0.1982 0.9797 0.0291
vn -0.1342 0.9907 0.0211
vn -0.3466 0.9380 0.0057
vn -0.0289 -0.9379 0.3456
vn 0.1258 -0.9698 0.2089
vn 0.2166 -0.9758 0.0287
vn 0.3413 -0.9304 0.1339
vn 0.4025 -0.9154 -0.0071
vn -0.0749 -0.8360 0.5436
vn 0.4071 -0.8477 0.3402
vn 0.2160 -0.7418 0.6349
vn 0.2373 -0.8425 0.4837
vn 0.4068 -0.8484 0.3388
vn 0.5346 -0.8402 0.0904
vn 0.5366 -0.8384 0.0959
vn 0.3505 -0.7464 0.5658
vn 0.4602 -0.8298 0.3157
vn -0.0573 -0.5000 0.8641
vn 0.5650 -0.8125 0.1437
vn -0.2677 -0.3771 0.8866
vn 0.3475 -0.8719 0.3449
vn 0.2091 -0.9771 -0.0391
vn 0.4776 -0.8779 -0.0353
vn 0.5292 -0.8477 -0.0377
vn 0.5643 -0.8233 -0.0612
vn 0.6147 -0.7876 0.0421
vn 0.6271 -0.7782 0.0358
vn 0.6069 -0.7936 -0.0432
vn 0.6359 -0.7714 -0.0242
vn 0.6862 -0.7204 0.1008
vn 0.4767 -0.8790 -0.0075
vn 0.5141 -0.8577 0.0103
vn 0.6880 -0.7196 0.0938
vn 0.2556 -0.9660 0.0399
vn 0.3060 -0.9515 0.0310
vn 0.3172 -0.9480 0.0255
vn 0.4509 -0.8913 0.0473
vn 0.4324 -0.9016 -0.0103
vn 0.4430 -0.8952 0.0490
vn 0.6115 -0.7895 0.0519
vn 0.5856 -0.8106 0.0049
vn 0.7178 -0.6959 -0.0234
vn 0.7268 -0.6839 0.0640
vn 0.3150 -0.9486 -0.0318
vn 0.3116 -0.9499 -0.0234
vn 0.4675 -0.8829 -0.0447
vn 0.5821 -0.8117 -0.0480
vn 0.6583 -0.7504 -0.0600
vn 0.7132 -0.6974 -0.0703
vn 0.2667 -0.9638 -0.0008
vn 0.2947 -0.9556 -0.0025
vn 0.4726 -0.8805 -0.0365
vn 0.5996 -0.7989 -0.0462
vn 0.5936 -0.8048 0.0030
vn 0.6584 -0.7509 -0.0527
vn 0.6938 -0.7200 0.0136
vn 0.6921 -0.7215 0.0208
vn 0.6791 -0.7314 -0.0622
vn 0.6968 -0.7171 0.0123
vn 0.7655 -0.6421 0.0422
vn 0.1547 -0.9880 0.0020
vn 0.2254 -0.9742 -0.0136
vn 0.4425 -0.8968 0.0019
vn 0.4146 -0.9097 -0.0232
vn 0.5651 -0.8244 -0.0319
vn 0.6008 -0.7994 -0.0009
vn 0.6738 -0.7368 -0.0557
vn 0.6961 -0.7145 -0.0708
vn 0.7318 -0.6812 -0.0209
vn 0.4424 -0.8961 0.0365
vn 0.5476 -0.8359 0.0375
vn 0.5863 -0.8082 0.0564
vn 0.6868 -0.7256 0.0424
vn 0.6958 -0.7126 0.0904
vn 0.6981 -0.7109 0.0851
vn 0.7167 -0.6969 0.0247
vn -0.7097 0.6210 0.3326
vn -0.7196 0.5036 0.4781
vn -0.6456 0.1113 0.7555
vn -0.7285 0.6721 0.1326
vn -0.7296 0.6835 0.0228
vn -0.7223 0.3590 0.5911
vn -0.7430 0.4433 0.5015
vn -0.7233 0.1745 0.6681
vn -0.8277 0.5594 0.0447
vn -0.8344 0.4791 0.2724
vn -0.9194 0.3573 0.1644
vn -0.9301 0.3648 0.0429
vn -0.7300 0.6835 -0.0021
vn -0.8165 0.5773 0.0031
vn -0.8020 0.5945 0.0584
vn -0.9180 0.3962 0.0169
vn -0.8916 0.4450 0.0842
vn -0.5707 0.8206 0.0318
vn -0.6875 0.7179 0.1092
vn -0.6994 0.7085 0.0946
vn -0.7260 0.6820 0.0885
vn -0.8015 0.5925 0.0812
vn -0.8199 0.5627 0.1056
vn -0.8621 0.4939 0.1128
vn -0.5127 0.8585 0.0054
vn -0.5742 0.8186 -0.0123
vn -0.5501 0.8350 0.0161
vn -0.6530 0.7573 -0.0005
vn -0.6656 0.7461 0.0152
vn -0.7830 0.6188 0.0625
vn -0.4744 0.8803 -0.0074
vn -0.5698 0.8218 0.0025
vn -0.7235 0.6886 0.0487
vn -0.6915 0.7218 0.0280
vn -0.7494 0.6595 0.0590
vn -0.7477 0.6628 0.0415
vn -0.7722 0.6339 0.0428
vn -0.4370 0.8992 0.0228
vn -0.5820 0.8129 -0.0193
vn -0.5516 0.8338 0.0208
vn -0.6450 0.7642 0.0069
vn -0.7276 0.6845 0.0446
vn -0.7974 0.6004 0.0613
vn -0.4100 0.9092 0.0723
vn -0.4140 0.9071 0.0759
vn -0.5137 0.8551 0.0698
vn -0.5133 0.8581 0.0136
vn -0.6058 0.7921 0.0745
vn -0.5904 0.8070 0.0078
vn -0.6894 0.7203 0.0767
vn -0.6723 0.7387 0.0482
vn -0.7647 0.6443 0.0100
vn -0.3045 -0.4022 0.8634
vn 0.0558 -0.6763 0.7345
vn 0.0943 -0.9075 0.4092
vn 0.0309 -0.9979 0.0576
vn -0.5771 -0.1923 0.7937
vn -0.5293 -0.4883 0.6939
vn -0.2239 -0.8560 0.4660
vn -0.8141 -0.0509 0.5785
vn -0.5741 -0.7826 0.2407
vn -0.9605 0.0841 0.2653
vn -0.9827 -0.0487 0.1786
vn -0.9128 -0.2632 0.3124
vn -0.9737 -0.1926 0.1214
vn -0.8557 -0.4936 0.1557
vn 0.4971 -0.8410 0.2135
vn 0.5000 -0.8430 0.1986
vn 0.4851 -0.8474 0.2160
vn -0.0702 -0.9960 0.0560
vn 0.1394 -0.9547 0.2628
vn 0.2318 -0.9133 0.3348
vn -0.4944 -0.8645 0.0904
vn -0.3218 -0.9325 0.1642
vn -0.2543 -0.8623 0.4380
vn -0.0211 -0.8948 0.4459
vn -0.9055 0.4081 0.1159
vn -0.9795 0.1874 0.0742
vn -0.8118 -0.5755 0.0990
vn -0.6658 -0.7040 0.2470
vn -0.7242 -0.5810 0.3714
vn -0.9979 0.0320 0.0562
vn -0.9614 0.2337 0.1454
vn -0.9971 -0.0743 0.0181
vn -0.9834 -0.0084 0.1810
vn -0.9200 -0.3453 0.1853
vn -0.9790 0.0184 0.2029
vn -0.8100 -0.4868 0.3271
vn 0.5893 -0.7971 0.1318
vn 0.4325 -0.8547 0.2870
vn 0.6170 -0.7833 0.0761
vn 0.6551 -0.7539 -0.0504
vn 0.5019 -0.8648 0.0181
vn 0.1634 -0.9438 0.2873
vn 0.1391 -0.9561 0.2581
vn 0.2635 -0.9481 0.1778
vn 0.3263 -0.9407 0.0931
vn -0.2286 -0.9286 0.2923
vn -0.4488 -0.8433 0.2957
vn -0.8609 0.4951 0.1175
vn -0.9036 0.4021 0.1479
vn -0.9398 0.2690 0.2106
vn -0.9611 0.1194 0.2489
vn -0.9448 -0.0943 0.3139
vn -0.8469 -0.3860 0.3658
vn -0.8275 -0.4394 0.3496
vn -0.6450 -0.7154 0.2686
vn -0.9722 0.1511 0.1791
vn -0.9300 0.3153 0.1887
vn -0.9575 0.1330 0.2561
vn -0.9119 -0.2845 0.2958
vn -0.7727 -0.5447 0.3261
vn -0.6509 -0.7154 0.2542
vn -0.9617 0.1608 0.2220
vn -0.8584 -0.4585 0.2300
vn 0.7070 -0.7034 -0.0731
vn 0.6937 -0.7150 -0.0869
vn 0.6205 -0.7776 -0.1018
vn 0.4967 -0.8667 -0.0455
vn -0.8309 0.5522 0.0687
vn -0.7886 0.6117 0.0619
vn -0.8248 0.5589 0.0858
vn -0.8512 0.5193 0.0765
vn -0.8875 0.4384 0.1418
vn -0.9609 -0.1054 0.2562
vn -0.9658 -0.1645 0.2005
vn -0.8277 -0.5055 0.2437
vn -0.7359 -0.6749 0.0544
vn 0.7122 -0.6952 0.0974
vn 0.6036 -0.7958 -0.0482
vn 0.6103 -0.7907 0.0483
vn 0.6218 -0.7700 0.1429
vn 0.5866 -0.7963 0.1475
vn 0.4797 -0.8771 -0.0224
vn 0.4674 -0.8766 0.1148
vn -0.8304 0.5541 0.0580
vn -0.8318 0.5519 0.0592
vn -0.5972 -0.7954 -0.1038
vn -0.5901 -0.8053 -0.0571
vn -0.8330 0.5529 0.0208
vn -0.9198 0.3908 0.0342
vn -0.8158 -0.5589 -0.1484
vn -0.8157 -0.5616 -0.1387
vn -0.8675 -0.4940 -0.0592
vn -0.6391 -0.7666 -0.0623
vn 0.7681 -0.6383 -0.0503
vn 0.7418 -0.6531 -0.1522
vn 0.7384 -0.6688 -0.0871
vn 0.7358 -0.6772 -0.0060
vn 0.6340 -0.7733 0.0034
vn 0.6212 -0.7830 -0.0309
vn 0.5610 -0.8056 -0.1904
vn 0.5456 -0.8297 -0.1177
vn 0.3173 -0.9366 -0.1486
vn -0.0652 -0.9799 -0.1886
vn -0.6486 -0.7482 -0.1397
vn -0.3379 -0.9406 -0.0325
vn -0.6756 -0.7206 -0.1560
vn -0.6667 -0.7417 -0.0730
vn -0.6988 -0.7114 -0.0748
vn -0.6663 -0.7391 -0.0992
vn -0.9111 0.4072 0.0633
vn -0.9598 0.2656 0.0909
vn -0.9999 0.0170 -0.0019
vn -0.9573 -0.2771 -0.0821
vn -0.9267 -0.3743 0.0332
vn -0.9118 -0.3887 -0.1323
vn -0.8992 -0.4325 -0.0657
vn 0.7478 -0.6621 0.0494
vn 0.7356 -0.6650 0.1290
vn 0.6870 -0.7069 0.1682
vn 0.7266 -0.6801 0.0975
vn 0.5541 -0.8266 0.0988
vn 0.4971 -0.8566 0.1382
vn 0.4654 -0.8693 0.1668
vn 0.3322 -0.9426 0.0341
vn 0.3301 -0.9349 0.1306
vn -0.0968 -0.9941 0.0500
vn -0.4670 -0.8814 0.0705
vn -0.5418 -0.8383 0.0610
vn -0.6047 -0.7905 0.0970
vn -0.8888 0.4524 0.0727
vn -0.8651 0.4965 0.0709
vn -0.9562 -0.2816 0.0795
vn -0.8692 -0.4910 0.0588
vn -0.8470 -0.5247 0.0859
vn -0.9273 0.3719 0.0435
vn -0.9596 0.2526 0.1236
vn -0.9867 0.1484 0.0657
vn -0.9897 -0.0759 0.1215
vn -0.9985 -0.0440 0.0314
vn -0.9155 -0.4006 0.0381
vn -0.9243 0.3801 -0.0337
vn -0.9687 0.2482 0.0028
vn -0.9836 0.1652 -0.0718
vn -0.9670 -0.2336 -0.1017
vn -0.9946 0.0912 0.0499
vn -0.9536 0.2929 0.0700
vn -0.9494 0.3132 0.0221
vn -0.9931 0.1099 0.0411
vn -0.9863 0.1365 0.0920
vn -0.9895 -0.1194 0.0817
vn -0.9928 -0.1064 0.0549
vn -0.9612 -0.2657 0.0740
vn -0.0015 0.9997 0.0237
vn 0.0017 0.9995 0.0308
vn 0.0034 0.9997 -0.0228
vn 0.0107 0.9998 -0.0169
vn 0.0030 0.9997 -0.0230
vn -0.0014 1.0000 -0.0090
vn -0.0772 0.9374 -0.3396
vn 0.0296 0.9532 -0.3010
vn -0.0260 0.9021 -0.4306
vn 0.0137 0.9747 -0.2232
vn 0.0078 0.9688 -0.2477
vn 0.0164 0.9950 -0.0985
vn 0.0068 0.9998 -0.0174
vn -0.0063 0.8405 -0.5418
vn -0.0311 0.6919 -0.7214
vn 0.0104 0.7839 -0.6208
vn 0.0472 0.7222 -0.6901
vn 0.0694 0.8215 -0.5660
vn 0.0718 0.7679 -0.6366
vn 0.0009 -1.0000 -0.0029
vn -0.0007 -1.0000 0.0001
vn -0.0010 -1.0000 -0.0006
vn 0.0004 -1.0000 -0.0038
vn -0.0093 -0.9999 0.0138
vn -0.0083 -0.9978 0.0651
vn -0.0041 -1.0000 0.0002
vn -0.0123 -0.9859 0.1671
vn -0.0249 -0.8945 0.4463
vn -0.0217 -0.8210 0.5705
vn 0.0067 -0.7797 0.6261
vn -0.0016 -0.7499 0.6615
vn 0.0026 -0.9848 0.1738
vn 0.0078 -0.9535 0.3012
vn 0.0074 -0.8990 0.4379
vn 0.0049 -0.8188 0.5740
vn -0.0429 -0.9615 0.2714
vn -0.2054 -0.9050 -0.3725
vn -0.0164 0.6771 -0.7357
vn -0.0083 -0.8472 0.5312
vn -0.0163 -0.9142 0.4049
vn -0.0868 -0.8450 -0.5277
vn -0.0284 -0.9959 0.0856
vn -0.0252 -0.9469 -0.3204
vn 0.0172 0.6769 -0.7358
vn 0.0276 0.6106 -0.7914
vn 0.0070 -0.9708 0.2399
vn 0.0488 -0.8863 -0.4605
vn -0.0446 0.5895 -0.8065
vn -0.1731 -0.7986 -0.5765
vn -0.1689 -0.3544 -0.9197
vn -0.2114 -0.5804 -0.7864
vn -0.0584 0.3995 -0.9149
vn -0.0125 0.6055 -0.7958
vn -0.1114 0.0833 -0.9903
vn 0.0204 0.1353 -0.9906
vn 0.0044 -0.2998 -0.9540
vn 0.0478 -0.6749 -0.7363
vn 0.2118 -0.7046 -0.6772
vn 0.0002 1.0000 0.0003
vn 0.0001 1.0000 -0.0008
vn 0.0016 1.0000 0.0016
vn -0.0078 0.9988 0.0485
vn -0.0042 0.9998 0.0185
vn 0.0044 0.9999 0.0155
vn -0.0245 0.9990 -0.0377
vn -0.0232 0.9997 0.0071
vn 0.0021 0.9999 -0.0144
vn -0.0019 1.0000 -0.0087
vn 0.0036 1.0000 -0.0016
vn -0.0015 1.0000 -0.0034
vn 0.0264 0.9856 -0.1671
vn 0.0485 0.9451 -0.3232
vn -0.0194 0.9850 -0.1713
vn -0.0135 0.9963 -0.0850
vn -0.0137 0.9355 -0.3531
vn -0.0006 0.9058 -0.4236
vn -0.0065 0.6759 -0.7370
vn 0.0159 0.8511 -0.5247
vn 0.0101 0.7031 -0.7110
vn 0.0044 0.6652 -0.7466
vn -0.0003 -1.0000 0.0002
vn 0.0003 -1.0000 0.0001
vn 0.0016 -1.0000 -0.0023
vn 0.0009 -1.0000 0.0005
vn 0.0001 -1.0000 -0.0003
vn -0.0022 -1.0000 -0.0083
vn 0.0092 -0.9902 0.1392
vn 0.0166 -0.9668 0.2550
vn 0.0133 -0.7702 0.6377
vn -0.0243 -0.7731 0.6338
vn -0.0050 -0.9873 0.1587
vn -0.0254 -0.8238 0.5663
vn -0.0206 -0.9074 0.4197
vn 0.0114 -0.9651 0.2615
vn 0.0659 -0.9978 -0.0024
vn 0.1213 -0.8780 -0.4631
vn 0.0413 0.6689 -0.7422
vn -0.0264 -0.7854 0.6184
vn 0.0821 -0.9671 0.2406
vn 0.0275 -0.9351 0.3533
vn -0.0033 -0.8498 0.5271
vn 0.0185 -0.7654 0.6433
vn 0.0648 0.5308 -0.8450
vn 0.1363 0.0808 -0.9874
vn 0.1529 -0.2630 -0.9526
vn 0.1632 -0.7981 -0.5799
vn 0.0891 0.4504 -0.8883
vn 0.0310 0.6256 -0.7795
vn 0.1161 0.1366 -0.9838
vn 0.2485 -0.5099 -0.8236
vn 0.0409 0.5342 -0.8444
vn 0.0164 -0.3141 -0.9492
vn 0.0253 -0.7449 -0.6667
vn -0.0440 0.6541 -0.7552
vn -0.0571 0.5242 -0.8497
vn -0.0373 0.2743 -0.9609
vn -0.0284 0.0271 -0.9992
vn -0.0006 1.0000 0.0003
vn -0.0001 1.0000 0.0006
vn -0.0000 1.0000 0.0003
vn 0.0233 0.9992 0.0322
vn 0.0081 0.9987 0.0502
vn -0.0011 0.9998 0.0223
vn 0.0321 0.9990 -0.0323
vn 0.0140 0.9994 -0.0327
vn -0.0096 0.9999 -0.0120
vn -0.0000 1.0000 -0.0028
vn 0.0060 0.9994 -0.0330
vn 0.0100 0.9962 -0.0864
vn 0.0193 0.9850 -0.1715
vn 0.0237 0.9594 -0.2809
vn 0.0220 0.9232 -0.3837
vn 0.0085 0.9951 -0.0982
vn 0.0149 0.9804 -0.1963
vn -0.0017 0.9994 -0.0332
vn 0.0095 0.7658 -0.6430
vn 0.0136 0.8225 -0.5685
vn -0.0666 0.6713 -0.7382
vn -0.0399 0.6349 -0.7716
vn -0.0029 0.9011 -0.4336
vn -0.0008 -1.0000 -0.0016
vn -0.0002 -1.0000 -0.0001
vn -0.0015 -0.9999 -0.0171
vn -0.0013 -0.9998 0.0210
vn 0.0026 -0.9999 0.0099
vn -0.0004 -0.9964 0.0851
vn -0.0108 -0.9998 0.0163
vn 0.0208 -0.9025 0.4302
vn 0.0433 -0.7539 0.6555
vn 0.0099 -0.8976 0.4407
vn 0.0748 -0.7707 0.6328
vn -0.2408 -0.7439 -0.6234
vn -0.1195 0.5645 -0.8167
vn -0.0453 -0.3230 -0.9453
vn -0.0945 -0.6649 -0.7409
vn -0.1026 -0.0493 -0.9935
vn -0.1091 0.5139 -0.8509
vn -0.1676 0.3558 -0.9194
vn -0.2488 -0.4775 -0.8427
vn -0.1492 -0.7216 -0.6760
vn -0.2152 0.0395 -0.9758
vn -0.1757 -0.4768 -0.8612
vn -0.2522 -0.2986 -0.9205
vn -0.3035 -0.0431 -0.9519
vn -0.5626 -0.7112 -0.4216
vn -0.2107 0.4102 -0.8873
vn -0.3240 0.1785 -0.9291
vn -0.2404 -0.5132 -0.8239
vn -0.0002 1.0000 -0.0003
vn 0.0011 1.0000 0.0005
vn 0.0011 1.0000 -0.0001
vn -0.0079 1.0000 -0.0035
vn -0.0003 1.0000 0.0005
vn -0.0037 1.0000 0.0083
vn 0.0030 0.9998 0.0193
vn -0.0011 1.0000 0.0001
vn 0.0016 1.0000 0.0043
vn -0.0115 0.9997 0.0235
vn -0.0360 0.9993 -0.0028
vn 0.0140 0.9998 0.0156
vn 0.0025 1.0000 0.0037
vn -0.0442 0.9987 -0.0244
vn -0.0103 0.9991 -0.0401
vn -0.0263 0.9995 -0.0197
vn -0.0056 1.0000 -0.0083
vn -0.0056 0.9999 -0.0087
vn -0.0030 0.9998 -0.0186
vn -0.0040 1.0000 -0.0081
vn 0.0120 0.9999 0.0116
vn 0.0024 0.9998 -0.0178
vn -0.0204 0.9998 -0.0042
vn -0.0047 0.9820 -0.1891
vn -0.0077 0.9907 -0.1360
vn -0.0097 0.9980 -0.0619
vn -0.0058 0.6988 -0.7153
vn -0.0550 0.5351 -0.8430
vn -0.0167 0.6011 -0.7990
vn -0.0374 0.5152 -0.8563
vn -0.0149 0.7547 -0.6558
vn -0.0331 0.6532 -0.7564
vn -0.0064 0.8969 -0.4421
vn -0.0149 0.7998 -0.6001
vn -0.0040 -1.0000 0.0041
vn -0.0015 -1.0000 -0.0027
vn -0.0006 -1.0000 -0.0043
vn -0.0017 -1.0000 -0.0032
vn -0.0030 -0.9996 0.0293
vn 0.0060 -1.0000 -0.0007
vn -0.0015 -0.9931 0.1174
vn 0.0378 -0.7361 0.6758
vn 0.0030 -0.9814 0.1920
vn -0.0014 -0.9396 0.3421
vn 0.0095 -0.8967 0.4426
vn 0.0137 -0.8765 0.4813
vn 0.0245 -0.7913 0.6110
vn 0.0070 -0.6944 0.7196
vn -0.0072 -0.7319 0.6814
vn -0.4803 -0.6135 -0.6268
vn 0.0420 -0.6986 0.7143
vn 0.0347 -0.7472 0.6637
vn -0.2250 -0.4711 -0.8529
vn -0.2373 -0.8248 -0.5133
vn -0.2312 -0.7795 -0.5821
vn -0.1625 0.3290 -0.9302
vn 0.0083 -0.9009 0.4339
vn -0.0715 -0.9615 0.2654
vn -0.2543 -0.8295 -0.4972
vn -0.0849 0.4439 -0.8921
vn -0.2109 0.0412 -0.9766
vn -0.2158 -0.2739 -0.9372
vn -0.2940 -0.7008 -0.6500
vn -0.3048 -0.4089 -0.8602
vn -0.1192 -0.9441 -0.3074
vn -0.1852 -0.8270 -0.5308
vn -0.0539 -0.8943 0.4442
vn -0.2322 -0.4240 -0.8754
vn -0.1230 -0.9806 0.1527
vn -0.1065 0.3253 -0.9396
vn -0.1580 0.1598 -0.9744
vn -0.0629 -0.7842 0.6173
vn -0.3355 -0.8149 -0.4725
vn -0.1149 -0.9265 0.3584
vn -0.2052 -0.9343 -0.2916
vn -0.2523 0.2341 -0.9389
vn -0.2567 -0.2246 -0.9400
vn 0.0040 1.0000 -0.0055
vn 0.0024 1.0000 0.0046
vn 0.0031 1.0000 0.0019
vn -0.0051 0.9998 -0.0193
vn 0.0142 0.9999 -0.0012
vn -0.0047 0.9999 -0.0094
vn 0.0023 0.9998 -0.0212
vn -0.0249 0.9995 -0.0172
vn 0.0104 0.9994 -0.0318
vn -0.0128 0.9093 -0.4160
vn -0.0214 0.9997 -0.0142
vn -0.0171 0.9983 -0.0562
vn -0.0072 0.9907 -0.1357
vn -0.0126 0.9814 -0.1914
vn -0.0216 0.9516 -0.3067
vn 0.0244 0.9969 -0.0750
vn -0.0536 0.5336 -0.8440
vn -0.0968 0.4218 -0.9015
vn -0.0604 0.7947 -0.6040
vn -0.0611 0.7114 -0.7001
vn -0.1040 0.5897 -0.8009
vn -0.0654 0.8003 -0.5960
vn -0.0883 0.6671 -0.7397
vn -0.0005 -1.0000 0.0010
vn -0.0006 -1.0000 -0.0025
vn -0.0019 -1.0000 0.0002
vn -0.0011 -1.0000 0.0011
vn -0.0012 -1.0000 -0.0054
vn 0.0039 -1.0000 0.0039
vn -0.0026 -1.0000 -0.0011
vn -0.0150 -0.9999 0.0005
vn -0.0176 -0.9998 -0.0028
vn -0.0284 -0.9958 0.0869
vn 0.0109 -0.9998 -0.0157
vn -0.0485 -0.8726 0.4859
vn -0.0812 -0.7773 0.6238
vn -0.0897 -0.7907 0.6056
vn -0.1207 -0.7735 0.6222
vn -0.0470 -0.9731 0.2255
vn -0.0455 -0.9707 0.2358
vn -0.1650 -0.7511 0.6393
vn -0.0598 -0.9074 0.4160
vn -0.1000 -0.8424 0.5295
vn -0.1180 -0.8173 0.5640
vn -0.2193 -0.1653 -0.9615
vn -0.1503 -0.8347 0.5298
vn -0.1958 -0.9797 -0.0425
vn -0.1031 0.4095 -0.9064
vn -0.1866 0.0188 -0.9823
vn -0.2769 -0.9226 0.2686
vn -0.1800 0.2886 -0.9404
vn -0.2284 0.1817 -0.9565
vn -0.1965 -0.7687 0.6087
vn -0.1999 -0.7934 0.5750
vn -0.3674 -0.4868 -0.7925
vn -0.2684 -0.9237 0.2735
vn -0.3790 -0.8053 -0.4559
vn -0.3289 -0.0501 -0.9430
vn -0.3116 -0.8413 0.4417
vn -0.4706 -0.6221 -0.6258
vn -0.3838 -0.8943 -0.2302
vn -0.3092 0.0339 -0.9504
vn -0.5127 -0.6202 -0.5937
vn -0.2386 -0.9407 0.2412
vn -0.4253 -0.9041 -0.0411
vn -0.4775 -0.7748 -0.4144
vn -0.2387 -0.8320 0.5008
vn -0.2281 0.2476 -0.9416
vn -0.3265 -0.2154 -0.9203
vn -0.5053 -0.5851 -0.6343
vn -0.3892 -0.9211 0.0081
vn -0.4334 -0.8377 -0.3322
vn -0.7142 -0.6733 -0.1911
vn -0.1872 0.1944 -0.9629
vn -0.3394 -0.1709 -0.9250
vn -0.5406 -0.4917 -0.6826
vn -0.0045 1.0000 0.0033
vn -0.0025 1.0000 0.0024
vn 0.0010 1.0000 -0.0027
vn -0.0004 1.0000 0.0019
vn -0.0007 1.0000 -0.0003
vn -0.0011 0.9998 0.0173
vn -0.0185 0.9992 -0.0351
vn -0.0146 0.9998 -0.0131
vn -0.0036 0.9999 -0.0126
vn -0.0120 0.9999 0.0009
vn -0.0177 0.9998 0.0136
vn 0.0197 0.9994 -0.0273
vn -0.0119 0.9767 -0.2141
vn -0.0579 0.8835 -0.4649
vn -0.0928 0.4104 -0.9072
vn -0.1949 0.2240 -0.9549
vn -0.0692 0.7807 -0.6211
vn -0.0727 0.7769 -0.6255
vn -0.0816 0.5664 -0.8201
vn -0.1221 0.4587 -0.8802
vn -0.1084 0.2283 -0.9675
vn -0.0901 0.6505 -0.7541
vn -0.1631 0.1701 -0.9718
vn -0.1181 0.6494 -0.7512
vn -0.4288 -0.0361 -0.9027
vn -0.1850 0.5391 -0.8217
vn -0.3450 0.3133 -0.8848
vn -0.5075 -0.0270 -0.8612
vn 0.0009 -1.0000 0.0001
vn -0.0009 -1.0000 0.0012
vn -0.0012 -1.0000 0.0005
vn 0.0016 -1.0000 -0.0000
vn -0.0042 -0.9999 -0.0112
vn -0.0150 -0.9999 -0.0012
vn 0.0074 -0.9998 -0.0166
vn -0.0155 -0.9999 0.0012
vn 0.0002 -0.9997 0.0255
vn -0.1315 -0.8822 0.4521
vn -0.0092 -0.9214 0.3886
vn 0.0103 -0.9713 0.2374
vn -0.0055 -0.9295 0.3687
vn -0.1630 -0.9485 0.2717
vn -0.0286 -0.9188 0.3937
vn 0.0020 -0.9891 0.1470
vn 0.0261 -0.9632 0.2676
vn -0.1262 -0.9406 0.3152
vn -0.2196 -0.9528 0.2096
vn -0.0813 -0.9387 0.3349
vn -0.3165 -0.9461 0.0684
vn -0.0428 -0.9767 0.2103
vn -0.2318 -0.9643 0.1279
vn -0.3504 -0.9268 0.1354
vn -0.1481 -0.9719 0.1828
vn -0.3369 -0.5061 -0.7940
vn -0.3169 -0.9224 -0.2210
vn -0.4595 -0.8881 0.0087
vn -0.2381 -0.3956 -0.8870
vn -0.2008 -0.9641 0.1739
vn -0.0365 -0.9954 -0.0881
vn -0.2199 -0.1128 -0.9690
vn -0.3729 -0.6363 -0.6753
vn -0.2541 -0.9672 0.0045
vn -0.4077 -0.2596 -0.8754
vn -0.3967 -0.5204 -0.7562
vn -0.4006 -0.8415 -0.3624
vn -0.5010 -0.6842 -0.5300
vn -0.6049 -0.5158 -0.6067
vn -0.5834 -0.4216 -0.6942
vn -0.5724 -0.7205 -0.3913
vn -0.6291 -0.5541 -0.5451
vn -0.0009 1.0000 -0.0000
vn 0.0153 0.9999 0.0069
vn 0.0297 0.9996 -0.0026
vn 0.0216 0.9998 -0.0042
vn -0.0082 0.9999 0.0126
vn -0.0185 0.9998 -0.0106
vn -0.0137 0.9999 -0.0066
vn 0.0010 1.0000 0.0004
vn 0.0010 1.0000 0.0001
vn -0.0066 1.0000 -0.0050
vn 0.0034 1.0000 -0.0036
vn -0.1033 0.8478 -0.5202
vn -0.1137 0.7584 -0.6418
vn -0.1929 0.6159 -0.7639
vn -0.2428 0.5881 -0.7715
vn -0.3536 0.1871 -0.9165
vn -0.5228 -0.5528 -0.6489
vn -0.0407 0.9890 -0.1422
vn -0.1451 0.8380 -0.5260
vn -0.2351 0.5836 -0.7772
vn -0.4302 -0.2690 -0.8617
vn -0.2245 -0.8960 -0.3831
vn -0.3278 -0.7347 -0.5940
vn -0.0725 0.9656 -0.2498
vn -0.1563 0.8425 -0.5155
vn -0.2612 0.5702 -0.7789
vn -0.5109 -0.5442 -0.6654
vn -0.3953 -0.2320 -0.8887
vn -0.2325 -0.9113 -0.3398
vn -0.4650 -0.1895 -0.8648
vn -0.3704 -0.3922 -0.8420
vn -0.1320 -0.9629 -0.2355
vn -0.0443 0.9952 -0.0875
vn -0.3823 0.4649 -0.7986
vn -0.5101 -0.6156 -0.6006
vn -0.2955 -0.8046 -0.5150
vn -0.3069 -0.7163 -0.6267
vn -0.1103 0.9599 -0.2577
vn -0.2120 0.8348 -0.5082
vn -0.2941 0.4903 -0.8204
vn -0.2966 -0.4999 -0.8137
vn -0.0948 -0.9770 -0.1912
vn -0.2423 0.5865 -0.7729
vn -0.3543 0.3298 -0.8750
vn -0.6168 -0.5661 -0.5469
vn -0.4350 0.1249 -0.8917
vn -0.0020 -1.0000 0.0045
vn 0.0064 -1.0000 0.0006
vn -0.0020 -1.0000 0.0022
vn 0.0018 -1.0000 0.0011
vn -0.0051 -1.0000 -0.0028
vn 0.0003 -1.0000 -0.0026
vn 0.0241 -0.9996 -0.0128
vn 0.0003 -1.0000 -0.0076
vn -0.0181 -0.9998 0.0043
vn -0.0056 -1.0000 -0.0006
vn 0.0067 -0.9998 0.0208
vn -0.0134 -0.9999 0.0048
vn 0.0047 -1.0000 0.0033
vn -0.0323 -0.9984 -0.0473
vn -0.0648 -0.9968 0.0477
vn -0.1865 -0.9804 -0.0629
vn -0.3140 -0.9329 -0.1763
vn -0.4510 -0.8651 -0.2195
vn -0.6392 -0.7623 -0.1011
vn -0.0791 -0.9960 -0.0404
vn -0.0723 -0.9952 -0.0660
vn -0.1975 -0.9784 -0.0608
vn 0.0007 1.0000 -0.0013
vn 0.0023 1.0000 0.0031
vn 0.0147 0.9997 0.0174
vn 0.0281 0.9996 -0.0080
vn 0.0123 0.9993 -0.0341
vn -0.0000 0.9997 -0.0233
vn -0.0006 1.0000 -0.0060
vn 0.0029 1.0000 -0.0018
vn -0.0017 0.9999 -0.0165
vn -0.0030 1.0000 0.0002
vn -0.0030 1.0000 -0.0002
vn -0.0381 0.9979 -0.0527
vn -0.0353 0.9986 -0.0389
vn -0.0682 0.9948 -0.0761
vn -0.0263 -0.9960 -0.0859
vn -0.0111 0.9991 -0.0417
vn -0.1405 -0.9671 -0.2120
vn -0.1393 -0.9601 -0.2425
vn -0.3681 -0.1408 -0.9191
vn -0.3759 -0.6222 -0.6867
vn -0.2661 -0.7255 -0.6347
vn -0.2169 0.8483 -0.4830
vn -0.3768 -0.2017 -0.9041
vn -0.0935 -0.9761 -0.1962
vn -0.3032 0.5972 -0.7426
vn -0.3501 0.3350 -0.8747
vn -0.2774 -0.5118 -0.8131
vn -0.2395 -0.7776 -0.5813
vn -0.4182 0.3769 -0.8265
vn -0.5505 -0.6560 -0.5164
vn -0.1496 -0.9302 -0.3353
vn -0.2212 0.8609 -0.4582
vn -0.2939 0.7015 -0.6492
vn -0.2826 0.4836 -0.8284
vn -0.3894 -0.0164 -0.9209
vn -0.3137 -0.5455 -0.7772
vn -0.3383 0.5990 -0.7257
vn -0.2954 -0.7808 -0.5505
vn -0.3517 0.7145 -0.6048
vn -0.3580 0.4462 -0.8202
vn -0.6325 0.2625 -0.7287
vn -0.4646 -0.1249 -0.8767
vn -0.4102 -0.4765 -0.7776
vn -0.4512 -0.5066 -0.7347
vn 0.0006 -1.0000 -0.0023
vn -0.0015 -1.0000 -0.0003
vn -0.0016 -1.0000 -0.0001
vn 0.0016 -1.0000 -0.0075
vn -0.0065 -0.9998 -0.0165
vn -0.0058 -1.0000 -0.0056
vn -0.0072 -1.0000 -0.0021
vn -0.0105 -0.9993 -0.0349
vn -0.0014 1.0000 -0.0014
vn 0.0149 0.9999 -0.0016
vn 0.0053 1.0000 -0.0008
vn -0.0431 0.9990 0.0084
vn -0.0155 0.9999 0.0022
vn -0.0378 0.9992 -0.0133
vn -0.0397 0.9990 -0.0202
vn -0.0249 0.9996 -0.0091
vn -0.0024 1.0000 -0.0035
vn -0.0046 1.0000 -0.0053
vn -0.0048 1.0000 -0.0070
vn -0.0067 0.9998 -0.0185
vn -0.0084 1.0000 0.0048
vn -0.0074 1.0000 0.0052
vn -0.0116 0.9999 -0.0126
vn -0.0398 0.9973 -0.0617
vn -0.0694 -0.9929 -0.0970
vn -0.0699 -0.9928 -0.0973
vn -0.1284 0.9758 -0.1770
vn -0.2174 0.9190 -0.3290
vn -0.2893 0.8633 -0.4135
vn -0.3518 -0.7820 -0.5144
vn -0.0439 -0.9919 -0.1196
vn -0.0456 0.9930 -0.1086
vn -0.4429 0.6332 -0.6347
vn -0.3714 -0.7689 -0.5205
vn -0.1184 -0.9664 -0.2283
vn -0.1248 0.9667 -0.2234
vn -0.4841 -0.6091 -0.6282
vn -0.5015 -0.4397 -0.7451
vn -0.0435 -0.9930 -0.1095
vn -0.1076 0.9719 -0.2095
vn -0.3753 0.6698 -0.6407
vn -0.5264 0.2405 -0.8155
vn -0.5699 -0.1604 -0.8059
vn -0.4218 -0.5552 -0.7168
vn -0.3097 -0.7666 -0.5625
vn -0.1532 -0.9385 -0.3094
vn -0.1601 -0.9413 -0.2973
vn -0.2417 0.8665 -0.4368
vn -0.3753 0.6721 -0.6383
vn -0.3925 0.4977 -0.7735
vn -0.5000 -0.1838 -0.8463
vn -0.4543 -0.5273 -0.7181
vn -0.0656 -0.9869 -0.1476
vn -0.3133 -0.7516 -0.5805
vn -0.1548 -0.9288 -0.3366
vn -0.2446 0.8665 -0.4352
vn -0.3797 0.6335 -0.6742
vn -0.4995 0.2801 -0.8198
vn -0.4972 -0.1143 -0.8601
vn -0.4438 -0.4692 -0.7635
vn -0.2458 0.8682 -0.4310
vn -0.4619 0.3922 -0.7955
vn -0.4355 -0.4631 -0.7719
vn -0.3353 -0.7524 -0.5669
vn -0.1354 -0.9336 -0.3317
vn -0.4310 0.6231 -0.6527
vn -0.5569 0.3512 -0.7527
vn -0.5591 -0.0749 -0.8257
vn -0.5018 0.3518 -0.7902
vn -0.5087 -0.4711 -0.7207
vn -0.5533 -0.0751 -0.8296
vn -0.0018 -1.0000 0.0001
vn 0.0018 -1.0000 -0.0019
vn -0.0020 -1.0000 -0.0001
vn -0.0053 -1.0000 -0.0030
vn -0.0029 -1.0000 0.0020
vn -0.0028 -1.0000 -0.0034
vn 0.0007 -1.0000 0.0004
vn -0.0076 -1.0000 0.0004
vn -0.0044 -1.0000 -0.0049
vn -0.0038 -1.0000 -0.0075
vn -0.0120 -0.9999 0.0015
vn -0.0100 -1.0000 0.0007
vn 0.0144 -0.9999 -0.0096
vn -0.0007 1.0000 -0.0016
vn 0.0135 0.9999 0.0071
vn -0.0154 0.9998 0.0107
vn 0.0271 0.9996 -0.0047
vn 0.0124 0.9999 -0.0091
vn -0.0268 0.9995 -0.0181
vn 0.0100 0.9999 -0.0043
vn 0.0002 1.0000 -0.0092
vn -0.0017 0.9998 -0.0182
vn -0.0069 1.0000 -0.0031
vn -0.0209 0.9998 -0.0037
vn 0.0022 1.0000 -0.0042
vn -0.0123 0.9994 -0.0311
vn -0.0150 0.9996 -0.0230
vn -0.1545 0.9666 -0.2044
vn -0.0786 -0.9919 -0.1002
vn -0.1620 0.9655 -0.2041
vn -0.1602 -0.9525 -0.2591
vn -0.1600 0.9636 -0.2143
vn -0.0916 -0.9911 -0.0968
vn -0.0861 -0.9824 -0.1656
vn -0.3992 -0.7498 -0.5276
vn -0.3346 0.8492 -0.4086
vn -0.4920 -0.7028 -0.5138
vn -0.5299 -0.5018 -0.6837
vn 0.0743 -0.9813 -0.1777
vn -0.1572 -0.9440 -0.2900
vn -0.1542 0.9757 -0.1556
vn -0.2185 0.9426 -0.2526
vn -0.5149 0.6044 -0.6079
vn -0.4908 0.6287 -0.6032
vn -0.6179 0.2882 -0.7316
vn -0.6308 -0.1602 -0.7592
vn -0.3006 0.8430 -0.4462
vn -0.5135 -0.1400 -0.8466
vn -0.3422 -0.7493 -0.5670
vn -0.2989 0.8431 -0.4470
vn -0.4117 0.4327 -0.8021
vn -0.5759 0.4010 -0.7125
vn -0.4844 -0.4532 -0.7483
vn -0.5329 -0.0890 -0.8415
vn -0.4696 -0.5125 -0.7189
vn -0.3108 0.8475 -0.4302
vn -0.4498 0.6124 -0.6501
vn -0.6004 0.2354 -0.7643
vn -0.5801 -0.1560 -0.7995
vn -0.4638 0.6239 -0.6289
vn -0.4646 0.6235 -0.6289
vn -0.5589 0.3180 -0.7659
vn -0.5787 -0.1548 -0.8007
vn -0.5335 -0.4306 -0.7280
vn -0.4003 -0.7516 -0.5243
vn -0.5522 0.3943 -0.7346
vn -0.5356 -0.5068 -0.6754
vn -0.5392 -0.4552 -0.7085
vn -0.6086 -0.1127 -0.7854
vn -0.0142 -0.9997 -0.0204
vn 0.0156 -0.9998 -0.0124
vn -0.0160 -0.9999 0.0057
vn -0.0078 -0.9999 -0.0088
vn -0.0155 -0.9999 0.0067
vn 0.0014 -1.0000 -0.0012
vn 0.0016 -1.0000 0.0088
vn -0.0035 -1.0000 -0.0067
vn -0.0090 -0.9999 -0.0110
vn -0.0242 -0.9997 -0.0092
vn 0.0029 -1.0000 -0.0059
vn -0.0280 -0.9980 -0.0572
vn -0.0081 -0.9996 -0.0273
vn -0.0211 -0.9991 -0.0373
vn -0.0001 1.0000 0.0010
vn -0.0065 1.0000 0.0073
vn -0.0224 0.9997 -0.0053
vn -0.0267 0.9996 -0.0058
vn -0.0481 0.9988 0.0018
vn -0.0302 0.9995 -0.0017
vn -0.0294 0.9995 -0.0118
vn -0.0277 0.9996 0.0052
vn -0.0102 0.9999 0.0002
vn -0.0302 0.9992 0.0248
vn -0.0025 1.0000 -0.0054
vn 0.0022 0.9998 -0.0180
vn 0.0039 0.9999 -0.0132
vn -0.0121 0.9997 -0.0235
vn -0.0108 0.9997 -0.0208
vn -0.0195 0.9997 0.0131
vn -0.0413 0.9969 -0.0677
vn -0.0803 -0.9919 -0.0983
vn -0.0461 0.9989 -0.0026
vn -0.1534 -0.9788 -0.1358
vn -0.2241 0.9576 -0.1811
vn -0.3835 0.8493 -0.3627
vn -0.0773 -0.9969 -0.0147
vn -0.2869 -0.9211 -0.2631
vn -0.1132 0.9921 -0.0539
vn -0.4126 0.8518 -0.3227
vn -0.5806 0.6118 -0.5371
vn -0.6089 0.5968 -0.5226
vn -0.5101 -0.7390 -0.4402
vn -0.4961 -0.7490 -0.4392
vn -0.1801 -0.9809 -0.0736
vn -0.2032 0.9713 -0.1235
vn -0.5989 0.6491 -0.4690
vn -0.7786 0.2741 -0.5645
vn -0.7240 0.2497 -0.6430
vn -0.6431 -0.5414 -0.5416
vn -0.1271 -0.9869 -0.0998
vn -0.3203 0.8689 -0.3775
vn -0.5042 0.6238 -0.5972
vn -0.6290 0.3105 -0.7126
vn -0.6449 -0.1679 -0.7456
vn -0.5757 -0.4697 -0.6693
vn -0.2505 -0.9241 -0.2884
vn -0.4149 -0.7715 -0.4822
vn -0.1486 -0.9629 -0.2251
vn -0.1087 -0.9301 -0.3510
vn -0.3231 0.8684 -0.3761
vn -0.5086 0.6354 -0.5811
vn -0.5042 0.6386 -0.5814
vn -0.6247 0.3486 -0.6988
vn -0.4320 -0.7602 -0.4852
vn -0.1417 0.9738 -0.1776
vn -0.5216 0.6433 -0.5605
vn -0.4333 0.7157 -0.5477
vn -0.5927 0.3703 -0.7152
vn -0.6657 -0.1561 -0.7297
vn -0.5911 -0.4865 -0.6433
vn -0.4380 -0.7600 -0.4801
vn -0.1984 -0.9396 -0.2788
vn -0.3512 0.8536 -0.3847
vn -0.4509 0.7261 -0.5191
vn -0.6245 0.3695 -0.6881
vn -0.5960 -0.4866 -0.6387
vn -0.5966 -0.4945 -0.6321
vn -0.6312 0.3713 -0.6810
vn -0.6013 -0.4866 -0.6338
vn -0.4586 -0.7351 -0.4993
vn -0.4583 -0.7447 -0.4852
vn -0.6007 -0.4845 -0.6359
vn -0.4918 -0.7299 -0.4747
vn -0.6729 0.3104 -0.6714
vn -0.7059 0.2479 -0.6635
vn -0.6576 -0.1476 -0.7387
vn -0.6092 -0.5485 -0.5727
vn -0.7034 -0.2740 -0.6558
vn 0.0019 -1.0000 0.0006
vn -0.0104 -0.9999 0.0005
vn -0.0143 -0.9999 -0.0026
vn -0.0144 -0.9999 -0.0046
vn 0.0054 -1.0000 -0.0071
vn 0.0022 -1.0000 0.0040
vn 0.0004 -0.9998 -0.0190
vn -0.0018 -1.0000 -0.0021
vn -0.0064 -0.9999 0.0083
vn -0.0139 -0.9997 -0.0208
vn -0.0135 -0.9994 -0.0306
vn -0.0093 -0.9999 0.0105
vn -0.0021 -1.0000 -0.0089
vn -0.0150 -0.9997 -0.0197
vn -0.0282 -0.9996 0.0037
vn 0.0021 -0.9996 -0.0295
vn -0.0563 -0.9982 -0.0226
vn -0.0106 0.9999 0.0020
vn -0.0305 0.9995 -0.0053
vn -0.0255 0.9996 -0.0096
vn -0.0040 1.0000 -0.0019
vn -0.0459 0.9987 -0.0206
vn -0.0309 -0.9993 -0.0187
vn 0.0080 0.9997 -0.0249
vn -0.0556 0.9985 0.0012
vn -0.0570 -0.9980 0.0277
vn 0.0203 0.9998 -0.0033
vn -0.0154 -0.9998 0.0097
vn -0.0130 -0.9999 0.0074
vn -0.0414 0.9990 0.0178
vn -0.0237 0.9997 -0.0094
vn -0.1236 0.9921 0.0202
vn -0.0469 -0.9988 0.0148
vn -0.0129 0.9994 -0.0319
vn 0.0011 0.9993 -0.0380
vn -0.0054 0.9999 0.0094
vn 0.0180 -0.9998 -0.0128
vn 0.0098 0.9998 -0.0186
vn -0.0288 -0.9991 0.0325
vn 0.0404 -0.9992 0.0066
vn -0.0115 0.9999 0.0075
vn -0.0366 0.9992 0.0129
vn -0.0054 1.0000 -0.0052
vn -0.0584 -0.9925 -0.1069
vn -0.0968 0.9930 -0.0676
vn -0.1906 0.9710 -0.1443
vn -0.0475 -0.9865 -0.1567
vn -0.1053 0.9895 -0.0989
vn -0.0882 0.9917 -0.0934
vn -0.1637 0.9767 -0.1386
vn -0.1582 -0.9740 -0.1621
vn -0.0310 0.9994 -0.0170
vn -0.2058 0.9643 -0.1664
vn -0.1173 -0.9883 -0.0971
vn -0.1875 -0.9734 -0.1317
vn -0.1997 -0.9535 -0.2256
vn -0.2833 -0.9284 -0.2406
vn -0.1031 0.9924 -0.0671
vn -0.4101 0.8515 -0.3268
vn -0.5181 -0.7503 -0.4107
vn -0.5028 -0.7590 -0.4137
vn -0.2064 0.9698 -0.1298
vn -0.4416 0.8421 -0.3097
vn -0.6543 0.5941 -0.4680
vn -0.7760 0.2674 -0.5712
vn -0.7626 0.2921 -0.5772
vn -0.6622 -0.5393 -0.5203
vn -0.5251 -0.7646 -0.3736
vn -0.1240 -0.9879 -0.0930
vn -0.3168 -0.9250 -0.2100
vn -0.4426 0.8512 -0.2821
vn -0.6481 0.6186 -0.4441
vn -0.7909 0.2839 -0.5420
vn -0.8467 -0.1807 -0.5005
vn -0.6925 -0.5116 -0.5086
vn -0.5578 -0.7464 -0.3630
vn -0.5267 -0.7681 -0.3641
vn -0.2709 -0.9385 -0.2139
vn -0.3897 0.8731 -0.2931
vn -0.7363 0.4791 -0.4778
vn -0.7396 -0.0763 -0.6687
vn -0.8240 -0.1486 -0.5468
vn -0.6985 -0.6305 -0.3386
vn -0.5394 -0.7159 -0.4434
vn -0.5636 -0.7443 -0.3582
vn -0.4341 0.8608 -0.2658
vn -0.4405 0.8471 -0.2973
vn -0.6418 0.6125 -0.4614
vn -0.7182 0.3801 -0.5829
vn -0.9814 -0.0934 0.1675
vn -0.8256 -0.1864 -0.5325
vn -0.5390 -0.7566 -0.3703
vn -0.2975 -0.9333 -0.2011
vn -0.3495 0.8931 -0.2832
vn -0.6444 0.6197 -0.4481
vn -0.7144 0.5482 -0.4349
vn -0.8143 -0.1703 -0.5549
vn -0.7228 -0.4645 -0.5117
vn -0.7239 -0.4562 -0.5176
vn -0.2537 -0.9352 -0.2470
vn -0.6232 0.6866 -0.3745
vn -0.8143 0.3194 -0.4847
vn -0.8131 -0.0547 -0.5795
vn -0.6146 0.6338 -0.4696
vn -0.7238 0.3497 -0.5948
vn -0.7948 -0.1568 -0.5862
vn -0.4815 -0.7413 -0.4676
vn -0.6243 0.6029 -0.4967
vn -0.7280 0.2632 -0.6330
vn -0.7726 -0.1604 -0.6143
vn -0.7023 -0.5454 -0.4575
vn -0.7313 -0.0940 -0.6755
vn -0.0331 -0.9994 -0.0065
vn -0.0341 -0.9993 -0.0145
vn 0.0091 -0.9999 -0.0071
vn -0.0241 -0.9996 0.0140
vn -0.0047 -0.9994 -0.0340
vn 0.1648 -0.9786 0.1233
vn -0.0049 -1.0000 0.0074
vn 0.0274 -0.9996 0.0049
vn 0.0314 -0.9994 0.0153
vn 0.0905 -0.9954 0.0319
vn 0.1068 -0.9903 0.0887
vn 0.2032 -0.9783 -0.0397
vn 0.1538 -0.9729 0.1725
vn 0.3081 -0.9495 0.0598
vn 0.0052 -0.9996 -0.0287
vn 0.0130 -0.9989 -0.0440
vn -0.0072 -0.9995 -0.0298
vn 0.1164 -0.9893 -0.0880
vn 0.1484 -0.9721 -0.1815
vn -0.0411 -0.9832 -0.1776
vn -0.0196 -0.9997 -0.0120
vn -0.0622 -0.9975 -0.0344
vn 0.0202 0.9998 0.0059
vn 0.0097 0.9997 0.0233
vn 0.0126 0.9998 -0.0138
vn 0.0326 0.9995 -0.0008
vn 0.0461 -0.9988 -0.0152
vn 0.0267 -0.9990 -0.0372
vn 0.0226 0.9996 -0.0169
vn 0.0191 0.9998 -0.0032
vn 0.0072 0.9998 -0.0189
vn -0.0709 0.9974 0.0110
vn -0.0090 0.9985 -0.0538
vn -0.0292 -0.9990 -0.0325
vn -0.0489 -0.9971 0.0582
vn -0.0608 0.9962 0.0629
vn -0.0038 -0.9992 -0.0408
vn -0.0250 0.9993 -0.0284
vn 0.0006 -0.9988 -0.0492
vn 0.0940 -0.9935 -0.0644
vn 0.1070 -0.9898 0.0945
vn 0.1630 -0.9860 -0.0359
vn -0.0429 0.9986 0.0316
vn -0.0435 0.9983 0.0387
vn 0.0569 -0.9946 0.0866
vn -0.0696 0.9975 -0.0133
vn -0.0534 0.9986 0.0028
vn -0.0022 1.0000 -0.0033
vn -0.0161 0.9995 -0.0288
vn -0.0313 0.9993 -0.0195
vn -0.1715 0.9794 -0.1065
vn -0.1599 0.9826 -0.0941
vn -0.2720 0.9509 -0.1478
vn -0.4147 0.8833 -0.2185
vn -0.1418 0.9894 -0.0329
vn -0.1800 0.9821 -0.0547
vn -0.3741 0.9225 -0.0951
vn -0.2917 0.9507 -0.1053
vn -0.1723 0.9822 -0.0745
vn -0.4567 0.8753 -0.1590
vn -0.4523 0.8857 -0.1049
vn -0.3716 0.9097 -0.1851
vn -0.6224 0.7697 -0.1422
vn -0.6081 0.7584 -0.2345
vn -0.7629 0.6182 -0.1890
vn -0.5150 0.8021 -0.3024
vn -0.6770 0.6569 -0.3319
vn -0.8015 0.5325 -0.2721
vn -0.8081 0.4161 -0.4170
vn -0.1338 0.9910 -0.0023
vn -0.2745 -0.9243 -0.2651
vn -0.2082 0.9779 -0.0189
vn -0.4129 0.8611 -0.2966
vn -0.1442 -0.9332 -0.3291
vn -0.4190 0.9077 -0.0220
vn -0.4368 0.8799 -0.1872
vn -0.4463 0.8592 -0.2501
vn -0.6290 0.6315 -0.4533
vn -0.6486 0.6196 -0.4421
vn -0.5361 -0.6987 -0.4737
vn -0.5416 -0.7186 -0.4361
vn -0.2209 -0.8722 -0.4364
vn -0.4504 0.8928 -0.0000
vn -0.5075 0.8503 -0.1392
vn -0.6494 0.6440 -0.4044
vn -0.7889 0.3155 -0.5273
vn -0.8134 -0.0283 -0.5810
vn -0.6950 -0.4914 -0.5249
vn -0.5816 -0.6787 -0.4484
vn -0.7241 0.6761 -0.1359
vn -0.8142 0.4990 -0.2968
vn -0.8682 0.3453 -0.3565
vn -0.8253 -0.0952 -0.5566
vn -0.7564 -0.4459 -0.4785
vn -0.3974 -0.7842 -0.4765
vn -0.8944 0.3965 -0.2069
vn -0.9230 0.2355 -0.3043
vn -0.8772 -0.2795 -0.3903
vn -0.7515 -0.4366 -0.4946
vn -0.5827 -0.5219 -0.6230
vn -0.8413 0.4332 -0.3234
vn -0.8654 0.4791 -0.1468
vn -0.9326 0.0488 -0.3576
vn -0.7211 -0.2557 -0.6439
vn -0.7227 -0.2038 -0.6605
vn -0.8012 0.0786 -0.5932
vn -0.6406 0.6571 -0.3973
vn -0.6744 0.5627 -0.4781
vn -0.7296 0.3632 -0.5795
vn -0.8259 -0.0427 -0.5621
vn -0.7211 -0.5448 -0.4280
vn -0.6567 -0.5315 -0.5350
vn -0.5160 -0.7624 -0.3905
vn -0.6942 0.5432 -0.4723
vn -0.8102 -0.1634 -0.5629
vn -0.6761 -0.5662 -0.4716
vn -0.6847 -0.5085 -0.5222
vn -0.5339 -0.7211 -0.4416
vn -0.4974 -0.7477 -0.4400
vn -0.7696 0.3276 -0.5482
vn -0.7032 -0.0774 -0.7068
vn -0.7617 -0.0508 -0.6460
vn -0.6576 -0.5545 -0.5100
vn -0.0179 -0.9991 -0.0372
vn 0.0163 -0.9995 -0.0270
vn 0.0257 -0.9993 -0.0281
vn 0.1133 -0.9933 -0.0237
vn 0.0067 -0.9998 0.0201
vn 0.0800 -0.9964 0.0267
vn 0.0654 -0.9978 0.0054
vn 0.0244 -0.9997 -0.0059
vn 0.0898 -0.9958 -0.0163
vn 0.1436 -0.9895 -0.0139
vn 0.0622 -0.9966 -0.0532
vn -0.0031 -1.0000 0.0063
vn 0.1176 -0.9846 0.1295
vn 0.1206 -0.9862 0.1130
vn 0.2478 -0.9519 0.1800
vn 0.2858 -0.9380 0.1961
vn 0.2777 -0.9443 0.1763
vn 0.0960 -0.9945 0.0426
vn 0.2455 -0.9583 0.1466
vn 0.0830 -0.9956 0.0433
vn 0.2248 -0.9517 0.2093
vn 0.2470 -0.9520 0.1806
vn 0.3076 -0.9342 0.1806
vn 0.4416 -0.8573 0.2646
vn 0.2944 -0.9393 0.1763
vn 0.5505 -0.7602 0.3450
vn 0.5502 -0.7613 0.3432
vn 0.3941 -0.8830 0.2549
vn 0.6303 -0.6855 0.3645
vn 0.5332 -0.7769 0.3348
vn 0.4344 -0.8967 -0.0852
vn 0.4423 -0.8723 0.2086
vn 0.4622 -0.8868 0.0011
vn 0.4523 -0.8728 -0.1835
vn 0.4659 -0.8303 -0.3057
vn 0.6238 -0.7720 0.1219
vn 0.6237 -0.7805 -0.0436
vn 0.6219 -0.7507 -0.2227
vn 0.5658 -0.7689 0.2976
vn 0.5454 -0.6256 -0.5579
vn 0.7300 -0.6834 -0.0042
vn 0.6948 -0.6791 -0.2368
vn 0.6722 -0.6664 0.3226
vn 0.7055 -0.5702 -0.4209
vn 0.7187 -0.6685 0.1912
vn 0.7086 -0.5901 -0.3869
vn 0.7496 -0.6617 0.0116
vn 0.7497 -0.6501 -0.1237
vn 0.6530 -0.6615 0.3688
vn 0.6118 -0.4662 -0.6390
vn 0.6461 -0.7213 0.2496
vn 0.6407 -0.6769 -0.3624
vn 0.4109 -0.5949 -0.6909
vn 0.5978 -0.7184 0.3557
vn 0.4655 -0.6452 -0.6058
vn 0.5027 -0.8643 -0.0155
vn 0.3771 -0.8586 -0.3471
vn 0.1751 -0.9138 -0.3665
vn 0.0247 -0.9559 -0.2926
vn 0.1269 -0.8539 -0.5047
vn 0.1205 -0.7850 -0.6077
vn 0.4319 -0.7078 -0.5589
vn -0.3884 -0.5731 -0.7216
vn -0.1480 -0.5978 -0.7879
vn -0.5352 -0.3404 -0.7731
vn -0.3433 -0.3897 -0.8545
vn 0.3451 -0.4239 -0.8374
vn 0.0648 -0.2075 -0.9761
vn -0.6643 -0.0687 -0.7443
vn -0.1534 -0.0238 -0.9879
vn 0.1517 -0.4774 -0.8655
vn 0.3488 -0.3864 -0.8538
vn -0.0055 0.9999 -0.0135
vn -0.0529 0.9986 -0.0067
vn -0.1363 0.9907 -0.0044
vn -0.2205 0.9753 -0.0103
vn -0.3383 0.9411 -0.0003
vn -0.0169 0.9997 0.0195
vn -0.0907 0.9955 0.0261
vn -0.1194 0.9928 0.0032
vn -0.1949 0.9803 0.0303
vn -0.2365 0.9714 0.0224
vn -0.2305 0.9731 0.0004
vn -0.3616 0.9320 0.0256
vn -0.0172 0.9998 -0.0022
vn -0.1876 0.9822 0.0133
vn -0.3087 0.9511 0.0126
vn -0.3752 0.9269 -0.0078
vn -0.3976 0.9175 0.0049
vn -0.0231 0.9996 -0.0158
vn -0.0385 0.9991 -0.0157
vn -0.0907 0.9957 -0.0200
vn -0.2372 0.9714 -0.0121
vn -0.3518 0.9353 -0.0389
vn -0.4040 0.9142 -0.0325
vn -0.0054 0.9965 -0.0832
vn -0.0020 0.9996 -0.0277
vn -0.0183 0.9974 0.0699
vn -0.1151 0.9912 -0.0659
vn -0.1290 0.9915 -0.0179
vn -0.1824 0.9814 -0.0606
vn -0.2568 0.9625 -0.0877
vn -0.1642 0.9850 -0.0526
vn -0.3293 0.9347 -0.1340
vn -0.0919 0.9952 0.0340
vn -0.2914 0.9559 -0.0370
vn -0.3991 0.9141 -0.0712
vn -0.5550 0.8052 -0.2089
vn -0.5723 0.8085 -0.1372
vn -0.5922 0.7989 -0.1047
vn -0.6387 0.7477 -0.1815
vn -0.7495 0.6089 -0.2599
vn -0.3831 0.8984 -0.2149
vn -0.3369 0.9308 -0.1421
vn -0.5002 0.8216 -0.2736
vn -0.4538 0.8730 -0.1787
vn -0.5630 0.7828 -0.2651
vn -0.6379 0.6749 -0.3710
vn -0.6277 0.7188 -0.2988
vn -0.6586 0.6919 -0.2959
vn -0.7121 0.5849 -0.3883
vn -0.7395 0.5858 -0.3315
vn -0.7402 0.5960 -0.3113
vn -0.8057 0.4613 -0.3716
vn -0.6996 0.6634 -0.2653
vn -0.8062 0.5006 -0.3153
vn -0.8356 0.3972 -0.3794
vn -0.5138 0.8027 -0.3029
vn -0.7958 0.4387 -0.4173
vn -0.6403 0.6737 -0.3690
vn -0.7545 0.4996 -0.4256
vn -0.7654 0.4688 -0.4409
vn 0.1934 -0.9810 -0.0126
vn 0.2552 -0.9667 -0.0203
vn 0.4232 -0.9057 -0.0251
vn 0.4524 -0.8916 0.0221
vn 0.6347 -0.7723 -0.0249
vn 0.6993 -0.7126 -0.0565
vn 0.7084 -0.7042 -0.0480
vn 0.7154 -0.6985 0.0186
vn 0.7928 -0.6063 -0.0617
vn 0.1751 -0.9842 0.0262
vn 0.1759 -0.9844 0.0071
vn 0.2733 -0.9618 0.0118
vn 0.3118 -0.9497 0.0301
vn 0.4662 -0.8826 0.0600
vn 0.4616 -0.8854 0.0535
vn 0.4806 -0.8768 0.0150
vn 0.6338 -0.7734 0.0146
vn 0.6497 -0.7567 0.0725
vn 0.7086 -0.7013 0.0784
vn 0.7424 -0.6699 0.0131
vn 0.7077 -0.7023 0.0773
vn 0.8007 -0.5990 0.0116
vn 0.7866 -0.6073 0.1118
vn 0.4310 -0.9022 0.0164
vn 0.4852 -0.8743 0.0126
vn 0.6275 -0.7784 0.0168
vn 0.7310 -0.6821 0.0192
vn 0.7991 -0.6008 0.0226
vn 0.1963 -0.9803 -0.0200
vn 0.2960 -0.9552 -0.0012
vn 0.4505 -0.8927 -0.0110
vn 0.5910 -0.8064 -0.0218
vn 0.5872 -0.8092 -0.0188
vn 0.7394 -0.6720 -0.0412
vn 0.7099 -0.6986 -0.0897
vn 0.8215 -0.5666 -0.0644
vn 0.3440 -0.9370 0.0601
vn 0.3193 -0.9464 -0.0484
vn 0.4254 -0.9048 0.0209
vn 0.5115 -0.8589 0.0239
vn 0.4823 -0.8760 0.0016
vn 0.5327 -0.8462 -0.0135
vn 0.6562 -0.7542 -0.0222
vn 0.6248 -0.7808 -0.0042
vn 0.6540 -0.7538 0.0641
vn 0.6104 -0.7856 0.1009
vn 0.4191 -0.8769 0.2353
vn 0.3821 -0.9100 0.1610
vn 0.5035 -0.8358 0.2191
vn 0.5758 -0.7617 0.2971
vn 0.6022 -0.7188 0.3474
vn 0.6162 -0.7169 0.3261
vn 0.5429 -0.7813 0.3081
vn 0.6441 -0.7326 0.2200
vn 0.5408 -0.7896 0.2901
vn 0.4738 -0.8330 0.2857
vn 0.2833 -0.9580 0.0446
vn 0.5435 -0.8153 0.1998
vn 0.0066 -1.0000 -0.0066
vn 0.5334 -0.7769 0.3345
vn 0.6016 -0.6752 0.4268
vn 0.5334 -0.7516 0.3880
vn 0.5348 -0.7518 0.3858
vn 0.3209 -0.9067 0.2738
vn 0.2498 -0.9382 0.2394
vn 0.5127 -0.7904 0.3352
vn 0.4942 -0.7579 0.4259
vn 0.1020 -0.9790 0.1765
vn -0.2210 -0.9742 0.0456
vn 0.2633 -0.9396 0.2188
vn 0.2632 -0.9401 0.2168
vn -0.0835 -0.9931 0.0819
vn -0.3585 -0.9335 -0.0023
vn 0.2727 -0.9594 0.0727
vn -0.0436 -0.9990 -0.0103
vn -0.3973 -0.9059 -0.1467
vn -0.5845 -0.8023 -0.1214
vn -0.7154 -0.6689 -0.2019
vn -0.8471 0.3344 -0.4130
vn -0.8781 0.2305 -0.4194
vn -0.8968 0.1492 -0.4165
vn -0.9148 -0.1063 -0.3896
vn -0.8237 -0.4957 -0.2753
vn -0.8690 -0.4092 -0.2782
vn 0.0037 -0.9815 -0.1912
vn -0.2777 -0.9419 -0.1890
vn -0.4396 -0.8884 -0.1321
vn -0.8809 0.2494 -0.4022
vn -0.9010 0.0751 -0.4273
vn -0.9026 -0.2552 -0.3467
vn -0.6199 -0.7638 -0.1801
vn -0.6927 -0.6419 -0.3289
vn -0.7828 -0.5469 -0.2968
vn -0.2922 -0.9314 -0.2172
vn -0.3041 -0.9415 -0.1451
vn 0.0968 -0.9510 -0.2935
vn -0.7375 0.3330 -0.5876
vn -0.4460 -0.6996 -0.5583
vn -0.5080 -0.5604 -0.6541
vn 0.3285 -0.9353 0.1316
vn 0.1187 -0.9929 -0.0062
vn -0.1350 -0.9166 -0.3764
vn -0.7139 0.1965 -0.6721
vn -0.7363 0.1077 -0.6680
vn -0.0077 -0.9971 0.0763
vn -0.1900 -0.9804 -0.0514
vn -0.1483 -0.9856 -0.0817
vn -0.5070 -0.8303 -0.2313
vn -0.7934 0.3982 -0.4604
vn -0.8453 0.2688 -0.4618
vn -0.8364 0.0753 -0.5430
vn -0.8344 -0.2356 -0.4983
vn -0.7629 -0.5042 -0.4046
vn -0.1444 -0.9697 -0.1969
vn -0.4606 -0.8716 -0.1676
vn -0.8718 0.1421 -0.4687
vn -0.9029 0.0526 -0.4267
vn -0.8798 -0.2668 -0.3933
vn -0.7875 -0.5268 -0.3198
vn -0.7828 -0.5472 -0.2963
vn -0.4933 -0.8649 -0.0924
vn -0.8584 0.2712 -0.4355
vn -0.8881 -0.2645 -0.3759
vn -0.7034 -0.7015 -0.1144
vn -0.6608 0.1302 -0.7392
vn -0.4867 -0.0103 -0.8735
vn -0.2944 -0.2144 -0.9313
vn -0.0938 -0.5102 -0.8549
vn -0.3173 -0.3753 -0.8709
vn -0.4812 0.8765 0.0129
vn -0.7044 0.7098 -0.0038
vn -0.4358 0.8994 0.0340
vn -0.5419 0.8401 0.0257
vn -0.5730 0.8193 0.0203
vn -0.6291 0.7770 0.0233
vn -0.7309 0.6822 0.0207
vn -0.7104 0.7037 -0.0144
vn -0.8000 0.5998 0.0176
vn -0.4786 0.8780 -0.0098
vn -0.5725 0.8196 -0.0222
vn -0.6459 0.7629 -0.0299
vn -0.7287 0.6825 -0.0573
vn -0.8127 0.5815 -0.0381
vn -0.8207 0.5667 -0.0727
vn -0.5423 0.8385 -0.0529
vn -0.5514 0.8328 -0.0491
vn -0.6432 0.7633 -0.0604
vn -0.6182 0.7832 -0.0668
vn -0.7099 0.6985 -0.0903
vn -0.7737 0.6222 -0.1189
vn -0.7430 0.6649 -0.0763
vn -0.5632 0.8124 -0.1511
vn -0.7060 0.6764 -0.2099
vn -0.6383 0.7555 -0.1477
vn -0.6487 0.7570 -0.0785
vn -0.7504 0.6218 -0.2243
vn -0.7326 0.6365 -0.2412
vn -0.8128 0.5300 -0.2419
vn -0.7392 0.6666 -0.0963
vn -0.8354 0.5010 -0.2262
vn -0.7592 0.6339 -0.1473
vn -0.8293 0.5241 -0.1936
vn -0.8344 0.5171 -0.1907
vn 0.7744 -0.6312 -0.0440
vn 0.7586 -0.6451 -0.0915
vn 0.7774 -0.6236 0.0828
vn 0.7334 -0.6762 0.0701
vn 0.6037 -0.7962 -0.0409
vn 0.6228 -0.7780 -0.0823
vn 0.5148 -0.8556 0.0549
vn 0.5758 -0.8159 -0.0526
vn 0.4699 -0.8799 0.0706
vn -0.5959 -0.8027 0.0234
vn -0.8876 0.4607 -0.0019
vn -0.7234 -0.6901 0.0217
vn -0.8185 -0.5678 -0.0874
vn -0.8053 -0.5836 -0.1049
vn 0.7758 -0.6071 0.1718
vn 0.7547 -0.6496 0.0917
vn 0.7848 -0.6197 0.0117
vn 0.7038 -0.6916 0.1624
vn 0.5416 -0.8302 0.1322
vn 0.5919 -0.8056 0.0244
vn 0.4973 -0.8578 0.1295
vn -0.5429 -0.8294 -0.1316
vn -0.5437 -0.8371 -0.0605
vn -0.5287 -0.8487 -0.0144
vn -0.6878 -0.7115 -0.1442
vn -0.6550 -0.7520 -0.0749
vn -0.7202 -0.6930 0.0315
vn -0.5755 -0.8114 -0.1023
vn -0.8896 0.4566 0.0089
vn -0.9102 -0.4035 -0.0940
vn -0.9141 -0.4049 0.0220
vn -0.8647 -0.4744 -0.1652
vn -0.8668 -0.4941 -0.0676
vn -0.8728 -0.4880 0.0134
vn 0.7715 -0.6357 0.0260
vn 0.6480 -0.7610 0.0313
vn 0.6591 -0.7493 -0.0648
vn 0.6088 -0.7913 0.0570
vn -0.6242 -0.7793 0.0557
vn -0.7256 -0.6876 0.0270
vn -0.8991 0.4356 -0.0428
vn -0.9451 0.3205 -0.0633
vn -0.9862 -0.1624 -0.0309
vn -0.9341 -0.3546 0.0422
vn -0.8952 -0.4456 0.0037
vn 0.7508 -0.6477 -0.1295
vn 0.6901 -0.7178 -0.0924
vn 0.6599 -0.7314 -0.1722
vn 0.5894 -0.7746 -0.2295
vn 0.6467 -0.7458 -0.1599
vn 0.3531 -0.8979 -0.2627
vn 0.1924 -0.9289 -0.3164
vn -0.1357 -0.9336 -0.3317
vn -0.5325 -0.7485 -0.3951
vn -0.5992 -0.7780 -0.1891
vn -0.9249 0.3034 -0.2290
vn -0.7317 -0.6354 -0.2469
vn -0.6924 -0.7204 -0.0401
vn -0.9450 0.3195 -0.0699
vn -0.9707 0.2362 -0.0455
vn -0.9887 0.0796 -0.1268
vn -0.9727 0.1446 -0.1814
vn -0.9921 -0.1243 0.0157
vn -0.9885 -0.1132 -0.0999
vn -0.9093 -0.4145 0.0378
vn -0.9081 -0.4158 -0.0494
vn 0.5774 -0.8162 -0.0187
vn 0.5985 -0.8007 0.0274
vn 0.4207 -0.9032 0.0848
vn 0.5127 -0.8550 -0.0784
vn 0.4756 -0.8715 -0.1200
vn 0.2822 -0.9589 -0.0294
vn -0.0062 -0.9825 -0.1864
vn -0.3940 -0.9066 -0.1510
vn 0.3149 -0.9256 -0.2102
vn -0.4200 -0.8963 -0.1422
vn 0.0438 -0.9329 -0.3576
vn -0.9009 0.3204 -0.2928
vn -0.9570 0.0733 -0.2808
vn -0.9227 -0.3030 -0.2385
vn -0.6457 -0.6834 -0.3407
vn -0.8006 -0.5722 -0.1778
vn -0.6478 -0.6878 -0.3275
vn -0.2514 -0.8779 -0.4076
vn -0.8759 0.4191 -0.2389
vn -0.9060 0.3317 -0.2628
vn -0.9479 0.1234 -0.2936
vn -0.9108 -0.2849 -0.2987
vn -0.6202 -0.6772 -0.3959
vn -0.9671 0.1339 -0.2165
vn -0.9543 0.0020 -0.2989
vn 0.0931 -0.9866 0.1342
vn 0.1178 -0.9798 0.1616
vn -0.1382 -0.9886 0.0589
vn -0.0597 -0.9660 -0.2517
vn -0.3619 -0.9126 -0.1903
vn -0.8384 0.4277 -0.3378
vn 0.0961 -0.9867 0.1314
vn -0.4670 -0.8820 -0.0629
vn -0.8701 0.4360 -0.2298
vn -0.9028 0.2721 -0.3331
vn -0.9203 -0.0088 -0.3912
vn -0.8763 -0.3012 -0.3760
vn -0.4213 -0.9061 -0.0399
vn -0.6607 -0.7491 -0.0476
vn -0.7442 -0.6472 -0.1653
vn -0.7847 -0.5463 -0.2930
vn -0.9109 0.3330 -0.2436
vn -0.9585 0.1486 -0.2434
vn -0.9763 -0.0351 -0.2135
vn -0.8100 -0.5539 -0.1926
vn -0.9014 -0.4064 -0.1494
vn -0.9007 0.1210 -0.4173
vn -0.8493 -0.3268 -0.4145
vn -0.8760 0.2232 -0.4276
vn -0.8712 -0.1063 -0.4793
vn -0.8137 -0.3564 -0.4592
vn -0.7016 -0.5978 -0.3877
vn -0.9284 0.3698 -0.0357
vn -0.9726 0.2320 0.0147
vn -0.9793 0.1940 -0.0574
vn -0.9989 0.0342 -0.0330
vn -0.9503 -0.3071 0.0512
vn -0.9752 -0.2077 -0.0760
vn -0.9223 -0.3845 0.0393
vn -0.9724 0.2334 -0.0042
vn -0.9750 0.2215 -0.0189
vn -0.9991 0.0416 -0.0125
vn -0.9951 -0.0602 -0.0790
vn -0.9789 -0.2041 -0.0101
vn -0.9973 -0.0698 -0.0215
vn -0.0369 -0.9819 0.1856
vn 0.0551 -0.9865 0.1540
vn 0.3286 -0.9440 0.0291
vn -0.0472 -0.9826 -0.1795
vn 0.0580 -0.9545 -0.2924
vn 0.0914 -0.9694 0.2279
vn 0.0651 -0.9883 -0.1377
vn 0.0486 -0.8772 0.4776
vn 0.0092 -0.9773 0.2116
vn 0.0012 -0.9961 -0.0885
vn -0.0212 -0.8786 0.4771
vn 0.0234 -0.9657 -0.2584
vn -0.0075 -0.9421 -0.3353
vn -0.0279 -0.9987 -0.0438
vn -0.0712 -0.9407 0.3317
vn -0.0851 -0.9373 0.3380
vn -0.1201 -0.9460 0.3012
vn -0.1321 -0.9765 0.1702
vn -0.0976 -0.9773 0.1879
vn -0.1259 -0.9916 0.0280
vn -0.0274 -0.9992 0.0278
vn 0.1691 -0.9793 0.1110
vn 0.2372 -0.9714 0.0116
vn 0.3549 -0.9313 -0.0819
vn -0.0876 -0.9896 0.1137
vn 0.0900 -0.9957 -0.0222
vn 0.2423 -0.9679 -0.0668
vn -0.3001 -0.9492 0.0947
vn -0.1746 -0.9845 -0.0150
vn 0.2645 -0.9623 0.0635
vn 0.2122 -0.9772 0.0050
vn 0.0395 -0.9971 0.0647
vn -0.0468 -0.9968 -0.0651
vn -0.0703 -0.9974 -0.0146
vn -0.1528 -0.9882 0.0055
vn -0.2982 -0.9543 -0.0216
vn 0.1473 -0.9754 -0.1640
vn -0.1705 -0.9783 -0.1180
vn -0.1737 -0.9785 -0.1115
vn -0.3816 -0.9225 -0.0581
vn 0.1603 -0.9827 0.0925
vn -0.1921 -0.9810 0.0279
vn 0.0712 -0.9934 0.0903
vn 0.1095 -0.9732 -0.2024
vn 0.0435 -0.9934 0.1060
vn 0.0441 -0.9923 -0.1154
vn 0.0292 -0.9622 0.2708
vn -0.0195 -0.9711 -0.2378
vn 0.0501 -0.9587 0.2798
vn 0.0033 -1.0000 -0.0045
vn 0.0489 -0.9567 0.2870
vn -0.0002 -0.9923 0.1238
vn 0.0122 -0.9789 0.2042
vn -0.0114 -0.9994 0.0334
vn 0.1449 -0.9893 -0.0159
vn 0.3022 -0.9532 -0.0007
vn -0.0830 -0.9964 0.0145
vn -0.0183 -0.9989 -0.0436
vn -0.1964 -0.9795 -0.0443
vn -0.2487 -0.9686 -0.0043
vn -0.2461 -0.9692 -0.0079
vn 0.2419 -0.9700 0.0229
vn -0.0620 -0.9980 0.0101
vn -0.1646 -0.9863 -0.0134
vn 0.2649 -0.9630 0.0490
vn -0.0589 -0.9969 0.0518
vn -0.2866 -0.9576 0.0308
vn 0.3178 -0.9432 -0.0965
vn -0.0156 -0.9981 -0.0594
vn 0.1220 -0.9713 -0.2043
vn -0.3737 -0.9268 0.0365
vn -0.2703 -0.9616 -0.0477
vn -0.2561 -0.9557 -0.1448
s 0
f 6//1 3//1 5//1
f 7//2 2//2 6//2
f 9//3 6//3 8//3
f 11//4 9//4 10//4
f 13//5 4//5 7//5
f 14//6 13//6 9//6
f 15//7 9//7 11//7
f 16//8 9//8 15//8
f 18//9 12//9 13//9
f 19//10 13//10 14//10
f 20//11 18//11 19//11
f 21//12 18//12 20//12
f 22//13 14//13 16//13
f 20//14 19//14 22//14
f 27//15 23//15 18//15
f 28//16 25//16 27//16
f 29//17 27//17 21//17
f 30//18 27//18 29//18
f 34//19 33//19 35//19
f 38//20 35//20 37//20
f 36//21 35//21 38//21
f 43//22 37//22 40//22
f 38//23 37//23 43//23
f 39//24 38//24 44//24
f 43//25 40//25 45//25
f 45//26 40//26 41//26
f 44//27 43//27 47//27
f 47//28 45//28 48//28
f 48//29 41//29 42//29
f 42//30 41//30 49//30
f 47//31 48//31 52//31
f 52//32 42//32 49//32
f 52//33 49//33 50//33
f 54//34 52//34 53//34
f 58//35 55//35 57//35
f 56//36 55//36 58//36
f 60//37 59//37 28//37
f 61//38 28//38 30//38
f 62//39 28//39 61//39
f 68//40 65//40 67//40
f 70//41 68//41 69//41
f 71//42 68//42 70//42
f 76//43 64//43 66//43
f 77//44 74//44 76//44
f 78//45 66//45 68//45
f 79//46 76//46 78//46
f 80//47 77//47 79//47
f 81//48 68//48 71//48
f 82//49 73//49 75//49
f 84//50 83//50 82//50
f 85//51 75//51 77//51
f 86//52 82//52 85//52
f 87//53 84//53 86//53
f 88//54 85//54 80//54
f 89//55 86//55 88//55
f 91//56 88//56 90//56
f 92//57 87//57 89//57
f 93//58 92//58 91//58
f 96//59 94//59 95//59
f 100//60 95//60 99//60
f 98//61 95//61 100//61
f 100//62 99//62 101//62
f 103//63 98//63 100//63
f 107//64 105//64 106//64
f 106//65 103//65 108//65
f 109//66 101//66 110//66
f 108//67 100//67 109//67
f 114//68 108//68 113//68
f 112//69 106//69 114//69
f 116//70 109//70 111//70
f 117//71 113//71 116//71
f 115//72 114//72 117//72
f 119//73 110//73 118//73
f 119//74 118//74 120//74
f 117//75 111//75 119//75
f 123//76 119//76 121//76
f 128//77 125//77 127//77
f 133//78 130//78 131//78
f 127//79 126//79 132//79
f 134//80 132//80 130//80
f 134//81 130//81 133//81
f 136//82 127//82 134//82
f 136//83 134//83 135//83
f 137//84 128//84 136//84
f 140//85 131//85 139//85
f 133//86 131//86 140//86
f 142//87 140//87 141//87
f 135//88 133//88 142//88
f 144//89 142//89 143//89
f 145//90 135//90 144//90
f 138//91 136//91 145//91
f 147//92 145//92 146//92
f 149//93 153//93 148//93
f 150//94 154//94 149//94
f 156//95 155//95 150//95
f 157//96 156//96 151//96
f 153//97 158//97 152//97
f 154//98 160//98 153//98
f 155//99 161//99 154//99
f 163//100 162//100 156//100
f 157//101 163//101 156//101
f 167//102 165//102 166//102
f 173//103 170//103 171//103
f 165//104 171//104 172//104
f 166//105 172//105 164//105
f 167//106 173//106 165//106
f 175//107 174//107 167//107
f 176//108 175//108 168//108
f 177//109 176//109 169//109
f 171//110 178//110 179//110
f 180//111 172//111 179//111
f 181//112 172//112 180//112
f 173//113 148//113 170//113
f 174//114 149//114 173//114
f 151//115 150//115 174//115
f 184//116 179//116 183//116
f 180//117 179//117 184//117
f 148//118 152//118 178//118
f 175//119 182//119 151//119
f 186//120 178//120 159//120
f 187//121 184//121 186//121
f 188//122 185//122 187//122
f 189//123 192//123 191//123
f 193//124 192//124 189//124
f 195//125 193//125 190//125
f 197//126 191//126 198//126
f 191//127 192//127 200//127
f 192//128 199//128 200//128
f 202//129 201//129 199//129
f 193//130 199//130 192//130
f 203//131 202//131 193//131
f 204//132 203//132 194//132
f 205//133 204//133 195//133
f 206//134 198//134 208//134
f 209//135 207//135 208//135
f 208//136 200//136 209//136
f 200//137 208//137 198//137
f 201//138 164//138 209//138
f 202//139 166//139 201//139
f 168//140 167//140 202//140
f 169//141 168//141 203//141
f 205//142 169//142 204//142
f 210//143 208//143 207//143
f 207//144 209//144 211//144
f 213//145 207//145 212//145
f 212//146 211//146 181//146
f 214//147 181//147 185//147
f 215//148 212//148 214//148
f 217//149 214//149 188//149
f 215//150 214//150 217//150
f 219//151 216//151 215//151
f 224//152 222//152 220//152
f 225//153 220//153 221//153
f 226//154 221//154 223//154
f 227//155 189//155 222//155
f 227//156 222//156 224//156
f 124//157 224//157 225//157
f 190//158 189//158 227//158
f 229//159 190//159 228//159
f 230//160 124//160 125//160
f 231//161 229//161 228//161
f 231//162 228//162 230//162
f 233//163 231//163 232//163
f 2//164 221//164 1//164
f 223//165 221//165 2//165
f 222//166 191//166 234//166
f 222//167 189//167 191//167
f 196//168 195//168 229//168
f 235//169 196//169 229//169
f 235//170 229//170 231//170
f 3//171 234//171 197//171
f 1//172 234//172 3//172
f 5//173 197//173 206//173
f 236//174 206//174 210//174
f 236//175 8//175 5//175
f 238//176 236//176 237//176
f 8//177 236//177 238//177
f 238//178 10//178 8//178
f 237//179 210//179 213//179
f 240//180 237//180 213//180
f 216//181 240//181 213//181
f 242//182 241//182 239//182
f 216//183 239//183 240//183
f 243//184 242//184 239//184
f 245//185 223//185 244//185
f 246//186 125//186 225//186
f 246//187 226//187 245//187
f 245//188 126//188 246//188
f 128//189 230//189 125//189
f 129//190 230//190 128//190
f 233//191 232//191 129//191
f 223//192 2//192 248//192
f 249//193 248//193 4//193
f 249//194 4//194 12//194
f 250//195 11//195 241//195
f 242//196 250//196 241//196
f 252//197 251//197 250//197
f 257//198 244//198 255//198
f 257//199 255//199 256//199
f 131//200 256//200 253//200
f 132//201 126//201 245//201
f 247//202 129//202 137//202
f 247//203 137//203 138//203
f 255//204 248//204 249//204
f 255//205 249//205 259//205
f 259//206 12//206 17//206
f 260//207 20//207 261//207
f 251//208 16//208 250//208
f 262//209 22//209 251//209
f 261//210 20//210 262//210
f 263//211 261//211 262//211
f 263//212 262//212 265//212
f 266//213 267//213 264//213
f 269//214 139//214 268//214
f 141//215 139//215 269//215
f 270//216 138//216 147//216
f 24//217 254//217 23//217
f 25//218 254//218 24//218
f 271//219 30//219 29//219
f 271//220 29//220 272//220
f 274//221 271//221 273//221
f 275//222 261//222 264//222
f 273//223 272//223 275//223
f 276//224 275//224 267//224
f 277//225 275//225 276//225
f 278//226 275//226 277//226
f 278//227 274//227 273//227
f 281//228 176//228 177//228
f 282//229 157//229 182//229
f 283//230 282//230 182//230
f 282//231 280//231 157//231
f 285//232 282//232 283//232
f 284//233 283//233 281//233
f 286//234 283//234 284//234
f 287//235 205//235 196//235
f 289//236 288//236 205//236
f 289//237 205//237 287//237
f 290//238 169//238 205//238
f 288//239 290//239 205//239
f 291//240 288//240 289//240
f 291//241 293//241 288//241
f 284//242 281//242 290//242
f 294//243 284//243 293//243
f 291//244 295//244 293//244
f 298//245 235//245 231//245
f 298//246 231//246 233//246
f 287//247 196//247 235//247
f 299//248 287//248 235//248
f 299//249 235//249 298//249
f 292//250 289//250 299//250
f 292//251 296//251 291//251
f 297//252 295//252 302//252
f 247//253 303//253 233//253
f 300//254 298//254 303//254
f 305//255 306//255 300//255
f 306//256 301//256 300//256
f 307//257 301//257 306//257
f 309//258 301//258 308//258
f 302//259 301//259 309//259
f 258//260 304//260 247//260
f 304//261 305//261 303//261
f 311//262 312//262 304//262
f 312//263 307//263 305//263
f 313//264 314//264 312//264
f 310//265 308//265 315//265
f 317//266 270//266 147//266
f 270//267 311//267 258//267
f 270//268 313//268 311//268
f 318//269 313//269 270//269
f 322//270 325//270 321//270
f 325//271 327//271 324//271
f 322//272 328//272 325//272
f 323//273 329//273 322//273
f 326//274 330//274 323//274
f 332//275 331//275 326//275
f 333//276 338//276 339//276
f 334//277 340//277 341//277
f 334//278 341//278 333//278
f 335//279 342//279 334//279
f 344//280 343//280 337//280
f 341//281 345//281 338//281
f 342//282 347//282 340//282
f 335//283 348//283 342//283
f 350//284 349//284 335//284
f 343//285 350//285 336//285
f 351//286 350//286 343//286
f 351//287 343//287 344//287
f 354//288 345//288 353//288
f 355//289 338//289 354//289
f 347//290 352//290 345//290
f 348//291 356//291 347//291
f 349//292 357//292 348//292
f 359//293 358//293 350//293
f 360//294 359//294 350//294
f 31//295 352//295 361//295
f 353//296 31//296 32//296
f 353//297 345//297 31//297
f 363//298 354//298 362//298
f 356//299 361//299 352//299
f 357//300 321//300 356//300
f 322//301 321//301 357//301
f 359//302 323//302 358//302
f 360//303 364//303 359//303
f 366//304 361//304 365//304
f 367//305 32//305 31//305
f 368//306 362//306 32//306
f 356//307 365//307 361//307
f 364//308 326//308 359//308
f 370//309 365//309 369//309
f 367//310 366//310 370//310
f 371//311 32//311 367//311
f 368//312 32//312 371//312
f 369//313 324//313 327//313
f 324//314 369//314 365//314
f 161//315 376//315 160//315
f 155//316 377//316 161//316
f 380//317 374//317 379//317
f 381//318 158//318 380//318
f 376//319 333//319 378//319
f 160//320 378//320 373//320
f 377//321 334//321 376//321
f 162//322 335//322 377//322
f 383//323 378//323 339//323
f 384//324 373//324 383//324
f 385//325 379//325 384//325
f 386//326 380//326 385//326
f 387//327 381//327 386//327
f 388//328 339//328 346//328
f 389//329 383//329 388//329
f 390//330 384//330 389//330
f 392//331 388//331 355//331
f 393//332 389//332 392//332
f 390//333 389//333 393//333
f 391//334 390//334 394//334
f 396//335 355//335 363//335
f 393//336 392//336 396//336
f 395//337 391//337 394//337
f 394//338 393//338 397//338
f 398//339 395//339 394//339
f 397//340 368//340 372//340
f 401//341 159//341 375//341
f 402//342 186//342 401//342
f 187//343 186//343 402//343
f 404//344 188//344 403//344
f 387//345 375//345 381//345
f 402//346 401//346 387//346
f 403//347 402//347 405//347
f 406//348 404//348 403//348
f 405//349 387//349 391//349
f 406//350 403//350 405//350
f 399//351 405//351 391//351
f 407//352 406//352 408//352
f 410//353 407//353 409//353
f 400//354 408//354 399//354
f 409//355 408//355 412//355
f 218//356 217//356 404//356
f 413//357 404//357 407//357
f 415//358 218//358 414//358
f 413//359 407//359 410//359
f 418//360 414//360 417//360
f 419//361 410//361 411//361
f 420//362 417//362 419//362
f 422//363 419//363 421//363
f 420//364 419//364 422//364
f 219//365 243//365 216//365
f 424//366 423//366 243//366
f 425//367 424//367 415//367
f 425//368 415//368 416//368
f 426//369 416//369 418//369
f 428//370 418//370 420//370
f 430//371 428//371 429//371
f 423//372 252//372 242//372
f 424//373 431//373 423//373
f 425//374 432//374 424//374
f 426//375 433//375 425//375
f 435//376 252//376 431//376
f 266//377 265//377 435//377
f 437//378 267//378 266//378
f 436//379 431//379 432//379
f 439//380 436//380 438//380
f 440//381 432//381 433//381
f 438//382 436//382 440//382
f 441//383 440//383 434//383
f 442//384 439//384 441//384
f 441//385 434//385 427//385
f 444//386 427//386 428//386
f 443//387 441//387 444//387
f 445//388 428//388 430//388
f 446//389 443//389 445//389
f 447//390 279//390 277//390
f 448//391 437//391 439//391
f 448//392 447//392 437//392
f 449//393 448//393 450//393
f 450//394 448//394 442//394
f 451//395 449//395 450//395
f 451//396 442//396 443//396
f 453//397 443//397 446//397
f 455//398 360//398 454//398
f 360//399 456//399 364//399
f 458//400 456//400 455//400
f 364//401 332//401 326//401
f 459//402 332//402 364//402
f 458//403 459//403 456//403
f 460//404 458//404 457//404
f 382//405 163//405 157//405
f 280//406 382//406 157//406
f 463//407 344//407 382//407
f 280//408 462//408 382//408
f 454//409 351//409 344//409
f 466//410 464//410 465//410
f 463//411 464//411 454//411
f 465//412 468//412 466//412
f 468//413 469//413 466//413
f 470//414 472//414 469//414
f 462//415 280//415 282//415
f 474//416 285//416 286//416
f 285//417 465//417 462//417
f 476//418 474//418 475//418
f 474//419 477//419 465//419
f 470//420 468//420 477//420
f 475//421 477//421 476//421
f 477//422 480//422 470//422
f 478//423 480//423 477//423
f 481//424 480//424 479//424
f 480//425 473//425 471//425
f 482//426 483//426 481//426
f 294//427 484//427 286//427
f 297//428 484//428 294//428
f 484//429 475//429 286//429
f 297//430 486//430 484//430
f 485//431 486//431 297//431
f 484//432 478//432 475//432
f 486//433 478//433 484//433
f 487//434 488//434 486//434
f 488//435 489//435 479//435
f 489//436 492//436 482//436
f 490//437 493//437 489//437
f 302//438 485//438 297//438
f 487//439 486//439 494//439
f 495//440 488//440 487//440
f 495//441 496//441 488//441
f 497//442 491//442 490//442
f 309//443 494//443 302//443
f 310//444 499//444 309//444
f 500//445 501//445 499//445
f 501//446 495//446 494//446
f 502//447 496//447 495//447
f 502//448 497//448 496//448
f 316//449 504//449 310//449
f 504//450 505//450 500//450
f 506//451 502//451 501//451
f 507//452 508//452 506//452
f 508//453 497//453 502//453
f 508//454 503//454 497//454
f 509//455 503//455 508//455
f 320//456 504//456 316//456
f 511//457 507//457 505//457
f 513//458 509//458 507//458
f 514//459 510//459 509//459
f 329//460 516//460 328//460
f 518//461 517//461 329//461
f 331//462 518//462 330//462
f 519//463 520//463 518//463
f 331//464 522//464 519//464
f 520//465 524//465 516//465
f 521//466 524//466 520//466
f 522//467 521//467 520//467
f 523//468 525//468 522//468
f 527//469 521//469 528//469
f 521//470 527//470 524//470
f 528//471 525//471 529//471
f 525//472 528//472 521//472
f 529//473 526//473 531//473
f 526//474 529//474 525//474
f 530//475 528//475 532//475
f 532//476 531//476 533//476
f 530//477 532//477 534//477
f 533//478 531//478 535//478
f 537//479 535//479 536//479
f 538//480 533//480 537//480
f 534//481 532//481 538//481
f 539//482 534//482 538//482
f 541//483 369//483 540//483
f 542//484 370//484 541//484
f 543//485 370//485 542//485
f 371//486 367//486 543//486
f 372//487 368//487 544//487
f 516//488 540//488 327//488
f 547//489 540//489 545//489
f 542//490 541//490 547//490
f 548//491 547//491 545//491
f 549//492 546//492 544//492
f 551//493 542//493 550//493
f 544//494 543//494 551//494
f 548//495 516//495 524//495
f 552//496 550//496 547//496
f 524//497 552//497 548//497
f 555//498 550//498 554//498
f 549//499 551//499 555//499
f 556//500 527//500 530//500
f 554//501 524//501 556//501
f 558//502 549//502 557//502
f 560//503 554//503 559//503
f 557//504 555//504 560//504
f 561//505 558//505 557//505
f 562//506 530//506 534//506
f 563//507 559//507 562//507
f 564//508 557//508 560//508
f 564//509 560//509 563//509
f 562//510 534//510 539//510
f 565//511 564//511 563//511
f 546//512 397//512 372//512
f 398//513 397//513 553//513
f 400//514 398//514 567//514
f 569//515 567//515 568//515
f 412//516 567//516 569//516
f 568//517 553//517 558//517
f 569//518 568//518 571//518
f 573//519 569//519 572//519
f 571//520 558//520 561//520
f 575//521 571//521 561//521
f 573//522 572//522 575//522
f 575//523 561//523 566//523
f 576//524 573//524 577//524
f 421//525 411//525 578//525
f 580//526 412//526 570//526
f 579//527 578//527 580//527
f 581//528 579//528 574//528
f 574//529 570//529 573//529
f 581//530 574//530 576//530
f 583//531 581//531 582//531
f 584//532 420//532 422//532
f 430//533 429//533 584//533
f 586//534 584//534 585//534
f 588//535 430//535 586//535
f 589//536 586//536 587//536
f 590//537 588//537 589//537
f 590//538 589//538 587//538
f 591//539 445//539 588//539
f 591//540 588//540 590//540
f 593//541 591//541 592//541
f 594//542 453//542 446//542
f 594//543 446//543 591//543
f 598//544 601//544 597//544
f 599//545 602//545 603//545
f 605//546 604//546 600//546
f 604//547 609//547 602//547
f 611//548 610//548 604//548
f 610//549 615//549 609//549
f 617//550 616//550 610//550
f 612//551 617//551 605//551
f 622//552 621//552 332//552
f 621//553 523//553 331//553
f 622//554 625//554 621//554
f 627//555 625//555 622//555
f 623//556 627//556 622//556
f 628//557 626//557 627//557
f 624//558 526//558 523//558
f 625//559 630//559 624//559
f 626//560 631//560 625//560
f 634//561 632//561 633//561
f 634//562 633//562 626//562
f 629//563 634//563 628//563
f 630//564 531//564 526//564
f 637//565 631//565 639//565
f 631//566 637//566 630//566
f 633//567 638//567 639//567
f 633//568 632//568 640//568
f 633//569 639//569 631//569
f 642//570 641//570 632//570
f 643//571 632//571 635//571
f 636//572 644//572 629//572
f 644//573 643//573 635//573
f 645//574 644//574 636//574
f 531//575 637//575 646//575
f 639//576 646//576 637//576
f 640//577 597//577 638//577
f 641//578 598//578 640//578
f 642//579 599//579 641//579
f 645//580 648//580 644//580
f 535//581 646//581 608//581
f 536//582 608//582 650//582
f 608//583 606//583 650//583
f 647//584 612//584 605//584
f 648//585 651//585 619//585
f 649//586 651//586 648//586
f 536//587 650//587 613//587
f 652//588 653//588 651//588
f 459//589 622//589 332//589
f 655//590 459//590 458//590
f 657//591 623//591 655//591
f 461//592 656//592 655//592
f 657//593 636//593 629//593
f 656//594 659//594 657//594
f 658//595 660//595 656//595
f 662//596 660//596 658//596
f 661//597 649//597 636//597
f 663//598 664//598 662//598
f 664//599 654//599 652//599
f 472//600 658//600 656//600
f 665//601 666//601 473//601
f 667//602 669//602 666//602
f 579//603 421//603 578//603
f 481//604 665//604 473//604
f 481//605 671//605 667//605
f 483//606 671//606 481//606
f 672//607 579//607 581//607
f 583//608 672//608 581//608
f 671//609 669//609 667//609
f 585//610 422//610 675//610
f 676//611 670//611 672//611
f 675//612 670//612 676//612
f 491//613 677//613 493//613
f 679//614 674//614 492//614
f 677//615 679//615 493//615
f 680//616 676//616 583//616
f 498//617 683//617 491//617
f 684//618 685//618 683//618
f 587//619 586//619 687//619
f 687//620 585//620 682//620
f 503//621 684//621 498//621
f 684//622 689//622 685//622
f 688//623 689//623 684//623
f 690//624 688//624 503//624
f 515//625 690//625 510//625
f 515//626 692//626 690//626
f 691//627 692//627 515//627
f 698//628 537//628 697//628
f 698//629 697//629 699//629
f 700//630 695//630 696//630
f 565//631 562//631 539//631
f 703//632 539//632 698//632
f 704//633 565//633 703//633
f 705//634 703//634 698//634
f 707//635 698//635 700//635
f 706//636 705//636 707//636
f 577//637 575//637 702//637
f 577//638 702//638 704//638
f 577//639 704//639 706//639
f 708//640 577//640 706//640
f 708//641 706//641 707//641
f 709//642 708//642 707//642
f 712//643 708//643 710//643
f 713//644 583//644 582//644
f 714//645 680//645 713//645
f 713//646 582//646 711//646
f 718//647 717//647 714//647
f 592//648 720//648 718//648
f 719//649 718//649 714//649
f 592//650 590//650 720//650
f 721//651 592//651 719//651
f 596//652 593//652 721//652
f 727//653 732//653 731//653
f 727//654 731//654 726//654
f 734//655 733//655 727//655
f 735//656 734//656 729//656
f 730//657 731//657 736//657
f 731//658 732//658 736//658
f 733//659 737//659 732//659
f 739//660 738//660 733//660
f 741//661 730//661 736//661
f 743//662 732//662 742//662
f 736//663 732//663 743//663
f 737//664 742//664 732//664
f 738//665 744//665 737//665
f 740//666 739//666 735//666
f 749//667 736//667 743//667
f 743//668 742//668 748//668
f 737//669 750//669 742//669
f 745//670 751//670 744//670
f 753//671 752//671 745//671
f 739//672 746//672 745//672
f 749//673 743//673 755//673
f 748//674 750//674 756//674
f 758//675 723//675 752//675
f 613//676 606//676 761//676
f 607//677 761//677 606//677
f 615//678 762//678 614//678
f 616//679 763//679 764//679
f 766//680 765//680 616//680
f 618//681 766//681 617//681
f 619//682 620//682 612//682
f 769//683 613//683 768//683
f 764//684 770//684 762//684
f 766//685 724//685 765//685
f 768//686 761//686 774//686
f 767//687 770//687 775//687
f 763//688 725//688 770//688
f 763//689 724//689 726//689
f 729//690 728//690 771//690
f 774//691 767//691 775//691
f 772//692 776//692 729//692
f 773//693 777//693 772//693
f 780//694 775//694 741//694
f 694//695 768//695 780//695
f 776//696 740//696 735//696
f 773//697 778//697 777//697
f 694//698 780//698 782//698
f 776//699 747//699 740//699
f 777//700 760//700 776//700
f 782//701 741//701 749//701
f 783//702 782//702 749//702
f 694//703 782//703 783//703
f 697//704 613//704 769//704
f 651//705 773//705 619//705
f 653//706 779//706 651//706
f 653//707 785//707 779//707
f 695//708 769//708 693//708
f 785//709 781//709 779//709
f 654//710 785//710 653//710
f 664//711 788//711 654//711
f 787//712 788//712 664//712
f 787//713 789//713 788//713
f 666//714 787//714 664//714
f 668//715 787//715 666//715
f 669//716 791//716 668//716
f 791//717 787//717 668//717
f 712//718 790//718 708//718
f 582//719 576//719 790//719
f 673//720 793//720 671//720
f 711//721 582//721 712//721
f 793//722 794//722 669//722
f 682//723 678//723 680//723
f 681//724 797//724 673//724
f 797//725 795//725 793//725
f 798//726 799//726 797//726
f 799//727 795//727 797//727
f 685//728 800//728 686//728
f 800//729 798//729 681//729
f 720//730 587//730 687//730
f 689//731 800//731 685//731
f 720//732 687//732 717//732
f 802//733 803//733 801//733
f 804//734 803//734 802//734
f 692//735 804//735 688//735
f 807//736 806//736 809//736
f 810//737 807//737 809//737
f 809//738 808//738 811//738
f 810//739 809//739 812//739
f 696//740 694//740 783//740
f 814//741 783//741 810//741
f 701//742 700//742 813//742
f 813//743 696//743 814//743
f 709//744 707//744 701//744
f 709//745 701//745 816//745
f 816//746 701//746 813//746
f 818//747 712//747 710//747
f 710//748 708//748 817//748
f 820//749 713//749 715//749
f 719//750 714//750 716//750
f 823//751 822//751 821//751
f 824//752 822//752 823//752
f 825//753 722//753 824//753
f 828//754 831//754 826//754
f 828//755 827//755 833//755
f 834//756 832//756 833//756
f 836//757 835//757 829//757
f 833//758 837//758 831//758
f 834//759 838//759 832//759
f 842//760 841//760 838//760
f 834//761 842//761 838//761
f 835//762 842//762 834//762
f 836//763 843//763 835//763
f 839//764 830//764 840//764
f 840//765 837//765 846//765
f 842//766 847//766 841//766
f 848//767 847//767 843//767
f 836//768 848//768 843//768
f 852//769 840//769 851//769
f 846//770 851//770 840//770
f 854//771 853//771 845//771
f 847//772 854//772 841//772
f 848//773 856//773 847//773
f 844//774 850//774 849//774
f 858//775 861//775 850//775
f 864//776 846//776 863//776
f 811//777 852//777 864//777
f 855//778 865//778 854//778
f 859//779 866//779 855//779
f 869//780 748//780 756//780
f 755//781 748//781 869//781
f 751//782 826//782 750//782
f 751//783 723//783 828//783
f 758//784 827//784 757//784
f 869//785 756//785 872//785
f 870//786 755//786 806//786
f 756//787 830//787 872//787
f 760//788 858//788 759//788
f 784//789 873//789 760//789
f 869//790 872//790 874//790
f 759//791 844//791 871//791
f 874//792 830//792 839//792
f 806//793 869//793 808//793
f 808//794 874//794 839//794
f 784//795 875//795 873//795
f 808//796 839//796 811//796
f 873//797 861//797 858//797
f 875//798 877//798 873//798
f 783//799 749//799 870//799
f 783//800 870//800 807//800
f 788//801 789//801 786//801
f 786//802 881//802 880//802
f 789//803 881//803 786//803
f 792//804 789//804 787//804
f 796//805 883//805 794//805
f 791//806 883//806 792//806
f 883//807 882//807 792//807
f 796//808 884//808 883//808
f 799//809 796//809 795//809
f 799//810 885//810 796//810
f 886//811 887//811 799//811
f 804//812 888//812 803//812
f 804//813 889//813 888//813
f 805//814 890//814 804//814
f 891//815 811//815 892//815
f 893//816 892//816 894//816
f 812//817 809//817 891//817
f 812//818 891//818 893//818
f 814//819 810//819 898//819
f 898//820 810//820 812//820
f 898//821 812//821 896//821
f 899//822 815//822 898//822
f 816//823 813//823 899//823
f 900//824 901//824 816//824
f 817//825 709//825 901//825
f 817//826 901//826 900//826
f 819//827 710//827 817//827
f 821//828 820//828 903//828
f 820//829 819//829 902//829
f 904//830 903//830 820//830
f 905//831 821//831 903//831
f 906//832 823//832 904//832
f 824//833 823//833 906//833
f 913//834 912//834 908//834
f 910//835 913//835 909//835
f 914//836 916//836 910//836
f 913//837 918//837 912//837
f 916//838 919//838 913//838
f 914//839 921//839 916//839
f 917//840 915//840 923//840
f 925//841 924//841 918//841
f 920//842 925//842 919//842
f 928//843 917//843 923//843
f 923//844 915//844 929//844
f 918//845 929//845 915//845
f 926//846 930//846 925//846
f 922//847 931//847 926//847
f 924//848 933//848 929//848
f 930//849 934//849 924//849
f 927//850 931//850 922//850
f 938//851 937//851 934//851
f 935//852 938//852 930//852
f 939//853 935//853 931//853
f 862//854 853//854 941//854
f 865//855 941//855 853//855
f 909//856 908//856 865//856
f 867//857 909//857 866//857
f 850//858 942//858 860//858
f 944//859 862//859 943//859
f 945//860 862//860 944//860
f 811//861 863//861 945//861
f 941//862 943//862 862//862
f 865//863 943//863 941//863
f 861//864 940//864 868//864
f 944//865 943//865 917//865
f 892//866 944//866 946//866
f 942//867 921//867 914//867
f 861//868 947//868 940//868
f 877//869 947//869 861//869
f 946//870 917//870 948//870
f 942//871 927//871 921//871
f 948//872 917//872 928//872
f 894//873 946//873 948//873
f 877//874 950//874 947//874
f 948//875 928//875 936//875
f 947//876 951//876 940//876
f 878//877 949//877 875//877
f 952//878 953//878 878//878
f 879//879 878//879 876//879
f 879//880 952//880 878//880
f 789//881 956//881 881//881
f 956//882 955//882 881//882
f 882//883 957//883 789//883
f 957//884 958//884 789//884
f 958//885 955//885 956//885
f 884//886 957//886 882//886
f 884//887 959//887 957//887
f 885//888 960//888 884//888
f 887//889 960//889 885//889
f 886//890 961//890 887//890
f 963//891 962//891 961//891
f 888//892 963//892 961//892
f 889//893 963//893 888//893
f 889//894 964//894 963//894
f 966//895 967//895 968//895
f 966//896 968//896 969//896
f 895//897 894//897 966//897
f 970//898 895//898 971//898
f 896//899 893//899 970//899
f 974//900 898//900 973//900
f 975//901 900//901 899//901
f 817//902 900//902 975//902
f 976//903 817//903 975//903
f 904//904 820//904 902//904
f 978//905 902//905 977//905
f 907//906 824//906 906//906
f 983//907 985//907 982//907
f 985//908 986//908 981//908
f 985//909 990//909 986//909
f 992//910 991//910 985//910
f 994//911 923//911 993//911
f 936//912 923//912 994//912
f 993//913 933//913 995//913
f 934//914 995//914 933//914
f 939//915 996//915 935//915
f 940//916 951//916 932//916
f 938//917 998//917 937//917
f 996//918 999//918 938//918
f 939//919 1001//919 996//919
f 951//920 997//920 932//920
f 1003//921 993//921 1002//921
f 936//922 994//922 1003//922
f 1002//923 995//923 1004//923
f 998//924 1004//924 995//924
f 1001//925 1005//925 1000//925
f 1009//926 1007//926 1008//926
f 999//927 1008//927 998//927
f 1000//928 1009//928 999//928
f 1013//929 1003//929 1012//929
f 967//930 1003//930 1013//930
f 1006//931 1004//931 1015//931
f 1008//932 1014//932 1015//932
f 1008//933 1015//933 1004//933
f 982//934 981//934 1007//934
f 1005//935 983//935 1009//935
f 997//936 1016//936 1010//936
f 1012//937 1006//937 1017//937
f 1010//938 1018//938 983//938
f 1013//939 1012//939 1020//939
f 1015//940 1017//940 1006//940
f 1018//941 987//941 983//941
f 1016//942 1018//942 1010//942
f 1011//943 1022//943 951//943
f 1017//944 1015//944 989//944
f 1016//945 1023//945 1018//945
f 950//946 1011//946 947//946
f 949//947 1026//947 950//947
f 967//948 966//948 894//948
f 953//949 1026//949 949//949
f 955//950 954//950 881//950
f 955//951 1029//951 954//951
f 1030//952 1029//952 955//952
f 958//953 1033//953 1030//953
f 959//954 1034//954 1033//954
f 964//955 1034//955 959//955
f 962//956 964//956 959//956
f 1035//957 1036//957 964//957
f 889//958 1035//958 964//958
f 890//959 1037//959 889//959
f 1039//960 969//960 1040//960
f 1039//961 1040//961 1041//961
f 896//962 970//962 972//962
f 974//963 973//963 1043//963
f 975//964 899//964 974//964
f 977//965 976//965 1045//965
f 906//966 978//966 1046//966
f 1048//967 979//967 1047//967
f 989//968 984//968 1049//968
f 986//969 1049//969 984//969
f 988//970 1050//970 992//970
f 991//971 1051//971 990//971
f 992//972 1052//972 991//972
f 1023//973 1054//973 988//973
f 1056//974 989//974 1055//974
f 1055//975 1049//975 1057//975
f 1051//976 1057//976 1049//976
f 1054//977 1058//977 1050//977
f 1021//978 1059//978 1023//978
f 1055//979 1057//979 1061//979
f 1051//980 1061//980 1057//980
f 1052//981 1062//981 1051//981
f 1053//982 1063//982 1052//982
f 1023//983 1064//983 1054//983
f 1056//984 1055//984 1065//984
f 1064//985 1067//985 1058//985
f 1066//986 1069//986 1061//986
f 1066//987 1062//987 1070//987
f 1063//988 1070//988 1062//988
f 1064//989 1072//989 1067//989
f 1065//990 1060//990 1073//990
f 1075//991 1074//991 1070//991
f 1071//992 1075//992 1063//992
f 1059//993 1072//993 1064//993
f 1068//994 1077//994 1059//994
f 1073//995 1060//995 1078//995
f 1061//996 1078//996 1060//996
f 1071//997 1079//997 1075//997
f 1072//998 1080//998 1071//998
f 1077//999 1076//999 1059//999
f 1082//1000 989//1000 1081//1000
f 968//1001 1020//1001 1082//1001
f 1081//1002 989//1002 1056//1002
f 1040//1003 1082//1003 1081//1003
f 969//1004 1082//1004 1040//1004
f 1019//1005 1068//1005 1021//1005
f 1068//1006 1059//1006 1021//1006
f 1040//1007 1081//1007 1056//1007
f 1025//1008 1083//1008 1024//1008
f 1040//1009 1056//1009 1038//1009
f 1028//1010 1027//1010 1026//1010
f 1086//1011 1087//1011 1029//1011
f 1031//1012 1088//1012 1086//1012
f 1034//1013 1032//1013 1033//1013
f 1034//1014 1090//1014 1032//1014
f 1090//1015 1089//1015 1031//1015
f 1034//1016 1091//1016 1090//1016
f 1036//1017 1092//1017 964//1017
f 1037//1018 1093//1018 889//1018
f 1094//1019 1093//1019 1037//1019
f 1099//1020 1038//1020 1100//1020
f 1105//1021 1102//1021 1104//1021
f 1106//1022 1099//1022 1105//1022
f 1108//1023 1103//1023 1107//1023
f 1109//1024 1101//1024 1108//1024
f 1110//1025 1104//1025 1109//1025
f 1106//1026 1105//1026 1110//1026
f 1041//1027 1038//1027 1099//1027
f 1111//1028 1041//1028 1099//1028
f 1112//1029 1111//1029 1106//1029
f 1042//1030 971//1030 1114//1030
f 1115//1031 1042//1031 1114//1031
f 1043//1032 973//1032 1115//1032
f 1044//1033 1043//1033 1117//1033
f 977//1034 1045//1034 1118//1034
f 1120//1035 978//1035 1118//1035
f 1047//1036 979//1036 1046//1036
f 1121//1037 1047//1037 1046//1037
f 1124//1038 1126//1038 1123//1038
f 1125//1039 1127//1039 1124//1039
f 1123//1040 1098//1040 1095//1040
f 1126//1041 1097//1041 1123//1041
f 1073//1042 1078//1042 1130//1042
f 1069//1043 1074//1043 1131//1043
f 1079//1044 1132//1044 1074//1044
f 1076//1045 1080//1045 1072//1045
f 1038//1046 1073//1046 1100//1046
f 1079//1047 1139//1047 1132//1047
f 1136//1048 1138//1048 1079//1048
f 1080//1049 1140//1049 1136//1049
f 1100//1050 1130//1050 1102//1050
f 1131//1051 1135//1051 1142//1051
f 1139//1052 1142//1052 1135//1052
f 1136//1053 1143//1053 1138//1053
f 1133//1054 1140//1054 1080//1054
f 1077//1055 1145//1055 1133//1055
f 1101//1056 1131//1056 1142//1056
f 1102//1057 1134//1057 1101//1057
f 1143//1058 1124//1058 1138//1058
f 1103//1059 1142//1059 1095//1059
f 1101//1060 1142//1060 1103//1060
f 1141//1061 1095//1061 1142//1061
f 1124//1062 1123//1062 1141//1062
f 1095//1063 1098//1063 1103//1063
f 1144//1064 1148//1064 1146//1064
f 1145//1065 1149//1065 1144//1065
f 1148//1066 1129//1066 1125//1066
f 1144//1067 1151//1067 1148//1067
f 1149//1068 1151//1068 1144//1068
f 1083//1069 1137//1069 1068//1069
f 1084//1070 1152//1070 1083//1070
f 1084//1071 1153//1071 1152//1071
f 1083//1072 1147//1072 1137//1072
f 1084//1073 1155//1073 1153//1073
f 1154//1074 1155//1074 1084//1074
f 1028//1075 1154//1075 1027//1075
f 1091//1076 1159//1076 1087//1076
f 1091//1077 1160//1077 1159//1077
f 1092//1078 1091//1078 1034//1078
f 1162//1079 1035//1079 1093//1079
f 1094//1080 1163//1080 1093//1080
f 1163//1081 1162//1081 1093//1081
f 1098//1082 1164//1082 1096//1082
f 1164//1083 1168//1083 1166//1083
f 1169//1084 1166//1084 1171//1084
f 1165//1085 1172//1085 1167//1085
f 1171//1086 1168//1086 1175//1086
f 1172//1087 1175//1087 1168//1087
f 1178//1088 1171//1088 1177//1088
f 1177//1089 1171//1089 1179//1089
f 1175//1090 1179//1090 1171//1090
f 1176//1091 1181//1091 1172//1091
f 1184//1092 1175//1092 1183//1092
f 1182//1093 1179//1093 1184//1093
f 1180//1094 1177//1094 1182//1094
f 1174//1095 1183//1095 1175//1095
f 1181//1096 1185//1096 1174//1096
f 1107//1097 1096//1097 1186//1097
f 1110//1098 1109//1098 1187//1098
f 1186//1099 1096//1099 1166//1099
f 1189//1100 1107//1100 1188//1100
f 1187//1101 1108//1101 1189//1101
f 1106//1102 1110//1102 1191//1102
f 1188//1103 1166//1103 1169//1103
f 1191//1104 1187//1104 1190//1104
f 1193//1105 1188//1105 1192//1105
f 1190//1106 1189//1106 1193//1106
f 1192//1107 1169//1107 1173//1107
f 1196//1108 1192//1108 1178//1108
f 1195//1109 1191//1109 1198//1109
f 1196//1110 1178//1110 1199//1110
f 1197//1111 1194//1111 1196//1111
f 1199//1112 1178//1112 1200//1112
f 1201//1113 1196//1113 1199//1113
f 1198//1114 1194//1114 1197//1114
f 1202//1115 1106//1115 1195//1115
f 1203//1116 1113//1116 1202//1116
f 1204//1117 1195//1117 1198//1117
f 1116//1118 1114//1118 1205//1118
f 1206//1119 1205//1119 1203//1119
f 1207//1120 1116//1120 1206//1120
f 1117//1121 1115//1121 1116//1121
f 1117//1122 1116//1122 1207//1122
f 1044//1123 1117//1123 1208//1123
f 1209//1124 1044//1124 1208//1124
f 1210//1125 1044//1125 1209//1125
f 1120//1126 1118//1126 1119//1126
f 1212//1127 1121//1127 1120//1127
f 1126//1128 1165//1128 1097//1128
f 1127//1129 1213//1129 1126//1129
f 1128//1130 1214//1130 1213//1130
f 1214//1131 1170//1131 1213//1131
f 1129//1132 1215//1132 1214//1132
f 1214//1133 1217//1133 1170//1133
f 1215//1134 1217//1134 1214//1134
f 1215//1135 1219//1135 1217//1135
f 1218//1136 1221//1136 1215//1136
f 1137//1137 1225//1137 1145//1137
f 1147//1138 1225//1138 1137//1138
f 1150//1139 1216//1139 1129//1139
f 1149//1140 1223//1140 1151//1140
f 1225//1141 1226//1141 1145//1141
f 1150//1142 1222//1142 1216//1142
f 1223//1143 1222//1143 1150//1143
f 1149//1144 1227//1144 1223//1144
f 1226//1145 1227//1145 1149//1145
f 1147//1146 1228//1146 1225//1146
f 1152//1147 1229//1147 1147//1147
f 1230//1148 1229//1148 1152//1148
f 1155//1149 1230//1149 1153//1149
f 1156//1150 1155//1150 1154//1150
f 1232//1151 1231//1151 1155//1151
f 1157//1152 1232//1152 1156//1152
f 1158//1153 1233//1153 1157//1153
f 1159//1154 1235//1154 1158//1154
f 1158//1155 1234//1155 1233//1155
f 1235//1156 1234//1156 1158//1156
f 1160//1157 1236//1157 1159//1157
f 1036//1158 1237//1158 1092//1158
f 1241//1159 1240//1159 1162//1159
f 1176//1160 1243//1160 1181//1160
f 1245//1161 1183//1161 1247//1161
f 1246//1162 1184//1162 1245//1162
f 1180//1163 1182//1163 1246//1163
f 1224//1164 1249//1164 1243//1164
f 1248//1165 1246//1165 1252//1165
f 1253//1166 1251//1166 1242//1166
f 1243//1167 1253//1167 1242//1167
f 1255//1168 1247//1168 1254//1168
f 1256//1169 1244//1169 1255//1169
f 1252//1170 1245//1170 1256//1170
f 1242//1171 1254//1171 1247//1171
f 1256//1172 1255//1172 1258//1172
f 1253//1173 1260//1173 1251//1173
f 1249//1174 1261//1174 1253//1174
f 1258//1175 1254//1175 1263//1175
f 1260//1176 1264//1176 1251//1176
f 1250//1177 1266//1177 1249//1177
f 1262//1178 1267//1178 1250//1178
f 1263//1179 1257//1179 1269//1179
f 1265//1180 1259//1180 1268//1180
f 1264//1181 1269//1181 1257//1181
f 1268//1182 1258//1182 1272//1182
f 1269//1183 1271//1183 1263//1183
f 1266//1184 1275//1184 1260//1184
f 1197//1185 1196//1185 1201//1185
f 1200//1186 1180//1186 1248//1186
f 1276//1187 1200//1187 1278//1187
f 1279//1188 1197//1188 1277//1188
f 1277//1189 1201//1189 1276//1189
f 1281//1190 1248//1190 1265//1190
f 1282//1191 1278//1191 1281//1191
f 1277//1192 1276//1192 1283//1192
f 1281//1193 1265//1193 1274//1193
f 1279//1194 1277//1194 1284//1194
f 1202//1195 1195//1195 1204//1195
f 1285//1196 1202//1196 1204//1196
f 1286//1197 1198//1197 1280//1197
f 1287//1198 1204//1198 1286//1198
f 1289//1199 1203//1199 1285//1199
f 1208//1200 1117//1200 1207//1200
f 1290//1201 1208//1201 1207//1201
f 1210//1202 1209//1202 1292//1202
f 1292//1203 1209//1203 1291//1203
f 1294//1204 1210//1204 1293//1204
f 1221//1205 1298//1205 1220//1205
f 1220//1206 1250//1206 1224//1206
f 1220//1207 1262//1207 1250//1207
f 1298//1208 1262//1208 1220//1208
f 1298//1209 1299//1209 1262//1209
f 1218//1210 1300//1210 1298//1210
f 1223//1211 1300//1211 1218//1211
f 1300//1212 1302//1212 1298//1212
f 1299//1213 1304//1213 1262//1213
f 1302//1214 1305//1214 1299//1214
f 1227//1215 1306//1215 1223//1215
f 1226//1216 1307//1216 1227//1216
f 1306//1217 1301//1217 1223//1217
f 1228//1218 1309//1218 1226//1218
f 1307//1219 1312//1219 1306//1219
f 1230//1220 1310//1220 1229//1220
f 1233//1221 1316//1221 1232//1221
f 1234//1222 1316//1222 1233//1222
f 1236//1223 1318//1223 1235//1223
f 1235//1224 1318//1224 1234//1224
f 1318//1225 1317//1225 1234//1225
f 1161//1226 1320//1226 1160//1226
f 1240//1227 1239//1227 1036//1227
f 1241//1159 1322//1159 1240//1159
f 1324//1228 1326//1228 1323//1228
f 1272//1229 1263//1229 1328//1229
f 1274//1230 1265//1230 1330//1230
f 1267//1231 1331//1231 1266//1231
f 1273//1232 1272//1232 1332//1232
f 1329//1233 1269//1233 1333//1233
f 1330//1234 1273//1234 1334//1234
f 1264//1235 1333//1235 1269//1235
f 1275//1236 1335//1236 1264//1236
f 33//1237 1329//1237 1337//1237
f 34//1238 1271//1238 33//1238
f 1332//1239 1328//1239 34//1239
f 1333//1240 1337//1240 1329//1240
f 1330//1241 1334//1241 1339//1241
f 1275//1242 1340//1242 1335//1242
f 1331//1243 1324//1243 1275//1243
f 1270//1244 1341//1244 1331//1244
f 1339//1245 1332//1245 36//1245
f 1338//1246 1343//1246 1337//1246
f 1336//1247 1330//1247 1344//1247
f 1340//1248 1323//1248 1338//1248
f 1324//1249 1323//1249 1340//1249
f 1342//1250 1346//1250 1341//1250
f 1341//1251 1327//1251 1324//1251
f 1346//1252 1327//1252 1341//1252
f 1347//1253 36//1253 39//1253
f 1339//1254 36//1254 1347//1254
f 1344//1255 1339//1255 1347//1255
f 1346//1256 1348//1256 1327//1256
f 1283//1257 1282//1257 1350//1257
f 1336//1258 1281//1258 1274//1258
f 1350//1259 1281//1259 1336//1259
f 1352//1260 1283//1260 1351//1260
f 1354//1261 1284//1261 1353//1261
f 1355//1262 1279//1262 1354//1262
f 1351//1263 1350//1263 1356//1263
f 1350//1264 1336//1264 1356//1264
f 1357//1265 1280//1265 1355//1265
f 1359//1266 1286//1266 1357//1266
f 1358//1267 1287//1267 1359//1267
f 1289//1268 1285//1268 1288//1268
f 1358//1269 1289//1269 1288//1269
f 1360//1270 1289//1270 1358//1270
f 1207//1271 1206//1271 1289//1271
f 1209//1272 1290//1272 1361//1272
f 1290//1273 1207//1273 1361//1273
f 1292//1274 1291//1274 1363//1274
f 1364//1275 1292//1275 1363//1275
f 1295//1276 1293//1276 1364//1276
f 1297//1277 1120//1277 1296//1277
f 1303//1278 1366//1278 1302//1278
f 1367//1279 1368//1279 1303//1279
f 1304//1280 1342//1280 1270//1280
f 1305//1281 1369//1281 1304//1281
f 1366//1282 1370//1282 1305//1282
f 1369//1283 1349//1283 1346//1283
f 1308//1284 1372//1284 1307//1284
f 1371//1285 1373//1285 1309//1285
f 1314//1286 1375//1286 1313//1286
f 1377//1287 1376//1287 1314//1287
f 1231//1288 1314//1288 1230//1288
f 1315//1289 1379//1289 1377//1289
f 1316//1290 1383//1290 1315//1290
f 1318//1291 1384//1291 1383//1291
f 1160//1292 1386//1292 1319//1292
f 1239//1293 1238//1293 1237//1293
f 1326//1294 1390//1294 1325//1294
f 1391//1295 1394//1295 1390//1295
f 1348//1296 1393//1296 1391//1296
f 1389//1297 1392//1297 1395//1297
f 1394//1298 1395//1298 1392//1298
f 1389//1299 41//1299 40//1299
f 1391//1300 1396//1300 1394//1300
f 1393//1301 1397//1301 1391//1301
f 1399//1302 1402//1302 1395//1302
f 1397//1303 1399//1303 1396//1303
f 1400//1304 1403//1304 1397//1304
f 1403//1305 1404//1305 1399//1305
f 1401//1306 1405//1306 1398//1306
f 1343//1307 1325//1307 1389//1307
f 1343//1308 40//1308 37//1308
f 1349//1309 1393//1309 1348//1309
f 1406//1310 39//1310 46//1310
f 1347//1311 39//1311 1406//1311
f 1408//1312 1344//1312 1407//1312
f 1345//1313 1344//1313 1408//1313
f 1349//1314 1398//1314 1393//1314
f 1349//1315 1401//1315 1398//1315
f 1407//1316 1347//1316 1406//1316
f 1356//1317 1345//1317 1408//1317
f 1351//1318 1356//1318 1410//1318
f 1353//1319 1351//1319 1411//1319
f 1354//1320 1353//1320 1412//1320
f 1412//1321 1353//1321 1413//1321
f 1355//1322 1354//1322 1412//1322
f 1351//1323 1410//1323 1411//1323
f 1410//1324 1408//1324 1414//1324
f 1358//1325 1359//1325 1415//1325
f 1418//1326 1358//1326 1415//1326
f 1418//1327 1415//1327 1417//1327
f 1361//1328 1360//1328 1418//1328
f 1291//1329 1362//1329 1419//1329
f 1420//1330 1364//1330 1363//1330
f 1365//1331 1296//1331 1421//1331
f 1422//1332 1297//1332 1365//1332
f 1370//1333 1424//1333 1369//1333
f 1368//1334 1424//1334 1370//1334
f 1369//1335 1409//1335 1349//1335
f 1423//1336 1425//1336 1367//1336
f 1368//1337 1426//1337 1424//1337
f 1372//1338 1423//1338 1312//1338
f 1372//1339 1430//1339 1423//1339
f 1374//1340 1431//1340 1371//1340
f 1375//1341 1432//1341 1374//1341
f 1433//1342 1375//1342 1376//1342
f 1382//1343 1381//1343 1379//1343
f 1381//1344 1378//1344 1379//1344
f 1382//1345 1434//1345 1381//1345
f 1434//1346 1435//1346 1381//1346
f 1384//1347 1382//1347 1380//1347
f 1437//1348 1436//1348 1434//1348
f 1385//1349 1438//1349 1437//1349
f 1387//1350 1442//1350 1386//1350
f 1239//1351 1443//1351 1387//1351
f 1322//1352 1444//1352 1388//1352
f 1400//1353 1445//1353 1403//1353
f 1398//1354 1446//1354 1400//1354
f 1402//1355 49//1355 41//1355
f 1404//1356 1448//1356 1402//1356
f 1445//1357 1449//1357 1404//1357
f 1449//1358 49//1358 1448//1358
f 50//1359 49//1359 1450//1359
f 1449//1360 1450//1360 49//1360
f 1445//1361 1451//1361 1449//1361
f 1446//1362 1451//1362 1445//1362
f 1454//1363 1453//1363 1451//1363
f 1452//1364 1454//1364 1446//1364
f 1447//1365 1452//1365 1405//1365
f 1458//1366 1450//1366 1457//1366
f 1451//1367 1457//1367 1450//1367
f 1453//1368 1457//1368 1451//1368
f 1458//1369 1457//1369 1460//1369
f 1453//1370 1460//1370 1457//1370
f 1454//1371 1461//1371 1453//1371
f 1456//1372 1462//1372 1454//1372
f 1455//1373 1456//1373 1452//1373
f 1464//1374 46//1374 51//1374
f 1406//1375 46//1375 1464//1375
f 1409//1376 1447//1376 1401//1376
f 1407//1377 1406//1377 1465//1377
f 1465//1378 1406//1378 1464//1378
f 1414//1379 1407//1379 1466//1379
f 53//1380 50//1380 1458//1380
f 1465//1381 1464//1381 1467//1381
f 1470//1382 1458//1382 1459//1382
f 1471//1383 53//1383 1470//1383
f 1472//1384 54//1384 1471//1384
f 1474//1385 1411//1385 1473//1385
f 1412//1386 1413//1386 1474//1386
f 1473//1387 1410//1387 1475//1387
f 1475//1388 1414//1388 1468//1388
f 1476//1389 1412//1389 1474//1389
f 1416//1390 1355//1390 1476//1390
f 1481//1391 1416//1391 1480//1391
f 1417//1392 1416//1392 1481//1392
f 1362//1393 1361//1393 1482//1393
f 1363//1394 1291//1394 1420//1394
f 1484//1395 1422//1395 1365//1395
f 1425//1396 1427//1396 1368//1396
f 1485//1397 1469//1397 1447//1397
f 1426//1398 1487//1398 1485//1398
f 1427//1399 1488//1399 1426//1399
f 1486//1400 1489//1400 1427//1400
f 1430//1401 1486//1401 1425//1401
f 1428//1402 1491//1402 1430//1402
f 1429//1403 1490//1403 1428//1403
f 1432//1404 1492//1404 1431//1404
f 1492//1405 1493//1405 1429//1405
f 1492//1406 1496//1406 1493//1406
f 1433//1407 1497//1407 1432//1407
f 1432//1408 1494//1408 1492//1408
f 1378//1409 1497//1409 1433//1409
f 1435//1410 1499//1410 1378//1410
f 1436//1411 1500//1411 1499//1411
f 1438//1412 1501//1412 1436//1412
f 1437//1413 1438//1413 1436//1413
f 1387//1414 1443//1414 1442//1414
f 1388//1415 1504//1415 1443//1415
f 1444//1416 1505//1416 1388//1416
f 1388//1417 1505//1417 1504//1417
f 1460//1418 1506//1418 1459//1418
f 1461//1419 1507//1419 1460//1419
f 1462//1420 1508//1420 1461//1420
f 1456//1421 1509//1421 1462//1421
f 1463//1422 1509//1422 1456//1422
f 1510//1423 1507//1423 1511//1423
f 1507//1424 1510//1424 1506//1424
f 1508//1425 1511//1425 1507//1425
f 1463//1426 1513//1426 1509//1426
f 1512//1427 1516//1427 1508//1427
f 1469//1428 1463//1428 1455//1428
f 1519//1429 1459//1429 1506//1429
f 1471//1430 1470//1430 1519//1430
f 1465//1431 1467//1431 1520//1431
f 1468//1432 1466//1432 1521//1432
f 1487//1433 1522//1433 1469//1433
f 56//1434 1471//1434 55//1434
f 1520//1435 1472//1435 56//1435
f 1519//1436 1506//1436 1510//1436
f 1522//1437 1514//1437 1463//1437
f 55//1438 1519//1438 57//1438
f 1521//1439 1466//1439 1525//1439
f 1524//1440 1520//1440 1527//1440
f 1525//1441 1465//1441 1524//1441
f 1522//1442 1518//1442 1514//1442
f 1526//1443 1518//1443 1522//1443
f 1477//1444 1468//1444 1521//1444
f 1528//1445 1475//1445 1530//1445
f 1529//1446 1473//1446 1528//1446
f 1480//1447 1478//1447 1531//1447
f 1531//1448 1478//1448 1529//1448
f 1533//1449 1530//1449 1532//1449
f 1534//1450 1528//1450 1533//1450
f 1531//1451 1529//1451 1534//1451
f 1479//1452 1417//1452 1536//1452
f 1481//1453 1480//1453 1535//1453
f 1482//1454 1479//1454 1539//1454
f 1419//1455 1482//1455 1540//1455
f 1364//1456 1420//1456 1542//1456
f 1543//1457 1364//1457 1542//1457
f 1365//1458 1421//1458 1543//1458
f 1483//1459 1365//1459 1543//1459
f 1485//1460 1487//1460 1469//1460
f 1426//1461 1488//1461 1487//1461
f 1489//1462 1546//1462 1488//1462
f 1545//1463 1547//1463 1489//1463
f 1546//1464 1526//1464 1488//1464
f 1547//1465 1549//1465 1546//1465
f 1496//1466 1495//1466 1490//1466
f 1498//1467 1550//1467 1492//1467
f 1491//1468 1545//1468 1486//1468
f 1495//1469 1545//1469 1491//1469
f 1550//1470 1552//1470 1496//1470
f 1499//1471 1554//1471 1498//1471
f 1501//1472 1556//1472 1500//1472
f 1502//1473 1557//1473 1501//1473
f 1556//1474 1558//1474 1559//1474
f 1439//1475 1560//1475 1503//1475
f 1557//1476 1502//1476 1503//1476
f 1441//1477 1560//1477 1439//1477
f 1442//1478 1561//1478 1440//1478
f 1443//1479 1562//1479 1442//1479
f 1504//1480 1562//1480 1443//1480
f 1505//1481 1562//1481 1504//1481
f 1444//1482 1563//1482 1505//1482
f 143//1483 141//1483 1564//1483
f 1567//1484 143//1484 1565//1484
f 146//1485 144//1485 1566//1485
f 146//1486 1566//1486 1567//1486
f 1567//1487 1565//1487 1572//1487
f 1573//1488 1572//1488 1571//1488
f 1578//1489 1574//1489 1575//1489
f 1579//1490 1576//1490 1577//1490
f 1580//1491 1577//1491 1574//1491
f 1580//1492 1574//1492 1578//1492
f 1581//1493 1571//1493 1576//1493
f 1581//1494 1576//1494 1579//1494
f 1581//1495 1579//1495 1580//1495
f 1573//1496 1571//1496 1581//1496
f 1583//1497 1581//1497 1582//1497
f 1587//1498 1578//1498 1585//1498
f 1588//1499 1580//1499 1587//1499
f 1589//1500 1587//1500 1586//1500
f 269//1501 268//1501 1590//1501
f 1592//1502 269//1502 1591//1502
f 317//1503 147//1503 1570//1503
f 1593//1504 1570//1504 1568//1504
f 1590//1505 268//1505 25//1505
f 1591//1506 269//1506 1590//1506
f 1596//1507 59//1507 60//1507
f 1596//1508 1590//1508 59//1508
f 1597//1509 1595//1509 1596//1509
f 1598//1510 1596//1510 60//1510
f 1599//1511 1596//1511 1598//1511
f 1600//1512 60//1512 62//1512
f 1602//1513 61//1513 1601//1513
f 1603//1514 1600//1514 1602//1514
f 1604//1515 1603//1515 1602//1515
f 1601//1516 30//1516 274//1516
f 1604//1517 1602//1517 1605//1517
f 279//1518 1605//1518 274//1518
f 1606//1519 1605//1519 1608//1519
f 1607//1520 1608//1520 1605//1520
f 1592//1521 1591//1521 1612//1521
f 1592//1522 1612//1522 1609//1522
f 1571//1523 1609//1523 1610//1523
f 1613//1524 1569//1524 1573//1524
f 1613//1525 1573//1525 1583//1525
f 1614//1526 1569//1526 1613//1526
f 1594//1527 1568//1527 1614//1527
f 64//1528 1610//1528 63//1528
f 1591//1529 1595//1529 1616//1529
f 1617//1530 1614//1530 1615//1530
f 65//1531 1616//1531 1597//1531
f 63//1532 1616//1532 65//1532
f 67//1533 1597//1533 1599//1533
f 1603//1534 1599//1534 1600//1534
f 69//1535 67//1535 1603//1535
f 1619//1536 69//1536 1618//1536
f 1620//1537 70//1537 1619//1537
f 1621//1538 1618//1538 1603//1538
f 1623//1539 1622//1539 1619//1539
f 73//1540 1575//1540 72//1540
f 1625//1541 1583//1541 1584//1541
f 1615//1542 1613//1542 1625//1542
f 74//1543 1611//1543 64//1543
f 1626//1544 1627//1544 1625//1544
f 1628//1545 78//1545 81//1545
f 1629//1546 79//1546 1628//1546
f 1628//1547 81//1547 1620//1547
f 1631//1548 1629//1548 1628//1548
f 1633//1549 1620//1549 1622//1549
f 1630//1550 1620//1550 1633//1550
f 1634//1551 1631//1551 1630//1551
f 1624//1552 1633//1552 1622//1552
f 82//1553 1575//1553 73//1553
f 83//1554 1585//1554 82//1554
f 1636//1555 83//1555 1635//1555
f 1589//1556 1586//1556 1637//1556
f 1638//1557 1588//1557 1589//1557
f 1626//1558 1584//1558 1588//1558
f 1640//1559 1638//1559 1639//1559
f 1641//1560 1626//1560 1640//1560
f 90//1561 80//1561 1629//1561
f 1643//1562 90//1562 1629//1562
f 1644//1563 1643//1563 1632//1563
f 1637//1564 1636//1564 1647//1564
f 1639//1565 1589//1565 1648//1565
f 1650//1566 1635//1566 1649//1566
f 1637//1567 1647//1567 1650//1567
f 1652//1568 1637//1568 1651//1568
f 1653//1569 1648//1569 1652//1569
f 1655//1570 1640//1570 1639//1570
f 1657//1571 1649//1571 1656//1571
f 1657//1572 1650//1572 1649//1572
f 1651//1573 1657//1573 1658//1573
f 1660//1574 1652//1574 1659//1574
f 1653//1575 1655//1575 1639//1575
f 1661//1576 1654//1576 1660//1576
f 92//1577 84//1577 87//1577
f 1656//1578 1649//1578 92//1578
f 1658//1579 1656//1579 1663//1579
f 1658//1580 1657//1580 1656//1580
f 1662//1581 1642//1581 1640//1581
f 1664//1582 1655//1582 1661//1582
f 1665//1583 92//1583 93//1583
f 1663//1584 1656//1584 1665//1584
f 1667//1585 1665//1585 1666//1585
f 1669//1586 91//1586 1643//1586
f 1646//1587 1669//1587 1643//1587
f 1671//1588 1667//1588 1666//1588
f 1672//1589 1669//1589 1646//1589
f 1670//1590 1669//1590 1672//1590
f 1674//1591 1658//1591 1673//1591
f 1674//1592 1659//1592 1658//1592
f 1676//1593 1659//1593 1675//1593
f 1679//1594 1676//1594 1677//1594
f 1680//1595 1660//1595 1679//1595
f 1673//1596 1658//1596 1663//1596
f 1682//1597 1674//1597 1673//1597
f 1684//1598 1675//1598 1682//1598
f 1677//1599 1675//1599 1684//1599
f 1686//1600 1678//1600 1677//1600
f 1686//1601 1684//1601 1685//1601
f 1681//1602 1687//1602 1679//1602
f 1689//1603 1687//1603 1681//1603
f 1690//1604 1673//1604 1668//1604
f 1691//1605 1682//1605 1690//1605
f 1683//1606 1691//1606 1692//1606
f 1685//1607 1684//1607 1683//1607
f 1693//1608 1668//1608 1671//1608
f 1694//1609 1690//1609 1693//1609
f 1695//1610 1691//1610 1694//1610
f 1696//1611 1691//1611 1695//1611
f 1695//1612 1694//1612 1697//1612
f 1698//1613 1696//1613 1695//1613
f 1699//1614 1695//1614 1697//1614
f 1701//1615 1686//1615 1700//1615
f 1689//1616 1678//1616 1701//1616
f 1703//1617 1701//1617 1702//1617
f 1704//1618 1689//1618 1703//1618
f 1685//1619 1692//1619 1705//1619
f 1706//1620 1700//1620 1705//1620
f 1702//1621 1700//1621 1706//1621
f 1707//1622 1702//1622 1706//1622
f 1708//1623 1702//1623 1707//1623
f 1705//1624 1692//1624 1696//1624
f 1710//1625 1706//1625 1709//1625
f 1711//1626 1707//1626 1710//1626
f 1712//1627 1708//1627 1711//1627
f 1713//1628 1705//1628 1698//1628
f 1714//1629 1710//1629 1713//1629
f 1715//1630 1710//1630 1714//1630
f 1593//1631 318//1631 317//1631
f 1716//1632 1593//1632 1594//1632
f 1716//1633 318//1633 1593//1633
f 1716//1634 1717//1634 318//1634
f 319//1635 314//1635 313//1635
f 1717//1636 1719//1636 319//1636
f 1718//1637 1720//1637 1717//1637
f 1719//1638 315//1638 314//1638
f 1720//1639 1722//1639 1719//1639
f 1721//1640 320//1640 315//1640
f 1724//1641 320//1641 1721//1641
f 1725//1642 1594//1642 1614//1642
f 1725//1643 1614//1643 1617//1643
f 1718//1644 1716//1644 1725//1644
f 1726//1645 1727//1645 1718//1645
f 1727//1646 1720//1646 1718//1646
f 1728//1647 1729//1647 1720//1647
f 1730//1648 1731//1648 1729//1648
f 1617//1649 1726//1649 1725//1649
f 1726//1650 1728//1650 1727//1650
f 1733//1651 1736//1651 1728//1651
f 1735//1652 1736//1652 1733//1652
f 1736//1653 1738//1653 1730//1653
f 1734//1654 1641//1654 1642//1654
f 1739//1655 1734//1655 1642//1655
f 1739//1656 1735//1656 1734//1656
f 1739//1657 1740//1657 1735//1657
f 1740//1658 1742//1658 1737//1658
f 1739//1659 1642//1659 1662//1659
f 1744//1660 1743//1660 1664//1660
f 1744//1661 1739//1661 1743//1661
f 1745//1662 1747//1662 1740//1662
f 1688//1663 1680//1663 1687//1663
f 1748//1664 1687//1664 1689//1664
f 1749//1665 1664//1665 1688//1665
f 1750//1666 1688//1666 1748//1666
f 1751//1667 1744//1667 1749//1667
f 1752//1668 1749//1668 1750//1668
f 1751//1669 1746//1669 1744//1669
f 1754//1670 1704//1670 1703//1670
f 1754//1671 1703//1671 1708//1671
f 1755//1672 1748//1672 1753//1672
f 1755//1673 1753//1673 1704//1673
f 1756//1674 1704//1674 1754//1674
f 1754//1675 1708//1675 1712//1675
f 1759//1676 1750//1676 1755//1676
f 1761//1677 1712//1677 1711//1677
f 1756//1678 1760//1678 1755//1678
f 447//1679 1607//1679 279//1679
f 447//1680 1764//1680 1607//1680
f 1766//1681 449//1681 451//1681
f 1767//1682 1766//1682 451//1682
f 1767//1683 451//1683 452//1683
f 1768//1684 1767//1684 452//1684
f 1623//1685 1621//1685 1763//1685
f 1769//1686 1763//1686 1764//1686
f 1624//1687 1623//1687 1769//1687
f 1770//1688 1769//1688 1765//1688
f 1772//1689 1771//1689 1770//1689
f 1773//1690 1765//1690 1766//1690
f 1774//1691 1772//1691 1773//1691
f 1773//1692 1766//1692 1767//1692
f 1776//1693 1773//1693 1775//1693
f 1775//1694 1767//1694 1768//1694
f 1645//1695 1778//1695 1779//1695
f 1770//1696 1779//1696 1624//1696
f 1781//1697 1779//1697 1771//1697
f 1782//1698 1771//1698 1774//1698
f 1783//1699 1782//1699 1774//1699
f 1784//1700 1783//1700 1776//1700
f 1784//1701 1776//1701 1777//1701
f 1645//1702 1632//1702 1778//1702
f 1786//1703 1785//1703 1780//1703
f 1787//1704 1780//1704 1781//1704
f 1788//1705 1786//1705 1787//1705
f 1787//1706 1781//1706 1782//1706
f 1790//1707 1782//1707 1784//1707
f 1791//1708 1671//1708 1670//1708
f 1792//1709 1672//1709 1785//1709
f 1791//1710 1672//1710 1792//1710
f 1792//1711 1785//1711 1786//1711
f 1793//1712 1791//1712 1792//1712
f 1788//1713 1794//1713 1792//1713
f 1796//1714 1788//1714 1789//1714
f 1798//1715 1796//1715 1790//1715
f 1800//1716 1695//1716 1799//1716
f 1802//1717 1799//1717 1801//1717
f 1804//1718 1803//1718 1795//1718
f 1804//1719 1795//1719 1797//1719
f 1805//1720 1797//1720 1798//1720
f 1806//1721 1698//1721 1800//1721
f 1807//1722 1713//1722 1806//1722
f 1714//1723 1713//1723 1807//1723
f 1808//1724 1715//1724 1714//1724
f 1810//1725 1800//1725 1802//1725
f 1807//1726 1806//1726 1810//1726
f 1808//1727 1714//1727 1807//1727
f 1811//1728 1715//1728 1808//1728
f 1812//1729 1809//1729 1811//1729
f 1814//1730 1802//1730 1803//1730
f 1817//1731 1811//1731 1816//1731
f 1818//1732 1816//1732 1815//1732
f 1819//1733 1816//1733 1818//1733
f 1820//1734 1814//1734 1804//1734
f 1818//1735 1815//1735 1820//1735
f 1822//1736 1820//1736 1821//1736
f 1823//1737 1818//1737 1822//1737
f 1821//1738 1804//1738 1805//1738
f 1724//1739 504//1739 320//1739
f 1724//1740 511//1740 504//1740
f 1723//1741 1824//1741 1724//1741
f 1723//1742 1825//1742 1824//1742
f 1824//1743 512//1743 511//1743
f 1825//1744 512//1744 1824//1744
f 1825//1745 1826//1745 512//1745
f 1826//1746 514//1746 513//1746
f 1827//1747 514//1747 1826//1747
f 1732//1748 1829//1748 1731//1748
f 1827//1749 1829//1749 1830//1749
f 1829//1750 1827//1750 1825//1750
f 1830//1751 1831//1751 1827//1751
f 1831//1752 1828//1752 1827//1752
f 1832//1753 1833//1753 1831//1753
f 1836//1754 1837//1754 1835//1754
f 1837//1755 1838//1755 1830//1755
f 1838//1756 1831//1756 1830//1756
f 1838//1757 1832//1757 1831//1757
f 1839//1758 1832//1758 1838//1758
f 1741//1759 1835//1759 1738//1759
f 1742//1760 1836//1760 1741//1760
f 1841//1761 1839//1761 1837//1761
f 1844//1762 1845//1762 1839//1762
f 1845//1763 1846//1763 1840//1763
f 1746//1764 1747//1764 1745//1764
f 1747//1765 1842//1765 1742//1765
f 1847//1766 1848//1766 1747//1766
f 1847//1767 1849//1767 1848//1767
f 1842//1768 1843//1768 1841//1768
f 1849//1769 1843//1769 1842//1769
f 1849//1770 1850//1770 1843//1770
f 1850//1771 1851//1771 1844//1771
f 1751//1772 1847//1772 1746//1772
f 1853//1773 1751//1773 1759//1773
f 1853//1774 1854//1774 1847//1774
f 1854//1775 1856//1775 1849//1775
f 1855//1776 1856//1776 1854//1776
f 1856//1777 1852//1777 1850//1777
f 1858//1778 1859//1778 1856//1778
f 1860//1779 1711//1779 1809//1779
f 1861//1780 1757//1780 1761//1780
f 1861//1781 1762//1781 1758//1781
f 1760//1782 1862//1782 1759//1782
f 1863//1783 1760//1783 1762//1783
f 1861//1784 1761//1784 1860//1784
f 1861//1785 1863//1785 1762//1785
f 1863//1786 1865//1786 1760//1786
f 1866//1787 1863//1787 1861//1787
f 1867//1788 1809//1788 1812//1788
f 1868//1789 1860//1789 1867//1789
f 1864//1790 1866//1790 1861//1790
f 1866//1791 1869//1791 1863//1791
f 1862//1792 1855//1792 1853//1792
f 1865//1793 1870//1793 1862//1793
f 1871//1794 1812//1794 1817//1794
f 1866//1795 1864//1795 1872//1795
f 1865//1796 1873//1796 1870//1796
f 1869//1797 1866//1797 1875//1797
f 1873//1798 1857//1798 1855//1798
f 1876//1799 1873//1799 1874//1799
f 1869//1800 1876//1800 1874//1800
f 1876//1801 1877//1801 1873//1801
f 1876//1802 1878//1802 1877//1802
f 1868//1803 1872//1803 1864//1803
f 1881//1804 1871//1804 1817//1804
f 1882//1805 1871//1805 1881//1805
f 1883//1806 1871//1806 1882//1806
f 1880//1807 1872//1807 1868//1807
f 1872//1808 1875//1808 1866//1808
f 1885//1809 1880//1809 1884//1809
f 1887//1810 1881//1810 1886//1810
f 1887//1811 1882//1811 1881//1811
f 1883//1812 1882//1812 1887//1812
f 1884//1813 1883//1813 1888//1813
f 1890//1814 1888//1814 1889//1814
f 1891//1815 1884//1815 1890//1815
f 1892//1816 1872//1816 1885//1816
f 1893//1817 1817//1817 1823//1817
f 1886//1818 1881//1818 1893//1818
f 1895//1819 1887//1819 1886//1819
f 1897//1820 1895//1820 1896//1820
f 1897//1821 1889//1821 1888//1821
f 1898//1822 1889//1822 1897//1822
f 1891//1823 1892//1823 1885//1823
f 1899//1824 1890//1824 1898//1824
f 1892//1825 1900//1825 1875//1825
f 1901//1826 1892//1826 1891//1826
f 1902//1827 1891//1827 1899//1827
f 1905//1828 1886//1828 1893//1828
f 1907//1829 1895//1829 1894//1829
f 1907//1830 1894//1830 1906//1830
f 1906//1831 1896//1831 1907//1831
f 1901//1832 1908//1832 1892//1832
f 1910//1833 1911//1833 1912//1833
f 1914//1834 1912//1834 1913//1834
f 1915//1835 1897//1835 1909//1835
f 1910//1836 1916//1836 1909//1836
f 1917//1837 1910//1837 1914//1837
f 1899//1838 1898//1838 1915//1838
f 1919//1839 1916//1839 1917//1839
f 1920//1840 1917//1840 1918//1840
f 1903//1841 1899//1841 1916//1841
f 1921//1842 1896//1842 1906//1842
f 1912//1843 1921//1843 1922//1843
f 1912//1844 1911//1844 1921//1844
f 1914//1845 1913//1845 1923//1845
f 1925//1846 1914//1846 1924//1846
f 1927//1847 1918//1847 1925//1847
f 1919//1848 1928//1848 1903//1848
f 1929//1849 1919//1849 1926//1849
f 1768//1850 452//1850 594//1850
f 1930//1851 594//1851 595//1851
f 1932//1852 1930//1852 1931//1852
f 1931//1853 595//1853 596//1853
f 1777//1854 1775//1854 1933//1854
f 1935//1855 1930//1855 1932//1855
f 1936//1856 1934//1856 1935//1856
f 1938//1857 1777//1857 1937//1857
f 1937//1858 1777//1858 1934//1858
f 1939//1859 1938//1859 1937//1859
f 1940//1860 1939//1860 1937//1860
f 1938//1861 1784//1861 1777//1861
f 1941//1862 1784//1862 1938//1862
f 1942//1863 1938//1863 1939//1863
f 1944//1864 1939//1864 1943//1864
f 1798//1865 1790//1865 1941//1865
f 1945//1866 1798//1866 1941//1866
f 1945//1867 1941//1867 1942//1867
f 1947//1868 1945//1868 1946//1868
f 1946//1869 1942//1869 1944//1869
f 1950//1870 1805//1870 1945//1870
f 1951//1871 1949//1871 1947//1871
f 1951//1872 1947//1872 1952//1872
f 1948//1873 1947//1873 1946//1873
f 1952//1874 1947//1874 1948//1874
f 1953//1875 1821//1875 1949//1875
f 1954//1876 1822//1876 1953//1876
f 1956//1877 1951//1877 1952//1877
f 1957//1878 1954//1878 1955//1878
f 1958//1879 1957//1879 1955//1879
f 1962//1880 1958//1880 1959//1880
f 1828//1881 691//1881 514//1881
f 1963//1882 1964//1882 1828//1882
f 1834//1883 1963//1883 1828//1883
f 1834//1884 1966//1884 1963//1884
f 1966//1885 1967//1885 1963//1885
f 1967//1886 1964//1886 1963//1886
f 1840//1887 1968//1887 1834//1887
f 1846//1888 1968//1888 1840//1888
f 1846//1889 1969//1889 1968//1889
f 1968//1890 1966//1890 1834//1890
f 1936//1891 1937//1891 1934//1891
f 1968//1892 1967//1892 1966//1892
f 1940//1893 1937//1893 1936//1893
f 1845//1894 1969//1894 1846//1894
f 1971//1895 1970//1895 1969//1895
f 1851//1896 1971//1896 1845//1896
f 1852//1897 1973//1897 1851//1897
f 1852//1898 1974//1898 1973//1898
f 1974//1899 1972//1899 1971//1899
f 1977//1900 1975//1900 1859//1900
f 1877//1901 1976//1901 1858//1901
f 1879//1902 1978//1902 1878//1902
f 1976//1903 1977//1903 1859//1903
f 1978//1904 1979//1904 1878//1904
f 1904//1905 1823//1905 1954//1905
f 1905//1906 1893//1906 1904//1906
f 1906//1907 1894//1907 1905//1907
f 1902//1908 1982//1908 1901//1908
f 1903//1909 1982//1909 1902//1909
f 1908//1910 1879//1910 1900//1910
f 1928//1911 1982//1911 1983//1911
f 1908//1912 1978//1912 1879//1912
f 1982//1913 1978//1913 1908//1913
f 1928//1914 1985//1914 1982//1914
f 1985//1915 1979//1915 1978//1915
f 1986//1916 1979//1916 1985//1916
f 1986//1917 1987//1917 1979//1917
f 1987//1918 1980//1918 1979//1918
f 1922//1919 1921//1919 1981//1919
f 1988//1920 1913//1920 1922//1920
f 1989//1921 1924//1921 1923//1921
f 1925//1922 1924//1922 1989//1922
f 1928//1923 1983//1923 1903//1923
f 1929//1924 1990//1924 1919//1924
f 1991//1925 1926//1925 1927//1925
f 1992//1926 1981//1926 1984//1926
f 1988//1927 1922//1927 1992//1927
f 1993//1928 1923//1928 1988//1928
f 1991//1929 1994//1929 1929//1929
f 1990//1930 1995//1930 1928//1930
f 1958//1931 1984//1931 1957//1931
f 1992//1932 1984//1932 1958//1932
f 1997//1933 1988//1933 1996//1933
f 1995//1934 1986//1934 1985//1934
f 1990//1935 1998//1935 1995//1935
f 1961//1936 1992//1936 1958//1936
f 1998//1937 2001//1937 1986//1937
f 1999//1938 2001//1938 1998//1938
f 2000//1939 2002//1939 1999//1939
f 2004//1940 1989//1940 2003//1940
f 2005//1941 1925//1941 2004//1941
f 2003//1942 1993//1942 2006//1942
f 2004//1943 2003//1943 2006//1943
f 2005//1944 1991//1944 1927//1944
f 2009//1945 1997//1945 2008//1945
f 2011//1946 2006//1946 2010//1946
f 2007//1947 2012//1947 2005//1947
f 2013//1948 2004//1948 2011//1948
f 1991//1949 2005//1949 2012//1949
f 2015//1950 2008//1950 2014//1950
f 2015//1951 2010//1951 2009//1951
f 2011//1952 2010//1952 2015//1952
f 2013//1953 2012//1953 2007//1953
f 2017//1954 2011//1954 2016//1954
f 2012//1955 2000//1955 1991//1955
f 2018//1956 2012//1956 2013//1956
f 2020//1957 2008//1957 2019//1957
f 2022//1958 2015//1958 2021//1958
f 2017//1959 2023//1959 2013//1959
f 2024//1960 2016//1960 2022//1960
f 2018//1961 2000//1961 2012//1961
f 2018//1962 2013//1962 2023//1962
f 2019//1963 1996//1963 1961//1963
f 2026//1964 2014//1964 2020//1964
f 2028//1965 2026//1965 2027//1965
f 2028//1966 2021//1966 2014//1966
f 2022//1967 2021//1967 2028//1967
f 2030//1968 2022//1968 2029//1968
f 2023//1969 2031//1969 2018//1969
f 2032//1970 2017//1970 2024//1970
f 2025//1971 2033//1971 2000//1971
f 2034//1972 2020//1972 2019//1972
f 2027//1973 2026//1973 2035//1973
f 2028//1974 2027//1974 2036//1974
f 2030//1975 2037//1975 2024//1975
f 2032//1976 2031//1976 2023//1976
f 2032//1977 2024//1977 2037//1977
f 2037//1978 2038//1978 2032//1978
f 2031//1979 2039//1979 2033//1979
f 2038//1980 2040//1980 2031//1980
f 2042//1981 2028//1981 2041//1981
f 2043//1982 2029//1982 2042//1982
f 2043//1983 2037//1983 2030//1983
f 2045//1984 1932//1984 596//1984
f 2046//1985 1932//1985 2045//1985
f 2048//1986 2047//1986 2046//1986
f 2049//1987 2047//1987 2048//1987
f 2050//1988 2049//1988 2048//1988
f 2051//1989 2048//1989 2046//1989
f 2053//1990 2052//1990 2051//1990
f 1948//1991 1946//1991 2053//1991
f 2053//1992 1944//1992 2052//1992
f 2054//1993 1948//1993 2053//1993
f 2055//1994 1952//1994 2056//1994
f 1952//1995 2054//1995 2056//1995
f 1960//1996 1959//1996 2057//1996
f 2059//1997 1960//1997 2057//1997
f 2061//1998 1961//1998 1962//1998
f 2063//1999 2061//1999 2060//1999
f 2064//2000 2060//2000 2059//2000
f 1965//2001 805//2001 692//2001
f 2047//2002 1936//2002 2046//2002
f 2066//2003 2065//2003 1965//2003
f 2067//2004 2065//2004 2066//2004
f 2049//2005 1936//2005 2047//2005
f 1943//2006 1940//2006 2049//2006
f 1970//2007 2067//2007 1967//2007
f 2067//2008 2069//2008 2065//2008
f 1972//2009 2068//2009 1970//2009
f 1972//2010 2070//2010 2068//2010
f 1975//2011 1977//2011 1974//2011
f 1974//2012 2070//2012 1972//2012
f 1977//2013 2072//2013 2071//2013
f 2074//2014 2072//2014 1977//2014
f 1980//2015 2073//2015 1977//2015
f 1980//2016 2075//2016 2073//2016
f 2075//2017 2076//2017 2073//2017
f 1987//2018 2075//2018 1980//2018
f 2001//2019 2078//2019 1987//2019
f 2039//2020 2081//2020 2002//2020
f 1961//2021 2061//2021 2062//2021
f 2038//2022 2082//2022 2040//2022
f 2083//2023 2019//2023 2062//2023
f 2081//2024 2078//2024 2001//2024
f 2082//2025 2084//2025 2039//2025
f 2081//2026 2085//2026 2078//2026
f 2084//2027 2085//2027 2081//2027
f 2082//2028 2086//2028 2084//2028
f 2035//2029 2034//2029 2088//2029
f 2089//2030 2036//2030 2035//2030
f 2041//2031 2036//2031 2089//2031
f 2091//2032 2041//2032 2090//2032
f 2044//2033 2092//2033 2043//2033
f 2093//2034 2042//2034 2091//2034
f 2093//2035 2096//2035 2044//2035
f 2097//2036 2091//2036 2095//2036
f 2099//2037 2089//2037 2088//2037
f 2100//2038 2090//2038 2089//2038
f 2102//2039 2095//2039 2094//2039
f 2102//2040 2094//2040 2101//2040
f 2096//2041 2103//2041 2080//2041
f 2104//2042 2093//2042 2097//2042
f 2105//2043 2097//2043 2102//2043
f 2098//2044 2088//2044 2083//2044
f 2106//2045 2099//2045 2098//2045
f 2107//2046 2100//2046 2099//2046
f 2101//2047 2100//2047 2107//2047
f 2109//2048 2101//2048 2108//2048
f 2110//2049 2098//2049 2083//2049
f 2111//2050 2098//2050 2110//2050
f 2113//2051 2106//2051 2112//2051
f 2113//2052 2107//2052 2106//2052
f 2108//2053 2107//2053 2113//2053
f 2109//2054 2115//2054 2102//2054
f 2116//2055 2108//2055 2114//2055
f 2104//2056 2117//2056 2103//2056
f 2105//2057 2117//2057 2104//2057
f 2103//2058 2118//2058 2082//2058
f 2112//2059 2111//2059 2120//2059
f 2114//2060 2113//2060 2112//2060
f 2116//2061 2121//2061 2109//2061
f 2115//2062 2109//2062 2121//2062
f 2122//2063 2083//2063 2062//2063
f 2121//2064 2123//2064 2115//2064
f 2117//2065 2124//2065 2118//2065
f 2125//2066 2062//2066 2063//2066
f 2123//2067 2126//2067 2117//2067
f 2114//2068 2112//2068 2120//2068
f 2128//2069 2120//2069 2119//2069
f 2130//2070 2120//2070 2129//2070
f 2127//2071 2121//2071 2116//2071
f 2131//2072 2114//2072 2130//2072
f 2119//2073 2110//2073 2132//2073
f 2133//2074 2128//2074 2119//2074
f 2131//2075 2135//2075 2127//2075
f 2136//2076 2130//2076 2134//2076
f 2045//2077 596//2077 722//2077
f 2051//2078 2045//2078 722//2078
f 2138//2079 722//2079 2137//2079
f 2139//2080 2051//2080 2138//2080
f 2139//2081 2053//2081 2051//2081
f 2058//2082 2056//2082 2141//2082
f 2057//2083 2055//2083 2142//2083
f 2059//2084 2057//2084 2142//2084
f 2143//2085 2059//2085 2142//2085
f 2145//2086 2064//2086 2144//2086
f 2147//2087 2064//2087 2145//2087
f 2149//2088 2147//2088 2146//2088
f 2148//2089 2147//2089 2149//2089
f 2153//2090 2152//2090 805//2090
f 2069//2091 2153//2091 2065//2091
f 2071//2092 2153//2092 2070//2092
f 2155//2093 2153//2093 2071//2093
f 2074//2094 2157//2094 2072//2094
f 2157//2095 2156//2095 2072//2095
f 2077//2096 2160//2096 2075//2096
f 2160//2097 2159//2097 2075//2097
f 2079//2098 2160//2098 2077//2098
f 2087//2099 2161//2099 2079//2099
f 2079//2100 2161//2100 2160//2100
f 2163//2101 2162//2101 2087//2101
f 2124//2102 2085//2102 2086//2102
f 2126//2103 2165//2103 2124//2103
f 2123//2104 2167//2104 2126//2104
f 2165//2105 2163//2105 2085//2105
f 2148//2106 2125//2106 2147//2106
f 2169//2107 2170//2107 2165//2107
f 2170//2108 2171//2108 2163//2108
f 2173//2109 2129//2109 2133//2109
f 2136//2110 2175//2110 2131//2110
f 2176//2111 2134//2111 2174//2111
f 2178//2112 2175//2112 2136//2112
f 2179//2113 2132//2113 2166//2113
f 2183//2114 2174//2114 2181//2114
f 2176//2115 2178//2115 2136//2115
f 2176//2116 2174//2116 2183//2116
f 2178//2117 2177//2117 2175//2117
f 2185//2118 2180//2118 2184//2118
f 2178//2119 2176//2119 2186//2119
f 2166//2120 2122//2120 2125//2120
f 2184//2121 2179//2121 2166//2121
f 2188//2122 2181//2122 2187//2122
f 2189//2123 2182//2123 2188//2123
f 2178//2124 2190//2124 2177//2124
f 2168//2125 2169//2125 2167//2125
f 2177//2126 2191//2126 2168//2126
f 2151//2127 2125//2127 2148//2127
f 2194//2128 2185//2128 2184//2128
f 2187//2129 2185//2129 2194//2129
f 2198//2130 2166//2130 2192//2130
f 2193//2131 2184//2131 2198//2131
f 2201//2132 2187//2132 2200//2132
f 2196//2133 2195//2133 2189//2133
f 2196//2134 2188//2134 2201//2134
f 2191//2135 2170//2135 2169//2135
f 2192//2136 2166//2136 2151//2136
f 2199//2137 2193//2137 2198//2137
f 2204//2138 2194//2138 2199//2138
f 2203//2139 2202//2139 2191//2139
f 2205//2140 2206//2140 2197//2140
f 2211//2141 2200//2141 2204//2141
f 2211//2142 2204//2142 2210//2142
f 2209//2143 2205//2143 2196//2143
f 2209//2144 2201//2144 2211//2144
f 2212//2145 2199//2145 2198//2145
f 2211//2146 2214//2146 2209//2146
f 2205//2147 2209//2147 2214//2147
f 2140//2148 2139//2148 2138//2148
f 2141//2149 2054//2149 2140//2149
f 2215//2150 2058//2150 2141//2150
f 2142//2151 2058//2151 2215//2151
f 2143//2152 2142//2152 2216//2152
f 2218//2153 2143//2153 2217//2153
f 2219//2154 2144//2154 2218//2154
f 2149//2155 2219//2155 2218//2155
f 2222//2156 2218//2156 2220//2156
f 2223//2157 2151//2157 2221//2157
f 2224//2158 2223//2158 2221//2158
f 2225//2159 2221//2159 2226//2159
f 2154//2160 2227//2160 2152//2160
f 2155//2161 2154//2161 2153//2161
f 2228//2162 2155//2162 2156//2162
f 2228//2163 2229//2163 2155//2163
f 2157//2164 2228//2164 2156//2164
f 2158//2165 2228//2165 2076//2165
f 2076//2166 2159//2166 2158//2166
f 2159//2167 2231//2167 2158//2167
f 2232//2168 2233//2168 2159//2168
f 2160//2169 2161//2169 2159//2169
f 2161//2170 2232//2170 2159//2170
f 2162//2171 2236//2171 2161//2171
f 2164//2172 2237//2172 2162//2172
f 2237//2173 2236//2173 2162//2173
f 2238//2174 2236//2174 2237//2174
f 2172//2175 2238//2175 2170//2175
f 2171//2176 2237//2176 2164//2176
f 2171//2177 2238//2177 2237//2177
f 2172//2178 2239//2178 2238//2178
f 2202//2179 2172//2179 2170//2179
f 2208//2180 2207//2180 2203//2180
f 2240//2181 2192//2181 2223//2181
f 2208//2182 2241//2182 2207//2182
f 2206//2183 2241//2183 2208//2183
f 2241//2184 2172//2184 2202//2184
f 2241//2185 2243//2185 2172//2185
f 2242//2186 2244//2186 2241//2186
f 2246//2187 2212//2187 2245//2187
f 2247//2188 2212//2188 2246//2188
f 2214//2189 2206//2189 2205//2189
f 2214//2190 2211//2190 2248//2190
f 2245//2191 2198//2191 2240//2191
f 2250//2192 2247//2192 2249//2192
f 2251//2193 2213//2193 2250//2193
f 2252//2194 2245//2194 2240//2194
f 2253//2195 2245//2195 2252//2195
f 2249//2196 2246//2196 2253//2196
f 2251//2197 2250//2197 2254//2197
f 2214//2198 2256//2198 2206//2198
f 2254//2199 2249//2199 2258//2199
f 2260//2200 2255//2200 2259//2200
f 2261//2201 2240//2201 2223//2201
f 2257//2202 2240//2202 2261//2202
f 2262//2203 2253//2203 2257//2203
f 2263//2204 2258//2204 2262//2204
f 2264//2205 2254//2205 2263//2205
f 2260//2206 2256//2206 2255//2206
f 2266//2207 2257//2207 2265//2207
f 2267//2208 2262//2208 2266//2208
f 2264//2209 2263//2209 2268//2209
f 2260//2210 2269//2210 2256//2210
f 2271//2211 2223//2211 2224//2211
f 2273//2212 2267//2212 2272//2212
f 2268//2213 2274//2213 2264//2213
f 2268//2214 2263//2214 2273//2214
f 2272//2215 2266//2215 2276//2215
f 2275//2216 2277//2216 2268//2216
f 2274//2217 2278//2217 2269//2217
f 2270//2218 2244//2218 2242//2218
f 2281//2219 2216//2219 2215//2219
f 2217//2220 2216//2220 2282//2220
f 2282//2221 2216//2221 2281//2221
f 2283//2222 2218//2222 2217//2222
f 2283//2223 2217//2223 2282//2223
f 2220//2224 2218//2224 2283//2224
f 2285//2225 2220//2225 2284//2225
f 2287//2226 2222//2226 2286//2226
f 2288//2227 2286//2227 2289//2227
f 2226//2228 2221//2228 2287//2228
f 2290//2229 2226//2229 2291//2229
f 2292//2230 2291//2230 2288//2230
f 2294//2231 2290//2231 2292//2231
f 2295//2232 2293//2232 2290//2232
f 2152//2233 1037//2233 965//2233
f 2154//2234 2296//2234 2227//2234
f 2230//2235 2297//2235 2154//2235
f 2231//2236 2233//2236 2230//2236
f 2159//2237 2233//2237 2231//2237
f 2299//2238 2302//2238 2298//2238
f 2235//2239 2304//2239 2232//2239
f 2306//2240 2307//2240 2303//2240
f 2238//2241 2308//2241 2236//2241
f 2310//2242 2309//2242 2308//2242
f 2311//2243 2312//2243 2310//2243
f 2244//2244 2313//2244 2243//2244
f 2243//2245 2311//2245 2239//2245
f 2313//2246 2311//2246 2243//2246
f 2314//2247 2313//2247 2244//2247
f 2291//2248 2287//2248 2288//2248
f 2314//2249 2315//2249 2313//2249
f 2319//2250 2272//2250 2318//2250
f 2320//2251 2273//2251 2319//2251
f 2277//2252 2278//2252 2274//2252
f 2321//2253 2276//2253 2317//2253
f 2322//2254 2318//2254 2321//2254
f 2320//2255 2319//2255 2322//2255
f 2270//2256 2314//2256 2244//2256
f 2278//2257 2326//2257 2270//2257
f 2327//2258 2224//2258 2293//2258
f 2329//2259 2317//2259 2328//2259
f 2323//2260 2320//2260 2330//2260
f 2328//2261 2271//2261 2327//2261
f 2324//2262 2333//2262 2326//2262
f 2336//2263 2327//2263 2293//2263
f 2332//2264 2327//2264 2336//2264
f 2333//2265 2337//2265 2325//2265
f 2335//2266 2337//2266 2333//2266
f 2342//2267 2339//2267 2341//2267
f 2344//2268 2328//2268 2343//2268
f 2345//2269 2329//2269 2344//2269
f 2347//2270 2340//2270 2345//2270
f 2342//2271 2341//2271 2347//2271
f 2343//2272 2328//2272 2332//2272
f 2349//2273 2344//2273 2343//2273
f 2346//2274 2344//2274 2349//2274
f 2348//2275 2334//2275 2331//2275
f 2348//2276 2342//2276 2350//2276
f 2353//2277 2346//2277 2352//2277
f 2354//2278 2347//2278 2353//2278
f 2355//2279 2349//2279 2351//2279
f 2356//2280 2352//2280 2355//2280
f 2354//2281 2353//2281 2356//2281
f 2279//2282 980//2282 2358//2282
f 2360//2283 2280//2283 2361//2283
f 2215//2284 2280//2284 2360//2284
f 2364//2285 2282//2285 2281//2285
f 2283//2286 2282//2286 2364//2286
f 2365//2287 2289//2287 2285//2287
f 2292//2288 2288//2288 2365//2288
f 2368//2289 2292//2289 2367//2289
f 2369//2290 2294//2290 2368//2290
f 2370//2291 2295//2291 2369//2291
f 2371//2292 2370//2292 2372//2292
f 2375//2293 2373//2293 2371//2293
f 2378//2294 1094//2294 2227//2294
f 2297//2295 2379//2295 2296//2295
f 2230//2296 2381//2296 2297//2296
f 2381//2297 2380//2297 2297//2297
f 2382//2298 2381//2298 2298//2298
f 2302//2299 2382//2299 2298//2299
f 2301//2300 2383//2300 2300//2300
f 2305//2301 2383//2301 2301//2301
f 2385//2302 2386//2302 2384//2302
f 2384//2303 2386//2303 2383//2303
f 2385//2304 2387//2304 2386//2304
f 2307//2305 2384//2305 2305//2305
f 2306//2306 2385//2306 2307//2306
f 2388//2307 2385//2307 2306//2307
f 2308//2308 2388//2308 2306//2308
f 2315//2309 2391//2309 2309//2309
f 2316//2310 2391//2310 2315//2310
f 2316//2311 2392//2311 2391//2311
f 2338//2312 2393//2312 2335//2312
f 2393//2313 2316//2313 2337//2313
f 2396//2314 2351//2314 2395//2314
f 2397//2315 2355//2315 2396//2315
f 2356//2316 2355//2316 2397//2316
f 2399//2317 2357//2317 2398//2317
f 2395//2318 2332//2318 2336//2318
f 2403//2319 2356//2319 2402//2319
f 2357//2320 2400//2320 2334//2320
f 2399//2321 2404//2321 2357//2321
f 2401//2322 2395//2322 2336//2322
f 2405//2323 2395//2323 2401//2323
f 2406//2324 2396//2324 2405//2324
f 2403//2325 2402//2325 2407//2325
f 2400//2326 2408//2326 2338//2326
f 2410//2327 2405//2327 2401//2327
f 2406//2328 2405//2328 2410//2328
f 2407//2329 2412//2329 2403//2329
f 2413//2330 2402//2330 2411//2330
f 2414//2331 2409//2331 2373//2331
f 2416//2332 2414//2332 2415//2332
f 2416//2333 2410//2333 2414//2333
f 2417//2334 2410//2334 2416//2334
f 2418//2335 2406//2335 2417//2335
f 2413//2336 2411//2336 2418//2336
f 2412//2337 2413//2337 2419//2337
f 2373//2338 2370//2338 2371//2338
f 2373//2339 2409//2339 2370//2339
f 2415//2340 2414//2340 2373//2340
f 2421//2341 2415//2341 2420//2341
f 2421//2342 2416//2342 2415//2342
f 2422//2343 2416//2343 2421//2343
f 2418//2344 2417//2344 2422//2344
f 2404//2345 2428//2345 2408//2345
f 2376//2346 2415//2346 2374//2346
f 2422//2347 2421//2347 2429//2347
f 2429//2348 2420//2348 2431//2348
f 2429//2349 2421//2349 2420//2349
f 2433//2350 2429//2350 2432//2350
f 2430//2351 2426//2351 2418//2351
f 2430//2352 2422//2352 2433//2352
f 2431//2353 2376//2353 2377//2353
f 2431//2354 2420//2354 2376//2354
f 2432//2355 2431//2355 2435//2355
f 2432//2356 2429//2356 2431//2356
f 2426//2357 2430//2357 2434//2357
f 2359//2358 2279//2358 2358//2358
f 2361//2359 2280//2359 2359//2359
f 2438//2360 2361//2360 2359//2360
f 2439//2361 2281//2361 2362//2361
f 2446//2362 2368//2362 2443//2362
f 2445//2363 2368//2363 2446//2363
f 2375//2364 2371//2364 2450//2364
f 2450//2365 2372//2365 2449//2365
f 2453//2366 2452//2366 2455//2366
f 2449//2367 2369//2367 2456//2367
f 2452//2368 2450//2368 2454//2368
f 2454//2369 2449//2369 2457//2369
f 2459//2370 2455//2370 2458//2370
f 2459//2371 2458//2371 2460//2371
f 2458//2372 2454//2372 2461//2372
f 2460//2373 2458//2373 2461//2373
f 2461//2374 2454//2374 2462//2374
f 2460//2375 2461//2375 2464//2375
f 2456//2376 2445//2376 2447//2376
f 2377//2377 2376//2377 2451//2377
f 2467//2378 2377//2378 2448//2378
f 2468//2379 2465//2379 2467//2379
f 2469//2380 2448//2380 2453//2380
f 2468//2381 2467//2381 2469//2381
f 2472//2382 2453//2382 2459//2382
f 2473//2383 2469//2383 2472//2383
f 2475//2384 2471//2384 2474//2384
f 2478//2385 2472//2385 2477//2385
f 2474//2386 2471//2386 2479//2386
f 2480//2387 2459//2387 2460//2387
f 2477//2388 2459//2388 2480//2388
f 2483//2389 2481//2389 2482//2389
f 2483//2390 2478//2390 2481//2390
f 2484//2391 2479//2391 2483//2391
f 2485//2392 2474//2392 2484//2392
f 2486//2393 2474//2393 2485//2393
f 2488//2394 2477//2394 2487//2394
f 2482//2395 2481//2395 2488//2395
f 2490//2396 2484//2396 2489//2396
f 2485//2397 2484//2397 2490//2397
f 2379//2398 2378//2398 2296//2398
f 2380//2399 2491//2399 2379//2399
f 2381//2400 2492//2400 2380//2400
f 2382//2401 2492//2401 2381//2401
f 2386//2402 2494//2402 2382//2402
f 2494//2403 2495//2403 2382//2403
f 2387//2404 2494//2404 2386//2404
f 2388//2405 2387//2405 2385//2405
f 2389//2406 2496//2406 2387//2406
f 2390//2407 2498//2407 2389//2407
f 2391//2408 2390//2408 2388//2408
f 2500//2409 2499//2409 2390//2409
f 2501//2410 2500//2410 2391//2410
f 2316//2411 2394//2411 2392//2411
f 2393//2412 2394//2412 2316//2412
f 2394//2413 2501//2413 2392//2413
f 2427//2414 2505//2414 2424//2414
f 2505//2415 2508//2415 2428//2415
f 2506//2416 2394//2416 2425//2416
f 2509//2417 2510//2417 2507//2417
f 2508//2418 2511//2418 2506//2418
f 2512//2419 2502//2419 2394//2419
f 2511//2420 2512//2420 2394//2420
f 2510//2421 2513//2421 2508//2421
f 2465//2422 2431//2422 2377//2422
f 2436//2423 2465//2423 2466//2423
f 2436//2424 2432//2424 2435//2424
f 2436//2425 2515//2425 2433//2425
f 2426//2426 2504//2426 2427//2426
f 2437//2427 2504//2427 2426//2427
f 2437//2428 2434//2428 2515//2428
f 2516//2429 2466//2429 2468//2429
f 2517//2430 2466//2430 2516//2430
f 2518//2431 2436//2431 2517//2431
f 2519//2432 2436//2432 2518//2432
f 2437//2433 2520//2433 2504//2433
f 2521//2434 2515//2434 2519//2434
f 2523//2435 2516//2435 2522//2435
f 2518//2436 2524//2436 2519//2436
f 2524//2437 2517//2437 2523//2437
f 2521//2438 2519//2438 2524//2438
f 2521//2439 2509//2439 2520//2439
f 2520//2440 2509//2440 2507//2440
f 2476//2441 2470//2441 2475//2441
f 2523//2442 2522//2442 2476//2442
f 2526//2443 2521//2443 2525//2443
f 2525//2444 2523//2444 2527//2444
f 2527//2445 2475//2445 2486//2445
f 2529//2446 2530//2446 2527//2446
f 2530//2447 2531//2447 2525//2447
f 2532//2448 2525//2448 2531//2448
f 2526//2449 2532//2449 2509//2449
f 2535//2450 2361//2450 2438//2450
f 2439//2451 2362//2451 2535//2451
f 2440//2452 2439//2452 2535//2452
f 2440//2453 2535//2453 2536//2453
f 2366//2454 2441//2454 2442//2454
f 2537//2455 2366//2455 2442//2455
f 2538//2456 2443//2456 2444//2456
f 2537//2457 2444//2457 2366//2457
f 2538//2458 2444//2458 2537//2458
f 2539//2459 2538//2459 2537//2459
f 2446//2460 2443//2460 2538//2460
f 2447//2461 2446//2461 2540//2461
f 2540//2462 2446//2462 2541//2462
f 2541//2463 2538//2463 2539//2463
f 2543//2464 2462//2464 2542//2464
f 2544//2465 2462//2465 2543//2465
f 2545//2466 2461//2466 2544//2466
f 2545//2467 2546//2467 2463//2467
f 2542//2468 2456//2468 2547//2468
f 2548//2469 2549//2469 2546//2469
f 2548//2470 2544//2470 2550//2470
f 2543//2471 2542//2471 2551//2471
f 2551//2472 2542//2472 2547//2472
f 2549//2473 2548//2473 2552//2473
f 2552//2474 2548//2474 2550//2474
f 2550//2475 2543//2475 2551//2475
f 2551//2476 2547//2476 2553//2476
f 2487//2477 2480//2477 2463//2477
f 2489//2478 2482//2478 2554//2478
f 2490//2479 2489//2479 2555//2479
f 2554//2480 2487//2480 2556//2480
f 2555//2481 2489//2481 2557//2481
f 2560//2482 2554//2482 2559//2482
f 2556//2483 2463//2483 2546//2483
f 2557//2484 2554//2484 2560//2484
f 2562//2485 2490//2485 2561//2485
f 2558//2486 2485//2486 2562//2486
f 2563//2487 2546//2487 2549//2487
f 2565//2488 2560//2488 2564//2488
f 2557//2489 2560//2489 2565//2489
f 2562//2490 2561//2490 2566//2490
f 2565//2491 2564//2491 2568//2491
f 2570//2492 2549//2492 2569//2492
f 2568//2493 2563//2493 2570//2493
f 2569//2494 2549//2494 2552//2494
f 2572//2495 2565//2495 2571//2495
f 2573//2496 2566//2496 2572//2496
f 2562//2497 2566//2497 2573//2497
f 2567//2498 2562//2498 2575//2498
f 1094//2499 1241//2499 1163//2499
f 2378//2500 1241//2500 1094//2500
f 2378//2501 2576//2501 1241//2501
f 2379//2502 2491//2502 2378//2502
f 2491//2503 2577//2503 2378//2503
f 2493//2504 2578//2504 2491//2504
f 2495//2505 2493//2505 2492//2505
f 2496//2506 2495//2506 2494//2506
f 2497//2507 2581//2507 2496//2507
f 2581//2508 2580//2508 2496//2508
f 2499//2509 2583//2509 2498//2509
f 2583//2510 2584//2510 2498//2510
f 2584//2511 2582//2511 2497//2511
f 2587//2512 2588//2512 2499//2512
f 2586//2513 2585//2513 2583//2513
f 2503//2514 2587//2514 2501//2514
f 2503//2515 2588//2515 2587//2515
f 2513//2516 2593//2516 2511//2516
f 2593//2517 2512//2517 2511//2517
f 2592//2518 2594//2518 2514//2518
f 2514//2519 2595//2519 2513//2519
f 2528//2520 2532//2520 2597//2520
f 2528//2521 2592//2521 2510//2521
f 2529//2522 2486//2522 2558//2522
f 2529//2523 2599//2523 2530//2523
f 2531//2524 2530//2524 2599//2524
f 2597//2525 2531//2525 2600//2525
f 2602//2526 2558//2526 2567//2526
f 2599//2527 2529//2527 2602//2527
f 2601//2528 2603//2528 2598//2528
f 2603//2529 2596//2529 2592//2529
f 2536//2530 2535//2530 2604//2530
f 2605//2531 2440//2531 2536//2531
f 2442//2532 2440//2532 2606//2532
f 2607//2533 2442//2533 2606//2533
f 2541//2534 2539//2534 2611//2534
f 2611//2535 2539//2535 2609//2535
f 2610//2536 2541//2536 2611//2536
f 2611//2537 2609//2537 2612//2537
f 2613//2538 2611//2538 2614//2538
f 2552//2539 2550//2539 2615//2539
f 2615//2540 2551//2540 2616//2540
f 2616//2541 2551//2541 2553//2541
f 2553//2542 2540//2542 2610//2542
f 2617//2543 2615//2543 2620//2543
f 2620//2544 2616//2544 2621//2544
f 2622//2545 2610//2545 2613//2545
f 2623//2546 2553//2546 2622//2546
f 2621//2547 2553//2547 2623//2547
f 2619//2548 2617//2548 2624//2548
f 2626//2549 2570//2549 2569//2549
f 2625//2550 2574//2550 2626//2550
f 2627//2551 2574//2551 2625//2551
f 2628//2552 2571//2552 2627//2552
f 2629//2553 2573//2553 2628//2553
f 2575//2554 2573//2554 2629//2554
f 2575//2555 2630//2555 2567//2555
f 2631//2556 2569//2556 2618//2556
f 2626//2557 2569//2557 2631//2557
f 2618//2558 2569//2558 2617//2558
f 2633//2559 2628//2559 2627//2559
f 2629//2560 2628//2560 2633//2560
f 2634//2561 2626//2561 2631//2561
f 2635//2562 2625//2562 2634//2562
f 2633//2563 2627//2563 2636//2563
f 2630//2564 2575//2564 2637//2564
f 2634//2565 2631//2565 2638//2565
f 2635//2566 2639//2566 2640//2566
f 2618//2567 2638//2567 2631//2567
f 2636//2568 2632//2568 2635//2568
f 2636//2569 2635//2569 2641//2569
f 2637//2570 2633//2570 2642//2570
f 2639//2571 2634//2571 2638//2571
f 2646//2572 2641//2572 2644//2572
f 2642//2573 2636//2573 2646//2573
f 2643//2574 2637//2574 2647//2574
f 2649//2575 2639//2575 2648//2575
f 2652//2576 2649//2576 2650//2576
f 2652//2577 2640//2577 2649//2577
f 2651//2578 2638//2578 2645//2578
f 2644//2579 2641//2579 2652//2579
f 2645//2580 2618//2580 2619//2580
f 2646//2581 2644//2581 2653//2581
f 2654//2582 2652//2582 2650//2582
f 2655//2583 2653//2583 2654//2583
f 2656//2584 2653//2584 2655//2584
f 2647//2585 2646//2585 2656//2585
f 2659//2586 2649//2586 2658//2586
f 2654//2587 2650//2587 2659//2587
f 2655//2588 2654//2588 2660//2588
f 2657//2589 2647//2589 2661//2589
f 2662//2590 2656//2590 2655//2590
f 2661//2591 2656//2591 2662//2591
f 2495//2592 2664//2592 2578//2592
f 2665//2593 2666//2593 2581//2593
f 2583//2594 2585//2594 2584//2594
f 2584//2595 2667//2595 2582//2595
f 2585//2596 2667//2596 2584//2596
f 2667//2597 2665//2597 2582//2597
f 2585//2598 2668//2598 2667//2598
f 2667//2599 2666//2599 2665//2599
f 2588//2600 2671//2600 2499//2600
f 2671//2601 2585//2601 2586//2601
f 2672//2602 2673//2602 2588//2602
f 2512//2603 2591//2603 2590//2603
f 2590//2604 2672//2604 2589//2604
f 2595//2605 2676//2605 2593//2605
f 2677//2606 2678//2606 2594//2606
f 2595//2607 2680//2607 2676//2607
f 2678//2608 2680//2608 2595//2608
f 2680//2609 2681//2609 2676//2609
f 2599//2610 2602//2610 2630//2610
f 2684//2611 2600//2611 2683//2611
f 2685//2612 2677//2612 2596//2612
f 2684//2613 2686//2613 2601//2613
f 2684//2614 2683//2614 2687//2614
f 2686//2615 2688//2615 2685//2615
f 2687//2616 2643//2616 2657//2616
f 2684//2617 2687//2617 2689//2617
f 2685//2618 2679//2618 2677//2618
f 2690//2619 2691//2619 2686//2619
f 2688//2620 2679//2620 2685//2620
f 2534//2621 2533//2621 2692//2621
f 2693//2622 2534//2622 2692//2622
f 2536//2623 2604//2623 2694//2623
f 2606//2624 2440//2624 2605//2624
f 2608//2625 2607//2625 2606//2625
f 2614//2626 2612//2626 2696//2626
f 2698//2627 2613//2627 2697//2627
f 2697//2624 2614//2624 2696//2624
f 2624//2628 2620//2628 2699//2628
f 2700//2629 2624//2629 2701//2629
f 2701//2630 2699//2630 2703//2630
f 2704//2631 2622//2631 2698//2631
f 2702//2632 2623//2632 2704//2632
f 2706//2633 2648//2633 2705//2633
f 2658//2634 2648//2634 2706//2634
f 2651//2635 2705//2635 2648//2635
f 2708//2636 2654//2636 2707//2636
f 2710//2637 2657//2637 2709//2637
f 2689//2638 2657//2638 2710//2638
f 2659//2639 2658//2639 94//2639
f 2705//2640 2645//2640 2711//2640
f 2712//2641 2659//2641 96//2641
f 2711//2642 2619//2642 2700//2642
f 2710//2643 2709//2643 2713//2643
f 2689//2644 2710//2644 2714//2644
f 2706//2645 2705//2645 2715//2645
f 2714//2646 2713//2646 2718//2646
f 2655//2647 2660//2647 2708//2647
f 2719//2648 2707//2648 2712//2648
f 2720//2649 2708//2649 2719//2649
f 2655//2650 2708//2650 2720//2650
f 2722//2651 2655//2651 2721//2651
f 2709//2652 2662//2652 2722//2652
f 2713//2653 2709//2653 2723//2653
f 2724//2654 2712//2654 97//2654
f 2725//2655 2719//2655 2724//2655
f 2726//2656 2721//2656 2725//2656
f 2723//2657 2721//2657 2726//2657
f 2726//2658 2725//2658 2727//2658
f 2729//2659 2723//2659 2728//2659
f 2718//2660 2723//2660 2729//2660
f 2730//2661 97//2661 102//2661
f 2727//2662 2724//2662 2730//2662
f 2728//2663 2726//2663 2731//2663
f 2663//2664 2732//2664 2577//2664
f 2579//2665 2734//2665 2664//2665
f 2734//2666 2733//2666 2664//2666
f 2580//2667 2734//2667 2579//2667
f 2735//2668 2736//2668 2666//2668
f 2668//2669 2735//2669 2666//2669
f 2669//2670 2737//2670 2668//2670
f 2671//2671 2670//2671 2585//2671
f 2670//2672 2671//2672 2739//2672
f 2673//2673 2739//2673 2671//2673
f 2739//2674 2741//2674 2670//2674
f 2741//2675 2740//2675 2670//2675
f 2675//2676 2742//2676 2673//2676
f 2742//2677 2743//2677 2673//2677
f 2591//2678 2675//2678 2672//2678
f 2681//2679 2742//2679 2675//2679
f 2681//2680 2675//2680 2674//2680
f 2678//2681 2744//2681 2680//2681
f 2680//2682 2746//2682 2681//2682
f 2744//2683 2746//2683 2680//2683
f 2745//2684 2744//2684 2678//2684
f 2690//2685 2689//2685 2747//2685
f 2691//2686 2748//2686 2688//2686
f 2747//2687 2689//2687 2714//2687
f 2749//2688 2750//2688 2690//2688
f 2691//2689 2690//2689 2750//2689
f 2748//2690 2751//2690 2679//2690
f 2691//2691 2753//2691 2748//2691
f 2751//2692 2745//2692 2682//2692
f 2751//2693 2748//2693 2753//2693
f 2694//906 2438//906 2534//906
f 2536//2694 2694//2694 2755//2694
f 2695//2695 2536//2695 2755//2695
f 2605//2696 2695//2696 2756//2696
f 2696//2697 2608//2697 2758//2697
f 2760//2698 2697//2698 2759//2698
f 2762//2699 2703//2699 2761//2699
f 2765//2700 2704//2700 2764//2700
f 2763//2701 2704//2701 2765//2701
f 2761//2702 2702//2702 2763//2702
f 2764//2703 2698//2703 2760//2703
f 2717//2704 99//2704 95//2704
f 2718//2705 2768//2705 2752//2705
f 2701//2706 2767//2706 2716//2706
f 2769//2707 2701//2707 2762//2707
f 99//2708 2715//2708 2770//2708
f 2770//2709 2716//2709 2767//2709
f 2773//2710 2731//2710 2772//2710
f 2728//2711 2731//2711 2773//2711
f 2772//2712 2730//2712 104//2712
f 2773//2713 2772//2713 2774//2713
f 2766//2714 2729//2714 2775//2714
f 2774//2715 2772//2715 2776//2715
f 2776//2716 104//2716 105//2716
f 2775//2717 2773//2717 2777//2717
f 2779//2718 2776//2718 105//2718
f 2777//2719 2774//2719 2779//2719
f 2778//2720 2775//2720 2780//2720
f 2779//2721 105//2721 107//2721
f 2780//2722 2777//2722 2779//2722
f 2782//2723 2779//2723 2781//2723
f 2780//2724 2779//2724 2782//2724
f 2778//2725 2784//2725 2766//2725
f 2778//2726 2780//2726 2783//2726
f 2768//2727 2766//2727 2784//2727
f 2732//2728 1444//2728 1322//2728
f 2733//2729 2786//2729 2663//2729
f 2580//2294 2736//2294 2734//2294
f 2738//2730 2790//2730 2735//2730
f 2790//2731 2788//2731 2735//2731
f 2789//2732 2791//2732 2738//2732
f 2740//2733 2789//2733 2737//2733
f 2793//2734 2795//2734 2789//2734
f 2794//2735 2793//2735 2792//2735
f 2797//2736 2741//2736 2739//2736
f 2797//2737 2794//2737 2741//2737
f 2743//2738 2799//2738 2673//2738
f 2746//2739 2801//2739 2742//2739
f 2744//2740 2802//2740 2746//2740
f 2745//2741 2803//2741 2744//2741
f 2804//2742 2803//2742 2745//2742
f 2803//2743 2806//2743 2802//2743
f 2804//2744 2805//2744 2803//2744
f 2752//2745 2768//2745 2749//2745
f 2808//2746 2804//2746 2745//2746
f 2808//2747 2805//2747 2804//2747
f 2692//2748 1297//2748 1422//2748
f 2692//2749 1422//2749 2811//2749
f 2812//2750 2692//2750 2811//2750
f 2693//2751 2692//2751 2812//2751
f 2756//2752 2695//2752 2814//2752
f 2758//2753 2608//2753 2757//2753
f 2759//2754 2696//2754 2758//2754
f 2815//2755 2759//2755 2758//2755
f 2761//2756 2763//2756 2817//2756
f 2818//2757 2761//2757 2821//2757
f 2764//2758 2760//2758 2816//2758
f 2820//2759 2764//2759 2823//2759
f 110//2760 101//2760 2824//2760
f 2824//2761 2767//2761 2826//2761
f 2826//2762 2769//2762 2827//2762
f 2769//2763 2762//2763 2818//2763
f 2826//2764 2827//2764 2829//2764
f 2831//2765 107//2765 112//2765
f 2833//2766 2782//2766 2832//2766
f 2783//2767 2780//2767 2833//2767
f 2832//2768 2781//2768 2831//2768
f 2835//2769 2784//2769 2834//2769
f 2771//2770 2784//2770 2835//2770
f 2832//2771 2831//2771 2836//2771
f 2834//2772 2783//2772 2837//2772
f 2836//2773 112//2773 115//2773
f 2838//2774 2832//2774 2836//2774
f 2839//2775 2837//2775 2838//2775
f 2834//2776 2837//2776 2839//2776
f 2841//2777 2836//2777 2840//2777
f 2838//2778 2836//2778 2841//2778
f 2732//2779 1563//2779 1444//2779
f 2785//2780 2842//2780 2732//2780
f 2786//2781 2843//2781 2663//2781
f 2790//2782 2846//2782 2788//2782
f 2791//2783 2846//2783 2790//2783
f 2847//2784 2846//2784 2791//2784
f 2794//2785 2796//2785 2793//2785
f 2797//2786 2849//2786 2794//2786
f 2795//2787 2847//2787 2791//2787
f 2796//2788 2847//2788 2795//2788
f 2798//2789 2850//2789 2743//2789
f 2743//2790 2851//2790 2799//2790
f 2853//2791 2850//2791 2800//2791
f 2802//2792 2854//2792 2801//2792
f 2854//2793 2855//2793 2801//2793
f 2806//2794 2854//2794 2802//2794
f 2855//2795 2853//2795 2800//2795
f 2809//2796 2857//2796 2807//2796
f 2807//2797 2858//2797 2808//2797
f 2810//2798 2771//2798 2825//2798
f 2810//2799 2825//2799 2860//2799
f 2860//2800 2825//2800 2828//2800
f 2811//2801 1422//2801 1484//2801
f 2811//2802 1484//2802 2861//2802
f 2693//2803 2812//2803 2813//2803
f 2814//2804 2755//2804 2754//2804
f 2757//2805 2605//2805 2864//2805
f 2815//2806 2758//2806 2865//2806
f 2819//2807 2822//2807 2869//2807
f 2869//2808 2820//2808 2871//2808
f 2822//2809 2820//2809 2869//2809
f 2871//2810 2823//2810 2872//2810
f 2823//2811 2816//2811 2867//2811
f 2824//2812 2826//2812 2874//2812
f 2875//2813 2818//2813 2868//2813
f 2860//2814 2828//2814 2876//2814
f 2830//2815 118//2815 110//2815
f 2874//2816 2829//2816 2875//2816
f 120//2817 118//2817 2877//2817
f 2839//2818 2838//2818 2880//2818
f 2835//2819 2876//2819 2828//2819
f 2880//2820 2841//2820 2884//2820
f 2882//2821 2839//2821 2881//2821
f 2883//2822 117//2822 122//2822
f 2881//2823 2880//2823 2885//2823
f 2882//2824 2878//2824 2876//2824
f 2887//2825 2881//2825 2886//2825
f 2888//2826 122//2826 123//2826
f 2889//2827 2884//2827 2888//2827
f 2885//2828 2884//2828 2889//2828
f 2882//2829 2887//2829 2878//2829
f 2891//2830 1563//2830 2732//2830
f 2785//2831 2892//2831 2842//2831
f 2734//2832 2787//2832 2786//2832
f 2845//2833 2894//2833 2736//2833
f 2846//2834 2845//2834 2788//2834
f 2847//2835 2896//2835 2846//2835
f 2848//2836 2897//2836 2847//2836
f 2849//2837 2897//2837 2848//2837
f 2850//2838 2851//2838 2743//2838
f 2852//2839 2898//2839 2849//2839
f 2850//2840 2899//2840 2851//2840
f 2899//2841 2900//2841 2852//2841
f 2805//2842 2856//2842 2806//2842
f 2902//2843 2805//2843 2903//2843
f 2856//2844 2855//2844 2854//2844
f 2859//2845 2903//2845 2805//2845
f 2857//2846 2908//2846 2858//2846
f 2909//2847 2810//2847 2907//2847
f 2908//2848 2903//2848 2859//2848
f 2907//2849 2876//2849 2878//2849
f 2909//2850 2910//2850 2908//2850
f 2909//2851 2907//2851 2911//2851
f 58//2852 57//2852 2915//2852
f 2915//2853 2912//2853 2913//2853
f 2916//2854 2915//2854 2914//2854
f 2916//2855 2914//2855 2917//2855
f 2918//2856 2916//2856 2919//2856
f 2923//2857 2922//2857 2924//2857
f 2924//2858 2921//2858 2925//2858
f 2930//2859 2926//2859 2929//2859
f 2925//2860 2920//2860 2927//2860
f 2929//2861 2924//2861 2931//2861
f 2932//2862 2927//2862 2928//2862
f 2931//2863 2925//2863 2932//2863
f 2930//2864 2929//2864 2933//2864
f 2931//2865 2932//2865 2928//2865
f 2933//2866 2931//2866 2934//2866
f 2933//2867 2934//2867 2936//2867
f 2935//2868 2933//2868 2936//2868
f 2935//2869 2936//2869 2937//2869
f 2943//2870 2939//2870 2940//2870
f 2944//2871 2941//2871 2943//2871
f 2945//2872 2942//2872 2944//2872
f 2946//2873 2943//2873 2940//2873
f 2947//2874 2943//2874 2946//2874
f 2948//2875 2944//2875 2947//2875
f 2950//2876 2947//2876 2949//2876
f 2952//2877 2949//2877 2951//2877
f 2955//2878 2942//2878 2945//2878
f 2956//2879 2945//2879 2948//2879
f 2957//2880 2948//2880 2950//2880
f 2958//2881 2956//2881 2957//2881
f 2959//2882 2950//2882 2952//2882
f 2960//2883 2957//2883 2959//2883
f 2961//2884 2959//2884 2952//2884
f 2962//2885 2959//2885 2961//2885
f 2963//2886 2960//2886 2962//2886
f 2964//2887 2960//2887 2963//2887
f 2968//2888 2955//2888 2956//2888
f 2969//2889 2966//2889 2968//2889
f 2970//2890 2956//2890 2958//2890
f 2971//2891 2968//2891 2970//2891
f 2964//2892 2958//2892 2960//2892
f 2972//2893 2970//2893 2964//2893
f 2973//2894 2970//2894 2972//2894
f 2974//2895 2971//2895 2973//2895
f 2975//2896 2971//2896 2974//2896
f 2980//2897 2977//2897 2979//2897
f 2981//2898 2976//2898 2967//2898
f 2979//2899 2981//2899 2982//2899
f 2981//2900 2967//2900 2969//2900
f 2984//2901 2981//2901 2983//2901
f 2985//2902 2982//2902 2984//2902
f 2983//2903 2969//2903 2971//2903
f 2986//2904 2984//2904 2983//2904
f 2985//2905 2984//2905 2986//2905
f 2983//2906 2971//2906 2975//2906
f 2988//2907 2983//2907 2975//2907
f 2987//2908 2986//2908 2988//2908
f 2990//2909 2987//2909 2989//2909
f 2989//2910 2987//2910 2991//2910
f 121//2911 120//2911 2992//2911
f 2994//2912 2992//2912 2993//2912
f 2996//2913 2993//2913 2995//2913
f 2999//2914 2998//2914 3000//2914
f 2997//2915 121//2915 2994//2915
f 3002//2916 2997//2916 3001//2916
f 3003//2917 3000//2917 3002//2917
f 3001//2918 2994//2918 2996//2918
f 2996//2919 2995//2919 3005//2919
f 3006//2920 3005//2920 3008//2920
f 3010//2921 3001//2921 3009//2921
f 3011//2922 3002//2922 3010//2922
f 3014//2923 3009//2923 3013//2923
f 3012//2924 3010//2924 3014//2924
f 3013//2925 2996//2925 3006//2925
f 3014//2926 3013//2926 3016//2926
f 3008//2927 3007//2927 3018//2927
f 3020//2928 3008//2928 3019//2928
f 3015//2929 3014//2929 3021//2929
f 3024//2930 3006//2930 3017//2930
f 3021//2931 3016//2931 3024//2931
f 3026//2932 3021//2932 3025//2932
f 3024//2933 3017//2933 3020//2933
f 3028//2934 3024//2934 3027//2934
f 3026//2935 3025//2935 3028//2935
f 3019//2936 3018//2936 3029//2936
f 3030//2937 3019//2937 3029//2937
f 3028//2938 3020//2938 3030//2938
f 3035//2939 2978//2939 2980//2939
f 3038//2940 2980//2940 2982//2940
f 3038//2941 2982//2941 3037//2941
f 3039//2942 2982//2942 2985//2942
f 3040//2943 3037//2943 3039//2943
f 3042//2944 3040//2944 3041//2944
f 3043//2945 3039//2945 2990//2945
f 3043//2946 3041//2946 3039//2946
f 3041//2947 3043//2947 3045//2947
f 3049//2948 3046//2948 3048//2948
f 3048//2949 3036//2949 3038//2949
f 3050//2950 3049//2950 3048//2950
f 3051//2951 3038//2951 3037//2951
f 3052//2952 3051//2952 3040//2952
f 3053//2953 3052//2953 3042//2953
f 3054//2954 3052//2954 3053//2954
f 3055//2955 3042//2955 3044//2955
f 3053//2956 3042//2956 3055//2956
f 3057//2957 3047//2957 3049//2957
f 3058//2958 3057//2958 3050//2958
f 3059//2959 3050//2959 3051//2959
f 3060//2960 3059//2960 3052//2960
f 3061//2961 3059//2961 3060//2961
f 3062//2962 3052//2962 3054//2962
f 3063//2963 3062//2963 3056//2963
f 3064//2964 3062//2964 3063//2964
f 3066//2965 3065//2965 3058//2965
f 3067//2966 3058//2966 3059//2966
f 3068//2967 3058//2967 3067//2967
f 3069//2968 3067//2968 3061//2968
f 3070//2969 3061//2969 3062//2969
f 3071//2970 3061//2970 3070//2970
f 3072//2971 3061//2971 3071//2971
f 3073//2972 3069//2972 3072//2972
f 3071//2973 3070//2973 3064//2973
f 3077//2974 3074//2974 3066//2974
f 3078//2975 3075//2975 3077//2975
f 3079//2976 3066//2976 3068//2976
f 3080//2977 3077//2977 3079//2977
f 3073//2978 3068//2978 3069//2978
f 3081//2979 3068//2979 3073//2979
f 3082//2980 3079//2980 3081//2980
f 3084//2981 3044//2981 3083//2981
f 3085//2982 3055//2982 3084//2982
f 3063//2983 3056//2983 3085//2983
f 1516//2984 3086//2984 1511//2984
f 1513//2985 3087//2985 1512//2985
f 1518//2986 3088//2986 1513//2986
f 3087//2987 3089//2987 1516//2987
f 1518//2988 3090//2988 3088//2988
f 1517//2989 1515//2989 3091//2989
f 3086//2990 3091//2990 1515//2990
f 3089//2991 3092//2991 3086//2991
f 3088//2992 3093//2992 3087//2992
f 2912//2993 3091//2993 3094//2993
f 3092//2994 3094//2994 3091//2994
f 2913//2995 2912//2995 3094//2995
f 3089//2996 3094//2996 3092//2996
f 3093//2997 3095//2997 3089//2997
f 3090//2998 3096//2998 3093//2998
f 2913//2999 3094//2999 3099//2999
f 3095//3000 3100//3000 3094//3000
f 3098//3001 3097//3001 3090//3001
f 3097//3002 3101//3002 3096//3002
f 1517//3003 2912//3003 57//3003
f 3104//3004 1527//3004 3105//3004
f 3106//3005 1524//3005 3104//3005
f 3103//3006 3098//3006 3090//3006
f 3105//3007 1527//3007 2916//3007
f 3107//3008 1532//3008 3106//3008
f 3108//3009 1532//3009 3107//3009
f 3109//3010 1533//3010 3108//3010
f 3111//3011 1531//3011 3110//3011
f 3110//3012 1534//3012 3109//3012
f 1536//3013 1537//3013 3112//3013
f 3113//3014 1535//3014 3111//3014
f 3112//3015 1537//3015 3113//3015
f 1538//3016 1479//3016 1536//3016
f 3116//3017 1419//3017 3115//3017
f 3115//3018 1419//3018 1540//3018
f 1542//3019 1420//3019 1541//3019
f 1543//3020 1542//3020 3118//3020
f 3118//3021 1542//3021 3117//3021
f 1544//3022 1483//3022 3119//3022
f 2861//1332 1484//1332 1544//1332
f 2861//3023 1544//3023 3120//3023
f 1548//3024 1549//3024 1547//3024
f 1546//3025 3122//3025 1526//3025
f 1549//3026 3122//3026 1546//3026
f 3121//3027 3123//3027 1548//3027
f 1549//3028 3124//3028 3122//3028
f 3123//3029 3125//3029 1549//3029
f 3124//3030 3127//3030 3103//3030
f 3125//3031 3128//3031 3124//3031
f 1552//3032 1553//3032 1551//3032
f 1550//3033 3129//3033 1552//3033
f 1553//3034 3131//3034 3121//3034
f 3129//3035 3131//3035 1553//3035
f 3130//3036 3132//3036 3129//3036
f 3131//3037 3126//3037 3123//3037
f 1554//3038 3133//3038 3130//3038
f 3132//3039 3134//3039 3129//3039
f 3133//3040 3135//3040 3130//3040
f 1554//3041 3130//3041 1498//3041
f 1555//3042 3137//3042 1554//3042
f 3137//3043 3136//3043 1554//3043
f 1558//3044 3137//3044 1559//3044
f 1560//3045 3139//3045 1558//3045
f 1560//3046 3138//3046 3139//3046
f 1440//3047 3140//3047 1441//3047
f 1562//3048 3142//3048 1442//3048
f 3144//3049 3143//3049 1562//3049
f 1563//3050 3144//3050 1562//3050
f 3095//3051 3147//3051 3100//3051
f 3101//3052 3148//3052 3095//3052
f 3098//3053 3102//3053 3097//3053
f 3147//3054 3150//3054 3099//3054
f 3148//3055 3150//3055 3147//3055
f 3102//3056 3151//3056 3101//3056
f 3148//3057 3153//3057 3150//3057
f 3149//3058 3154//3058 3102//3058
f 3148//3059 3155//3059 3153//3059
f 3151//3060 3156//3060 3148//3060
f 3156//3061 3157//3061 3155//3061
f 3151//3062 3158//3062 3156//3062
f 3154//3063 3158//3063 3151//3063
f 3149//3064 3159//3064 3154//3064
f 2917//3065 2914//3065 3099//3065
f 3161//3066 3104//3066 3160//3066
f 3162//3067 3106//3067 3161//3067
f 2917//3068 3099//3068 3150//3068
f 3104//3069 3105//3069 3164//3069
f 2919//3070 3150//3070 3152//3070
f 3164//3071 2916//3071 2918//3071
f 3127//3072 3163//3072 3098//3072
f 2918//3073 2919//3073 3167//3073
f 3169//3074 2918//3074 3168//3074
f 3160//3075 3164//3075 3169//3075
f 3165//3076 3170//3076 3163//3076
f 3171//3077 3106//3077 3162//3077
f 3109//3078 3108//3078 3172//3078
f 3108//3079 3107//3079 3171//3079
f 3175//3080 3110//3080 3174//3080
f 3113//3081 3111//3081 3175//3081
f 3112//3082 3113//3082 3176//3082
f 1538//3083 1536//3083 3114//3083
f 3178//3084 1538//3084 3114//3084
f 1539//3085 1538//3085 3178//3085
f 3117//3086 1541//3086 3116//3086
f 1544//3087 3119//3087 3180//3087
f 3120//3088 1544//3088 3180//3088
f 3126//3089 3128//3089 3125//3089
f 3128//3090 3183//3090 3127//3090
f 3126//3091 3184//3091 3128//3091
f 3184//3092 3185//3092 3128//3092
f 3184//3093 3186//3093 3185//3093
f 3182//3094 3186//3094 3184//3094
f 3131//3095 3182//3095 3126//3095
f 3134//3096 3188//3096 3131//3096
f 3135//3097 3134//3097 3132//3097
f 3133//3098 3189//3098 3135//3098
f 3188//3099 3191//3099 3187//3099
f 3190//3100 3192//3100 3134//3100
f 3136//3101 3189//3101 3133//3101
f 3193//3102 3194//3102 3136//3102
f 3196//3103 3197//3103 3138//3103
f 3140//3104 3198//3104 1560//3104
f 3198//3105 3196//3105 3138//3105
f 3199//3106 3196//3106 3198//3106
f 3141//3107 3199//3107 3140//3107
f 3140//3108 3199//3108 3198//3108
f 3142//3109 3200//3109 1561//3109
f 3142//3110 3202//3110 3200//3110
f 3143//3111 3203//3111 3142//3111
f 3205//3112 3143//3112 3144//3112
f 3145//3113 3205//3113 3144//3113
f 3157//3114 3207//3114 3152//3114
f 3158//3115 3208//3115 3156//3115
f 3159//3116 3209//3116 3158//3116
f 3157//3117 3210//3117 3207//3117
f 3208//3118 3211//3118 3157//3118
f 3209//3119 3212//3119 3208//3119
f 3211//3120 3214//3120 3210//3120
f 3212//3121 3215//3121 3211//3121
f 3213//3122 3216//3122 3209//3122
f 3216//3123 3218//3123 3212//3123
f 3218//3124 3220//3124 3215//3124
f 3219//3125 3221//3125 3216//3125
f 2920//3126 3217//3126 3222//3126
f 3220//3127 3222//3127 3217//3127
f 3166//3128 3152//3128 3207//3128
f 3223//3129 3160//3129 3169//3129
f 3162//3130 3161//3130 3223//3130
f 3170//3131 3159//3131 3149//3131
f 3224//3132 3166//3132 3207//3132
f 3168//3133 3167//3133 3224//3133
f 3165//3134 3226//3134 3170//3134
f 3170//3135 3213//3135 3159//3135
f 3226//3136 3227//3136 3170//3136
f 2922//3137 3207//3137 3210//3137
f 3168//3138 3224//3138 2922//3138
f 3223//3139 3169//3139 3228//3139
f 3228//3140 3168//3140 2923//3140
f 2922//3141 3210//3141 2921//3141
f 3227//3142 3230//3142 3213//3142
f 3230//3143 3219//3143 3213//3143
f 3172//3144 3171//3144 3233//3144
f 3233//3145 3162//3145 3225//3145
f 3235//3146 3233//3146 3234//3146
f 3234//3147 3225//3147 3229//3147
f 3177//3148 3112//3148 3237//3148
f 3239//3149 3175//3149 3236//3149
f 3240//3150 3176//3150 3239//3150
f 3238//3151 3237//3151 3240//3151
f 3241//3152 3177//3152 3238//3152
f 3178//3153 3177//3153 3241//3153
f 3242//3154 3116//3154 3115//3154
f 3243//3155 3117//3155 3116//3155
f 3180//3156 3119//3156 3118//3156
f 3183//3157 3226//3157 3165//3157
f 3185//3158 3245//3158 3183//3158
f 3186//3159 3247//3159 3185//3159
f 3245//3160 3231//3160 3226//3160
f 3245//3161 3249//3161 3231//3161
f 3248//3162 3250//3162 3247//3162
f 3191//3163 3246//3163 3182//3163
f 3188//3164 3251//3164 3191//3164
f 3192//3165 3251//3165 3188//3165
f 3251//3166 3248//3166 3246//3166
f 3190//3167 3252//3167 3192//3167
f 3255//3168 3254//3168 3189//3168
f 3137//3169 3256//3169 3193//3169
f 3195//3170 3256//3170 3137//3170
f 3256//3171 3255//3171 3194//3171
f 3195//3172 3257//3172 3256//3172
f 3260//3173 3258//3173 3195//3173
f 3259//3174 3260//3174 3195//3174
f 3199//3175 3263//3175 3196//3175
f 3262//3176 3261//3176 3259//3176
f 3141//3177 3264//3177 3199//3177
f 3201//3178 3265//3178 3141//3178
f 3265//3179 3264//3179 3141//3179
f 3203//3180 3266//3180 3202//3180
f 3204//3181 3267//3181 3203//3181
f 3218//3182 3268//3182 3220//3182
f 3269//3183 3271//3183 3218//3183
f 3270//3184 3269//3184 3221//3184
f 2927//3185 3222//3185 3272//3185
f 3268//3186 3272//3186 3222//3186
f 3269//3187 3274//3187 3271//3187
f 3270//3188 3275//3188 3269//3188
f 3273//3189 3276//3189 3272//3189
f 3274//3190 3278//3190 3273//3190
f 3275//3191 3279//3191 3274//3191
f 3277//3192 3281//3192 3275//3192
f 3278//3193 3282//3193 3276//3193
f 3281//3194 3280//3194 3275//3194
f 3279//3195 3283//3195 3278//3195
f 3280//3196 3284//3196 3279//3196
f 3281//3197 3285//3197 3280//3197
f 3232//3198 2926//3198 2930//3198
f 3230//3199 3270//3199 3219//3199
f 3287//3200 3229//3200 3288//3200
f 3290//3201 3232//3201 3289//3201
f 3288//3202 3232//3202 3290//3202
f 3249//3203 3277//3203 3270//3203
f 2934//3204 3276//3204 3282//3204
f 3249//3205 3291//3205 3277//3205
f 3289//3206 2930//3206 2935//3206
f 3293//3207 3288//3207 3290//3207
f 3294//3208 3288//3208 3293//3208
f 3291//3209 3286//3209 3281//3209
f 3234//3210 3229//3210 3287//3210
f 3295//3211 3235//3211 3234//3211
f 3173//3212 3172//3212 3296//3212
f 3294//3213 3234//3213 3287//3213
f 3295//3214 3234//3214 3294//3214
f 3298//3215 3174//3215 3297//3215
f 3297//3216 3173//3216 3299//3216
f 3294//3217 3287//3217 3288//3217
f 3300//3218 3238//3218 3240//3218
f 3239//3219 3236//3219 3298//3219
f 3240//3220 3239//3220 3301//3220
f 3302//3221 3241//3221 3300//3221
f 3304//3222 3115//3222 1539//3222
f 3306//3223 3304//3223 3305//3223
f 3244//3224 3243//3224 3307//3224
f 3308//3225 3118//3225 3244//3225
f 3309//3226 3118//3226 3308//3226
f 3310//3227 3120//3227 3309//3227
f 3247//3228 3313//3228 3245//3228
f 3250//3229 3313//3229 3247//3229
f 3313//3230 3315//3230 3249//3230
f 3314//3231 3315//3231 3313//3231
f 3312//3232 3316//3232 3250//3232
f 3254//3233 3253//3233 3190//3233
f 3251//3234 3312//3234 3248//3234
f 3252//3235 3318//3235 3251//3235
f 3317//3236 3316//3236 3312//3236
f 3253//3237 3320//3237 3252//3237
f 3321//3238 3322//3238 3255//3238
f 3255//3239 3322//3239 3254//3239
f 3257//3240 3321//3240 3255//3240
f 3261//3241 3323//3241 3259//3241
f 3263//3242 3326//3242 3262//3242
f 3326//3243 3325//3243 3323//3243
f 3327//3244 3328//3244 3326//3244
f 3199//3245 3327//3245 3263//3245
f 3264//3246 3327//3246 3199//3246
f 3330//3247 3329//3247 3264//3247
f 3265//3238 3330//3238 3264//3238
f 3266//3248 3265//3248 3201//3248
f 3206//3249 3333//3249 3205//3249
f 3146//3250 3334//3250 3206//3250
f 3334//3251 3333//3251 3206//3251
f 3284//3252 3335//3252 3283//3252
f 2936//3253 3282//3253 3336//3253
f 3283//3254 3336//3254 3282//3254
f 3292//3255 3337//3255 3291//3255
f 3290//3256 3289//3256 3338//3256
f 3337//3257 3339//3257 3286//3257
f 3341//3258 3336//3258 3340//3258
f 3342//3259 2936//3259 3341//3259
f 3338//3260 2935//3260 2937//3260
f 3335//3261 3340//3261 3336//3261
f 3293//3262 3290//3262 3343//3262
f 3284//3263 3340//3263 3335//3263
f 3342//3264 3341//3264 3344//3264
f 3341//3265 3340//3265 3346//3265
f 3347//3266 3343//3266 3345//3266
f 3293//3267 3343//3267 3347//3267
f 3284//3268 3346//3268 3340//3268
f 3292//3269 3348//3269 3337//3269
f 3285//3270 3346//3270 3284//3270
f 3339//3271 3349//3271 3285//3271
f 3351//3272 3342//3272 3344//3272
f 3352//3273 2937//3273 3351//3273
f 3345//3274 3338//3274 3352//3274
f 3346//3275 3350//3275 3344//3275
f 3349//3276 3353//3276 3346//3276
f 3348//3277 3355//3277 3339//3277
f 3351//3278 3344//3278 3356//3278
f 3350//3279 3356//3279 3344//3279
f 3353//3280 3358//3280 3350//3280
f 3355//3281 3359//3281 3349//3281
f 3352//3282 3351//3282 3356//3282
f 3354//3283 3358//3283 3353//3283
f 3296//3284 3295//3284 3363//3284
f 3363//3285 3294//3285 3364//3285
f 3366//3286 3297//3286 3365//3286
f 3299//3287 3296//3287 3367//3287
f 3365//3288 3299//3288 3367//3288
f 3364//3289 3293//3289 3361//3289
f 3300//3290 3240//3290 3368//3290
f 3370//3291 3298//3291 3366//3291
f 3303//3292 3302//3292 3369//3292
f 3303//3293 3369//3293 3373//3293
f 3305//3294 1539//3294 3372//3294
f 3375//3295 3307//3295 3374//3295
f 3308//3296 3375//3296 3376//3296
f 3316//3297 3378//3297 3250//3297
f 3314//3298 3380//3298 3315//3298
f 3378//3299 3381//3299 3314//3299
f 3379//3300 3348//3300 3292//3300
f 3316//3301 3382//3301 3378//3301
f 3380//3302 3383//3302 3379//3302
f 3381//3303 3383//3303 3380//3303
f 3382//3304 3386//3304 3381//3304
f 3385//3305 3386//3305 3382//3305
f 3318//3306 3387//3306 3317//3306
f 3320//3307 3387//3307 3318//3307
f 3319//3308 3388//3308 3320//3308
f 3387//3309 3382//3309 3316//3309
f 3320//3310 3389//3310 3387//3310
f 3388//3311 3390//3311 3320//3311
f 3321//3312 3391//3312 3322//3312
f 3393//3313 3321//3313 3258//3313
f 3324//3314 3393//3314 3258//3314
f 3394//3315 3395//3315 3393//3315
f 3396//3316 3328//3316 3327//3316
f 3397//3317 3394//3317 3325//3317
f 3396//3318 3397//3318 3328//3318
f 3329//3319 3396//3319 3327//3319
f 3329//3320 3399//3320 3396//3320
f 3265//3321 3400//3321 3330//3321
f 3267//3322 3400//3322 3265//3322
f 3404//3323 3352//3323 3403//3323
f 3360//3324 3403//3324 3356//3324
f 3358//3325 3405//3325 3360//3325
f 3359//3326 3406//3326 3354//3326
f 3355//3327 3406//3327 3359//3327
f 3406//3328 3405//3328 3358//3328
f 3362//3329 3410//3329 3355//3329
f 3412//3330 3403//3330 3411//3330
f 3413//3331 3411//3331 3408//3331
f 3414//3332 3361//3332 3412//3332
f 3415//3333 3413//3333 3405//3333
f 3407//3334 3416//3334 3406//3334
f 3411//3335 3413//3335 3417//3335
f 3415//3336 3417//3336 3413//3336
f 3410//3337 3419//3337 3407//3337
f 3423//3338 3411//3338 3422//3338
f 3418//3339 3412//3339 3423//3339
f 3416//3340 3417//3340 3415//3340
f 3424//3341 3423//3341 3422//3341
f 3425//3342 3418//3342 3423//3342
f 3426//3343 3424//3343 3417//3343
f 3419//3344 3426//3344 3416//3344
f 3420//3345 3427//3345 3419//3345
f 3430//3346 3423//3346 3429//3346
f 3425//3347 3423//3347 3430//3347
f 3431//3348 3429//3348 3424//3348
f 3427//3349 3431//3349 3426//3349
f 3428//3350 3432//3350 3420//3350
f 3430//3351 3429//3351 3433//3351
f 3435//3352 3433//3352 3431//3352
f 3432//3353 3435//3353 3427//3353
f 3437//3354 3364//3354 3409//3354
f 3438//3355 3363//3355 3437//3355
f 3439//3356 3366//3356 3442//3356
f 3440//3357 3409//3357 3425//3357
f 3441//3358 3438//3358 3443//3358
f 3444//3359 3425//3359 3434//3359
f 3369//3360 3300//3360 3368//3360
f 3370//3361 3366//3361 3439//3361
f 3368//3362 3301//3362 3445//3362
f 3446//3363 3368//3363 3445//3363
f 3372//3364 3303//3364 3373//3364
f 3305//3365 3372//3365 3448//3365
f 3374//3366 3306//3366 3305//3366
f 3376//3367 3375//3367 3452//3367
f 3308//3368 3376//3368 3453//3368
f 3453//3369 3376//3369 3452//3369
f 3384//3370 3455//3370 3383//3370
f 3386//3371 3455//3371 3384//3371
f 3383//3372 3456//3372 3362//3372
f 3455//3373 3457//3373 3383//3373
f 3456//3374 3421//3374 3410//3374
f 3385//3375 3459//3375 3386//3375
f 3457//3376 3421//3376 3456//3376
f 3459//3377 3460//3377 3455//3377
f 3458//3378 3459//3378 3385//3378
f 3457//3379 3461//3379 3421//3379
f 3461//3380 3436//3380 3428//3380
f 3389//3381 3385//3381 3382//3381
f 3391//3382 3392//3382 3319//3382
f 3390//3383 3463//3383 3389//3383
f 3392//3384 3462//3384 3388//3384
f 3465//3385 3463//3385 3390//3385
f 3464//3386 3467//3386 3462//3386
f 3469//3387 3468//3387 3392//3387
f 3395//3388 3470//3388 3393//3388
f 3393//3389 3470//3389 3391//3389
f 3395//3390 3472//3390 3470//3390
f 3398//3391 3473//3391 3394//3391
f 3330//3392 3398//3392 3399//3392
f 3400//3393 3476//3393 3330//3393
f 3331//1292 3401//1292 3267//1292
f 3478//3394 3401//3394 3331//3394
f 3479//3395 3478//3395 3332//3395
f 3482//3396 3430//3396 3481//3396
f 3483//3397 3481//3397 3433//3397
f 3484//3398 3483//3398 3435//3398
f 3436//3399 3484//3399 3432//3399
f 3482//3400 3481//3400 3486//3400
f 3487//3401 3484//3401 3436//3401
f 3484//3402 3486//3402 3483//3402
f 3489//3403 3488//3403 3486//3403
f 3490//3404 3489//3404 3487//3404
f 3492//3405 3491//3405 3489//3405
f 3444//3406 3434//3406 3494//3406
f 3439//3407 3442//3407 3496//3407
f 3494//3408 3482//3408 3488//3408
f 3496//3409 3441//3409 3495//3409
f 3497//3410 3488//3410 3491//3410
f 3498//3411 3494//3411 3497//3411
f 3493//3412 3500//3412 3491//3412
f 3496//3413 3495//3413 3501//3413
f 3503//3414 3500//3414 3502//3414
f 3504//3415 3497//3415 3503//3415
f 3501//3416 3498//3416 3504//3416
f 3499//3417 3496//3417 3501//3417
f 3506//3418 3504//3418 3505//3418
f 3499//3419 3501//3419 3506//3419
f 3508//3420 3439//3420 3499//3420
f 3509//3421 3507//3421 3510//3421
f 3448//3422 3447//3422 3511//3422
f 3447//3423 3446//3423 3509//3423
f 3450//3424 3448//3424 3511//3424
f 3451//3425 3450//3425 3512//3425
f 3377//3426 3308//3426 3453//3426
f 3454//3427 3377//3427 3516//3427
f 3485//3428 3490//3428 3436//3428
f 3518//3429 3519//3429 3485//3429
f 3460//3430 3520//3430 3518//3430
f 3459//3431 3521//3431 3460//3431
f 3523//3432 3493//3432 3492//3432
f 3520//3433 3523//3433 3519//3433
f 3522//3434 3524//3434 3520//3434
f 3524//3435 3526//3435 3523//3435
f 3522//3436 3527//3436 3524//3436
f 3525//3437 3528//3437 3522//3437
f 3529//3438 3531//3438 3466//3438
f 3530//3439 3525//3439 3521//3439
f 3467//3440 3532//3440 3465//3440
f 3526//3441 3502//3441 3493//3441
f 3531//3442 3534//3442 3530//3442
f 3531//3443 3535//3443 3534//3443
f 3532//3444 3531//3444 3529//3444
f 3468//3445 3536//3445 3467//3445
f 3538//3446 3503//3446 3502//3446
f 3527//3447 3538//3447 3526//3447
f 3533//3448 3528//3448 3525//3448
f 3505//3449 3503//3449 3540//3449
f 3541//3450 3540//3450 3538//3450
f 3528//3451 3541//3451 3527//3451
f 3533//3452 3542//3452 3528//3452
f 3534//3453 3543//3453 3533//3453
f 3535//3454 3544//3454 3534//3454
f 3539//3455 3535//3455 3531//3455
f 3536//3456 3539//3456 3532//3456
f 3469//3457 3537//3457 3468//3457
f 3471//3458 3546//3458 3469//3458
f 3548//3459 3547//3459 3473//3459
f 3480//3460 3550//3460 3479//3460
f 3508//3461 3506//3461 3553//3461
f 3555//3462 3508//3462 3554//3462
f 3556//3463 3510//3463 3555//3463
f 3558//3464 3513//3464 3557//3464
f 3515//3465 3451//3465 3513//3465
f 3559//3466 3515//3466 3513//3466
f 3561//3467 3514//3467 3515//3467
f 3453//3468 3452//3468 3560//3468
f 3516//3469 3453//3469 3560//3469
f 3562//3470 3454//3470 3516//3470
f 3563//3471 3505//3471 3540//3471
f 3553//3472 3505//3472 3563//3472
f 3542//3473 3564//3473 3541//3473
f 3544//3474 3565//3474 3543//3474
f 3564//3475 3567//3475 3540//3475
f 3565//3476 3568//3476 3542//3476
f 3539//3477 3566//3477 3535//3477
f 3536//3478 3569//3478 3539//3478
f 3571//3479 3563//3479 3567//3479
f 3568//3480 3572//3480 3564//3480
f 3565//3481 3573//3481 3568//3481
f 3544//3482 3574//3482 3565//3482
f 3566//3483 3574//3483 3544//3483
f 3569//3484 3576//3484 3566//3484
f 3570//3485 3569//3485 3536//3485
f 3571//3486 3567//3486 3577//3486
f 3554//3487 3553//3487 3571//3487
f 3567//3488 3572//3488 3578//3488
f 3573//3489 3578//3489 3572//3489
f 3574//3490 3578//3490 3573//3490
f 3575//3491 3581//3491 3574//3491
f 3576//3492 3582//3492 3575//3492
f 3570//3493 3579//3493 3569//3493
f 3571//3494 3577//3494 3583//3494
f 3578//3495 3584//3495 3577//3495
f 3581//3496 3585//3496 3578//3496
f 3579//3497 3586//3497 3576//3497
f 3580//3498 3571//3498 3583//3498
f 3581//3499 3584//3499 3585//3499
f 3582//3500 3587//3500 3581//3500
f 3586//3501 3588//3501 3582//3501
f 3570//3502 3589//3502 3579//3502
f 3580//3503 3583//3503 3590//3503
f 3587//3504 3591//3504 3584//3504
f 3579//3505 3593//3505 3586//3505
f 3589//3506 3593//3506 3579//3506
f 3546//3507 3594//3507 3537//3507
f 3595//3508 3597//3508 3546//3508
f 3547//3509 3598//3509 3472//3509
f 3598//3510 3595//3510 3545//3510
f 3599//3511 3598//3511 3547//3511
f 3476//3512 3600//3512 3548//3512
f 3600//3513 3601//3513 3548//3513
f 3549//3514 3602//3514 3600//3514
f 3602//3515 3603//3515 3600//3515
f 3603//3516 3601//3516 3600//3516
f 3477//3517 3602//3517 3549//3517
f 3401//3518 3604//3518 3477//3518
f 3479//3519 3604//3519 3401//3519
f 3550//3520 3605//3520 3604//3520
f 3480//3521 3606//3521 3550//3521
f 3551//3522 3552//3522 3480//3522
f 3552//3523 3606//3523 3480//3523
f 3555//3524 3554//3524 3607//3524
f 3608//3525 3555//3525 3607//3525
f 3609//3526 3608//3526 3607//3526
f 3610//3527 3512//3527 3611//3527
f 3558//3528 3557//3528 3610//3528
f 3613//3529 3558//3529 3610//3529
f 3513//3530 3612//3530 3614//3530
f 3561//3531 3515//3531 3559//3531
f 3615//3532 3561//3532 3559//3532
f 3616//3533 3560//3533 3561//3533
f 3516//3534 3560//3534 3617//3534
f 3562//3535 3516//3535 3617//3535
f 3590//3536 3583//3536 3619//3536
f 3584//3537 3619//3537 3583//3537
f 3588//3538 3591//3538 3587//3538
f 3592//3539 3620//3539 3588//3539
f 3620//3540 3622//3540 3591//3540
f 3593//3541 3623//3541 3592//3541
f 3589//3542 3624//3542 3593//3542
f 3621//3543 3619//3543 3625//3543
f 3622//3544 3625//3544 3619//3544
f 3623//3545 3622//3545 3620//3545
f 3624//3546 3627//3546 3623//3546
f 3626//3547 3628//3547 3622//3547
f 3628//3548 3629//3548 3625//3548
f 3626//3549 3630//3549 3628//3549
f 3627//3550 3631//3550 3626//3550
f 3632//3551 3580//3551 3590//3551
f 3633//3552 3580//3552 3632//3552
f 3594//3553 3634//3553 3596//3553
f 3632//3554 3590//3554 3621//3554
f 3634//3555 3635//3555 3589//3555
f 3597//3556 3636//3556 3634//3556
f 3632//3557 3621//3557 3639//3557
f 3624//3558 3640//3558 3627//3558
f 3640//3559 3631//3559 3627//3559
f 3638//3560 3637//3560 3597//3560
f 3642//3561 3629//3561 3641//3561
f 3631//3562 3641//3562 3630//3562
f 3635//3563 3644//3563 3640//3563
f 3636//3564 3645//3564 3635//3564
f 3648//3565 3632//3565 3647//3565
f 3649//3566 3633//3566 3648//3566
f 3647//3567 3642//3567 3650//3567
f 3641//3568 3650//3568 3642//3568
f 3631//3569 3651//3569 3641//3569
f 3643//3570 3652//3570 3631//3570
f 3646//3571 3645//3571 3636//3571
f 3652//3572 3656//3572 3651//3572
f 3653//3573 3657//3573 3652//3573
f 3645//3574 3659//3574 3644//3574
f 3646//3575 3660//3575 3645//3575
f 3662//3576 3654//3576 3637//3576
f 3598//3577 3661//3577 3595//3577
f 3598//3578 3663//3578 3661//3578
f 3599//957 3663//957 3598//957
f 3666//3579 3667//3579 3602//3579
f 3667//3580 3668//3580 3602//3580
f 3670//3581 3671//3581 3666//3581
f 3671//3582 3667//3582 3666//3582
f 3671//3583 3672//3583 3667//3583
f 3605//3584 3674//3584 3670//3584
f 3675//3585 3672//3585 3671//3585
f 3550//3586 3676//3586 3605//3586
f 3606//3587 3677//3587 3676//3587
f 3552//3588 3679//3588 3606//3588
f 3609//3589 3607//3589 3680//3589
f 3611//3590 3556//3590 3681//3590
f 3686//3591 3684//3591 3685//3591
f 3613//3592 3610//3592 3684//3592
f 3614//3469 3613//3469 3687//3469
f 3559//3593 3513//3593 3614//3593
f 3615//3594 3559//3594 3614//3594
f 3561//3595 3615//3595 3689//3595
f 3690//3596 3615//3596 3691//3596
f 3617//3597 3560//3597 3616//3597
f 3692//3598 3617//3598 3616//3598
f 3655//3599 3647//3599 3694//3599
f 3656//3600 3694//3600 3650//3600
f 3645//3601 3695//3601 3659//3601
f 3660//3602 3695//3602 3645//3602
f 3654//3603 3660//3603 3646//3603
f 3649//3604 3648//3604 3655//3604
f 3657//3605 3696//3605 3656//3605
f 3659//3606 3698//3606 3657//3606
f 3695//3607 3699//3607 3659//3607
f 3660//3608 3700//3608 3695//3608
f 3654//3609 3701//3609 3660//3609
f 3697//3610 3702//3610 3655//3610
f 3700//3611 3705//3611 3699//3611
f 3706//3612 3696//3612 3704//3612
f 3705//3613 3706//3613 3704//3613
f 3701//3614 3708//3614 3700//3614
f 3712//3615 3703//3615 3711//3615
f 3706//3616 3711//3616 3703//3616
f 3705//3617 3713//3617 3706//3617
f 3707//3618 3714//3618 3705//3618
f 3715//3619 3716//3619 3714//3619
f 3709//3620 3717//3620 3708//3620
f 3720//3621 3713//3621 3716//3621
f 3713//3622 3719//3622 3711//3622
f 3717//3623 3716//3623 3715//3623
f 3716//3624 3721//3624 3720//3624
f 3717//3625 3722//3625 3716//3625
f 3661//3626 3662//3626 3638//3626
f 3680//3627 3607//3627 3649//3627
f 3662//3628 3723//3628 3654//3628
f 3723//3629 3710//3629 3701//3629
f 3682//3630 3680//3630 3649//3630
f 3725//3631 3710//3631 3723//3631
f 3724//3632 3725//3632 3662//3632
f 3727//3633 3712//3633 3726//3633
f 3682//3634 3649//3634 3727//3634
f 3710//3635 3718//3635 3709//3635
f 3725//3636 3729//3636 3710//3636
f 3726//3637 3719//3637 3730//3637
f 3720//3638 3730//3638 3719//3638
f 3718//3639 3722//3639 3717//3639
f 3710//3640 3732//3640 3718//3640
f 3729//3641 3732//3641 3710//3641
f 3728//3642 3729//3642 3725//3642
f 3663//3643 3724//3643 3661//3643
f 3664//3644 3735//3644 3663//3644
f 3665//3645 3737//3645 3664//3645
f 3603//3646 3665//3646 3664//3646
f 3603//3647 3669//3647 3665//3647
f 3668//3648 3669//3648 3602//3648
f 3738//3649 3739//3649 3668//3649
f 3672//3650 3738//3650 3667//3650
f 3740//3651 3738//3651 3672//3651
f 3675//3652 3741//3652 3672//3652
f 3674//3653 3744//3653 3675//3653
f 3741//3654 3742//3654 3740//3654
f 3676//3655 3743//3655 3674//3655
f 3676//3656 3747//3656 3743//3656
f 3747//3657 3748//3657 3745//3657
f 3750//3658 3749//3658 3677//3658
f 3679//3659 3753//3659 3678//3659
f 3756//3660 3757//3660 3755//3660
f 3759//3661 3681//3661 3758//3661
f 3760//3662 3681//3662 3759//3662
f 3685//3663 3683//3663 3760//3663
f 3686//3664 3685//3664 3762//3664
f 3687//3665 3613//3665 3686//3665
f 3764//3666 3687//3666 3686//3666
f 3688//3667 3614//3667 3687//3667
f 3691//3668 3688//3668 3764//3668
f 3690//3669 3691//3669 3764//3669
f 3765//3670 3690//3670 3766//3670
f 3692//3671 3689//3671 3765//3671
f 3692//3672 3616//3672 3689//3672
f 3772//3673 3726//3673 3771//3673
f 3758//3674 3682//3674 3727//3674
f 3721//3675 3773//3675 3730//3675
f 3731//3676 3774//3676 3722//3676
f 3724//3677 3733//3677 3728//3677
f 3774//3678 3776//3678 3721//3678
f 3732//3679 3777//3679 3731//3679
f 3733//3680 3778//3680 3729//3680
f 3771//3681 3773//3681 3779//3681
f 3776//3682 3779//3682 3773//3682
f 3732//3683 3780//3683 3777//3683
f 3729//3684 3781//3684 3732//3684
f 3778//3685 3781//3685 3729//3685
f 3782//3686 3771//3686 3779//3686
f 3774//3687 3783//3687 3776//3687
f 3780//3688 3784//3688 3774//3688
f 3778//3689 3785//3689 3781//3689
f 3775//3690 3786//3690 3733//3690
f 3789//3691 3782//3691 3788//3691
f 3780//3692 3790//3692 3784//3692
f 3785//3693 3791//3693 3780//3693
f 3786//3694 3785//3694 3778//3694
f 3793//3695 3783//3695 3790//3695
f 3783//3696 3792//3696 3779//3696
f 3785//3697 3795//3697 3791//3697
f 3788//3698 3792//3698 3796//3698
f 3793//3699 3796//3699 3792//3699
f 3794//3700 3797//3700 3793//3700
f 3786//3701 3799//3701 3785//3701
f 3798//3702 3802//3702 3794//3702
f 3786//3703 3803//3703 3799//3703
f 3734//3704 3775//3704 3724//3704
f 3736//3705 3806//3705 3734//3705
f 3804//3706 3787//3706 3775//3706
f 3761//3707 3758//3707 3789//3707
f 3805//3708 3807//3708 3804//3708
f 3806//3709 3805//3709 3734//3709
f 3787//3710 3800//3710 3786//3710
f 3807//3711 3800//3711 3787//3711
f 3800//3712 3803//3712 3786//3712
f 3805//3713 3808//3713 3807//3713
f 3737//3714 3736//3714 3735//3714
f 3737//3715 3810//3715 3736//3715
f 3810//3716 3809//3716 3736//3716
f 3665//3717 3810//3717 3737//3717
f 3739//3718 3810//3718 3665//3718
f 3742//3719 3812//3719 3739//3719
f 3812//3720 3811//3720 3739//3720
f 3748//3721 3815//3721 3745//3721
f 3817//3722 3818//3722 3748//3722
f 3752//3723 3819//3723 3817//3723
f 3820//3724 3821//3724 3752//3724
f 3821//3725 3819//3725 3752//3725
f 3820//3726 3823//3726 3821//3726
f 3755//3727 3824//3727 3753//3727
f 3753//3728 3754//3728 3751//3728
f 3754//3729 3820//3729 3751//3729
f 3824//3730 3825//3730 3754//3730
f 3757//3731 3827//3731 3824//3731
f 3827//3732 3825//3732 3824//3732
f 3827//3733 3823//3733 3825//3733
f 3828//3734 3829//3734 3827//3734
f 3830//3735 3685//3735 3763//3735
f 3762//3736 3685//3736 3830//3736
f 3833//3737 3763//3737 3831//3737
f 3834//3738 3763//3738 3833//3738
f 3838//3739 3762//3739 3830//3739
f 3837//3740 3762//3740 3838//3740
f 3839//3741 3830//3741 3832//3741
f 3841//3742 3832//3742 3835//3742
f 3840//3743 3839//3743 3841//3743
f 3764//1125 3686//1125 3837//1125
f 3845//3744 3837//3744 3838//3744
f 3846//3745 3838//3745 3840//3745
f 3847//3746 3840//3746 3843//3746
f 3846//3747 3840//3747 3847//3747
f 3766//3748 3764//3748 3837//3748
f 3848//3749 3837//3749 3845//3749
f 3850//3750 3765//3750 3849//3750
f 3692//3751 3767//3751 3850//3751
f 3769//3752 3692//3752 3850//3752
f 3797//3753 3854//3753 3796//3753
f 3802//3754 3855//3754 3797//3754
f 3803//3755 3856//3755 3798//3755
f 3855//3756 3857//3756 3854//3756
f 3856//3757 3860//3757 3855//3757
f 3858//3758 3861//3758 3856//3758
f 3862//3759 3789//3759 3801//3759
f 3807//3760 3864//3760 3800//3760
f 3808//3761 3864//3761 3807//3761
f 3862//3762 3801//3762 3863//3762
f 3863//3763 3854//3763 3857//3763
f 3800//3764 3859//3764 3803//3764
f 3864//3765 3859//3765 3800//3765
f 3865//3766 3866//3766 3808//3766
f 3868//3767 3863//3767 3857//3767
f 3871//3768 3761//3768 3862//3768
f 3831//3769 3761//3769 3871//3769
f 3861//3770 3872//3770 3860//3770
f 3864//3771 3874//3771 3859//3771
f 3870//3772 3868//3772 3877//3772
f 3872//3773 3877//3773 3857//3773
f 3873//3774 3878//3774 3861//3774
f 3864//3775 3880//3775 3874//3775
f 3875//3776 3880//3776 3864//3776
f 3876//3777 3875//3777 3866//3777
f 3882//3778 3870//3778 3877//3778
f 3882//3779 3881//3779 3870//3779
f 3883//3780 3882//3780 3877//3780
f 3878//3781 3883//3781 3872//3781
f 3879//3782 3884//3782 3878//3782
f 3875//3783 3886//3783 3880//3783
f 3889//3784 3888//3784 3882//3784
f 3884//3785 3889//3785 3883//3785
f 3885//3786 3890//3786 3884//3786
f 3886//3787 3892//3787 3891//3787
f 3887//3788 3886//3788 3875//3788
f 3894//3789 3881//3789 3888//3789
f 3895//3790 3894//3790 3888//3790
f 3890//3791 3895//3791 3889//3791
f 3891//3792 3896//3792 3890//3792
f 3893//3793 3897//3793 3892//3793
f 3806//3794 3867//3794 3805//3794
f 3809//3795 3898//3795 3806//3795
f 3831//3796 3763//3796 3761//3796
f 3867//3797 3876//3797 3865//3797
f 3898//3798 3899//3798 3867//3798
f 3899//3799 3887//3799 3876//3799
f 3900//3800 3901//3800 3898//3800
f 3902//3801 3871//3801 3881//3801
f 3903//3802 3831//3802 3902//3802
f 3901//3803 3905//3803 3899//3803
f 3904//3804 3893//3804 3887//3804
f 3900//3805 3907//3805 3901//3805
f 3908//3806 3909//3806 3809//3806
f 3814//3807 3910//3807 3810//3807
f 3814//3808 3911//3808 3910//3808
f 3912//3809 3913//3809 3814//3809
f 3816//3810 3914//3810 3912//3810
f 3822//3811 3816//3811 3818//3811
f 3916//3812 3915//3812 3816//3812
f 3823//3813 3916//3813 3822//3813
f 3917//3814 3915//3814 3916//3814
f 3829//3815 3917//3815 3823//3815
f 3919//3816 3917//3816 3829//3816
f 3920//3817 3918//3817 3917//3817
f 3836//3818 3834//3818 3921//3818
f 3922//3819 3921//3819 3923//3819
f 3927//3820 3841//3820 3926//3820
f 3844//3821 3843//3821 3927//3821
f 3842//3822 3835//3822 3925//3822
f 3926//3823 3928//3823 3929//3823
f 3926//3824 3929//3824 3930//3824
f 3931//3825 3836//3825 3922//3825
f 3932//3826 3928//3826 3934//3826
f 3929//3827 3928//3827 3932//3827
f 3934//3828 3925//3828 3931//3828
f 3930//3829 3929//3829 3935//3829
f 3933//3830 3930//3830 3936//3830
f 3932//3831 3934//3831 3938//3831
f 3940//3832 3922//3832 3923//3832
f 3935//3833 3929//3833 3937//3833
f 3933//3834 3936//3834 3941//3834
f 3938//3835 3942//3835 3937//3835
f 3939//3836 3931//3836 3940//3836
f 3935//3837 3943//3837 3944//3837
f 3935//3838 3937//3838 3945//3838
f 3941//3839 3936//3839 3944//3839
f 3939//3840 3948//3840 3942//3840
f 3940//3841 3948//3841 3939//3841
f 3924//3842 3949//3842 3940//3842
f 3951//3843 3943//3843 3952//3843
f 3946//3844 3944//3844 3951//3844
f 3947//3845 3952//3845 3943//3845
f 3948//3846 3954//3846 3947//3846
f 3956//3847 3844//3847 3927//3847
f 3957//3848 3846//3848 3847//3848
f 3958//3849 3845//3849 3846//3849
f 3959//3850 3847//3850 3956//3850
f 3958//3851 3846//3851 3957//3851
f 3962//3852 3957//3852 3959//3852
f 3960//3853 3941//3853 3963//3853
f 3965//3854 3960//3854 3964//3854
f 3966//3855 3961//3855 3965//3855
f 3966//3856 3959//3856 3961//3856
f 3963//3857 3941//3857 3946//3857
f 3969//3858 3845//3858 3958//3858
f 3971//3859 3958//3859 3962//3859
f 3972//3860 3969//3860 3971//3860
f 3973//3861 3962//3861 3966//3861
f 3970//3862 3962//3862 3973//3862
f 3974//3863 3971//3863 3970//3863
f 3975//3864 3766//3864 3848//3864
f 3765//3865 3766//3865 3975//3865
f 3976//3866 3765//3866 3975//3866
f 3975//3867 3848//3867 3969//3867
f 3978//3868 3976//3868 3977//3868
f 3979//3869 3977//3869 3972//3869
f 3980//3870 3972//3870 3974//3870
f 3981//3871 3849//3871 3976//3871
f 3981//3872 3976//3872 3978//3872
f 3983//3873 3979//3873 3980//3873
f 3984//3874 3849//3874 3981//3874
f 3985//3875 3982//3875 3979//3875
f 3984//3876 3850//3876 3849//3876
f 3986//3877 3984//3877 3981//3877
f 3987//3878 3982//3878 3985//3878
f 3988//3879 3987//3879 3983//3879
f 3852//3880 3851//3880 3984//3880
f 3987//3881 3986//3881 3982//3881
f 3989//3882 3986//3882 3987//3882
f 3990//3883 3989//3883 3987//3883
f 3991//3884 3770//3884 3852//3884
f 3991//3885 3852//3885 3986//3885
f 3993//3886 3990//3886 3988//3886
f 3895//3887 3994//3887 3894//3887
f 3897//3888 3995//3888 3892//3888
f 3903//3889 3902//3889 3996//3889
f 3994//3890 3996//3890 3894//3890
f 3896//3891 3997//3891 3895//3891
f 3995//3892 3998//3892 3896//3892
f 3906//3893 4000//3893 3904//3893
f 3907//3894 4001//3894 3905//3894
f 4004//3895 3903//3895 4003//3895
f 4003//3896 3996//3896 3994//3896
f 4005//3897 4003//3897 3994//3897
f 3998//3898 4005//3898 3997//3898
f 3999//3899 4007//3899 3897//3899
f 4007//3900 4006//3900 3998//3900
f 4000//3901 4008//3901 3999//3901
f 4001//3902 4000//3902 3906//3902
f 4010//3903 4003//3903 4005//3903
f 4010//3904 4009//3904 4003//3904
f 4006//3905 4011//3905 4005//3905
f 3999//3906 4012//3906 4006//3906
f 4016//3907 4015//3907 4010//3907
f 4012//3908 4016//3908 4011//3908
f 4014//3909 4017//3909 4008//3909
f 4015//3910 3924//3910 4009//3910
f 4016//3911 4019//3911 4015//3911
f 4017//3912 4020//3912 4016//3912
f 3907//3913 4022//3913 4001//3913
f 4002//3914 4014//3914 4001//3914
f 3907//3915 4024//3915 4022//3915
f 4023//3916 4024//3916 3907//3916
f 4022//3917 4025//3917 4002//3917
f 4024//3918 4026//3918 4022//3918
f 4018//3919 4027//3919 4020//3919
f 4025//3920 4028//3920 4014//3920
f 4020//3921 4030//3921 4019//3921
f 4029//3922 4031//3922 4025//3922
f 4019//3923 3950//3923 3924//3923
f 4027//3924 4032//3924 4030//3924
f 4028//3925 4033//3925 4027//3925
f 4028//3926 4034//3926 4033//3926
f 4031//3927 4036//3927 4035//3927
f 4030//3928 3955//3928 3950//3928
f 4036//3929 4040//3929 4039//3929
f 4037//3930 4036//3930 4029//3930
f 3909//3931 4021//3931 3900//3931
f 3908//3932 4021//3932 3909//3932
f 3910//3933 4041//3933 3908//3933
f 4041//3934 4042//3934 4021//3934
f 4042//3935 4043//3935 4021//3935
f 4044//3936 4037//3936 4026//3936
f 4044//3937 4048//3937 4047//3937
f 4046//3938 4048//3938 4045//3938
f 3911//3939 4041//3939 3910//3939
f 4041//3940 4046//3940 4042//3940
f 4049//3941 4051//3941 4046//3941
f 4050//3942 4052//3942 4049//3942
f 3913//3943 4054//3943 3911//3943
f 4054//3944 4052//3944 4050//3944
f 3914//3945 4055//3945 4053//3945
f 4056//3946 4055//3946 3914//3946
f 3918//3947 4056//3947 3915//3947
f 4058//3948 4059//3948 4056//3948
f 3920//3949 4060//3949 3918//3949
f 4063//3950 3951//3950 4062//3950
f 4062//3951 3952//3951 3953//3951
f 3954//3952 4064//3952 3953//3952
f 4066//3953 3954//3953 3949//3953
f 3955//3954 4067//3954 3949//3954
f 4066//3955 4070//3955 4064//3955
f 4067//3956 4072//3956 4066//3956
f 3955//3957 4073//3957 4067//3957
f 4068//3958 4073//3958 3955//3958
f 4073//3959 4075//3959 4067//3959
f 4068//3960 4076//3960 4073//3960
f 4072//3961 4074//3961 4070//3961
f 4075//3962 4077//3962 4072//3962
f 4078//3963 3946//3963 4063//3963
f 3967//3964 3946//3964 4078//3964
f 4081//3965 4063//3965 4069//3965
f 4082//3966 4063//3966 4081//3966
f 4080//3967 4078//3967 4082//3967
f 4084//3968 3967//3968 4080//3968
f 4085//3969 4080//3969 4082//3969
f 4083//3970 4071//3970 4074//3970
f 4086//3971 4081//3971 4083//3971
f 4077//3972 4087//3972 4074//3972
f 4089//3973 4081//3973 4086//3973
f 4090//3974 4085//3974 4089//3974
f 4091//3975 4086//3975 4087//3975
f 4091//3976 4089//3976 4086//3976
f 4092//3977 4090//3977 4089//3977
f 4093//3978 4085//3978 4090//3978
f 4094//3979 4084//3979 4093//3979
f 4095//3980 4091//3980 4087//3980
f 4077//3981 4095//3981 4087//3981
f 4076//3982 4096//3982 4075//3982
f 4095//3983 4098//3983 4091//3983
f 4100//3984 4099//3984 4095//3984
f 4096//3985 4100//3985 4077//3985
f 4097//3986 4101//3986 4088//3986
f 4103//3987 4098//3987 4099//3987
f 4104//3988 4090//3988 4103//3988
f 4106//3989 4104//3989 4103//3989
f 4107//3990 4105//3990 4099//3990
f 4096//3991 4107//3991 4100//3991
f 4101//3992 4108//3992 4096//3992
f 4107//3993 4106//3993 4105//3993
f 4108//3994 4111//3994 4107//3994
f 4114//3995 3970//3995 3973//3995
f 4116//3996 4114//3996 4113//3996
f 4117//3997 3968//3997 4079//3997
f 4117//3998 4079//3998 4084//3998
f 4115//3999 4117//3999 4118//3999
f 4113//4000 4115//4000 4119//4000
f 4118//4001 4117//4001 4084//4001
f 4119//4002 4115//4002 4118//4002
f 4121//4003 4094//4003 4093//4003
f 4122//4004 4118//4004 4094//4004
f 4123//4005 4118//4005 4122//4005
f 4124//4006 4120//4006 4119//4006
f 4125//4007 4093//4007 4104//4007
f 4128//4008 4104//4008 4106//4008
f 4129//4009 4104//4009 4128//4009
f 4130//4010 4121//4010 4129//4010
f 4126//4011 4123//4011 4130//4011
f 4127//4012 4119//4012 4126//4012
f 4110//4013 4128//4013 4106//4013
f 4109//4014 4131//4014 4101//4014
f 3980//4015 3974//4015 4132//4015
f 4132//4016 3974//4016 4133//4016
f 4133//4017 4116//4017 4134//4017
f 4135//4018 4132//4018 4133//4018
f 4138//4019 4134//4019 4137//4019
f 4137//4020 4116//4020 4124//4020
f 4139//4021 4138//4021 4137//4021
f 4140//4022 4124//4022 4127//4022
f 4141//4023 4137//4023 4140//4023
f 4142//4024 3983//4024 3980//4024
f 4144//4025 4132//4025 4135//4025
f 4145//4026 4135//4026 4136//4026
f 4146//4027 4139//4027 4147//4027
f 4148//4028 4139//4028 4141//4028
f 4149//4029 4143//4029 4144//4029
f 4150//4030 4144//4030 4145//4030
f 4152//4031 4147//4031 4148//4031
f 3988//4032 3983//4032 4142//4032
f 4153//4033 4149//4033 4150//4033
f 4153//4034 4150//4034 4154//4034
f 4154//4035 4150//4035 4151//4035
f 4154//4036 4151//4036 4155//4036
f 4155//4037 4156//4037 4157//4037
f 4156//4038 4151//4038 4152//4038
f 4158//4039 3988//4039 4143//4039
f 4158//4040 4143//4040 4149//4040
f 4158//4041 4149//4041 4153//4041
f 4159//4042 4154//4042 4160//4042
f 4154//4043 4155//4043 4161//4043
f 4162//4044 4160//4044 4161//4044
f 4165//4045 4158//4045 4159//4045
f 4166//4046 4164//4046 4165//4046
f 4168//4047 4165//4047 4167//4047
f 4169//4048 4168//4048 4167//4048
f 4170//4049 4168//4049 4169//4049
f 4167//4050 4159//4050 4160//4050
f 4169//4051 4167//4051 4171//4051
f 4167//4052 4160//4052 4162//4052
f 4170//4053 4171//4053 4172//4053
f 4171//4054 4167//4054 4173//4054
f 4032//4055 4068//4055 3955//4055
f 4034//4056 4174//4056 4033//4056
f 4034//4057 4175//4057 4174//4057
f 4038//4058 4034//4058 4035//4058
f 4175//4059 4176//4059 4174//4059
f 4038//4060 4177//4060 4175//4060
f 4176//4061 4076//4061 4068//4061
f 4048//4062 4178//4062 4047//4062
f 4039//4063 4180//4063 4177//4063
f 4040//4064 4181//4064 4180//4064
f 4178//4065 4040//4065 4037//4065
f 4180//4066 4182//4066 4177//4066
f 4178//4067 4184//4067 4183//4067
f 4178//4068 4185//4068 4184//4068
f 4179//4069 4185//4069 4048//4069
f 4176//4070 4088//4070 4076//4070
f 4177//4071 4097//4071 4176//4071
f 4183//4072 4182//4072 4181//4072
f 4182//4073 4187//4073 4186//4073
f 4184//4074 4188//4074 4187//4074
f 4184//4075 4189//4075 4188//4075
f 4186//4076 4102//4076 4097//4076
f 4187//4077 4190//4077 4186//4077
f 4190//4078 4109//4078 4102//4078
f 4051//4079 4179//4079 4046//4079
f 4052//4080 4191//4080 4051//4080
f 4192//4081 4194//4081 4179//4081
f 4193//4082 4189//4082 4185//4082
f 4192//4083 4197//4083 4194//4083
f 4195//4084 4198//4084 4192//4084
f 4189//4085 4199//4085 4190//4085
f 4189//4086 4200//4086 4199//4086
f 4197//4087 4200//4087 4193//4087
f 4190//4088 4202//4088 4109//4088
f 4203//4089 4205//4089 4204//4089
f 4206//4090 4191//4090 4052//4090
f 4206//4091 4196//4091 4191//4091
f 4207//4092 4195//4092 4196//4092
f 4208//4093 4210//4093 4195//4093
f 4209//4094 4201//4094 4198//4094
f 4211//4095 4212//4095 4210//4095
f 4209//4096 4214//4096 4213//4096
f 4055//4097 4206//4097 4054//4097
f 4055//4098 4215//4098 4206//4098
f 4215//4099 4207//4099 4206//4099
f 4207//4100 4216//4100 4208//4100
f 4216//4101 4218//4101 4208//4101
f 4217//4102 4219//4102 4216//4102
f 4218//4103 4212//4103 4211//4103
f 4212//4104 4220//4104 4214//4104
f 4219//4105 4220//4105 4218//4105
f 4057//4106 4221//4106 4055//4106
f 4221//4107 4217//4107 4215//4107
f 4222//4108 4219//4108 4217//4108
f 4223//4109 4225//4109 4219//4109
f 4226//4110 4227//4110 4057//4110
f 4227//4111 4222//4111 4221//4111
f 4228//4112 4229//4112 4222//4112
f 4229//4113 4225//4113 4223//4113
f 4230//4114 4231//4114 4229//4114
f 4059//4115 4226//4115 4057//4115
f 4234//4116 4229//4116 4228//4116
f 4232//4117 4237//4117 4236//4117
f 4061//4118 4238//4118 4226//4118
f 4238//4119 4233//4119 4226//4119
f 4239//4120 4234//4120 4233//4120
f 4240//4121 4235//4121 4234//4121
f 4241//4122 4237//4122 4235//4122
f 4244//4123 4126//4123 4243//4123
f 4245//4124 4129//4124 4128//4124
f 4246//4125 4130//4125 4245//4125
f 4243//4126 4130//4126 4246//4126
f 4111//4127 4128//4127 4110//4127
f 4248//4128 4247//4128 4128//4128
f 4108//4129 4248//4129 4111//4129
f 4131//4130 4249//4130 4108//4130
f 4252//4131 4243//4131 4246//4131
f 4254//4132 4246//4132 4247//4132
f 4255//4133 4254//4133 4247//4133
f 4249//4134 4255//4134 4248//4134
f 4254//4135 4258//4135 4246//4135
f 4255//4136 4259//4136 4254//4136
f 4249//4137 4261//4137 4255//4137
f 4263//4138 4140//4138 4127//4138
f 4264//4139 4141//4139 4140//4139
f 4265//4140 4127//4140 4244//4140
f 4264//4141 4140//4141 4263//4141
f 4267//4142 4263//4142 4265//4142
f 4253//4143 4266//4143 4265//4143
f 4257//4144 4269//4144 4262//4144
f 4272//4145 4267//4145 4266//4145
f 4273//4146 4253//4146 4268//4146
f 4275//4147 4272//4147 4266//4147
f 4276//4148 4273//4148 4268//4148
f 4277//4149 4276//4149 4260//4149
f 4261//4150 4277//4150 4259//4150
f 4256//4151 4278//4151 4261//4151
f 4262//4152 4279//4152 4278//4152
f 4269//4153 4279//4153 4262//4153
f 4269//4154 4280//4154 4279//4154
f 4270//4155 4282//4155 4280//4155
f 4283//4156 4275//4156 4274//4156
f 4276//4157 4274//4157 4273//4157
f 4285//4158 4283//4158 4274//4158
f 4286//4159 4284//4159 4276//4159
f 4286//4160 4285//4160 4284//4160
f 4278//4161 4286//4161 4277//4161
f 4279//4162 4287//4162 4286//4162
f 4280//4163 4288//4163 4279//4163
f 4289//4164 4141//4164 4264//4164
f 4290//4165 4141//4165 4289//4165
f 4291//4166 4141//4166 4290//4166
f 4292//4167 4148//4167 4291//4167
f 2941//4168 4291//4168 4290//4168
f 2938//4169 4290//4169 4267//4169
f 2939//4170 2941//4170 2938//4170
f 4294//4171 2938//4171 4272//4171
f 4294//4172 2940//4172 2938//4172
f 2946//4173 4294//4173 4295//4173
f 4298//4174 4275//4174 4283//4174
f 4285//4175 4298//4175 4283//4175
f 4287//4176 4300//4176 4285//4176
f 4303//4177 4302//4177 4287//4177
f 4281//4178 4303//4178 4288//4178
f 4296//4179 4304//4179 4293//4179
f 4306//4180 2946//4180 4299//4180
f 4301//4181 4306//4181 4299//4181
f 4308//4182 4307//4182 4301//4182
f 4309//4183 4308//4183 4300//4183
f 4303//4184 4309//4184 4302//4184
f 4304//4185 4308//4185 4309//4185
f 4305//4186 4310//4186 4304//4186
f 4311//4187 4148//4187 4292//4187
f 4311//4188 4292//4188 2941//4188
f 4312//4189 4296//4189 4297//4189
f 4313//4190 4314//4190 4312//4190
f 2951//4191 2946//4191 4306//4191
f 4296//4192 4317//4192 4305//4192
f 4319//4193 2951//4193 4316//4193
f 4320//4194 4316//4194 4307//4194
f 4320//4195 4319//4195 4316//4195
f 4321//4196 4320//4196 4307//4196
f 4310//4197 4321//4197 4308//4197
f 4310//4198 4322//4198 4321//4198
f 4317//4199 4310//4199 4305//4199
f 4317//4200 4323//4200 4310//4200
f 4317//4201 4324//4201 4323//4201
f 4314//4202 4325//4202 4312//4202
f 4327//4203 4319//4203 4322//4203
f 4327//4204 4326//4204 4319//4204
f 4329//4205 4327//4205 4322//4205
f 4329//4206 4328//4206 4327//4206
f 4323//4207 4329//4207 4322//4207
f 4324//4208 4330//4208 4329//4208
f 4156//4209 4152//4209 4311//4209
f 4156//4210 4311//4210 4332//4210
f 4157//4211 4332//4211 4333//4211
f 2953//4212 4311//4212 2942//4212
f 4315//4213 4318//4213 4314//4213
f 4335//4214 4336//4214 4334//4214
f 4314//4215 4318//4215 4325//4215
f 4334//4216 4337//4216 4315//4216
f 4336//4217 4337//4217 4334//4217
f 4318//4218 4338//4218 4325//4218
f 2954//4219 4333//4219 2953//4219
f 2965//4220 4333//4220 2954//4220
f 2966//4221 4342//4221 2965//4221
f 2967//4222 4342//4222 2966//4222
f 4335//4223 4346//4223 4336//4223
f 4344//4224 4335//4224 4343//4224
f 4344//4225 4347//4225 4346//4225
f 4346//4226 4348//4226 4340//4226
f 4349//4227 2972//4227 2964//4227
f 4350//4228 2972//4228 4349//4228
f 2974//4229 2973//4229 4350//4229
f 4352//4230 2974//4230 4350//4230
f 4340//4231 4354//4231 4339//4231
f 4348//4232 4353//4232 4354//4232
f 4348//4233 4355//4233 4353//4233
f 4162//4234 4341//4234 4173//4234
f 2976//4235 4173//4235 4341//4235
f 2977//4236 4171//4236 2976//4236
f 2978//4237 4172//4237 2977//4237
f 2976//4238 4341//4238 2967//4238
f 4345//4239 4356//4239 4347//4239
f 4356//4240 4359//4240 4358//4240
f 4361//4241 2990//4241 2989//4241
f 4358//4242 4363//4242 4347//4242
f 4358//4243 4359//4243 4364//4243
f 4202//4244 4250//4244 4131//4244
f 4204//4245 4257//4245 4251//4245
f 4213//4246 4205//4246 4201//4246
f 4213//4247 4367//4247 4366//4247
f 4214//4248 4368//4248 4367//4248
f 4205//4249 4366//4249 4257//4249
f 4214//4250 4369//4250 4368//4250
f 4271//4251 4293//4251 4282//4251
f 4369//4252 4297//4252 4271//4252
f 4313//4253 4297//4253 4369//4253
f 4297//4254 4296//4254 4293//4254
f 4224//4255 4313//4255 4369//4255
f 4313//4256 4312//4256 4297//4256
f 4370//4257 4314//4257 4313//4257
f 4370//4258 4315//4258 4314//4258
f 4231//4259 4224//4259 4225//4259
f 4232//4260 4371//4260 4231//4260
f 4371//4261 4370//4261 4224//4261
f 4371//4262 4315//4262 4370//4262
f 4343//4263 4335//4263 4371//4263
f 4372//4264 4343//4264 4236//4264
f 4242//4265 4372//4265 4237//4265
f 4242//4266 4373//4266 4372//4266
f 4374//4267 4356//4267 4373//4267
f 4375//4268 4326//4268 4328//4268
f 4375//4269 2962//4269 2961//4269
f 4376//4270 2963//4270 2962//4270
f 4378//4271 4375//4271 4328//4271
f 4379//4272 4377//4272 2963//4272
f 4330//4273 4378//4273 4328//4273
f 4383//4274 4380//4274 4379//4274
f 4331//4275 4381//4275 4330//4275
f 4338//4276 4331//4276 4325//4276
f 4339//4277 4383//4277 4382//4277
f 4338//4278 4339//4278 4382//4278
f 4337//4279 4338//4279 4318//4279
f 4340//4280 4339//4280 4337//4280
f 4376//4281 4378//4281 4381//4281
f 4383//4282 4379//4282 4376//4282
f 4384//4283 4349//4283 4377//4283
f 4385//4284 4349//4284 4384//4284
f 4386//4285 4352//4285 4385//4285
f 4383//4286 4384//4286 4380//4286
f 4387//4287 4385//4287 4384//4287
f 4353//4288 4386//4288 4385//4288
f 4354//4289 4387//4289 4383//4289
f 4389//4290 2991//4290 2988//4290
f 4389//4291 2989//4291 2991//4291
f 4386//4292 4351//4292 4352//4292
f 4391//4293 4389//4293 4351//4293
f 4393//4294 4361//4294 4389//4294
f 4393//4295 4390//4295 4361//4295
f 4388//4296 4391//4296 4386//4296
f 4388//4297 4392//4297 4391//4297
f 4395//4298 4393//4298 4392//4298
f 4395//4299 4394//4299 4393//4299
f 4363//4300 4395//4300 4388//4300
f 4365//4301 4362//4301 4359//4301
f 3181//4302 2811//4302 2861//4302
f 2813//1127 2811//1127 3181//1127
f 4397//3534 2693//3534 4396//3534
f 2862//4303 2754//4303 4397//4303
f 2864//4304 2863//4304 4399//4304
f 2866//4305 2815//4305 2865//4305
f 2866//4306 2865//4306 4400//4306
f 2870//4307 2869//4307 2873//4307
f 2872//4308 2823//4308 4402//4308
f 4401//4309 2868//4309 4403//4309
f 2871//4310 2872//4310 4404//4310
f 4403//4311 2873//4311 4405//4311
f 4405//4312 2871//4312 4404//4312
f 2877//4313 2992//4313 120//4313
f 2830//4314 2874//4314 2879//4314
f 4409//4315 2868//4315 4401//4315
f 2993//4316 2877//4316 4408//4316
f 4408//4317 2879//4317 4410//4317
f 2995//4318 4408//4318 4413//4318
f 4408//4319 4410//4319 4413//4319
f 4415//4320 123//4320 2998//4320
f 4416//4321 2888//4321 4415//4321
f 4417//4322 2889//4322 4416//4322
f 2886//4323 2885//4323 4417//4323
f 4415//4324 2998//4324 2999//4324
f 4416//4325 4415//4325 4419//4325
f 2890//4326 2886//4326 4420//4326
f 4419//4327 4415//4327 2999//4327
f 4422//4328 4416//4328 4421//4328
f 4420//4329 4417//4329 4422//4329
f 4411//4330 2890//4330 4423//4330
f 4424//4331 2999//4331 3003//4331
f 4421//4332 4419//4332 4424//4332
f 4423//4333 4420//4333 4425//4333
f 4427//4334 4421//4334 4426//4334
f 4425//4335 4422//4335 4427//4335
f 4428//4336 3003//4336 3004//4336
f 4426//4337 4424//4337 4428//4337
f 4430//4338 4425//4338 4429//4338
f 4423//4339 4430//4339 4411//4339
f 4432//4340 4427//4340 4431//4340
f 4433//4341 4429//4341 4432//4341
f 4434//4342 4430//4342 4433//4342
f 2891//4343 3146//4343 1563//4343
f 2843//4344 4435//4344 2892//4344
f 2786//4345 4436//4345 2843//4345
f 2895//4346 4439//4346 2845//4346
f 2897//4347 4438//4347 2896//4347
f 4441//4348 4438//4348 2897//4348
f 4442//4349 4441//4349 2898//4349
f 4438//4350 4440//4350 2895//4350
f 4441//4351 4444//4351 4438//4351
f 2900//4352 4442//4352 2898//4352
f 2899//4353 4442//4353 2900//4353
f 4445//4354 4443//4354 4442//4354
f 2855//4355 4446//4355 2853//4355
f 4446//4356 4448//4356 2901//4356
f 4447//4357 4446//4357 2855//4357
f 2905//4358 4447//4358 2855//4358
f 2904//4359 4450//4359 2905//4359
f 4449//4360 4451//4360 2904//4360
f 2911//4361 2907//4361 4407//4361
f 2910//4362 4454//4362 2903//4362
f 4453//4363 4407//4363 4412//4363
f 2911//4364 4407//4364 4453//4364
f 4454//4365 4449//4365 2906//4365
f 4453//4366 4456//4366 4452//4366
f 4452//4367 4454//4367 2910//4367
f 4456//4368 4457//4368 4454//4368
f 2862//4369 4397//4369 4398//4369
f 4399//4304 2863//4304 2862//4304
f 4459//4370 2864//4370 4399//4370
f 4459//4371 4399//4371 4458//4371
f 2865//4372 2757//4372 4459//4372
f 2867//4373 2866//4373 4461//4373
f 4461//4374 4400//4374 4462//4374
f 4463//4375 4403//4375 4406//4375
f 4406//4376 4405//4376 4464//4376
f 4466//4377 4404//4377 4465//4377
f 4405//4378 4404//4378 4466//4378
f 4465//4379 4404//4379 4467//4379
f 4468//4380 4406//4380 4469//4380
f 4402//4381 2867//4381 4461//4381
f 3005//4382 2995//4382 4413//4382
f 4414//4383 4409//4383 4470//4383
f 4470//4384 4401//4384 4463//4384
f 4414//4385 4470//4385 4472//4385
f 4470//4386 4463//4386 4468//4386
f 3007//4387 4413//4387 4474//4387
f 4474//4388 4414//4388 4472//4388
f 4472//4389 4470//4389 4475//4389
f 4476//4390 3004//4390 3011//4390
f 4477//4391 4428//4391 4476//4391
f 4431//4392 4426//4392 4477//4392
f 4432//4393 4431//4393 4478//4393
f 4476//4394 3011//4394 3012//4394
f 4433//4395 4432//4395 4479//4395
f 4434//4396 4471//4396 4455//4396
f 4477//4397 4476//4397 4480//4397
f 4482//4398 4480//4398 4481//4398
f 4483//4399 4480//4399 4482//4399
f 4484//4400 4477//4400 4483//4400
f 4485//4401 4478//4401 4484//4401
f 4486//4402 4479//4402 4485//4402
f 4487//4403 4433//4403 4486//4403
f 4473//4404 4434//4404 4487//4404
f 4481//4405 3012//4405 3015//4405
f 4486//4406 4485//4406 4488//4406
f 4435//4407 3146//4407 2891//4407
f 4436//4408 4489//4408 2843//4408
f 2893//4409 4436//4409 4437//4409
f 2844//4410 4490//4410 2893//4410
f 2894//4411 4490//4411 2844//4411
f 2894//4412 4491//4412 4490//4412
f 4440//4413 4492//4413 4439//4413
f 4493//4414 2894//4414 4439//4414
f 4494//4415 4492//4415 4440//4415
f 4493//4416 4491//4416 2894//4416
f 4444//4417 4494//4417 4440//4417
f 4443//4418 4496//4418 4444//4418
f 4495//4419 4497//4419 4496//4419
f 4448//4420 4499//4420 2901//4420
f 4445//4421 4495//4421 4443//4421
f 2901//4422 4498//4422 4445//4422
f 4499//4423 4500//4423 2901//4423
f 4501//4424 4504//4424 4451//4424
f 4450//4425 4505//4425 4447//4425
f 4455//4426 4508//4426 4456//4426
f 4457//4427 4501//4427 4449//4427
f 4471//4428 4510//4428 4508//4428
f 4507//4429 4511//4429 4457//4429
f 4509//4430 4501//4430 4457//4430
f 4509//4431 4457//4431 4511//4431
f 4508//4432 4511//4432 4507//4432
f 4509//4433 4512//4433 4501//4433
f 3311//4434 3181//4434 3310//4434
f 4396//4435 2813//4435 3311//4435
f 4398//4436 4397//4436 4513//4436
f 4460//4437 4459//4437 4458//4437
f 4518//4438 2865//4438 4460//4438
f 4518//4439 4460//4439 4517//4439
f 4469//4440 4464//4440 4520//4440
f 4467//4441 4402//4441 4519//4441
f 4466//4442 4465//4442 4521//4442
f 4468//4443 4522//4443 4475//4443
f 4474//4444 4472//4444 4525//4444
f 3018//4445 4474//4445 4527//4445
f 4475//4446 4525//4446 4472//4446
f 4528//4447 4482//4447 3022//4447
f 4484//4448 4483//4448 4528//4448
f 4487//4449 4486//4449 4529//4449
f 4528//4450 3022//4450 4530//4450
f 4488//4451 4484//4451 4531//4451
f 4524//4452 4487//4452 4529//4452
f 4530//4453 3023//4453 3026//4453
f 4488//4454 4531//4454 4529//4454
f 4533//4455 4530//4455 4532//4455
f 4534//4456 4528//4456 4533//4456
f 4529//4457 4526//4457 4524//4457
f 4536//4458 3026//4458 3028//4458
f 4534//4459 4533//4459 4537//4459
f 4535//4460 4531//4460 4534//4460
f 4537//4461 4532//4461 4536//4461
f 4529//4462 4539//4462 4526//4462
f 4435//4463 3334//4463 3146//4463
f 4436//4464 4541//4464 4489//4464
f 2893//4465 4542//4465 4436//4465
f 4490//4466 4542//4466 2893//4466
f 4494//4467 4543//4467 4492//4467
f 4497//4468 4544//4468 4494//4468
f 4548//4469 4545//4469 4547//4469
f 4498//4470 4545//4470 4495//4470
f 4498//4471 4547//4471 4545//4471
f 4499//4472 4549//4472 4500//4472
f 4446//4473 4550//4473 4448//4473
f 4502//4474 4550//4474 4446//4474
f 4503//4475 4551//4475 4505//4475
f 4506//4476 4552//4476 4503//4476
f 4505//4477 4551//4477 4502//4477
f 4553//4478 4554//4478 4506//4478
f 4555//4479 4510//4479 4524//4479
f 4512//4480 4506//4480 4504//4480
f 4555//4481 4556//4481 4511//4481
f 4558//4482 4555//4482 4557//4482
f 4511//4483 4556//4483 4509//4483
f 4512//4484 4553//4484 4506//4484
f 4509//4485 4559//4485 4512//4485
f 4559//4486 4509//4486 4556//4486
f 4562//4487 4518//4487 4563//4487
f 4461//4488 4462//4488 4518//4488
f 4519//4489 4461//4489 4564//4489
f 4523//4490 4469//4490 4566//4490
f 4520//4491 4466//4491 4565//4491
f 4520//4492 4566//4492 4469//4492
f 4521//4493 4467//4493 4567//4493
f 4567//4494 4519//4494 4564//4494
f 4522//4495 4523//4495 4569//4495
f 4520//4496 4565//4496 4570//4496
f 4571//4497 4526//4497 4539//4497
f 4527//4498 4474//4498 4572//4498
f 4525//4499 4572//4499 4474//4499
f 4573//4500 4527//4500 4574//4500
f 3030//4501 3029//4501 4575//4501
f 4571//4502 4539//4502 4576//4502
f 4582//4503 4573//4503 4581//4503
f 4583//4504 4575//4504 4582//4504
f 4579//4505 4577//4505 4583//4505
f 4576//4506 4580//4506 4571//4506
f 4580//4507 4576//4507 4584//4507
f 4585//4508 4572//4508 4578//4508
f 4578//4509 4522//4509 4569//4509
f 4538//4510 4534//4510 4588//4510
f 4587//4511 4536//4511 4589//4511
f 4586//4512 3028//4512 3030//4512
f 4590//4513 4588//4513 4587//4513
f 4576//4514 4538//4514 4590//4514
f 4593//4515 4587//4515 4592//4515
f 4586//4516 3030//4516 4577//4516
f 4592//4517 4589//4517 4594//4517
f 4576//4518 4590//4518 4593//4518
f 4579//4519 4586//4519 4577//4519
f 4596//4520 4592//4520 4595//4520
f 4595//4521 4594//4521 4597//4521
f 4435//4522 3402//4522 3334//4522
f 4542//4523 4541//4523 4436//4523
f 4490//4524 4491//4524 4542//4524
f 4543//4525 4600//4525 4493//4525
f 4544//4526 4602//4526 4543//4526
f 4601//4527 4603//4527 4600//4527
f 4602//4528 4603//4528 4601//4528
f 4547//4529 4605//4529 4548//4529
f 4605//4530 4604//4530 4548//4530
f 4547//4531 4606//4531 4605//4531
f 4547//4532 4607//4532 4606//4532
f 4549//4533 4610//4533 4608//4533
f 4550//4534 4609//4534 4549//4534
f 4551//4535 4609//4535 4550//4535
f 4552//4536 4611//4536 4551//4536
f 4558//4537 4612//4537 4556//4537
f 4559//4538 4556//4538 4614//4538
f 4557//4539 4613//4539 4558//4539
f 4615//4540 4571//4540 4580//4540
f 4615//4541 4616//4541 4613//4541
f 4513//4542 3311//4542 4618//4542
f 4560//4543 4514//4543 4513//4543
f 4458//4544 4515//4544 4619//4544
f 4620//4545 4458//4545 4619//4545
f 4516//4546 4458//4546 4620//4546
f 4561//4547 4516//4547 4620//4547
f 4564//4548 4562//4548 4621//4548
f 4621//4549 4562//4549 4563//4549
f 4568//4550 4569//4550 4566//4550
f 4623//4551 4564//4551 4622//4551
f 4570//4552 4567//4552 4623//4552
f 4626//4553 4569//4553 4627//4553
f 4581//4554 4574//4554 4628//4554
f 4628//4555 4572//4555 4585//4555
f 3031//4556 4581//4556 3032//4556
f 4630//4557 4582//4557 3031//4557
f 4631//4558 4583//4558 4630//4558
f 4580//4559 4584//4559 4633//4559
f 4630//4560 3031//4560 3033//4560
f 4634//4561 4633//4561 4635//4561
f 3034//4562 4585//4562 4637//4562
f 4638//4563 3033//4563 3034//4563
f 4632//4564 4637//4564 4585//4564
f 4634//4565 4635//4565 4640//4565
f 4638//4566 3034//4566 4641//4566
f 4643//4567 3033//4567 4642//4567
f 4644//4568 4639//4568 4643//4568
f 4640//4569 4635//4569 4644//4569
f 4636//4570 4634//4570 4645//4570
f 4647//4571 4595//4571 4646//4571
f 4584//4572 4596//4572 4647//4572
f 4648//4573 4579//4573 4631//4573
f 4649//4574 4597//4574 4648//4574
f 4647//4575 4646//4575 4649//4575
f 4644//4576 4648//4576 4639//4576
f 4540//1417 3402//1417 4435//1417
f 4599//4577 4652//4577 4542//4577
f 4600//4578 4599//4578 4491//4578
f 4603//4579 4654//4579 4600//4579
f 4607//4580 4603//4580 4606//4580
f 4610//4581 4607//4581 4608//4581
f 4610//4582 4655//4582 4607//4582
f 4552//4583 4658//4583 4611//4583
f 4554//4584 4660//4584 4552//4584
f 4658//4585 4662//4585 4657//4585
f 4559//4586 4659//4586 4553//4586
f 4616//4587 4664//4587 4612//4587
f 4665//4588 4659//4588 4559//4588
f 4665//4589 4614//4589 4664//4589
f 4666//4590 4629//4590 4636//4590
f 4664//4591 4616//4591 4666//4591
f 4666//4592 4636//4592 4668//4592
f 4667//4593 4664//4593 4666//4593
f 4617//4594 3309//4594 3454//4594
f 4618//4595 3311//4595 4617//4595
f 4671//4596 4560//4596 4618//4596
f 4671//4597 4618//4597 4670//4597
f 4619//4598 4560//4598 4671//4598
f 4672//4599 4619//4599 4671//4599
f 4673//4600 4619//4600 4672//4600
f 4561//4601 4620//4601 4674//4601
f 4674//4602 4620//4602 4673//4602
f 4675//4601 4561//4601 4674//4601
f 4676//4603 4563//4603 4561//4603
f 4678//4604 4563//4604 4676//4604
f 4682//4605 4570//4605 4681//4605
f 4681//4606 4623//4606 4683//4606
f 4626//4607 4684//4607 4625//4607
f 4627//4608 4684//4608 4626//4608
f 4683//4609 4623//4609 4679//4609
f 4685//4610 4684//4610 4686//4610
f 4627//4611 4686//4611 4684//4611
f 4690//4612 4643//4612 4642//4612
f 4692//4613 4644//4613 4691//4613
f 4640//4614 4644//4614 4692//4614
f 4645//4615 4634//4615 4640//4615
f 4638//4616 4641//4616 4693//4616
f 4690//4617 4642//4617 4694//4617
f 4624//4618 4689//4618 4632//4618
f 4691//4619 4643//4619 4690//4619
f 4693//4620 4637//4620 4695//4620
f 4689//4621 4695//4621 4637//4621
f 4625//4622 4689//4622 4624//4622
f 4692//4623 4691//4623 4690//4623
f 4696//4624 4640//4624 4692//4624
f 4645//4625 4640//4625 4696//4625
f 4695//4626 4689//4626 4698//4626
f 4699//4627 4694//4627 4697//4627
f 4700//4628 4690//4628 4699//4628
f 4701//4629 4690//4629 4700//4629
f 4668//4630 4645//4630 4696//4630
f 4697//4631 4693//4631 4702//4631
f 4698//4632 4625//4632 4684//4632
f 4625//4633 4698//4633 4689//4633
f 4696//4634 4692//4634 4704//4634
f 4703//4635 4698//4635 4705//4635
f 4699//4636 4697//4636 4707//4636
f 4701//4637 4700//4637 4708//4637
f 4706//4638 4703//4638 4705//4638
f 4708//4639 4699//4639 4710//4639
f 4685//4640 4709//4640 4698//4640
f 4711//4641 4701//4641 4708//4641
f 4714//4642 4705//4642 4713//4642
f 4707//4643 4706//4643 4714//4643
f 4713//4644 4709//4644 4715//4644
f 4710//4645 4707//4645 4716//4645
f 4688//4646 4715//4646 4709//4646
f 4711//4647 4708//4647 4717//4647
f 4719//4648 4704//4648 4718//4648
f 4650//4649 3480//4649 3333//4649
f 4651//4650 4720//4650 3402//4650
f 4598//4651 4651//4651 4540//4651
f 4652//4652 4722//4652 4598//4652
f 4723//4653 4722//4653 4652//4653
f 4726//4654 4725//4654 4654//4654
f 4725//4655 4724//4655 4653//4655
f 4656//4656 4727//4656 4610//4656
f 4729//4657 4728//4657 4727//4657
f 4663//4658 4730//4658 4661//4658
f 4660//4659 4731//4659 4658//4659
f 4661//4660 4731//4660 4660//4660
f 4662//4661 4729//4661 4656//4661
f 4730//4662 4734//4662 4731//4662
f 4732//4663 4736//4663 4730//4663
f 4733//4664 4729//4664 4662//4664
f 4731//4665 4733//4665 4662//4665
f 4734//4666 4737//4666 4731//4666
f 4668//4667 4636//4667 4645//4667
f 4739//4668 4666//4668 4738//4668
f 4666//4669 4740//4669 4667//4669
f 4732//4670 4663//4670 4740//4670
f 4741//4671 4739//4671 4742//4671
f 4741//4672 4735//4672 4732//4672
f 4743//4673 4668//4673 4712//4673
f 4741//4674 4742//4674 4744//4674
f 4669//4675 4617//4675 3517//4675
f 4670//4676 4618//4676 4669//4676
f 4748//4677 4675//4677 4747//4677
f 4749//4678 4677//4678 4750//4678
f 4680//4679 4676//4679 4677//4679
f 4751//4680 4678//4680 4680//4680
f 4679//4681 4678//4681 4751//4681
f 4680//4682 4749//4682 4752//4682
f 4751//4683 4680//4683 4753//4683
f 4687//4684 4679//4684 4755//4684
f 4757//4685 4682//4685 4756//4685
f 4686//4686 4682//4686 4757//4686
f 4755//4687 4679//4687 4751//4687
f 4756//4688 4687//4688 4761//4688
f 4760//4689 4759//4689 4762//4689
f 4761//4690 4687//4690 4755//4690
f 4762//4691 4757//4691 4763//4691
f 4763//4692 4756//4692 4761//4692
f 4765//4693 4755//4693 4751//4693
f 4763//4694 4761//4694 4765//4694
f 4767//4695 4764//4695 4766//4695
f 4768//4696 4766//4696 4763//4696
f 4770//4697 4713//4697 4769//4697
f 4716//4698 4714//4698 4770//4698
f 4771//4699 4710//4699 4716//4699
f 4718//4700 4711//4700 4772//4700
f 4769//4701 4715//4701 4773//4701
f 4772//4702 4717//4702 4771//4702
f 4771//4703 4769//4703 4774//4703
f 4778//4704 4758//4704 4777//4704
f 4774//4705 4773//4705 4778//4705
f 4775//4706 4771//4706 4779//4706
f 4760//4707 4777//4707 4758//4707
f 4780//4708 4775//4708 4779//4708
f 4781//4709 4772//4709 4775//4709
f 4781//4710 4775//4710 4782//4710
f 4783//4711 4760//4711 4762//4711
f 4784//4712 4777//4712 4783//4712
f 4779//4713 4778//4713 4784//4713
f 4783//4714 4762//4714 4764//4714
f 4787//4715 4784//4715 4786//4715
f 4782//4716 4780//4716 4787//4716
f 4786//4717 4764//4717 4767//4717
f 4721//4718 4789//4718 4651//4718
f 4722//4719 4721//4719 4598//4719
f 4722//4720 4790//4720 4721//4720
f 4723//4721 4724//4721 4722//4721
f 4725//4722 4726//4722 4724//4722
f 4795//4723 4726//4723 4655//4723
f 4655//4724 4796//4724 4795//4724
f 4728//4725 4796//4725 4655//4725
f 4728//4726 4797//4726 4796//4726
f 4798//4727 4797//4727 4728//4727
f 4799//3394 4800//3394 4798//3394
f 4733//4728 4799//4728 4729//4728
f 4801//4729 4802//4729 4736//4729
f 4737//4730 4799//4730 4733//4730
f 4734//4731 4804//4731 4737//4731
f 4805//4732 4806//4732 4802//4732
f 4802//4733 4806//4733 4803//4733
f 4807//4734 4712//4734 4719//4734
f 4808//4735 4809//4735 4735//4735
f 4810//4736 4718//4736 4776//4736
f 4807//4737 4811//4737 4744//4737
f 4811//4738 4807//4738 4810//4738
f 4812//4739 4776//4739 4781//4739
f 4813//4740 4810//4740 4812//4740
f 4811//4741 4810//4741 4813//4741
f 4811//4742 4814//4742 4808//4742
f 4812//4743 4781//4743 4785//4743
f 4815//4744 4812//4744 4785//4744
f 4816//4745 4811//4745 4813//4745
f 4809//4746 4805//4746 4801//4746
f 4805//4747 4809//4747 4814//4747
f 4815//4748 4785//4748 4817//4748
f 4816//4749 4813//4749 4818//4749
f 4820//4750 4669//4750 4819//4750
f 4822//4751 4670//4751 4745//4751
f 4822//4752 4745//4752 4821//4752
f 4824//4753 4671//4753 4823//4753
f 4672//4754 4671//4754 4824//4754
f 4746//4755 4674//4755 4672//4755
f 4748//4756 4746//4756 4826//4756
f 4827//4757 4750//4757 4748//4757
f 4753//4758 4680//4758 4752//4758
f 4752//4759 4749//4759 4750//4759
f 4828//4760 4752//4760 4829//4760
f 4829//4761 4752//4761 4750//4761
f 4831//4762 4765//4762 4753//4762
f 4832//4763 4765//4763 4831//4763
f 4766//4764 4768//4764 4832//4764
f 4833//4765 4766//4765 4834//4765
f 4831//4766 4753//4766 4828//4766
f 4834//4767 4832//4767 4835//4767
f 4836//4768 4831//4768 4828//4768
f 4835//4769 4831//4769 4836//4769
f 4787//4770 4786//4770 4833//4770
f 4788//4771 4838//4771 4720//4771
f 4789//4578 4788//4578 4651//4578
f 4840//4772 4841//4772 4790//4772
f 4790//4773 4842//4773 4721//4773
f 4793//4774 4844//4774 4792//4774
f 4792//4775 4843//4775 4840//4775
f 4724//4776 4845//4776 4793//4776
f 4795//4777 4794//4777 4726//4777
f 4795//4778 4846//4778 4794//4778
f 4797//1473 4848//1473 4796//1473
f 4848//4779 4849//4779 4796//4779
f 4800//4780 4848//4780 4797//4780
f 4850//4781 4851//4781 4800//4781
f 4804//4782 4850//4782 4799//4782
f 4803//4783 4853//4783 4804//4783
f 4805//4784 4854//4784 4806//4784
f 4854//4785 4855//4785 4806//4785
f 4862//4786 4834//4786 4861//4786
f 4856//4787 4834//4787 4862//4787
f 4858//4788 4857//4788 4863//4788
f 4855//4789 4865//4789 4853//4789
f 4866//4790 4835//4790 4836//4790
f 4861//4791 4835//4791 4866//4791
f 4863//4792 4856//4792 4862//4792
f 4867//4793 4858//4793 4863//4793
f 4859//4794 4868//4794 4854//4794
f 4854//4795 4869//4795 4855//4795
f 4869//4796 4854//4796 4868//4796
f 4836//4797 4828//4797 4837//4797
f 4866//4798 4836//4798 4870//4798
f 4872//4799 4862//4799 4871//4799
f 4867//4800 4863//4800 4872//4800
f 4869//4801 4874//4801 4855//4801
f 4855//4802 4874//4802 4865//4802
f 4873//4803 4867//4803 4875//4803
f 4876//4804 4868//4804 4873//4804
f 4878//4805 4871//4805 4877//4805
f 4879//4806 4871//4806 4878//4806
f 4876//4807 4875//4807 4879//4807
f 4865//4808 4852//4808 4850//4808
f 4817//4809 4782//4809 4880//4809
f 4818//4810 4815//4810 4817//4810
f 4814//4811 4881//4811 4805//4811
f 4882//4812 4817//4812 4857//4812
f 4883//4813 4818//4813 4882//4813
f 4881//4814 4854//4814 4805//4814
f 4860//4815 4881//4815 4883//4815
f 4880//4816 4833//4816 4856//4816
f 4857//4817 4880//4817 4856//4817
f 4859//4818 4882//4818 4858//4818
f 4860//4819 4883//4819 4859//4819
f 4821//4542 4745//4542 4820//4542
f 4887//4820 4822//4820 4821//4820
f 4823//4821 4822//4821 4888//4821
f 4824//4822 4823//4822 4889//4822
f 4889//4823 4823//4823 4888//4823
f 4891//4824 4824//4824 4889//4824
f 4892//4825 4825//4825 4890//4825
f 4826//4826 4746//4826 4825//4826
f 4895//4827 4748//4827 4894//4827
f 4895//4828 4827//4828 4748//4828
f 4897//4829 4895//4829 4894//4829
f 4829//4830 4750//4830 4896//4830
f 4896//4831 4750//4831 4827//4831
f 4830//4832 4829//4832 4896//4832
f 4899//4833 4830//4833 4900//4833
f 4838//4834 4902//4834 3552//4834
f 4905//4835 4904//4835 4839//4835
f 4721//4836 4842//4836 4789//4836
f 4789//4837 4905//4837 4788//4837
f 4842//4838 4905//4838 4789//4838
f 4841//4839 4907//4839 4906//4839
f 4907//4840 4908//4840 4906//4840
f 4843//4841 4907//4841 4841//4841
f 4843//4842 4910//4842 4907//4842
f 4844//4843 4910//4843 4843//4843
f 4910//4844 4911//4844 4907//4844
f 4845//4845 4913//4845 4844//4845
f 4913//4846 4912//4846 4844//4846
f 4851//4847 4916//4847 4848//4847
f 4918//4848 4899//4848 4900//4848
f 4852//4849 4919//4849 4851//4849
f 4918//4850 4900//4850 4920//4850
f 4923//4851 4900//4851 4901//4851
f 4920//4852 4900//4852 4923//4852
f 4917//4853 4922//4853 4919//4853
f 4923//4854 4901//4854 4925//4854
f 4927//4855 4920//4855 4926//4855
f 4928//4856 4924//4856 4927//4856
f 4921//4857 4930//4857 4922//4857
f 4931//4858 4901//4858 4898//4858
f 4925//4859 4901//4859 4931//4859
f 4933//4860 4928//4860 4927//4860
f 4929//4861 4936//4861 4930//4861
f 4938//4862 4837//4862 4899//4862
f 4870//4863 4837//4863 4938//4863
f 4877//4864 4866//4864 4939//4864
f 4941//4865 4878//4865 4940//4865
f 4942//4866 4879//4866 4941//4866
f 4876//4867 4943//4867 4874//4867
f 4874//4868 4943//4868 4865//4868
f 4939//4869 4870//4869 4945//4869
f 4942//4870 4946//4870 4876//4870
f 4944//4871 4876//4871 4946//4871
f 4938//4872 4899//4872 4918//4872
f 4948//4873 4939//4873 4945//4873
f 4949//4874 4877//4874 4948//4874
f 4950//4875 4940//4875 4949//4875
f 4951//4876 4941//4876 4950//4876
f 4944//4877 4947//4877 4943//4877
f 4954//4878 4945//4878 4953//4878
f 4955//4879 4948//4879 4954//4879
f 4949//4880 4948//4880 4955//4880
f 4956//4881 4949//4881 4955//4881
f 4951//4882 4950//4882 4956//4882
f 4952//4883 4946//4883 4951//4883
f 4955//4884 4954//4884 4957//4884
f 4958//4885 4955//4885 4957//4885
f 4960//4886 4956//4886 4958//4886
f 4951//4887 4960//4887 4952//4887
f 4952//4888 4959//4888 4947//4888
f 4947//4889 4921//4889 4917//4889
f 4958//4890 4957//4890 4961//4890
f 4960//4891 4962//4891 4959//4891
f 4959//4892 4929//4892 4921//4892
f 4963//4893 4924//4893 4928//4893
f 4935//4894 4961//4894 4963//4894
f 4964//4895 4958//4895 4935//4895
f 4962//4896 4964//4896 4929//4896
f 4963//4897 4928//4897 4934//4897
f 4935//4898 4963//4898 4934//4898
f 4964//4899 4937//4899 4929//4899
f 4884//4900 3618//4900 3693//4900
f 4965//4901 4885//4901 4884//4901
f 4886//4902 4885//4902 4965//4902
f 4887//4903 4821//4903 4886//4903
f 4967//4904 4886//4904 4966//4904
f 4889//4905 4888//4905 4968//4905
f 4891//4906 4889//4906 4970//4906
f 4971//4907 4892//4907 4890//4907
f 4972//4908 4893//4908 4892//4908
f 4972//4909 4892//4909 4971//4909
f 4974//4910 4894//4910 4972//4910
f 4897//4911 4894//4911 4973//4911
f 4898//4912 4897//4912 4976//4912
f 4976//4913 4897//4913 4973//4913
f 4976//4914 4973//4914 4975//4914
f 4902//4915 4978//4915 3679//4915
f 4978//4916 3756//4916 3755//4916
f 4979//4917 4981//4917 4903//4917
f 4982//4918 4984//4918 4979//4918
f 4983//4919 4984//4919 4982//4919
f 4984//4920 4981//4920 4979//4920
f 4905//4921 4985//4921 4904//4921
f 4905//4922 4986//4922 4985//4922
f 4985//4923 4983//4923 4982//4923
f 4985//4924 4987//4924 4983//4924
f 4986//4925 4987//4925 4985//4925
f 4987//4926 4984//4926 4983//4926
f 4989//4927 4990//4927 4905//4927
f 4990//4928 4988//4928 4986//4928
f 4908//4929 4989//4929 4842//4929
f 4909//4930 4992//4930 4908//4930
f 4994//4931 4996//4931 4995//4931
f 4912//4932 4994//4932 4910//4932
f 4914//4933 4997//4933 4913//4933
f 4914//4934 4999//4934 4997//4934
f 4999//4935 4998//4935 4997//4935
f 4915//4936 5000//4936 4914//4936
f 5002//4937 5000//4937 4915//4937
f 5002//4938 5001//4938 5000//4938
f 4919//4939 5004//4939 4916//4939
f 4916//4940 5004//4940 5002//4940
f 5006//4941 4898//4941 4976//4941
f 5009//4942 5006//4942 4977//4942
f 5008//4943 5006//4943 5009//4943
f 5004//4944 5003//4944 5002//4944
f 4931//4945 4898//4945 5012//4945
f 4932//4946 4923//4946 5013//4946
f 4933//4947 4927//4947 5014//4947
f 5015//4948 4934//4948 4933//4948
f 4937//4949 4935//4949 5015//4949
f 4930//4950 5016//4950 4922//4950
f 4937//4951 5018//4951 4936//4951
f 4936//4952 5017//4952 5016//4952
f 5012//4953 4898//4953 5019//4953
f 5022//4954 4933//4954 5021//4954
f 5023//4955 5015//4955 5022//4955
f 5017//4956 5025//4956 5016//4956
f 5026//4957 5012//4957 5019//4957
f 5020//4958 5013//4958 5026//4958
f 5027//4959 4932//4959 5020//4959
f 5021//4960 5014//4960 5027//4960
f 5022//4961 5021//4961 5027//4961
f 5025//4962 5023//4962 5028//4962
f 5025//4963 5017//4963 5023//4963
f 5016//4964 5024//4964 5005//4964
f 5019//4965 4898//4965 5006//4965
f 5030//4966 5022//4966 5029//4966
f 5023//4967 5030//4967 5028//4967
f 5025//4968 5028//4968 5024//4968
f 5024//4969 5007//4969 5005//4969
f 5026//4970 5019//4970 5008//4970
f 5033//4971 5020//4971 5032//4971
f 5029//4972 5027//4972 5033//4972
f 5028//4973 5030//4973 5034//4973
f 5024//4974 5031//4974 5007//4974
f 5028//4975 5036//4975 5031//4975
f 5038//4976 5032//4976 5037//4976
f 5039//4977 5033//4977 5038//4977
f 5040//4978 5029//4978 5039//4978
f 5036//4979 5010//4979 5031//4979
f 4965//4980 4884//4980 3853//4980
f 4966//4981 4965//4981 5042//4981
f 4967//4982 4966//4982 5043//4982
f 5044//4983 4967//4983 5043//4983
f 4969//4984 4968//4984 4887//4984
f 4887//4985 4967//4985 5044//4985
f 5045//4986 4887//4986 5044//4986
f 5046//4987 4969//4987 5045//4987
f 5047//4988 4970//4988 5046//4988
f 4971//4989 4970//4989 5047//4989
f 4974//4990 4972//4990 4971//4990
f 5050//4991 4971//4991 5047//4991
f 5052//4992 4974//4992 5050//4992
f 5051//4993 4975//4993 5052//4993
f 4978//4994 3757//4994 3756//4994
f 4978//4995 5054//4995 3757//4995
f 4980//4996 5054//4996 4978//4996
f 4980//4997 5055//4997 5054//4997
f 5055//4998 3828//4998 3826//4998
f 5055//4999 5056//4999 3828//4999
f 3828//5000 5056//5000 3829//5000
f 5061//5001 5062//5001 4984//5001
f 5060//5002 5057//5002 4981//5002
f 5062//5003 5059//5003 5060//5003
f 5063//5004 5064//5004 5062//5004
f 4987//5005 5061//5005 4984//5005
f 4988//5006 5063//5006 5061//5006
f 4988//5007 5066//5007 5065//5007
f 5065//5008 5064//5008 5063//5008
f 5067//5009 5066//5009 4988//5009
f 4998//5010 4996//5010 4997//5010
f 4998//5011 5070//5011 4996//5011
f 5070//5012 5069//5012 4996//5012
f 4999//5013 5072//5013 4998//5013
f 5001//5014 4999//5014 5000//5014
f 5077//5015 5051//5015 5053//5015
f 5076//5016 5078//5016 5074//5016
f 5004//5017 5074//5017 5003//5017
f 5007//5018 5074//5018 5004//5018
f 5009//5019 4977//5019 5080//5019
f 5011//5020 5084//5020 5007//5020
f 5011//5021 5010//5021 5083//5021
f 5085//5022 4977//5022 5051//5022
f 5081//5023 5009//5023 5080//5023
f 5082//5024 5089//5024 5010//5024
f 5089//5025 5082//5025 5088//5025
f 5011//5026 5083//5026 5084//5026
f 5085//5027 5051//5027 5090//5027
f 5081//5028 5080//5028 5091//5028
f 5086//5029 5081//5029 5092//5029
f 5093//5030 5086//5030 5092//5030
f 5089//5031 5096//5031 5095//5031
f 5089//5032 5088//5032 5096//5032
f 5098//5033 5085//5033 5097//5033
f 5092//5034 5091//5034 5099//5034
f 5100//5035 5094//5035 5093//5035
f 5096//5036 5087//5036 5100//5036
f 5089//5037 5095//5037 5083//5037
f 5090//5038 5051//5038 5077//5038
f 5099//5039 5091//5039 5101//5039
f 5093//5040 5092//5040 5102//5040
f 5103//5041 5093//5041 5102//5041
f 5096//5042 5104//5042 5095//5042
f 5104//5043 5100//5043 5103//5043
f 5083//5044 5105//5044 5084//5044
f 5084//5045 5076//5045 5074//5045
f 5107//5046 5090//5046 5077//5046
f 5098//5047 5097//5047 5107//5047
f 5101//5048 5098//5048 5108//5048
f 5102//5049 5099//5049 5109//5049
f 5110//5050 5102//5050 5109//5050
f 5104//5051 5111//5051 5095//5051
f 5111//5052 5103//5052 5110//5052
f 5108//5053 5098//5053 5107//5053
f 5109//5054 5101//5054 5112//5054
f 5113//5055 5109//5055 5112//5055
f 5111//5056 5115//5056 5106//5056
f 5115//5057 5110//5057 5113//5057
f 5116//5058 5035//5058 5079//5058
f 5038//5059 5037//5059 5116//5059
f 5041//5060 5036//5060 5040//5060
f 5116//5061 5079//5061 5086//5061
f 5117//5062 5038//5062 5116//5062
f 5040//5063 5118//5063 5041//5063
f 5118//5064 5039//5064 5117//5064
f 5041//5065 5082//5065 5010//5065
f 5087//5066 5116//5066 5119//5066
f 5118//5067 5088//5067 5082//5067
f 5088//5068 5117//5068 5087//5068
f 5119//5069 5086//5069 5094//5069
f 5087//5070 5119//5070 5094//5070
f 5042//5071 4965//5071 3853//5071
f 5043//5072 4966//5072 5121//5072
f 5122//5073 5043//5073 5121//5073
f 5126//5074 5046//5074 5045//5074
f 5127//5075 5045//5075 5124//5075
f 5126//5076 5045//5076 5127//5076
f 5048//5077 5046//5077 5126//5077
f 5129//5078 5049//5078 5048//5078
f 5128//5079 5049//5079 5129//5079
f 5129//5080 5048//5080 5127//5080
f 5130//5081 5047//5081 5128//5081
f 5133//5082 5130//5082 5128//5082
f 5131//5083 5130//5083 5133//5083
f 5052//5084 5050//5084 5130//5084
f 5053//5085 5052//5085 5132//5085
f 5132//5086 5052//5086 5131//5086
f 5056//5087 3919//5087 3829//5087
f 5136//5088 4060//5088 3920//5088
f 5058//5089 3919//5089 5055//5089
f 5058//5090 5137//5090 3919//5090
f 5137//5091 5136//5091 3919//5091
f 5137//5092 5138//5092 5136//5092
f 5066//5093 5137//5093 5058//5093
f 5065//5094 5066//5094 5064//5094
f 5067//5095 5139//5095 5066//5095
f 5068//5096 5140//5096 5067//5096
f 5070//5097 5143//5097 5069//5097
f 5072//5098 5073//5098 4998//5098
f 5073//5099 5145//5099 5071//5099
f 5072//5100 5145//5100 5073//5100
f 5149//5101 5132//5101 5134//5101
f 5148//5102 5150//5102 5147//5102
f 5147//5103 5146//5103 5145//5103
f 5151//5104 5153//5104 5148//5104
f 5155//5105 5134//5105 5154//5105
f 5148//5106 5153//5106 5150//5106
f 5075//5107 5147//5107 5072//5107
f 5078//5108 5148//5108 5075//5108
f 5159//5109 5053//5109 5132//5109
f 5160//5110 5157//5110 5159//5110
f 5078//5111 5151//5111 5148//5111
f 5159//5112 5132//5112 5162//5112
f 5163//5113 5160//5113 5159//5113
f 5161//5114 5166//5114 5158//5114
f 5163//5115 5159//5115 5168//5115
f 5164//5116 5163//5116 5169//5116
f 5170//5117 5164//5117 5169//5117
f 5166//5118 5173//5118 5167//5118
f 5166//5119 5174//5119 5171//5119
f 5158//5120 5167//5120 5151//5120
f 5175//5121 5132//5121 5149//5121
f 5168//5122 5162//5122 5175//5122
f 5176//5123 5168//5123 5175//5123
f 5169//5124 5168//5124 5177//5124
f 5178//5125 5169//5125 5177//5125
f 5179//5126 5170//5126 5178//5126
f 5173//5127 5172//5127 5179//5127
f 5173//5128 5180//5128 5167//5128
f 5167//5129 5152//5129 5151//5129
f 5177//5130 5176//5130 5181//5130
f 5182//5131 5177//5131 5181//5131
f 5183//5132 5178//5132 5182//5132
f 5185//5133 5179//5133 5183//5133
f 5173//5134 5185//5134 5180//5134
f 5167//5135 5186//5135 5152//5135
f 5186//5136 5185//5136 5184//5136
f 5176//5137 5149//5137 5155//5137
f 5181//5138 5176//5138 5187//5138
f 5188//5139 5181//5139 5187//5139
f 5190//5140 5183//5140 5189//5140
f 5185//5141 5190//5141 5184//5141
f 5191//5142 5077//5142 5157//5142
f 5108//5143 5107//5143 5191//5143
f 5115//5144 5192//5144 5114//5144
f 5105//5145 5158//5145 5076//5145
f 5194//5146 5108//5146 5193//5146
f 5195//5147 5112//5147 5194//5147
f 5196//5148 5113//5148 5195//5148
f 5114//5149 5161//5149 5105//5149
f 5197//5150 5191//5150 5160//5150
f 5198//5151 5193//5151 5197//5151
f 5194//5152 5193//5152 5198//5152
f 5195//5153 5194//5153 5198//5153
f 5161//5154 5196//5154 5166//5154
f 5161//5155 5114//5155 5196//5155
f 5165//5156 5160//5156 5164//5156
f 5198//5157 5197//5157 5165//5157
f 5199//5158 5198//5158 5165//5158
f 5196//5159 5200//5159 5166//5159
f 5200//5160 5195//5160 5199//5160
f 5201//5161 5165//5161 5170//5161
f 5172//5162 5201//5162 5170//5162
f 5174//5163 5201//5163 5172//5163
f 5200//5164 5174//5164 5166//5164
f 5174//5165 5199//5165 5201//5165
f 5202//5166 3991//5166 3992//5166
f 5203//5167 5202//5167 3992//5167
f 5203//5168 3992//5168 3989//5168
f 5204//5169 3990//5169 3993//5169
f 5206//5170 5202//5170 5203//5170
f 5208//5171 5203//5171 3990//5171
f 5209//5172 5208//5172 5204//5172
f 5211//5173 5210//5173 5208//5173
f 5211//5174 5208//5174 5209//5174
f 5213//5175 5212//5175 5210//5175
f 5214//5176 5213//5176 5211//5176
f 5125//5177 5122//5177 5212//5177
f 5215//5178 5212//5178 5213//5178
f 5216//5179 5215//5179 5214//5179
f 5217//5180 5125//5180 5215//5180
f 5219//5181 5217//5181 5216//5181
f 5221//5182 5127//5182 5222//5182
f 5222//5183 5127//5183 5223//5183
f 5225//5184 5128//5184 5221//5184
f 5225//5185 5221//5185 5226//5185
f 5135//5186 5133//5186 5225//5186
f 5227//5187 4061//5187 4060//5187
f 5228//5188 5229//5188 5227//5188
f 5137//5189 5228//5189 5138//5189
f 5228//5190 5227//5190 5138//5190
f 5230//5191 5231//5191 5228//5191
f 5233//5192 5230//5192 5139//5192
f 5234//5193 5230//5193 5233//5193
f 5234//5194 5235//5194 5230//5194
f 5143//5195 5142//5195 5068//5195
f 5236//5196 5235//5196 5234//5196
f 5144//5197 5237//5197 5143//5197
f 5143//5198 5236//5198 5142//5198
f 5242//5199 5225//5199 5243//5199
f 5241//5200 5245//5200 5146//5200
f 5247//5201 5242//5201 5246//5201
f 5146//5202 5239//5202 5238//5202
f 5241//5203 5249//5203 5245//5203
f 5244//5204 5249//5204 5241//5204
f 5251//5205 5226//5205 5250//5205
f 5246//5206 5243//5206 5251//5206
f 5252//5207 5246//5207 5251//5207
f 5254//5208 5253//5208 5246//5208
f 5248//5209 5257//5209 5249//5209
f 5245//5210 5240//5210 5239//5210
f 5249//5211 5259//5211 5245//5211
f 5250//5212 5226//5212 5224//5212
f 5254//5213 5252//5213 5260//5213
f 5261//5214 5254//5214 5260//5214
f 5262//5215 5254//5215 5261//5215
f 5262//5216 5255//5216 5254//5216
f 5263//5217 5256//5217 5262//5217
f 5258//5218 5263//5218 5257//5218
f 5249//5219 5257//5219 5259//5219
f 5245//5220 5259//5220 5240//5220
f 5154//5221 5134//5221 5264//5221
f 5152//5222 5156//5222 5153//5222
f 5264//5223 5135//5223 5266//5223
f 5265//5224 5271//5224 5156//5224
f 5150//5225 5241//5225 5146//5225
f 5156//5226 5273//5226 5153//5226
f 5266//5227 5135//5227 5274//5227
f 5268//5228 5155//5228 5276//5228
f 5269//5229 5268//5229 5276//5229
f 5278//5230 5270//5230 5277//5230
f 5272//5231 5278//5231 5271//5231
f 5274//5232 5225//5232 5242//5232
f 5275//5233 5266//5233 5279//5233
f 5276//5234 5275//5234 5280//5234
f 5281//5235 5276//5235 5280//5235
f 5282//5236 5269//5236 5281//5236
f 5284//5237 5277//5237 5282//5237
f 5278//5238 5284//5238 5271//5238
f 5271//5239 5283//5239 5273//5239
f 5153//5240 5244//5240 5241//5240
f 5273//5241 5244//5241 5153//5241
f 5279//5242 5274//5242 5247//5242
f 5285//5243 5280//5243 5279//5243
f 5286//5244 5281//5244 5285//5244
f 5288//5245 5282//5245 5286//5245
f 5284//5246 5282//5246 5283//5246
f 5283//5247 5287//5247 5244//5247
f 5287//5248 5283//5248 5288//5248
f 5290//5249 5289//5249 5247//5249
f 5285//5250 5279//5250 5289//5250
f 5291//5251 5285//5251 5290//5251
f 5292//5252 5286//5252 5291//5252
f 5288//5253 5292//5253 5287//5253
f 5287//5254 5248//5254 5244//5254
f 5290//5255 5247//5255 5253//5255
f 5256//5256 5290//5256 5255//5256
f 5258//5257 5291//5257 5256//5257
f 5292//5258 5258//5258 5248//5258
f 5187//5259 5155//5259 5268//5259
f 5293//5260 5182//5260 5188//5260
f 5190//5261 5189//5261 5293//5261
f 5186//5262 5265//5262 5152//5262
f 5184//5263 5190//5263 5272//5263
f 5270//5264 5294//5264 5269//5264
f 5204//5265 3993//5265 4163//5265
f 5295//5266 5204//5266 4163//5266
f 5295//5267 4163//5267 4164//5267
f 5296//5268 5295//5268 4166//5268
f 5297//5269 4166//5269 4168//5269
f 5301//5270 4166//5270 5297//5270
f 5303//5271 5301//5271 5298//5271
f 5303//5272 5298//5272 5304//5272
f 5306//5273 5299//5273 5295//5273
f 5302//5274 5296//5274 5301//5274
f 5307//5275 5302//5275 5303//5275
f 5308//5276 5302//5276 5307//5276
f 5311//5277 5310//5277 5306//5277
f 5312//5278 5306//5278 5300//5278
f 5308//5279 5300//5279 5302//5279
f 5312//5280 5308//5280 5313//5280
f 5314//5281 5211//5281 5310//5281
f 5315//5282 5314//5282 5310//5282
f 5316//5283 5315//5283 5311//5283
f 5317//5284 5316//5284 5312//5284
f 5312//5285 5313//5285 5318//5285
f 5318//5286 5319//5286 5320//5286
f 5321//5287 5316//5287 5317//5287
f 5317//5288 5318//5288 5322//5288
f 5321//5289 5322//5289 5323//5289
f 5322//5290 5320//5290 5324//5290
f 5323//5291 5324//5291 5325//5291
f 5327//5292 5220//5292 5314//5292
f 5328//5293 5220//5293 5327//5293
f 5327//5294 5314//5294 5315//5294
f 5330//5295 5327//5295 5316//5295
f 5329//5296 5327//5296 5330//5296
f 5330//5297 5316//5297 5321//5297
f 5331//5298 5330//5298 5321//5298
f 5332//5299 5329//5299 5333//5299
f 5333//5300 5331//5300 5334//5300
f 5336//5301 5332//5301 5335//5301
f 5334//5302 5323//5302 5325//5302
f 5335//5303 5333//5303 5337//5303
f 5340//5304 5334//5304 5325//5304
f 5338//5305 5337//5305 5340//5305
f 5342//5306 5335//5306 5338//5306
f 5223//5307 5218//5307 5343//5307
f 5343//5308 5219//5308 5328//5308
f 5345//5309 5223//5309 5344//5309
f 5344//5310 5343//5310 5346//5310
f 5347//5311 5329//5311 5332//5311
f 5346//5312 5328//5312 5347//5312
f 5349//5313 5344//5313 5348//5313
f 5348//5314 5346//5314 5350//5314
f 5350//5315 5336//5315 5352//5315
f 5353//5316 5348//5316 5351//5316
f 5352//5317 5336//5317 5339//5317
f 5354//5318 5350//5318 5352//5318
f 5355//5319 5351//5319 5354//5319
f 5356//5320 5339//5320 5342//5320
f 5357//5321 5352//5321 5356//5321
f 5358//5322 5354//5322 5357//5322
f 5229//5323 5359//5323 4061//5323
f 5359//5324 4239//5324 4238//5324
f 5360//5325 4240//5325 4239//5325
f 5360//5326 5361//5326 4240//5326
f 5361//5327 4241//5327 4240//5327
f 4241//5328 5362//5328 4242//5328
f 5231//5329 5363//5329 5229//5329
f 5364//5330 5360//5330 5359//5330
f 5365//5331 5367//5331 5360//5331
f 5367//5332 5362//5332 5361//5332
f 5370//5333 5364//5333 5363//5333
f 5366//5334 5365//5334 5364//5334
f 5372//5335 5367//5335 5365//5335
f 5373//5336 5368//5336 5367//5336
f 5232//5337 5371//5337 5370//5337
f 5375//5338 5371//5338 5232//5338
f 5376//5339 5372//5339 5366//5339
f 5376//5340 5374//5340 5372//5340
f 5377//5341 5374//5341 5376//5341
f 5374//5342 5379//5342 5373//5342
f 5378//5343 5379//5343 5374//5343
f 5235//5344 5375//5344 5230//5344
f 5375//5345 5377//5345 5371//5345
f 5381//5346 5377//5346 5375//5346
f 5382//5347 5378//5347 5377//5347
f 5383//5348 5384//5348 5378//5348
f 5385//5349 5381//5349 5235//5349
f 5386//5350 5387//5350 5382//5350
f 5386//5351 5382//5351 5381//5351
f 5387//5352 5383//5352 5382//5352
f 5387//5353 5388//5353 5383//5353
f 5388//5354 5384//5354 5383//5354
f 5389//5355 5384//5355 5388//5355
f 5391//5356 5385//5356 5236//5356
f 5391//5357 5392//5357 5385//5357
f 5392//5358 5393//5358 5385//5358
f 5393//5359 5390//5359 5386//5359
f 5395//5360 5390//5360 5393//5360
f 5390//5361 5396//5361 5389//5361
f 5396//5362 5397//5362 5389//5362
f 5238//5363 5391//5363 5237//5363
f 5398//5364 5224//5364 5345//5364
f 5239//5365 5392//5365 5391//5365
f 5240//5366 5400//5366 5392//5366
f 5403//5367 5345//5367 5349//5367
f 5400//5368 5406//5368 5392//5368
f 5408//5369 5403//5369 5407//5369
f 5404//5370 5403//5370 5408//5370
f 5410//5371 5404//5371 5409//5371
f 5413//5372 5411//5372 5410//5372
f 5405//5373 5413//5373 5402//5373
f 5402//5374 5412//5374 5400//5374
f 5415//5375 5349//5375 5353//5375
f 5416//5376 5407//5376 5415//5376
f 5409//5377 5408//5377 5416//5377
f 5410//5378 5409//5378 5417//5378
f 5406//5379 5396//5379 5394//5379
f 5415//5380 5353//5380 5355//5380
f 5410//5381 5420//5381 5418//5381
f 5418//5382 5420//5382 5419//5382
f 5422//5383 5355//5383 5358//5383
f 5423//5384 5355//5384 5422//5384
f 5424//5385 5423//5385 5422//5385
f 5417//5386 5416//5386 5423//5386
f 5419//5387 5424//5387 5425//5387
f 5420//5388 5417//5388 5424//5388
f 5421//5389 5419//5389 5426//5389
f 5252//5390 5250//5390 5427//5390
f 5428//5391 5252//5391 5427//5391
f 5260//5392 5252//5392 5429//5392
f 5430//5393 5260//5393 5429//5393
f 5433//5394 5262//5394 5431//5394
f 5263//5395 5433//5395 5257//5395
f 5257//5396 5432//5396 5259//5396
f 5401//5397 5224//5397 5398//5397
f 5428//5398 5427//5398 5401//5398
f 5429//5399 5428//5399 5434//5399
f 5430//5400 5429//5400 5434//5400
f 5436//5401 5261//5401 5430//5401
f 5438//5402 5436//5402 5435//5402
f 5433//5403 5431//5403 5432//5403
f 5432//5404 5437//5404 5399//5404
f 5259//5405 5399//5405 5240//5405
f 5434//5406 5428//5406 5439//5406
f 5440//5407 5434//5407 5439//5407
f 5441//5408 5430//5408 5440//5408
f 5435//5409 5436//5409 5441//5409
f 5438//5410 5435//5410 5437//5410
f 5437//5411 5435//5411 5402//5411
f 5439//5412 5401//5412 5403//5412
f 5404//5413 5439//5413 5403//5413
f 5435//5414 5441//5414 5402//5414
f 5402//5415 5441//5415 5405//5415
f 5442//5416 4170//5416 4172//5416
f 5443//5417 5298//5417 5442//5417
f 3035//5418 5442//5418 2978//5418
f 5442//5419 3035//5419 3036//5419
f 5445//5420 4360//5420 5444//5420
f 5445//5421 5448//5421 5447//5421
f 5446//5422 5448//5422 5445//5422
f 4390//5423 3045//5423 2990//5423
f 4365//5424 5450//5424 4362//5424
f 4365//5425 5451//5425 5450//5425
f 5447//5426 4365//5426 4360//5426
f 5448//5427 5452//5427 5447//5427
f 5448//5428 5453//5428 5452//5428
f 3046//5429 5443//5429 5442//5429
f 3047//5430 5305//5430 3046//5430
f 5455//5431 5456//5431 5454//5431
f 5448//5432 5457//5432 5453//5432
f 5459//5433 5458//5433 5457//5433
f 5456//5434 5459//5434 5446//5434
f 5460//5435 5307//5435 5305//5435
f 3057//5436 5305//5436 3047//5436
f 5456//5437 5463//5437 5458//5437
f 5456//5438 5462//5438 5463//5438
f 5462//5439 5456//5439 5455//5439
f 5465//5440 5309//5440 5460//5440
f 3065//5441 5460//5441 3057//5441
f 5467//5442 5470//5442 5469//5442
f 5475//5443 5473//5443 5472//5443
f 5469//5444 5472//5444 5474//5444
f 5470//5445 5475//5445 5472//5445
f 5468//5446 5462//5446 5461//5446
f 5467//5447 5469//5447 5468//5447
f 5476//5448 3071//5448 3064//5448
f 5471//5449 3072//5449 5477//5449
f 5478//5450 5477//5450 3071//5450
f 5479//5451 5471//5451 5477//5451
f 5480//5452 5479//5452 5478//5452
f 5481//5453 5471//5453 5479//5453
f 5484//5454 5481//5454 5480//5454
f 5472//5455 5482//5455 5481//5455
f 5474//5456 5484//5456 5483//5456
f 5469//5457 5464//5457 5462//5457
f 5485//5458 5309//5458 5465//5458
f 5320//5459 5485//5459 5486//5459
f 3074//5460 5465//5460 3065//5460
f 5486//5461 5485//5461 3074//5461
f 3076//5462 3074//5462 3075//5462
f 5488//5463 5491//5463 5489//5463
f 5492//5464 3080//5464 3082//5464
f 5493//5465 5492//5465 3082//5465
f 5489//5466 5497//5466 5475//5466
f 5490//5467 5498//5467 5497//5467
f 5489//5468 5470//5468 5467//5468
f 5493//5469 3082//5469 5499//5469
f 5500//5470 5499//5470 3073//5470
f 5501//5471 5493//5471 5499//5471
f 5482//5472 5501//5472 5500//5472
f 5502//5473 5493//5473 5501//5473
f 5502//5474 5494//5474 5493//5474
f 5473//5475 5502//5475 5482//5475
f 5496//5476 5494//5476 5502//5476
f 5496//5477 5495//5477 5494//5477
f 5497//5478 5496//5478 5473//5478
f 5482//5479 5500//5479 5471//5479
f 5504//5480 5325//5480 5503//5480
f 5506//5481 5326//5481 5505//5481
f 5507//5482 5326//5482 5506//5482
f 5508//5483 5503//5483 5507//5483
f 5509//5484 5486//5484 3076//5484
f 5506//5485 5505//5485 5509//5485
f 5506//5486 5509//5486 5510//5486
f 5511//5487 5507//5487 5506//5487
f 5512//5488 5507//5488 5511//5488
f 5514//5489 3076//5489 3078//5489
f 5515//5490 5509//5490 5514//5490
f 5510//5491 5509//5491 5515//5491
f 5516//5492 5506//5492 5510//5492
f 5512//5493 5511//5493 5516//5493
f 5517//5494 5512//5494 5516//5494
f 5513//5495 5520//5495 5491//5495
f 5513//5496 5521//5496 5520//5496
f 5522//5497 3078//5497 3080//5497
f 5515//5498 5514//5498 5522//5498
f 5523//5499 5515//5499 5522//5499
f 5516//5500 5510//5500 5524//5500
f 5526//5501 5516//5501 5524//5501
f 5527//5502 5517//5502 5526//5502
f 5527//5503 5518//5503 5517//5503
f 5529//5504 5519//5504 5527//5504
f 5520//5505 5530//5505 5529//5505
f 5491//5506 5528//5506 5490//5506
f 5491//5507 5520//5507 5528//5507
f 5522//5508 3080//5508 5492//5508
f 5494//5509 5522//5509 5492//5509
f 5495//5510 5523//5510 5494//5510
f 5495//5511 5525//5511 5523//5511
f 5532//5512 5525//5512 5495//5512
f 5532//5513 5526//5513 5525//5513
f 5498//5514 5532//5514 5496//5514
f 5528//5515 5526//5515 5532//5515
f 5529//5516 5527//5516 5526//5516
f 5341//5517 5340//5517 5504//5517
f 5533//5518 5340//5518 5341//5518
f 5534//5519 5338//5519 5533//5519
f 5536//5520 5504//5520 5508//5520
f 5537//5521 5341//5521 5536//5521
f 5539//5522 5533//5522 5537//5522
f 5540//5523 5533//5523 5539//5523
f 5541//5524 5540//5524 5539//5524
f 5535//5525 5534//5525 5540//5525
f 5542//5526 5540//5526 5541//5526
f 5542//5527 5535//5527 5540//5527
f 5543//5528 5535//5528 5542//5528
f 5544//5529 5508//5529 5512//5529
f 5545//5530 5536//5530 5544//5530
f 5546//5531 5536//5531 5545//5531
f 5538//5532 5537//5532 5546//5532
f 5548//5533 5538//5533 5547//5533
f 5541//5534 5539//5534 5538//5534
f 5550//5535 5541//5535 5548//5535
f 5551//5536 5542//5536 5550//5536
f 5544//5537 5512//5537 5518//5537
f 5519//5538 5544//5538 5518//5538
f 5545//5539 5544//5539 5552//5539
f 5530//5540 5545//5540 5552//5540
f 5547//5541 5546//5541 5545//5541
f 5531//5542 5547//5542 5530//5542
f 5521//5543 5531//5543 5520//5543
f 5549//5544 5548//5544 5531//5544
f 5530//5545 5552//5545 5519//5545
f 5356//5546 5342//5546 5534//5546
f 5535//5547 5356//5547 5534//5547
f 5554//5548 5356//5548 5553//5548
f 5555//5549 5554//5549 5553//5549
f 5556//5550 5357//5550 5554//5550
f 5555//5551 5553//5551 5535//5551
f 4242//5552 5557//5552 5444//5552
f 5557//5553 5445//5553 5444//5553
f 5444//5554 4357//5554 4374//5554
f 5368//5555 5557//5555 5362//5555
f 5369//5556 5558//5556 5368//5556
f 5454//5557 5446//5557 5557//5557
f 5559//5558 5454//5558 5558//5558
f 5461//5559 5455//5559 5559//5559
f 5379//5560 5559//5560 5369//5560
f 5380//5561 5561//5561 5379//5561
f 5560//5562 5561//5562 5461//5562
f 5562//5563 5487//5563 5561//5563
f 5384//5564 5563//5564 5380//5564
f 5564//5565 5566//5565 5565//5565
f 5564//5566 5487//5566 5563//5566
f 5488//5567 5513//5567 5491//5567
f 5565//5568 5513//5568 5488//5568
f 5389//5569 5564//5569 5384//5569
f 5397//5570 5567//5570 5389//5570
f 5572//5571 5570//5571 5569//5571
f 5572//5572 5571//5572 5570//5572
f 5566//5573 5572//5573 5569//5573
f 5568//5574 5566//5574 5567//5574
f 5426//5575 5572//5575 5568//5575
f 5569//5576 5549//5576 5521//5576
f 5569//5577 5551//5577 5549//5577
f 5570//5578 5543//5578 5551//5578
f 5565//5579 5569//5579 5513//5579
f 5575//5580 5556//5580 5554//5580
f 5576//5581 5556//5581 5575//5581
f 5424//5582 5422//5582 5556//5582
f 5425//5583 5424//5583 5576//5583
f 5421//5584 5426//5584 5397//5584
f 5426//5585 5425//5585 5574//5585
f 5571//5586 5555//5586 5543//5586
f 5575//5587 5554//5587 5555//5587
f 5573//5588 5575//5588 5571//5588
f 5574//5589 5576//5589 5573//5589
f 4394//5590 5449//5590 4390//5590
f 5579//5591 5577//5591 5449//5591
f 5450//5592 5579//5592 4394//5592
f 5582//5593 5580//5593 5579//5593
f 5582//5594 5581//5594 5580//5594
f 5453//5595 5581//5595 5582//5595
f 5578//5596 3084//5596 3083//5596
f 5583//5597 3085//5597 3084//5597
f 5586//5598 5585//5598 5584//5598
f 5453//5599 5588//5599 5581//5599
f 5457//5600 5586//5600 5588//5600
f 5458//5601 5589//5601 5586//5601
f 5590//5602 5583//5602 5578//5602
f 5584//5603 5583//5603 5590//5603
f 5581//5604 5578//5604 5580//5604
f 5591//5605 5590//5605 5578//5605
f 5588//5606 5590//5606 5591//5606
f 5588//5607 5586//5607 5590//5607
f 5585//5608 3063//5608 3085//5608
f 5587//5609 3063//5609 5585//5609
f 5587//5610 5592//5610 3063//5610
f 5594//5611 5593//5611 5587//5611
f 5458//5612 5594//5612 5589//5612
f 5476//5613 3064//5613 5592//5613
f 5593//5614 5476//5614 5592//5614
f 5478//5615 3071//5615 5476//5615
f 5597//5616 5596//5616 5593//5616
f 5480//5617 5478//5617 5596//5617
f 5595//5618 5597//5618 5594//5618
f 5483//5619 5480//5619 5597//5619
f 5464//5620 5595//5620 5462//5620
f 5595//5621 5464//5621 5483//5621
f 5480//5622 5483//5622 5484//5622
f 5597//5623 5595//5623 5483//5623
f 5596//5624 5597//5624 5480//5624
f 5593//5625 5594//5625 5597//5625
f 5476//5626 5596//5626 5478//5626
f 5476//5627 5593//5627 5596//5627
f 5463//5628 5462//5628 5595//5628
f 5594//5629 5463//5629 5595//5629
f 5594//5630 5458//5630 5463//5630
f 5587//5631 5589//5631 5594//5631
f 5592//5632 5587//5632 5593//5632
f 3063//5633 5592//5633 3064//5633
f 5591//5634 5581//5634 5588//5634
f 5584//5635 5590//5635 5586//5635
f 5578//5636 5581//5636 5591//5636
f 5586//5637 5457//5637 5458//5637
f 5588//5638 5453//5638 5457//5638
f 5587//5639 5586//5639 5589//5639
f 5585//5640 5586//5640 5587//5640
f 3085//5641 5584//5641 5585//5641
f 3085//5642 5583//5642 5584//5642
f 3084//5643 5578//5643 5583//5643
f 5577//5644 5580//5644 5578//5644
f 5451//5645 5452//5645 5453//5645
f 5582//5646 5451//5646 5453//5646
f 5579//5647 5451//5647 5582//5647
f 5579//5648 5450//5648 5451//5648
f 4394//5649 4362//5649 5450//5649
f 5577//5650 5579//5650 5580//5650
f 5449//5651 4394//5651 5579//5651
f 3083//5652 5577//5652 5578//5652
f 5449//5653 5577//5653 3083//5653
f 5575//5654 5573//5654 5576//5654
f 5555//5655 5571//5655 5575//5655
f 5426//5656 5419//5656 5425//5656
f 5576//5657 5574//5657 5425//5657
f 5556//5658 5576//5658 5424//5658
f 5358//5659 5556//5659 5422//5659
f 5565//5660 5566//5660 5569//5660
f 5543//5661 5570//5661 5571//5661
f 5551//5662 5569//5662 5570//5662
f 5521//5663 5513//5663 5569//5663
f 5572//5664 5426//5664 5574//5664
f 5573//5665 5572//5665 5574//5665
f 5566//5666 5568//5666 5572//5666
f 5564//5667 5567//5667 5566//5667
f 5571//5668 5572//5668 5573//5668
f 5568//5669 5397//5669 5426//5669
f 5567//5670 5397//5670 5568//5670
f 5564//5671 5389//5671 5567//5671
f 5488//5672 5564//5672 5565//5672
f 5488//5673 5487//5673 5564//5673
f 5563//5674 5384//5674 5564//5674
f 5562//5675 5563//5675 5487//5675
f 5562//5676 5380//5676 5563//5676
f 5561//5677 5380//5677 5562//5677
f 5468//5678 5487//5678 5466//5678
f 5467//5679 5468//5679 5466//5679
f 5468//5680 5561//5680 5487//5680
f 5468//5681 5461//5681 5561//5681
f 5560//5682 5379//5682 5561//5682
f 5559//5683 5379//5683 5560//5683
f 5461//5684 5559//5684 5560//5684
f 5558//5685 5369//5685 5559//5685
f 5454//5686 5559//5686 5455//5686
f 5557//5687 5558//5687 5454//5687
f 5557//5688 5368//5688 5558//5688
f 5445//5689 5557//5689 5446//5689
f 5444//5690 4374//5690 4242//5690
f 4242//5691 5362//5691 5557//5691
f 5535//5692 5543//5692 5555//5692
f 5357//5693 5556//5693 5358//5693
f 5356//5694 5554//5694 5357//5694
f 5356//5695 5535//5695 5553//5695
f 5549//5696 5550//5696 5548//5696
f 5531//5697 5521//5697 5549//5697
f 5547//5698 5531//5698 5548//5698
f 5545//5699 5530//5699 5547//5699
f 5544//5700 5519//5700 5552//5700
f 5542//5701 5551//5701 5543//5701
f 5550//5702 5549//5702 5551//5702
f 5541//5703 5550//5703 5542//5703
f 5538//5704 5548//5704 5541//5704
f 5546//5705 5547//5705 5538//5705
f 5536//5706 5546//5706 5537//5706
f 5508//5707 5544//5707 5536//5707
f 5533//5708 5540//5708 5534//5708
f 5537//5709 5538//5709 5539//5709
f 5341//5710 5537//5710 5533//5710
f 5504//5711 5536//5711 5341//5711
f 5338//5712 5534//5712 5342//5712
f 5340//5713 5533//5713 5338//5713
f 5325//5714 5504//5714 5340//5714
f 5498//5715 5490//5715 5528//5715
f 5526//5716 5528//5716 5529//5716
f 5532//5717 5498//5717 5528//5717
f 5495//5718 5496//5718 5532//5718
f 5523//5719 5525//5719 5524//5719
f 5522//5720 5494//5720 5523//5720
f 5530//5721 5520//5721 5531//5721
f 5529//5722 5528//5722 5520//5722
f 5519//5723 5529//5723 5530//5723
f 5518//5724 5527//5724 5519//5724
f 5516//5725 5526//5725 5517//5725
f 5524//5726 5525//5726 5526//5726
f 5515//5727 5524//5727 5510//5727
f 5515//5728 5523//5728 5524//5728
f 3078//5729 5522//5729 5514//5729
f 5512//5730 5517//5730 5518//5730
f 5506//5731 5516//5731 5511//5731
f 3076//5732 5514//5732 5509//5732
f 5507//5733 5512//5733 5508//5733
f 5486//5734 5509//5734 5505//5734
f 5503//5735 5508//5735 5504//5735
f 5326//5736 5507//5736 5503//5736
f 5486//5737 5505//5737 5326//5737
f 5324//5738 5503//5738 5325//5738
f 5326//5739 5503//5739 5324//5739
f 5320//5740 5486//5740 5326//5740
f 5473//5741 5475//5741 5497//5741
f 5502//5742 5473//5742 5496//5742
f 5501//5743 5482//5743 5502//5743
f 5499//5744 5500//5744 5501//5744
f 3073//5745 5471//5745 5500//5745
f 3081//5746 5499//5746 3082//5746
f 3073//5747 5499//5747 3081//5747
f 5497//5748 5489//5748 5490//5748
f 5475//5749 5470//5749 5489//5749
f 5496//5750 5497//5750 5498//5750
f 5492//5751 5493//5751 5494//5751
f 5466//5752 5487//5752 5488//5752
f 5489//5753 5466//5753 5488//5753
f 5489//5754 5467//5754 5466//5754
f 5490//5755 5489//5755 5491//5755
f 3074//5756 3076//5756 5486//5756
f 5465//5757 3074//5757 5485//5757
f 5319//5758 5485//5758 5320//5758
f 5309//5759 5485//5759 5319//5759
f 5464//5760 5469//5760 5474//5760
f 5484//5761 5474//5761 5472//5761
f 5483//5762 5464//5762 5474//5762
f 5482//5763 5472//5763 5473//5763
f 5481//5764 5484//5764 5472//5764
f 5471//5765 5481//5765 5482//5765
f 5479//5766 5480//5766 5481//5766
f 5477//5767 5478//5767 5479//5767
f 3071//5768 5477//5768 3072//5768
f 5462//5769 5468//5769 5469//5769
f 5472//5770 5469//5770 5470//5770
f 3073//5771 3072//5771 5471//5771
f 5460//5772 3065//5772 5465//5772
f 5455//5773 5461//5773 5462//5773
f 5305//5774 3057//5774 5460//5774
f 5307//5775 5460//5775 5309//5775
f 5448//5776 5446//5776 5459//5776
f 5457//5777 5448//5777 5459//5777
f 5458//5778 5459//5778 5456//5778
f 5446//5779 5454//5779 5456//5779
f 5304//5780 3046//5780 5305//5780
f 5443//5781 3046//5781 5304//5781
f 3036//5782 3046//5782 5442//5782
f 5298//5783 5443//5783 5304//5783
f 4365//5784 5447//5784 5452//5784
f 5451//5785 4365//5785 5452//5785
f 3045//5786 5449//5786 3083//5786
f 3045//5787 4390//5787 5449//5787
f 2990//5788 4361//5788 4390//5788
f 4360//5789 5445//5789 5447//5789
f 4357//5790 5444//5790 4360//5790
f 4172//5791 2978//5791 5442//5791
f 4170//5792 5442//5792 5298//5792
f 5440//5793 5404//5793 5411//5793
f 5411//5794 5405//5794 5441//5794
f 5440//5795 5411//5795 5441//5795
f 5439//5796 5404//5796 5440//5796
f 5402//5797 5399//5797 5437//5797
f 5430//5798 5441//5798 5436//5798
f 5434//5799 5440//5799 5430//5799
f 5401//5800 5439//5800 5428//5800
f 5438//5801 5437//5801 5432//5801
f 5438//5802 5432//5802 5431//5802
f 5436//5803 5438//5803 5431//5803
f 5261//5804 5436//5804 5431//5804
f 5224//5805 5401//5805 5427//5805
f 5433//5806 5432//5806 5257//5806
f 5399//5807 5259//5807 5432//5807
f 5262//5808 5433//5808 5263//5808
f 5261//5809 5431//5809 5262//5809
f 5260//5810 5430//5810 5261//5810
f 5252//5811 5428//5811 5429//5811
f 5224//5812 5427//5812 5250//5812
f 5421//5813 5414//5813 5419//5813
f 5397//5814 5396//5814 5421//5814
f 5424//5815 5419//5815 5420//5815
f 5423//5816 5424//5816 5417//5816
f 5415//5817 5423//5817 5416//5817
f 5355//5818 5423//5818 5415//5818
f 5421//5819 5396//5819 5414//5819
f 5419//5820 5414//5820 5418//5820
f 5417//5821 5420//5821 5410//5821
f 5418//5822 5414//5822 5412//5822
f 5396//5823 5406//5823 5414//5823
f 5395//5824 5394//5824 5396//5824
f 5418//5825 5412//5825 5413//5825
f 5410//5826 5418//5826 5413//5826
f 5416//5827 5417//5827 5409//5827
f 5407//5828 5416//5828 5408//5828
f 5349//5829 5415//5829 5407//5829
f 5413//5830 5412//5830 5402//5830
f 5414//5831 5400//5831 5412//5831
f 5406//5832 5400//5832 5414//5832
f 5411//5833 5413//5833 5405//5833
f 5404//5834 5410//5834 5411//5834
f 5408//5835 5409//5835 5404//5835
f 5349//5836 5407//5836 5403//5836
f 5394//5837 5392//5837 5406//5837
f 5398//5838 5403//5838 5401//5838
f 5345//5839 5403//5839 5398//5839
f 5400//5840 5399//5840 5402//5840
f 5400//5841 5240//5841 5399//5841
f 5392//5842 5239//5842 5240//5842
f 5391//5843 5238//5843 5239//5843
f 5390//5844 5395//5844 5396//5844
f 5387//5845 5386//5845 5390//5845
f 5395//5846 5393//5846 5394//5846
f 5393//5847 5392//5847 5394//5847
f 5386//5848 5385//5848 5393//5848
f 5236//5849 5237//5849 5391//5849
f 5388//5850 5387//5850 5390//5850
f 5389//5851 5388//5851 5390//5851
f 5381//5852 5385//5852 5386//5852
f 5235//5853 5236//5853 5385//5853
f 5380//5854 5378//5854 5384//5854
f 5379//5855 5378//5855 5380//5855
f 5378//5856 5382//5856 5383//5856
f 5377//5857 5381//5857 5382//5857
f 5375//5858 5235//5858 5381//5858
f 5369//5859 5373//5859 5379//5859
f 5374//5860 5377//5860 5378//5860
f 5376//5861 5371//5861 5377//5861
f 5366//5862 5371//5862 5376//5862
f 5232//5863 5230//5863 5375//5863
f 5368//5864 5373//5864 5369//5864
f 5373//5865 5372//5865 5374//5865
f 5367//5866 5372//5866 5373//5866
f 5365//5867 5366//5867 5372//5867
f 5366//5868 5370//5868 5371//5868
f 5364//5869 5370//5869 5366//5869
f 5363//5870 5231//5870 5370//5870
f 5231//5871 5232//5871 5370//5871
f 5362//5872 5367//5872 5368//5872
f 5361//5873 5360//5873 5367//5873
f 5365//5874 5360//5874 5364//5874
f 5359//5875 5363//5875 5364//5875
f 5359//5876 5229//5876 5363//5876
f 4241//5877 5361//5877 5362//5877
f 4239//5878 5359//5878 5360//5878
f 4238//5879 4061//5879 5359//5879
f 5354//5880 5358//5880 5355//5880
f 5352//5881 5357//5881 5354//5881
f 5339//5882 5356//5882 5352//5882
f 5351//5883 5355//5883 5353//5883
f 5350//5884 5354//5884 5351//5884
f 5348//5885 5353//5885 5349//5885
f 5350//5886 5351//5886 5348//5886
f 5336//5887 5350//5887 5347//5887
f 5332//5888 5336//5888 5347//5888
f 5347//5889 5350//5889 5346//5889
f 5344//5890 5349//5890 5345//5890
f 5346//5891 5348//5891 5344//5891
f 5329//5892 5347//5892 5328//5892
f 5328//5893 5346//5893 5343//5893
f 5223//5894 5345//5894 5224//5894
f 5343//5895 5344//5895 5223//5895
f 5223//5896 5224//5896 5222//5896
f 5219//5897 5343//5897 5218//5897
f 5335//5898 5342//5898 5339//5898
f 5337//5899 5338//5899 5335//5899
f 5334//5900 5340//5900 5337//5900
f 5335//5901 5339//5901 5336//5901
f 5334//5902 5337//5902 5333//5902
f 5333//5903 5335//5903 5332//5903
f 5323//5904 5334//5904 5331//5904
f 5331//5905 5333//5905 5329//5905
f 5323//5906 5331//5906 5321//5906
f 5331//5907 5329//5907 5330//5907
f 5315//5908 5316//5908 5327//5908
f 5329//5909 5328//5909 5327//5909
f 5220//5910 5328//5910 5219//5910
f 5216//5911 5314//5911 5220//5911
f 5326//5912 5324//5912 5320//5912
f 5324//5913 5323//5913 5322//5913
f 5320//5914 5322//5914 5318//5914
f 5322//5915 5321//5915 5317//5915
f 5214//5916 5314//5916 5216//5916
f 5309//5917 5319//5917 5313//5917
f 5319//5918 5318//5918 5313//5918
f 5318//5919 5317//5919 5312//5919
f 5311//5920 5312//5920 5316//5920
f 5310//5921 5311//5921 5315//5921
f 5211//5922 5314//5922 5214//5922
f 5309//5923 5313//5923 5308//5923
f 5308//5924 5312//5924 5300//5924
f 5306//5925 5312//5925 5311//5925
f 5299//5926 5306//5926 5310//5926
f 5209//5927 5310//5927 5211//5927
f 5299//5928 5310//5928 5209//5928
f 5307//5929 5309//5929 5308//5929
f 5305//5930 5307//5930 5304//5930
f 5304//5931 5307//5931 5303//5931
f 5296//5932 5302//5932 5300//5932
f 5296//5933 5300//5933 5306//5933
f 5296//5934 5306//5934 5295//5934
f 5301//5935 5303//5935 5302//5935
f 5297//5936 5298//5936 5301//5936
f 4166//5937 5301//5937 5296//5937
f 5204//5938 5295//5938 5299//5938
f 5204//5939 5299//5939 5209//5939
f 4170//5940 5298//5940 5297//5940
f 4168//5941 4170//5941 5297//5941
f 4164//5942 4166//5942 5295//5942
f 5270//5943 5272//5943 5293//5943
f 5188//5944 5294//5944 5293//5944
f 5270//5945 5293//5945 5294//5945
f 5187//5946 5294//5946 5188//5946
f 5268//5947 5294//5947 5187//5947
f 5268//5948 5269//5948 5294//5948
f 5265//5949 5186//5949 5184//5949
f 5272//5950 5265//5950 5184//5950
f 5293//5951 5272//5951 5190//5951
f 5182//5952 5293//5952 5189//5952
f 5291//5953 5258//5953 5292//5953
f 5290//5954 5256//5954 5291//5954
f 5253//5955 5255//5955 5290//5955
f 5246//5956 5253//5956 5247//5956
f 5292//5957 5248//5957 5287//5957
f 5292//5958 5288//5958 5286//5958
f 5285//5959 5291//5959 5286//5959
f 5289//5960 5290//5960 5285//5960
f 5247//5961 5289//5961 5279//5961
f 5288//5962 5283//5962 5282//5962
f 5281//5963 5286//5963 5282//5963
f 5280//5964 5285//5964 5281//5964
f 5242//5965 5247//5965 5274//5965
f 5284//5966 5283//5966 5271//5966
f 5244//5967 5273//5967 5283//5967
f 5277//5968 5284//5968 5278//5968
f 5269//5969 5282//5969 5277//5969
f 5276//5970 5281//5970 5269//5970
f 5275//5971 5276//5971 5267//5971
f 5275//5972 5279//5972 5280//5972
f 5274//5973 5279//5973 5266//5973
f 5241//5974 5150//5974 5153//5974
f 5270//5975 5278//5975 5272//5975
f 5269//5976 5277//5976 5270//5976
f 5267//5977 5276//5977 5155//5977
f 5264//5978 5275//5978 5267//5978
f 5266//5979 5275//5979 5264//5979
f 5225//5980 5274//5980 5135//5980
f 5272//5981 5271//5981 5265//5981
f 5273//5982 5156//5982 5271//5982
f 5154//5983 5267//5983 5155//5983
f 5264//5984 5267//5984 5154//5984
f 5156//5985 5152//5985 5265//5985
f 5135//5986 5264//5986 5134//5986
f 5263//5987 5258//5987 5256//5987
f 5255//5988 5262//5988 5256//5988
f 5252//5989 5254//5989 5246//5989
f 5250//5990 5252//5990 5251//5990
f 5258//5991 5257//5991 5248//5991
f 5253//5992 5254//5992 5255//5992
f 5226//5993 5251//5993 5243//5993
f 5239//5994 5146//5994 5245//5994
f 5249//5995 5244//5995 5248//5995
f 5243//5996 5246//5996 5242//5996
f 5226//5997 5243//5997 5225//5997
f 5238//5998 5145//5998 5146//5998
f 5222//5999 5224//5999 5226//5999
f 5237//6000 5144//6000 5238//6000
f 5144//6001 5145//6001 5238//6001
f 5236//6002 5143//6002 5237//6002
f 5234//6003 5141//6003 5236//6003
f 5141//6004 5142//6004 5236//6004
f 5233//6005 5141//6005 5234//6005
f 5140//6006 5141//6006 5233//6006
f 5139//6007 5140//6007 5233//6007
f 5231//6008 5230//6008 5232//6008
f 5228//6009 5139//6009 5230//6009
f 5228//6010 5137//6010 5139//6010
f 5229//6011 5228//6011 5231//6011
f 4061//6012 5227//6012 5229//6012
f 4060//6013 5138//6013 5227//6013
f 4060//6014 5136//6014 5138//6014
f 5128//6015 5225//6015 5133//6015
f 5222//6016 5226//6016 5221//6016
f 5129//6017 5221//6017 5128//6017
f 5218//6018 5223//6018 5127//6018
f 5217//6019 5218//6019 5127//6019
f 5127//6020 5221//6020 5129//6020
f 5216//6021 5220//6021 5219//6021
f 5217//6022 5219//6022 5218//6022
f 5215//6023 5216//6023 5217//6023
f 5124//6024 5217//6024 5127//6024
f 5125//6025 5217//6025 5124//6025
f 5213//6026 5214//6026 5215//6026
f 5212//6027 5215//6027 5125//6027
f 5122//6028 5125//6028 5123//6028
f 5210//6029 5211//6029 5213//6029
f 5205//6030 5210//6030 5212//6030
f 5205//6031 5212//6031 5122//6031
f 5121//5073 5205//5073 5122//5073
f 5207//6032 5208//6032 5210//6032
f 5206//6033 5207//6033 5210//6033
f 5206//6034 5210//6034 5205//6034
f 5042//6035 5205//6035 5121//6035
f 3990//6036 5204//6036 5208//6036
f 5203//6037 5208//6037 5207//6037
f 5203//6038 5207//6038 5206//6038
f 5202//6039 5206//6039 5205//6039
f 5120//6040 5202//6040 5205//6040
f 5120//6041 5205//6041 5042//6041
f 3989//6042 3990//6042 5203//6042
f 3991//6043 5202//6043 5120//6043
f 3853//6044 3991//6044 5120//6044
f 5199//6045 5174//6045 5200//6045
f 5165//6046 5201//6046 5199//6046
f 5195//6047 5200//6047 5196//6047
f 5198//6048 5199//6048 5195//6048
f 5160//6049 5165//6049 5197//6049
f 5191//6050 5197//6050 5193//6050
f 5157//6051 5160//6051 5191//6051
f 5158//6052 5105//6052 5161//6052
f 5113//6053 5196//6053 5192//6053
f 5114//6054 5192//6054 5196//6054
f 5112//6055 5195//6055 5113//6055
f 5108//6056 5194//6056 5112//6056
f 5191//6057 5193//6057 5108//6057
f 5113//6058 5192//6058 5115//6058
f 5077//6059 5191//6059 5107//6059
f 5183//6060 5190//6060 5185//6060
f 5182//6061 5189//6061 5183//6061
f 5181//6062 5188//6062 5182//6062
f 5176//6063 5155//6063 5187//6063
f 5186//6064 5167//6064 5180//6064
f 5185//6065 5186//6065 5180//6065
f 5185//6066 5173//6066 5179//6066
f 5178//6067 5183//6067 5179//6067
f 5177//6068 5182//6068 5178//6068
f 5149//6069 5176//6069 5175//6069
f 5172//6070 5173//6070 5171//6070
f 5170//6071 5179//6071 5172//6071
f 5169//6072 5178//6072 5170//6072
f 5168//6073 5169//6073 5163//6073
f 5168//6074 5176//6074 5177//6074
f 5132//6075 5175//6075 5162//6075
f 5171//6076 5173//6076 5166//6076
f 5172//6077 5171//6077 5174//6077
f 5164//6078 5170//6078 5165//6078
f 5162//6079 5168//6079 5159//6079
f 5167//6080 5158//6080 5166//6080
f 5160//6081 5163//6081 5164//6081
f 5151//6082 5078//6082 5158//6082
f 5053//6083 5159//6083 5157//6083
f 5147//6084 5075//6084 5148//6084
f 5078//6085 5076//6085 5158//6085
f 5053//6086 5157//6086 5077//6086
f 5146//6087 5147//6087 5150//6087
f 5134//6088 5155//6088 5149//6088
f 5153//6089 5151//6089 5152//6089
f 5145//6090 5072//6090 5147//6090
f 5131//6091 5134//6091 5132//6091
f 5144//6092 5071//6092 5145//6092
f 5143//6093 5070//6093 5144//6093
f 5070//6094 5071//6094 5144//6094
f 5068//6095 5069//6095 5143//6095
f 5141//6096 5068//6096 5142//6096
f 5140//6097 5068//6097 5141//6097
f 5139//6098 5067//6098 5140//6098
f 5137//6099 5066//6099 5139//6099
f 5058//6100 5064//6100 5066//6100
f 5058//6101 5059//6101 5064//6101
f 5056//6102 5055//6102 3919//6102
f 5055//6103 5057//6103 5058//6103
f 3920//6104 3919//6104 5136//6104
f 5133//6105 5135//6105 5134//6105
f 5133//6106 5134//6106 5131//6106
f 5130//6107 5131//6107 5052//6107
f 5047//6108 5130//6108 5050//6108
f 5049//6109 5128//6109 5047//6109
f 5048//6110 5049//6110 5047//6110
f 5126//6111 5127//6111 5048//6111
f 5044//6112 5125//6112 5124//6112
f 5123//6113 5125//6113 5044//6113
f 5044//6114 5124//6114 5045//6114
f 5122//6115 5123//6115 5044//6115
f 5043//6116 5122//6116 5044//6116
f 5042//6117 5121//6117 4966//6117
f 3853//6118 5120//6118 5042//6118
f 5117//6119 5088//6119 5118//6119
f 5116//6120 5087//6120 5117//6120
f 5086//6121 5119//6121 5116//6121
f 5118//6122 5082//6122 5041//6122
f 5039//6123 5118//6123 5040//6123
f 5038//6124 5117//6124 5039//6124
f 5035//6125 5116//6125 5037//6125
f 5008//6126 5079//6126 5035//6126
f 5115//6127 5114//6127 5106//6127
f 5105//6128 5106//6128 5114//6128
f 5110//6129 5115//6129 5111//6129
f 5109//6130 5113//6130 5110//6130
f 5108//6131 5112//6131 5101//6131
f 5111//6132 5106//6132 5095//6132
f 5103//6133 5111//6133 5104//6133
f 5102//6134 5110//6134 5103//6134
f 5101//6135 5109//6135 5099//6135
f 5090//6136 5107//6136 5097//6136
f 5076//6137 5084//6137 5105//6137
f 5106//6138 5083//6138 5095//6138
f 5105//6139 5083//6139 5106//6139
f 5100//6140 5104//6140 5096//6140
f 5093//6141 5103//6141 5100//6141
f 5099//6142 5102//6142 5092//6142
f 5098//6143 5101//6143 5091//6143
f 5094//6144 5100//6144 5087//6144
f 5085//6145 5098//6145 5091//6145
f 5090//6146 5097//6146 5085//6146
f 5087//6147 5096//6147 5088//6147
f 5086//6148 5093//6148 5094//6148
f 5081//6149 5091//6149 5092//6149
f 5085//6150 5091//6150 5080//6150
f 5083//6151 5010//6151 5089//6151
f 5081//6152 5086//6152 5079//6152
f 4977//6153 5085//6153 5080//6153
f 5074//6154 5007//6154 5084//6154
f 5009//6155 5081//6155 5079//6155
f 5009//6156 5079//6156 5008//6156
f 5075//6157 5074//6157 5078//6157
f 5072//6158 5003//6158 5075//6158
f 5075//6159 5003//6159 5074//6159
f 5072//6160 5001//6160 5003//6160
f 5001//6161 5002//6161 5003//6161
f 4999//6162 5001//6162 5072//6162
f 5071//6163 4998//6163 5073//6163
f 5070//6164 4998//6164 5071//6164
f 5068//6165 4996//6165 5069//6165
f 5068//6166 4991//6166 4996//6166
f 4991//6167 4993//6167 4996//6167
f 5067//6168 4991//6168 5068//6168
f 5067//6169 4990//6169 4991//6169
f 4988//6170 4990//6170 5067//6170
f 5063//6171 4988//6171 5065//6171
f 5062//6172 5061//6172 5063//6172
f 5061//6173 4987//6173 4988//6173
f 5059//6174 5062//6174 5064//6174
f 5057//6175 5060//6175 5059//6175
f 5060//6176 4984//6176 5062//6176
f 4981//6177 4984//6177 5060//6177
f 5058//6178 5057//6178 5059//6178
f 5055//6179 4980//6179 5057//6179
f 4980//6180 4981//6180 5057//6180
f 3826//6181 5054//6181 5055//6181
f 3826//6182 3757//6182 5054//6182
f 4975//6183 5051//6183 4977//6183
f 4975//6184 4977//6184 4976//6184
f 5052//6185 5053//6185 5051//6185
f 4974//6186 5052//6186 4975//6186
f 4971//6187 5050//6187 4974//6187
f 5046//6188 5048//6188 5047//6188
f 4969//6189 5046//6189 4970//6189
f 4887//6190 5045//6190 4969//6190
f 4965//6191 4966//6191 4886//6191
f 3770//6192 3853//6192 4884//6192
f 3693//6193 3770//6193 4884//6193
f 5010//6194 5036//6194 5041//6194
f 5029//6195 5040//6195 5036//6195
f 5033//6196 5039//6196 5029//6196
f 5032//6197 5038//6197 5033//6197
f 5026//6198 5037//6198 5032//6198
f 5035//6199 5037//6199 5026//6199
f 5007//6200 5031//6200 5010//6200
f 5034//6201 5036//6201 5028//6201
f 5029//6202 5036//6202 5034//6202
f 5008//6203 5035//6203 5026//6203
f 5029//6204 5034//6204 5030//6204
f 5020//6205 5033//6205 5027//6205
f 5026//6206 5032//6206 5020//6206
f 5006//6207 5008//6207 5019//6207
f 5031//6208 5024//6208 5028//6208
f 5022//6209 5030//6209 5023//6209
f 5027//6210 5029//6210 5022//6210
f 4932//6211 5027//6211 5014//6211
f 4931//6212 5026//6212 5013//6212
f 5012//6213 5026//6213 4931//6213
f 5024//6214 5016//6214 5025//6214
f 5015//6215 5023//6215 5018//6215
f 5017//6216 5018//6216 5023//6216
f 4933//6217 5022//6217 5015//6217
f 5014//6218 5021//6218 4933//6218
f 5013//6219 5020//6219 4932//6219
f 4919//6220 4922//6220 5005//6220
f 5018//6221 5017//6221 4936//6221
f 5015//6222 5018//6222 4937//6222
f 4931//6223 5013//6223 4925//6223
f 5005//6224 4922//6224 5016//6224
f 5016//6225 4930//6225 4936//6225
f 4934//6226 5015//6226 4935//6226
f 4932//6227 5014//6227 4927//6227
f 4923//6228 4932//6228 4926//6228
f 4925//6229 5013//6229 4923//6229
f 5011//6230 5007//6230 5010//6230
f 4976//6231 4977//6231 5006//6231
f 5004//6232 5005//6232 5007//6232
f 5004//6233 4919//6233 5005//6233
f 5002//6234 4847//6234 4916//6234
f 4915//6235 4847//6235 5002//6235
f 4999//6236 4914//6236 5000//6236
f 4996//6237 4994//6237 4997//6237
f 4994//6238 4913//6238 4997//6238
f 4911//6239 4910//6239 4994//6239
f 4994//6240 4912//6240 4913//6240
f 4993//6241 4995//6241 4996//6241
f 4995//6242 4911//6242 4994//6242
f 4993//6243 4909//6243 4995//6243
f 4909//6244 4911//6244 4995//6244
f 4992//6245 4909//6245 4993//6245
f 4991//6246 4992//6246 4993//6246
f 4989//6247 4992//6247 4991//6247
f 4989//6248 4908//6248 4992//6248
f 4990//6249 4989//6249 4991//6249
f 4986//6250 4905//6250 4990//6250
f 4905//6251 4842//6251 4989//6251
f 4987//6252 4986//6252 4988//6252
f 4982//6253 4904//6253 4985//6253
f 4979//6254 4904//6254 4982//6254
f 4903//6255 4904//6255 4979//6255
f 4903//6256 4839//6256 4904//6256
f 4980//6257 4903//6257 4981//6257
f 4978//6258 4903//6258 4980//6258
f 4978//6259 4902//6259 4903//6259
f 3755//6260 3679//6260 4978//6260
f 4974//6261 4975//6261 4973//6261
f 4894//6262 4974//6262 4973//6262
f 4893//6263 4972//6263 4894//6263
f 4893//6264 4894//6264 4826//6264
f 4970//6265 4971//6265 4890//6265
f 4889//6266 4969//6266 4970//6266
f 4891//6267 4970//6267 4890//6267
f 4968//6268 4969//6268 4889//6268
f 4822//6269 4968//6269 4888//6269
f 4887//6270 4968//6270 4822//6270
f 4886//6271 4967//6271 4887//6271
f 3618//6272 4884//6272 4819//6272
f 4937//6273 4964//6273 4935//6273
f 4958//6274 4964//6274 4962//6274
f 4961//6275 4935//6275 4958//6275
f 4924//6276 4963//6276 4961//6276
f 4962//6277 4929//6277 4959//6277
f 4958//6278 4962//6278 4960//6278
f 4953//6279 4961//6279 4957//6279
f 4924//6280 4961//6280 4953//6280
f 4960//6281 4959//6281 4952//6281
f 4921//6282 4947//6282 4959//6282
f 4956//6283 4960//6283 4951//6283
f 4955//6284 4958//6284 4956//6284
f 4953//6285 4957//6285 4954//6285
f 4918//6286 4924//6286 4953//6286
f 4949//6287 4956//6287 4950//6287
f 4945//6288 4954//6288 4948//6288
f 4938//6289 4953//6289 4945//6289
f 4918//6290 4953//6290 4938//6290
f 4946//6291 4952//6291 4944//6291
f 4947//6292 4944//6292 4952//6292
f 4941//6293 4951//6293 4946//6293
f 4940//6294 4950//6294 4941//6294
f 4877//6295 4949//6295 4940//6295
f 4939//6296 4948//6296 4877//6296
f 4917//6297 4943//6297 4947//6297
f 4941//6298 4946//6298 4942//6298
f 4938//6299 4945//6299 4870//6299
f 4917//6300 4865//6300 4943//6300
f 4852//6301 4865//6301 4917//6301
f 4943//6302 4876//6302 4944//6302
f 4879//6303 4942//6303 4876//6303
f 4878//6304 4941//6304 4879//6304
f 4877//6305 4940//6305 4878//6305
f 4870//6306 4939//6306 4866//6306
f 4937//6307 4936//6307 4929//6307
f 4928//6308 4933//6308 4934//6308
f 4926//6309 4932//6309 4927//6309
f 4896//6310 4898//6310 4901//6310
f 4930//6311 4921//6311 4929//6311
f 4920//6312 4927//6312 4924//6312
f 4923//6313 4926//6313 4920//6313
f 4920//6314 4924//6314 4918//6314
f 4896//6315 4901//6315 4900//6315
f 4922//6316 4917//6316 4921//6316
f 4916//6317 4851//6317 4919//6317
f 4919//6318 4852//6318 4917//6318
f 4849//6319 4848//6319 4916//6319
f 4847//6320 4849//6320 4916//6320
f 4796//6321 4847//6321 4915//6321
f 4846//6322 4915//6322 4914//6322
f 4846//6323 4796//6323 4915//6323
f 4913//6324 4846//6324 4914//6324
f 4913//6325 4845//6325 4846//6325
f 4845//6326 4794//6326 4846//6326
f 4910//6327 4844//6327 4912//6327
f 4909//6328 4907//6328 4911//6328
f 4842//6329 4906//6329 4908//6329
f 4908//6330 4907//6330 4909//6330
f 4842//6331 4841//6331 4906//6331
f 4842//6332 4790//6332 4841//6332
f 4839//6333 4788//6333 4905//6333
f 4902//6334 4838//6334 4839//6334
f 4903//6335 4902//6335 4839//6335
f 3679//6336 3552//6336 4902//6336
f 4830//6337 4899//6337 4837//6337
f 4897//6338 4898//6338 4896//6338
f 4896//6339 4900//6339 4830//6339
f 4827//6340 4897//6340 4896//6340
f 4895//6341 4897//6341 4827//6341
f 4826//6342 4894//6342 4748//6342
f 4825//6343 4893//6343 4826//6343
f 4892//6344 4893//6344 4825//6344
f 4824//6345 4890//6345 4825//6345
f 4824//6346 4891//6346 4890//6346
f 4824//6347 4825//6347 4672//6347
f 4885//6348 4886//6348 4821//6348
f 4820//4435 4885//4435 4821//4435
f 4819//6349 4884//6349 4885//6349
f 4819//6350 4885//6350 4820//6350
f 3562//6351 3618//6351 4819//6351
f 4864//6352 4859//6352 4858//6352
f 4882//6353 4859//6353 4883//6353
f 4857//6354 4858//6354 4882//6354
f 4854//6355 4881//6355 4860//6355
f 4818//6356 4883//6356 4881//6356
f 4817//6357 4882//6357 4818//6357
f 4880//6358 4857//6358 4817//6358
f 4833//6359 4880//6359 4787//6359
f 4816//6360 4881//6360 4814//6360
f 4818//6361 4881//6361 4816//6361
f 4787//6362 4880//6362 4782//6362
f 4874//6363 4869//6363 4876//6363
f 4875//6364 4876//6364 4873//6364
f 4872//6365 4879//6365 4875//6365
f 4871//6366 4879//6366 4872//6366
f 4866//6367 4877//6367 4871//6367
f 4837//6368 4870//6368 4836//6368
f 4868//6369 4876//6369 4869//6369
f 4872//6370 4875//6370 4867//6370
f 4866//6371 4871//6371 4861//6371
f 4867//6372 4873//6372 4868//6372
f 4862//6373 4872//6373 4863//6373
f 4861//6374 4871//6374 4862//6374
f 4850//6375 4853//6375 4865//6375
f 4868//6376 4859//6376 4864//6376
f 4867//6377 4868//6377 4864//6377
f 4858//6378 4867//6378 4864//6378
f 4854//6379 4860//6379 4859//6379
f 4856//6380 4863//6380 4857//6380
f 4835//6381 4861//6381 4834//6381
f 4853//6382 4806//6382 4855//6382
f 4850//6383 4804//6383 4853//6383
f 4834//6384 4856//6384 4833//6384
f 4800//6385 4799//6385 4850//6385
f 4853//6386 4803//6386 4806//6386
f 4851//6387 4850//6387 4852//6387
f 4848//6388 4800//6388 4851//6388
f 4847//6389 4796//6389 4849//6389
f 4846//6390 4795//6390 4796//6390
f 4845//6391 4724//6391 4794//6391
f 4844//6392 4793//6392 4845//6392
f 4843//6393 4792//6393 4844//6393
f 4840//6394 4791//6394 4792//6394
f 4841//6395 4840//6395 4843//6395
f 4790//6396 4791//6396 4840//6396
f 4790//6397 4722//6397 4791//6397
f 4838//6398 4788//6398 4839//6398
f 3551//6399 4720//6399 4838//6399
f 3552//6400 3551//6400 4838//6400
f 4767//6401 4833//6401 4786//6401
f 4830//6402 4837//6402 4828//6402
f 4831//6403 4835//6403 4832//6403
f 4832//6404 4834//6404 4766//6404
f 4766//6405 4833//6405 4767//6405
f 4765//6406 4832//6406 4768//6406
f 4751//6407 4753//6407 4765//6407
f 4829//6408 4830//6408 4828//6408
f 4752//6409 4828//6409 4753//6409
f 4672//6410 4825//6410 4746//6410
f 4822//6411 4823//6411 4671//6411
f 4670//6412 4822//6412 4671//6412
f 4669//6413 4820//6413 4745//6413
f 3517//6414 4819//6414 4669//6414
f 3562//2623 4819//2623 3517//2623
f 4815//6415 4818//6415 4813//6415
f 4782//6416 4817//6416 4785//6416
f 4811//6417 4816//6417 4814//6417
f 4812//6418 4815//6418 4813//6418
f 4809//6419 4808//6419 4814//6419
f 4776//6420 4812//6420 4810//6420
f 4808//6421 4744//6421 4811//6421
f 4719//6422 4810//6422 4807//6422
f 4718//6423 4810//6423 4719//6423
f 4801//6424 4735//6424 4809//6424
f 4744//6425 4743//6425 4807//6425
f 4735//6426 4741//6426 4808//6426
f 4808//6427 4741//6427 4744//6427
f 4712//6428 4807//6428 4743//6428
f 4799//6429 4737//6429 4804//6429
f 4802//6430 4801//6430 4805//6430
f 4804//6431 4734//6431 4803//6431
f 4803//6432 4736//6432 4802//6432
f 4734//6433 4736//6433 4803//6433
f 4736//6434 4735//6434 4801//6434
f 4798//6435 4729//6435 4799//6435
f 4797//6436 4798//6436 4800//6436
f 4728//6437 4729//6437 4798//6437
f 4724//6438 4726//6438 4794//6438
f 4792//6439 4724//6439 4793//6439
f 4791//6440 4722//6440 4792//6440
f 4792//6441 4722//6441 4724//6441
f 4651//6442 4598//6442 4721//6442
f 4720//6443 4651//6443 4788//6443
f 3551//6444 3480//6444 4720//6444
f 4764//6445 4786//6445 4783//6445
f 4784//6446 4787//6446 4780//6446
f 4783//6447 4786//6447 4784//6447
f 4782//6448 4785//6448 4781//6448
f 4779//6449 4784//6449 4780//6449
f 4777//6450 4784//6450 4778//6450
f 4760//6451 4783//6451 4777//6451
f 4780//6452 4782//6452 4775//6452
f 4774//6453 4778//6453 4779//6453
f 4772//6454 4781//6454 4776//6454
f 4774//6455 4779//6455 4771//6455
f 4758//6456 4778//6456 4773//6456
f 4772//6457 4776//6457 4718//6457
f 4771//6458 4775//6458 4772//6458
f 4754//6459 4758//6459 4773//6459
f 4769//6460 4771//6460 4770//6460
f 4773//6461 4774//6461 4769//6461
f 4754//6462 4773//6462 4688//6462
f 4716//6463 4770//6463 4771//6463
f 4688//6464 4773//6464 4715//6464
f 4717//6465 4772//6465 4711//6465
f 4710//6466 4771//6466 4717//6466
f 4713//6467 4770//6467 4714//6467
f 4715//6468 4769//6468 4713//6468
f 4765//6469 4768//6469 4763//6469
f 4763//6470 4766//6470 4764//6470
f 4755//6471 4765//6471 4761//6471
f 4763//6472 4764//6472 4762//6472
f 4756//6473 4763//6473 4757//6473
f 4757//6474 4762//6474 4759//6474
f 4758//6475 4759//6475 4760//6475
f 4759//6476 4686//6476 4757//6476
f 4758//6477 4754//6477 4759//6477
f 4686//6478 4759//6478 4754//6478
f 4682//6479 4681//6479 4756//6479
f 4687//6480 4756//6480 4681//6480
f 4679//6481 4687//6481 4683//6481
f 4686//6482 4754//6482 4685//6482
f 4685//6483 4754//6483 4688//6483
f 4677//6484 4749//6484 4680//6484
f 4676//6485 4680//6485 4678//6485
f 4748//6486 4750//6486 4677//6486
f 4675//1457 4748//1457 4677//1457
f 4675//6487 4677//6487 4676//6487
f 4746//6488 4748//6488 4747//6488
f 4674//6489 4747//6489 4675//6489
f 4674//6490 4746//6490 4747//6490
f 4672//6491 4674//6491 4673//6491
f 4669//6492 4745//6492 4670//6492
f 4617//4991 4669//4991 4618//4991
f 4744//6493 4742//6493 4743//6493
f 4668//6494 4743//6494 4742//6494
f 4739//6495 4741//6495 4740//6495
f 4738//6496 4742//6496 4739//6496
f 4668//6497 4742//6497 4738//6497
f 4732//6498 4740//6498 4741//6498
f 4663//6499 4667//6499 4740//6499
f 4740//6500 4666//6500 4739//6500
f 4668//6501 4738//6501 4666//6501
f 4733//6502 4731//6502 4737//6502
f 4734//6503 4730//6503 4736//6503
f 4736//6504 4732//6504 4735//6504
f 4730//6505 4663//6505 4732//6505
f 4731//6506 4661//6506 4730//6506
f 4662//6507 4658//6507 4731//6507
f 4727//6508 4656//6508 4729//6508
f 4655//6509 4727//6509 4728//6509
f 4655//6510 4610//6510 4727//6510
f 4726//6511 4654//6511 4655//6511
f 4653//6512 4654//6512 4725//6512
f 4723//6513 4653//6513 4724//6513
f 4723//6514 4599//6514 4653//6514
f 4652//6515 4599//6515 4723//6515
f 4598//3588 4542//3588 4652//3588
f 4650//6516 3402//6516 4720//6516
f 3480//6517 4650//6517 4720//6517
f 4696//6518 4719//6518 4712//6518
f 4704//6519 4719//6519 4696//6519
f 4711//6520 4718//6520 4704//6520
f 4710//6521 4717//6521 4708//6521
f 4709//6522 4685//6522 4688//6522
f 4707//6523 4714//6523 4716//6523
f 4709//6524 4713//6524 4705//6524
f 4705//6525 4714//6525 4706//6525
f 4696//6526 4712//6526 4668//6526
f 4701//6527 4711//6527 4704//6527
f 4707//6528 4710//6528 4699//6528
f 4705//6529 4698//6529 4709//6529
f 4706//6530 4707//6530 4702//6530
f 4684//6531 4685//6531 4698//6531
f 4699//6532 4708//6532 4700//6532
f 4702//6533 4707//6533 4697//6533
f 4702//6534 4695//6534 4706//6534
f 4703//6535 4706//6535 4695//6535
f 4701//6536 4704//6536 4692//6536
f 4698//6537 4703//6537 4695//6537
f 4695//6538 4702//6538 4693//6538
f 4690//6539 4701//6539 4692//6539
f 4694//6540 4699//6540 4690//6540
f 4693//6541 4697//6541 4694//6541
f 4693//6542 4694//6542 4638//6542
f 4638//6543 4694//6543 4642//6543
f 4637//6544 4693//6544 4641//6544
f 4643//6545 4691//6545 4644//6545
f 4637//6546 4632//6546 4689//6546
f 4683//6547 4687//6547 4681//6547
f 4682//6548 4686//6548 4627//6548
f 4622//6549 4679//6549 4623//6549
f 4623//6550 4681//6550 4570//6550
f 4570//6551 4682//6551 4627//6551
f 4678//6552 4679//6552 4622//6552
f 4621//6553 4678//6553 4622//6553
f 4563//6554 4678//6554 4621//6554
f 4561//6555 4675//6555 4676//6555
f 4619//6556 4673//6556 4620//6556
f 4513//6557 4618//6557 4560//6557
f 3454//6558 3517//6558 4617//6558
f 4663//6559 4665//6559 4667//6559
f 4659//6560 4665//6560 4663//6560
f 4665//6561 4664//6561 4667//6561
f 4629//6562 4666//6562 4616//6562
f 4629//6563 4616//6563 4615//6563
f 4559//6564 4614//6564 4665//6564
f 4580//6565 4629//6565 4615//6565
f 4614//6566 4612//6566 4664//6566
f 4612//6567 4613//6567 4616//6567
f 4656//6568 4657//6568 4662//6568
f 4661//6569 4659//6569 4663//6569
f 4660//6570 4659//6570 4661//6570
f 4660//6571 4554//6571 4659//6571
f 4658//6572 4552//6572 4660//6572
f 4656//6573 4609//6573 4657//6573
f 4554//6574 4553//6574 4659//6574
f 4657//6575 4611//6575 4658//6575
f 4609//6576 4611//6576 4657//6576
f 4610//6577 4609//6577 4656//6577
f 4654//6578 4607//6578 4655//6578
f 4654//6579 4603//6579 4607//6579
f 4599//6580 4654//6580 4653//6580
f 4599//6581 4600//6581 4654//6581
f 4598//6582 4541//6582 4542//6582
f 4540//6583 4541//6583 4598//6583
f 3402//6584 4540//6584 4651//6584
f 3333//6585 3402//6585 4650//6585
f 3333//6586 3334//6586 3402//6586
f 4649//6587 4644//6587 4635//6587
f 4648//6588 4644//6588 4649//6588
f 4631//6589 4639//6589 4648//6589
f 4647//6590 4635//6590 4633//6590
f 4649//6591 4635//6591 4647//6591
f 4597//6592 4649//6592 4646//6592
f 4579//6593 4648//6593 4597//6593
f 4647//6594 4633//6594 4584//6594
f 4595//6595 4647//6595 4596//6595
f 4597//6596 4646//6596 4595//6596
f 4630//6597 4643//6597 4639//6597
f 3033//6598 4643//6598 4630//6598
f 4638//6599 4642//6599 3033//6599
f 4637//6600 4641//6600 3034//6600
f 4630//6601 4639//6601 4631//6601
f 4634//6602 4636//6602 4629//6602
f 3032//6603 4628//6603 3034//6603
f 4585//6604 3034//6604 4628//6604
f 4585//6605 4578//6605 4632//6605
f 4633//6606 4634//6606 4580//6606
f 4629//6607 4580//6607 4634//6607
f 4632//6608 4578//6608 4624//6608
f 4569//6609 4624//6609 4578//6609
f 4583//6610 4631//6610 4579//6610
f 4582//6611 4630//6611 4583//6611
f 4581//6612 3031//6612 4582//6612
f 4628//6613 3032//6613 4581//6613
f 4572//6614 4628//6614 4574//6614
f 4570//6615 4627//6615 4568//6615
f 4568//6616 4627//6616 4569//6616
f 4624//6617 4569//6617 4625//6617
f 4625//6618 4569//6618 4626//6618
f 4567//6619 4570//6619 4521//6619
f 4564//6620 4623//6620 4567//6620
f 4566//6621 4569//6621 4523//6621
f 4521//6622 4570//6622 4565//6622
f 4570//6623 4568//6623 4520//6623
f 4621//6624 4622//6624 4564//6624
f 4560//6625 4619//6625 4515//6625
f 3309//6626 4617//6626 3311//6626
f 4613//6627 4557//6627 4615//6627
f 4615//6628 4557//6628 4571//6628
f 4614//6629 4556//6629 4612//6629
f 4612//6630 4558//6630 4613//6630
f 4557//6631 4526//6631 4571//6631
f 4609//6632 4551//6632 4611//6632
f 4610//6633 4549//6633 4609//6633
f 4608//6634 4500//6634 4549//6634
f 4547//6635 4500//6635 4608//6635
f 4547//6636 4498//6636 4500//6636
f 4603//6637 4602//6637 4606//6637
f 4602//6638 4604//6638 4606//6638
f 4607//6639 4547//6639 4608//6639
f 4604//6640 4605//6640 4606//6640
f 4602//6641 4544//6641 4604//6641
f 4604//6642 4546//6642 4548//6642
f 4544//6643 4546//6643 4604//6643
f 4600//6644 4543//6644 4601//6644
f 4601//6645 4543//6645 4602//6645
f 4491//6646 4493//6646 4600//6646
f 4542//2664 4491//2664 4599//2664
f 4540//6647 4489//6647 4541//6647
f 4596//6648 4584//6648 4593//6648
f 4579//6649 4597//6649 4594//6649
f 4593//6650 4584//6650 4576//6650
f 4592//6651 4596//6651 4593//6651
f 4594//6652 4595//6652 4592//6652
f 4586//6653 4579//6653 4594//6653
f 4589//6654 4592//6654 4591//6654
f 4586//6655 4594//6655 4589//6655
f 4587//6656 4593//6656 4590//6656
f 4591//6657 4592//6657 4587//6657
f 4538//6658 4576//6658 4539//6658
f 4589//6659 4591//6659 4587//6659
f 4588//6660 4590//6660 4538//6660
f 4587//6661 4588//6661 4537//6661
f 4586//6662 4589//6662 4536//6662
f 4535//6663 4538//6663 4539//6663
f 4537//6664 4588//6664 4534//6664
f 4536//6665 4587//6665 4537//6665
f 3028//6666 4586//6666 4536//6666
f 4522//6667 4578//6667 4525//6667
f 4575//6668 4583//6668 4577//6668
f 4573//6669 4582//6669 4575//6669
f 4574//6670 4581//6670 4573//6670
f 4572//6671 4525//6671 4578//6671
f 4575//6672 4577//6672 3030//6672
f 4573//6673 4575//6673 3029//6673
f 4572//6674 4574//6674 4527//6674
f 4527//6675 4573//6675 3029//6675
f 4527//6676 3029//6676 3018//6676
f 4566//6677 4520//6677 4568//6677
f 4519//6678 4567//6678 4467//6678
f 4521//6679 4565//6679 4466//6679
f 4562//6680 4564//6680 4461//6680
f 4518//6681 4562//6681 4461//6681
f 4561//6682 4563//6682 4517//6682
f 4517//6683 4563//6683 4518//6683
f 4516//6684 4517//6684 4460//6684
f 4516//6685 4561//6685 4517//6685
f 4514//6686 4560//6686 4515//6686
f 4553//6687 4512//6687 4559//6687
f 4557//6688 4524//6688 4526//6688
f 4556//6689 4555//6689 4558//6689
f 4557//6690 4555//6690 4524//6690
f 4511//6691 4510//6691 4555//6691
f 4473//6692 4524//6692 4510//6692
f 4551//6693 4503//6693 4552//6693
f 4552//6694 4506//6694 4554//6694
f 4550//6695 4502//6695 4551//6695
f 4549//6696 4448//6696 4550//6696
f 4499//6697 4448//6697 4549//6697
f 4546//6698 4545//6698 4548//6698
f 4544//6699 4497//6699 4546//6699
f 4546//6700 4497//6700 4545//6700
f 4497//6701 4495//6701 4545//6701
f 4543//6702 4494//6702 4544//6702
f 4493//6703 4492//6703 4543//6703
f 2843//6704 4489//6704 4540//6704
f 4435//6705 2843//6705 4540//6705
f 4535//6706 4539//6706 4529//6706
f 4534//6707 4538//6707 4535//6707
f 4532//6708 4537//6708 4533//6708
f 3026//6709 4536//6709 4532//6709
f 4531//6710 4535//6710 4529//6710
f 4528//6711 4534//6711 4531//6711
f 4530//6712 4533//6712 4528//6712
f 3026//6713 4532//6713 4530//6713
f 4528//6714 4531//6714 4484//6714
f 3023//6715 4530//6715 3022//6715
f 4487//6716 4524//6716 4473//6716
f 4488//6717 4529//6717 4486//6717
f 4482//6718 4528//6718 4483//6718
f 4481//6719 3022//6719 4482//6719
f 3015//6720 3022//6720 4481//6720
f 4525//6721 4475//6721 4522//6721
f 4474//6722 3018//6722 3007//6722
f 4468//6723 4475//6723 4470//6723
f 4522//6724 4468//6724 4523//6724
f 4469//6725 4523//6725 4468//6725
f 4467//6726 4521//6726 4465//6726
f 4461//6727 4519//6727 4402//6727
f 4466//6728 4520//6728 4464//6728
f 4464//6729 4469//6729 4406//6729
f 4400//6730 4518//6730 4462//6730
f 2865//6731 4518//6731 4400//6731
f 4459//6732 4460//6732 2865//6732
f 4458//6733 4516//6733 4460//6733
f 4399//6734 4515//6734 4458//6734
f 4398//6735 4514//6735 4515//6735
f 4398//6736 4515//6736 4399//6736
f 4513//6737 4514//6737 4398//6737
f 4396//6738 4513//6738 4397//6738
f 3311//6739 4513//6739 4396//6739
f 3181//3226 3311//3226 2813//3226
f 4473//6740 4510//6740 4471//6740
f 4504//6741 4501//6741 4512//6741
f 4511//6742 4508//6742 4510//6742
f 4508//6743 4455//6743 4471//6743
f 4507//6744 4456//6744 4508//6744
f 4457//6745 4456//6745 4507//6745
f 4503//6746 4504//6746 4506//6746
f 4505//6747 4450//6747 4503//6747
f 4503//6748 4451//6748 4504//6748
f 4502//6749 4447//6749 4505//6749
f 4446//6750 4447//6750 4502//6750
f 4450//6751 4451//6751 4503//6751
f 4451//6752 4449//6752 4501//6752
f 4498//6753 2901//6753 4500//6753
f 4495//6754 4445//6754 4498//6754
f 4494//6755 4496//6755 4497//6755
f 4496//6756 4443//6756 4495//6756
f 4494//6757 4444//6757 4496//6757
f 4444//6758 4441//6758 4443//6758
f 4493//6759 4439//6759 4492//6759
f 4484//6760 4488//6760 4485//6760
f 4434//6761 4473//6761 4471//6761
f 4433//6762 4487//6762 4434//6762
f 4479//6763 4486//6763 4433//6763
f 4478//6764 4485//6764 4479//6764
f 4477//6765 4484//6765 4478//6765
f 4480//6766 4483//6766 4477//6766
f 3012//6767 4481//6767 4480//6767
f 3012//6768 4480//6768 4476//6768
f 4478//6769 4479//6769 4432//6769
f 4477//6770 4478//6770 4431//6770
f 4430//6771 4434//6771 4412//6771
f 4455//6772 4412//6772 4434//6772
f 4428//6773 4477//6773 4426//6773
f 3004//6774 4476//6774 4428//6774
f 4414//6775 4474//6775 4413//6775
f 3005//6776 4413//6776 3007//6776
f 4401//6777 4470//6777 4409//6777
f 4409//6778 4414//6778 4410//6778
f 4466//6779 4464//6779 4405//6779
f 4406//6780 4468//6780 4463//6780
f 4402//6781 4467//6781 4404//6781
f 4403//6782 4463//6782 4401//6782
f 4400//6783 4461//6783 2866//6783
f 2864//6784 4459//6784 2757//6784
f 2862//6785 4398//6785 4399//6785
f 3120//1395 3181//1395 2861//1395
f 4449//6786 4454//6786 4457//6786
f 4456//6787 4453//6787 4455//6787
f 4454//6788 4452//6788 4456//6788
f 4453//6789 4412//6789 4455//6789
f 2906//6790 2903//6790 4454//6790
f 2911//6791 4452//6791 2909//6791
f 2910//6792 2909//6792 4452//6792
f 4452//6793 2911//6793 4453//6793
f 2878//6794 4407//6794 2907//6794
f 4450//6795 2904//6795 4451//6795
f 4447//6796 2905//6796 4450//6796
f 2904//6797 2906//6797 4449//6797
f 2901//6798 2853//6798 4446//6798
f 4442//6799 2899//6799 4445//6799
f 4445//6800 2899//6800 2901//6800
f 2899//6801 2850//6801 2901//6801
f 4440//6802 4438//6802 4444//6802
f 4441//6803 4442//6803 4443//6803
f 2897//6804 2898//6804 4441//6804
f 2894//6805 2845//6805 4439//6805
f 4439//6806 2895//6806 4440//6806
f 2895//6807 2896//6807 4438//6807
f 2893//6808 2787//6808 2844//6808
f 4436//6809 2786//6809 4437//6809
f 2786//6810 2893//6810 4437//6810
f 2891//6811 2892//6811 4435//6811
f 4429//6812 4433//6812 4430//6812
f 4427//6813 4432//6813 4429//6813
f 4426//6814 4431//6814 4427//6814
f 4412//6815 4411//6815 4430//6815
f 4425//6816 4430//6816 4423//6816
f 4427//6817 4429//6817 4425//6817
f 3003//6818 4428//6818 4424//6818
f 4421//6819 4427//6819 4422//6819
f 4424//6820 4426//6820 4421//6820
f 4422//6821 4425//6821 4420//6821
f 2999//6822 4424//6822 4419//6822
f 4407//6823 4418//6823 4411//6823
f 2890//6824 4411//6824 4418//6824
f 4420//6825 4423//6825 2890//6825
f 4416//6826 4422//6826 4417//6826
f 4419//6827 4421//6827 4416//6827
f 4417//6828 4420//6828 2886//6828
f 2887//6829 4418//6829 2878//6829
f 4407//6830 2878//6830 4418//6830
f 2890//6831 4418//6831 2887//6831
f 2889//6832 4417//6832 2885//6832
f 2888//6833 4416//6833 2889//6833
f 123//6834 4415//6834 2888//6834
f 4413//6835 4410//6835 4414//6835
f 4408//6836 2995//6836 2993//6836
f 4411//6837 4412//6837 4407//6837
f 4409//6838 4410//6838 2879//6838
f 2992//6839 2877//6839 2993//6839
f 2868//6840 4409//6840 2875//6840
f 2875//6841 4409//6841 2879//6841
f 2877//6842 2830//6842 4408//6842
f 2879//6843 4408//6843 2830//6843
f 4405//6844 4406//6844 4403//6844
f 2871//6845 4405//6845 2873//6845
f 4402//6846 4404//6846 2872//6846
f 2873//6847 4403//6847 2870//6847
f 2870//6848 4403//6848 2868//6848
f 2867//6849 4402//6849 2823//6849
f 2757//6850 2865//6850 2758//6850
f 2693//6851 4397//6851 2754//6851
f 2813//6852 4396//6852 2693//6852
f 4364//6853 4359//6853 4362//6853
f 4395//6854 4364//6854 4362//6854
f 4395//6855 4363//6855 4364//6855
f 4388//6856 4355//6856 4363//6856
f 4394//6857 4395//6857 4362//6857
f 4392//6858 4388//6858 4395//6858
f 4390//6859 4393//6859 4394//6859
f 4389//6860 4392//6860 4393//6860
f 4389//6861 4391//6861 4392//6861
f 4351//6862 4386//6862 4391//6862
f 2989//6863 4389//6863 4361//6863
f 2988//6864 4351//6864 4389//6864
f 4388//6865 4353//6865 4355//6865
f 4387//6866 4354//6866 4353//6866
f 4383//6867 4339//6867 4354//6867
f 4386//6868 4353//6868 4388//6868
f 4385//6869 4387//6869 4353//6869
f 4384//6870 4383//6870 4387//6870
f 4349//6871 4385//6871 4352//6871
f 4377//6872 4380//6872 4384//6872
f 2974//6873 4352//6873 4351//6873
f 2963//6874 4377//6874 4349//6874
f 4381//6875 4382//6875 4383//6875
f 4376//6876 4381//6876 4383//6876
f 4338//6877 4337//6877 4339//6877
f 4381//6878 4338//6878 4382//6878
f 4381//6879 4331//6879 4338//6879
f 4378//6880 4330//6880 4381//6880
f 4377//6881 4379//6881 4380//6881
f 2963//6882 4376//6882 4379//6882
f 4375//6883 4378//6883 4376//6883
f 2962//6884 4375//6884 4376//6884
f 4326//6885 4375//6885 2961//6885
f 4356//6886 4374//6886 4357//6886
f 4345//6887 4373//6887 4356//6887
f 4373//6888 4242//6888 4374//6888
f 4343//6889 4372//6889 4373//6889
f 4345//6890 4343//6890 4373//6890
f 4344//6891 4343//6891 4345//6891
f 4371//6892 4236//6892 4343//6892
f 4236//6893 4237//6893 4372//6893
f 4334//6894 4371//6894 4335//6894
f 4315//6895 4371//6895 4334//6895
f 4371//6896 4232//6896 4236//6896
f 4224//6897 4231//6897 4371//6897
f 4313//6898 4224//6898 4370//6898
f 4293//6899 4271//6899 4297//6899
f 4271//6900 4368//6900 4369//6900
f 4369//6901 4220//6901 4224//6901
f 4214//6902 4220//6902 4369//6902
f 4269//6903 4366//6903 4270//6903
f 4269//6904 4257//6904 4366//6904
f 4271//6905 4367//6905 4368//6905
f 4270//6906 4366//6906 4367//6906
f 4271//6907 4270//6907 4367//6907
f 4367//6908 4213//6908 4214//6908
f 4366//6909 4205//6909 4213//6909
f 4257//6910 4204//6910 4205//6910
f 4251//6911 4202//6911 4204//6911
f 4250//6912 4202//6912 4251//6912
f 4359//6913 4360//6913 4365//6913
f 4364//6914 4363//6914 4358//6914
f 4355//6915 4347//6915 4363//6915
f 2975//6916 4351//6916 2988//6916
f 4359//6917 4357//6917 4360//6917
f 4356//6918 4357//6918 4359//6918
f 4358//6919 4347//6919 4356//6919
f 4171//6920 2977//6920 4172//6920
f 4173//6921 2976//6921 4171//6921
f 4348//6922 4347//6922 4355//6922
f 4354//6923 4340//6923 4348//6923
f 4350//6924 4349//6924 4352//6924
f 2975//6925 2974//6925 4351//6925
f 2972//6926 4350//6926 2973//6926
f 2964//6927 2963//6927 4349//6927
f 4348//6928 4346//6928 4347//6928
f 4340//6929 4336//6929 4346//6929
f 4347//6930 4344//6930 4345//6930
f 4346//6931 4335//6931 4344//6931
f 4342//6932 2967//6932 4341//6932
f 4333//6933 2965//6933 4342//6933
f 4341//6934 4162//6934 4342//6934
f 4161//6935 4342//6935 4162//6935
f 4157//6936 4342//6936 4161//6936
f 4333//6937 4342//6937 4157//6937
f 4337//6938 4336//6938 4340//6938
f 2952//6939 4326//6939 2961//6939
f 4318//6940 4315//6940 4337//6940
f 4332//6941 2953//6941 4333//6941
f 4311//6942 2953//6942 4332//6942
f 4332//6943 4157//6943 4156//6943
f 4331//6944 4324//6944 4325//6944
f 4330//6945 4324//6945 4331//6945
f 4329//6946 4323//6946 4324//6946
f 4328//6947 4329//6947 4330//6947
f 4326//6948 4327//6948 4328//6948
f 4320//6949 4322//6949 4319//6949
f 4319//6950 4326//6950 2952//6950
f 4317//6951 4312//6951 4325//6951
f 4324//6952 4317//6952 4325//6952
f 4322//6953 4310//6953 4323//6953
f 4320//6954 4321//6954 4322//6954
f 4307//6955 4308//6955 4321//6955
f 2951//6956 4319//6956 2952//6956
f 4306//6957 4316//6957 2951//6957
f 4317//6958 4296//6958 4312//6958
f 4306//6959 4307//6959 4316//6959
f 2949//6960 2946//6960 2951//6960
f 2941//6961 2942//6961 4311//6961
f 4291//6962 2941//6962 4292//6962
f 4148//6963 4311//6963 4152//6963
f 4308//6964 4304//6964 4310//6964
f 4309//6965 4303//6965 4304//6965
f 4300//6966 4302//6966 4309//6966
f 4301//6967 4300//6967 4308//6967
f 4306//6968 4301//6968 4307//6968
f 4298//6969 4301//6969 4299//6969
f 4295//6970 4299//6970 2946//6970
f 4304//6971 4296//6971 4305//6971
f 4281//6972 4293//6972 4304//6972
f 4303//6973 4281//6973 4304//6973
f 4287//6974 4288//6974 4303//6974
f 4300//6975 4287//6975 4302//6975
f 4298//6976 4300//6976 4301//6976
f 4298//6977 4285//6977 4300//6977
f 4295//6978 4298//6978 4299//6978
f 4275//6979 4298//6979 4295//6979
f 4294//6980 2946//6980 2940//6980
f 4272//6981 4295//6981 4294//6981
f 4281//6982 4282//6982 4293//6982
f 4272//6983 4275//6983 4295//6983
f 4267//6984 4272//6984 2938//6984
f 4290//6985 2938//6985 2941//6985
f 4289//6986 4267//6986 4290//6986
f 4264//6987 4267//6987 4289//6987
f 4141//6988 4291//6988 4148//6988
f 4288//6989 4280//6989 4281//6989
f 4287//6990 4279//6990 4288//6990
f 4286//6991 4278//6991 4279//6991
f 4285//6992 4286//6992 4287//6992
f 4276//6993 4277//6993 4286//6993
f 4274//6994 4284//6994 4285//6994
f 4274//6995 4276//6995 4284//6995
f 4270//6996 4271//6996 4282//6996
f 4280//6997 4269//6997 4270//6997
f 4281//6998 4280//6998 4282//6998
f 4278//6999 4256//6999 4262//6999
f 4277//7000 4261//7000 4278//7000
f 4260//7001 4259//7001 4277//7001
f 4268//7002 4260//7002 4276//7002
f 4258//7003 4260//7003 4268//7003
f 4266//7004 4274//7004 4275//7004
f 4266//7005 4273//7005 4274//7005
f 4253//7006 4273//7006 4266//7006
f 4265//7007 4266//7007 4267//7007
f 4253//7008 4258//7008 4268//7008
f 4244//7009 4253//7009 4265//7009
f 4252//7010 4253//7010 4244//7010
f 4263//7011 4267//7011 4264//7011
f 4127//7012 4265//7012 4263//7012
f 4262//7013 4251//7013 4257//7013
f 4256//7014 4251//7014 4262//7014
f 4261//7015 4249//7015 4256//7015
f 4259//7016 4255//7016 4261//7016
f 4258//7017 4259//7017 4260//7017
f 4258//7018 4254//7018 4259//7018
f 4252//7019 4258//7019 4253//7019
f 4246//7020 4258//7020 4252//7020
f 4256//7021 4250//7021 4251//7021
f 4249//7022 4250//7022 4256//7022
f 4247//7023 4248//7023 4255//7023
f 4243//7024 4252//7024 4244//7024
f 4249//7025 4131//7025 4250//7025
f 4248//7026 4108//7026 4249//7026
f 4128//7027 4111//7027 4248//7027
f 4245//7028 4247//7028 4246//7028
f 4245//7029 4128//7029 4247//7029
f 4130//7030 4243//7030 4126//7030
f 4129//7031 4245//7031 4130//7031
f 4126//7032 4244//7032 4127//7032
f 4108//7033 4101//7033 4131//7033
f 4242//7034 4237//7034 4241//7034
f 4235//7035 4240//7035 4241//7035
f 4234//7036 4239//7036 4240//7036
f 4233//7037 4238//7037 4239//7037
f 4226//7038 4059//7038 4061//7038
f 4232//7039 4235//7039 4237//7039
f 4231//7040 4230//7040 4232//7040
f 4232//7041 4230//7041 4235//7041
f 4230//7042 4234//7042 4235//7042
f 4229//7043 4234//7043 4230//7043
f 4228//7044 4233//7044 4234//7044
f 4228//7045 4227//7045 4233//7045
f 4227//7046 4226//7046 4233//7046
f 4225//7047 4229//7047 4231//7047
f 4223//7048 4222//7048 4229//7048
f 4222//7049 4227//7049 4228//7049
f 4221//7050 4057//7050 4227//7050
f 4220//7051 4219//7051 4225//7051
f 4224//7052 4220//7052 4225//7052
f 4219//7053 4222//7053 4223//7053
f 4217//7054 4221//7054 4222//7054
f 4215//7055 4055//7055 4221//7055
f 4212//7056 4218//7056 4220//7056
f 4218//7057 4216//7057 4219//7057
f 4211//7058 4208//7058 4218//7058
f 4216//7059 4215//7059 4217//7059
f 4207//7060 4215//7060 4216//7060
f 4214//7061 4209//7061 4212//7061
f 4213//7062 4201//7062 4209//7062
f 4209//7063 4210//7063 4212//7063
f 4210//7064 4208//7064 4211//7064
f 4198//7065 4195//7065 4210//7065
f 4209//7066 4198//7066 4210//7066
f 4195//7067 4207//7067 4208//7067
f 4196//7068 4206//7068 4207//7068
f 4052//7069 4054//7069 4206//7069
f 4203//7070 4201//7070 4205//7070
f 4204//7071 4202//7071 4203//7071
f 4131//7072 4109//7072 4202//7072
f 4200//7073 4197//7073 4201//7073
f 4203//7074 4200//7074 4201//7074
f 4199//7075 4200//7075 4203//7075
f 4202//7076 4199//7076 4203//7076
f 4202//7077 4190//7077 4199//7077
f 4201//7078 4197//7078 4198//7078
f 4189//7079 4193//7079 4200//7079
f 4197//7080 4192//7080 4198//7080
f 4193//7081 4194//7081 4197//7081
f 4192//7082 4191//7082 4196//7082
f 4195//7083 4192//7083 4196//7083
f 4193//7084 4179//7084 4194//7084
f 4185//7085 4179//7085 4193//7085
f 4179//7086 4191//7086 4192//7086
f 4179//7087 4051//7087 4191//7087
f 4190//7088 4188//7088 4189//7088
f 4190//7089 4187//7089 4188//7089
f 4102//7090 4186//7090 4190//7090
f 4184//7091 4185//7091 4189//7091
f 4187//7092 4183//7092 4184//7092
f 4187//7093 4182//7093 4183//7093
f 4097//7094 4182//7094 4186//7094
f 4097//7095 4177//7095 4182//7095
f 4088//7096 4176//7096 4097//7096
f 4178//7097 4048//7097 4185//7097
f 4181//7098 4178//7098 4183//7098
f 4182//7099 4180//7099 4181//7099
f 4040//7100 4178//7100 4181//7100
f 4039//7101 4040//7101 4180//7101
f 4048//7102 4046//7102 4179//7102
f 4037//7103 4047//7103 4178//7103
f 4176//7104 4175//7104 4177//7104
f 4038//7105 4039//7105 4177//7105
f 4068//7106 4174//7106 4176//7106
f 4038//7107 4036//7107 4039//7107
f 4175//7108 4034//7108 4038//7108
f 4032//7109 4033//7109 4174//7109
f 4068//7110 4032//7110 4174//7110
f 4162//7111 4173//7111 4167//7111
f 4171//7112 4170//7112 4169//7112
f 4165//7113 4168//7113 4166//7113
f 4159//7114 4167//7114 4165//7114
f 4158//7115 4165//7115 4164//7115
f 4158//7116 4164//7116 4163//7116
f 3993//7117 4158//7117 4163//7117
f 3988//7118 4158//7118 3993//7118
f 4157//7119 4161//7119 4155//7119
f 4161//7120 4160//7120 4154//7120
f 4153//7121 4159//7121 4158//7121
f 4154//7122 4159//7122 4153//7122
f 4142//7123 4143//7123 3988//7123
f 4151//7124 4156//7124 4155//7124
f 4147//7125 4152//7125 4151//7125
f 4146//7126 4151//7126 4150//7126
f 4147//7127 4151//7127 4146//7127
f 4146//7128 4150//7128 4145//7128
f 4144//7129 4150//7129 4149//7129
f 4132//7130 4143//7130 4142//7130
f 4139//7131 4148//7131 4147//7131
f 4138//7132 4146//7132 4136//7132
f 4139//7133 4146//7133 4138//7133
f 4136//7134 4146//7134 4145//7134
f 4135//7135 4145//7135 4144//7135
f 4132//7136 4144//7136 4143//7136
f 4132//7137 4142//7137 3980//7137
f 4137//7138 4141//7138 4139//7138
f 4124//7139 4140//7139 4137//7139
f 4134//7140 4138//7140 4136//7140
f 4116//7141 4137//7141 4134//7141
f 4134//7142 4136//7142 4135//7142
f 4134//7143 4135//7143 4133//7143
f 4114//7144 4116//7144 4133//7144
f 4114//7145 4133//7145 3974//7145
f 4119//7146 4127//7146 4124//7146
f 4123//7147 4126//7147 4119//7147
f 4122//7148 4130//7148 4123//7148
f 4121//7149 4130//7149 4122//7149
f 4125//7150 4129//7150 4121//7150
f 4104//7151 4129//7151 4125//7151
f 4093//7152 4125//7152 4121//7152
f 4120//7153 4124//7153 4116//7153
f 4118//7154 4123//7154 4119//7154
f 4121//7155 4122//7155 4094//7155
f 4094//7156 4118//7156 4084//7156
f 4113//7157 4120//7157 4116//7157
f 4119//7158 4120//7158 4113//7158
f 3968//7159 4117//7159 4115//7159
f 4112//7160 4113//7160 3973//7160
f 4115//7161 4113//7161 4112//7161
f 3968//7162 4115//7162 4112//7162
f 3970//7163 4114//7163 3974//7163
f 4113//7164 4114//7164 3973//7164
f 3966//7165 4112//7165 3973//7165
f 3965//7166 4112//7166 3966//7166
f 3968//7167 4112//7167 3965//7167
f 4110//7168 4107//7168 4111//7168
f 4106//7169 4107//7169 4110//7169
f 4101//7170 4102//7170 4109//7170
f 4096//7171 4088//7171 4101//7171
f 4107//7172 4096//7172 4108//7172
f 4099//7173 4100//7173 4107//7173
f 4103//7174 4105//7174 4106//7174
f 4103//7175 4099//7175 4105//7175
f 4090//7176 4104//7176 4093//7176
f 4092//7177 4103//7177 4090//7177
f 4098//7178 4103//7178 4092//7178
f 4101//7179 4097//7179 4102//7179
f 4095//7180 4077//7180 4100//7180
f 4098//7181 4095//7181 4099//7181
f 4091//7182 4098//7182 4092//7182
f 4096//7183 4076//7183 4088//7183
f 4077//7184 4075//7184 4096//7184
f 4085//7185 4093//7185 4084//7185
f 4089//7186 4091//7186 4092//7186
f 4083//7187 4087//7187 4086//7187
f 4082//7188 4089//7188 4085//7188
f 4081//7189 4089//7189 4082//7189
f 4083//7190 4074//7190 4087//7190
f 4080//7191 4085//7191 4084//7191
f 4069//7192 4083//7192 4081//7192
f 4084//7193 4079//7193 3967//7193
f 4078//7194 4080//7194 3967//7194
f 4069//7195 4071//7195 4083//7195
f 4063//7196 4082//7196 4078//7196
f 4062//7197 4069//7197 4063//7197
f 3964//7198 4079//7198 3968//7198
f 3967//7199 4079//7199 3964//7199
f 3963//7200 3967//7200 3964//7200
f 3946//7201 3967//7201 3963//7201
f 4074//7202 4072//7202 4077//7202
f 4075//7203 4073//7203 4076//7203
f 4072//7204 4067//7204 4075//7204
f 4071//7205 4070//7205 4074//7205
f 4065//7206 4071//7206 4069//7206
f 4070//7207 4066//7207 4072//7207
f 4065//7208 4070//7208 4071//7208
f 4064//7209 4070//7209 4065//7209
f 4062//7210 4065//7210 4069//7210
f 3953//7211 4065//7211 4062//7211
f 3949//7212 3950//7212 3955//7212
f 4066//7213 3949//7213 4067//7213
f 4064//7214 3954//7214 4066//7214
f 3953//7215 4064//7215 4065//7215
f 3952//7216 4062//7216 3951//7216
f 3951//7217 4063//7217 3946//7217
f 4059//7218 4060//7218 4061//7218
f 4059//7219 4058//7219 4060//7219
f 4058//7220 3918//7220 4060//7220
f 4057//7221 4056//7221 4059//7221
f 4056//7222 3918//7222 4058//7222
f 3914//7223 3915//7223 4056//7223
f 4055//7224 4056//7224 4057//7224
f 3914//7225 3816//7225 3915//7225
f 4054//7226 4053//7226 4055//7226
f 4053//7227 3912//7227 3914//7227
f 4054//7228 3913//7228 4053//7228
f 4050//7229 3911//7229 4054//7229
f 3913//7230 3912//7230 4053//7230
f 4051//7231 4049//7231 4052//7231
f 4049//7232 3911//7232 4050//7232
f 4046//7233 4041//7233 4049//7233
f 4041//7234 3911//7234 4049//7234
f 4048//7235 4044//7235 4045//7235
f 4037//7236 4044//7236 4047//7236
f 4029//7237 4026//7237 4037//7237
f 4045//7238 4042//7238 4046//7238
f 4044//7239 4043//7239 4045//7239
f 4043//7240 4042//7240 4045//7240
f 4026//7241 4024//7241 4044//7241
f 4044//7242 4023//7242 4043//7242
f 4024//7243 4023//7243 4044//7243
f 4023//7244 4021//7244 4043//7244
f 4021//7245 3908//7245 4041//7245
f 4036//7246 4037//7246 4040//7246
f 4038//7247 4035//7247 4036//7247
f 3955//7248 4030//7248 4032//7248
f 4031//7249 4029//7249 4036//7249
f 4028//7250 4031//7250 4035//7250
f 4034//7251 4028//7251 4035//7251
f 4032//7252 4027//7252 4033//7252
f 3950//7253 4019//7253 4030//7253
f 4028//7254 4025//7254 4031//7254
f 4030//7255 4020//7255 4027//7255
f 4025//7256 4026//7256 4029//7256
f 4018//7257 4014//7257 4028//7257
f 4027//7258 4018//7258 4028//7258
f 4025//7259 4022//7259 4026//7259
f 4014//7260 4002//7260 4025//7260
f 3907//7261 4021//7261 4023//7261
f 4002//7262 4001//7262 4022//7262
f 3907//7263 3900//7263 4021//7263
f 4020//7264 4017//7264 4018//7264
f 4019//7265 4016//7265 4020//7265
f 3924//7266 4015//7266 4019//7266
f 4009//7267 3924//7267 3923//7267
f 4017//7268 4014//7268 4018//7268
f 4013//7269 4008//7269 4017//7269
f 4016//7270 4013//7270 4017//7270
f 4016//7271 4012//7271 4013//7271
f 4010//7272 4011//7272 4016//7272
f 4009//7273 4010//7273 4015//7273
f 3923//7274 4004//7274 4009//7274
f 4008//7275 4001//7275 4014//7275
f 4013//7276 4012//7276 4008//7276
f 3999//7277 4008//7277 4012//7277
f 4011//7278 4006//7278 4012//7278
f 4010//7279 4005//7279 4011//7279
f 3923//7280 3921//7280 4004//7280
f 4003//7281 4009//7281 4004//7281
f 4000//7282 4001//7282 4008//7282
f 4006//7283 4007//7283 3999//7283
f 3998//7284 3897//7284 4007//7284
f 4005//7285 3998//7285 4006//7285
f 3994//7286 3997//7286 4005//7286
f 3903//7287 4004//7287 3921//7287
f 3996//7288 4003//7288 3903//7288
f 3906//7289 3905//7289 4001//7289
f 3897//7290 3904//7290 4000//7290
f 3999//7291 3897//7291 4000//7291
f 3998//7292 3995//7292 3897//7292
f 3997//7293 3896//7293 3998//7293
f 3994//7294 3895//7294 3997//7294
f 3903//7295 3921//7295 3833//7295
f 3894//7296 3996//7296 3902//7296
f 3896//7297 3892//7297 3995//7297
f 3986//7298 3989//7298 3992//7298
f 3986//7299 3992//7299 3991//7299
f 3770//7300 3991//7300 3853//7300
f 3987//7301 3988//7301 3990//7301
f 3984//7302 3986//7302 3852//7302
f 3985//7303 3983//7303 3987//7303
f 3981//7304 3982//7304 3986//7304
f 3850//7305 3984//7305 3769//7305
f 3769//7306 3984//7306 3851//7306
f 3979//7307 3983//7307 3985//7307
f 3978//7308 3979//7308 3982//7308
f 3978//7309 3982//7309 3981//7309
f 3765//7310 3976//7310 3849//7310
f 3972//7311 3980//7311 3979//7311
f 3971//7312 3974//7312 3972//7312
f 3977//7313 3979//7313 3978//7313
f 3969//7314 3972//7314 3977//7314
f 3975//7315 3977//7315 3976//7315
f 3969//7316 3977//7316 3975//7316
f 3962//7317 3970//7317 3971//7317
f 3959//7318 3966//7318 3962//7318
f 3958//7319 3971//7319 3969//7319
f 3957//7320 3962//7320 3958//7320
f 3845//7321 3969//7321 3848//7321
f 3964//7322 3968//7322 3965//7322
f 3960//7323 3963//7323 3964//7323
f 3960//7324 3965//7324 3961//7324
f 3956//7325 3960//7325 3961//7325
f 3941//7326 3960//7326 3933//7326
f 3956//7327 3961//7327 3959//7327
f 3933//7328 3960//7328 3956//7328
f 3959//7329 3957//7329 3847//7329
f 3844//7330 3956//7330 3847//7330
f 3927//7331 3933//7331 3956//7331
f 3954//7332 3948//7332 3949//7332
f 3953//7333 3947//7333 3954//7333
f 3952//7334 3947//7334 3953//7334
f 3943//7335 3951//7335 3944//7335
f 3949//7336 3924//7336 3950//7336
f 3948//7337 3940//7337 3949//7337
f 3947//7338 3942//7338 3948//7338
f 3942//7339 3947//7339 3945//7339
f 3943//7340 3945//7340 3947//7340
f 3944//7341 3946//7341 3941//7341
f 3940//7342 3923//7342 3924//7342
f 3942//7343 3945//7343 3937//7343
f 3935//7344 3944//7344 3936//7344
f 3943//7345 3935//7345 3945//7345
f 3942//7346 3938//7346 3939//7346
f 3932//7347 3937//7347 3929//7347
f 3922//7348 3940//7348 3931//7348
f 3938//7349 3934//7349 3939//7349
f 3931//7350 3939//7350 3934//7350
f 3937//7351 3932//7351 3938//7351
f 3935//7352 3936//7352 3930//7352
f 3925//7353 3934//7353 3928//7353
f 3930//7354 3933//7354 3927//7354
f 3836//7355 3931//7355 3925//7355
f 3930//7356 3927//7356 3926//7356
f 3842//7357 3928//7357 3926//7357
f 3925//7358 3928//7358 3842//7358
f 3836//7359 3925//7359 3835//7359
f 3841//7360 3927//7360 3843//7360
f 3842//7361 3926//7361 3841//7361
f 3921//7362 3922//7362 3836//7362
f 3833//7363 3921//7363 3834//7363
f 3917//7364 3919//7364 3920//7364
f 3915//7365 3917//7365 3918//7365
f 3916//7366 3823//7366 3917//7366
f 3816//7367 3822//7367 3916//7367
f 3816//7368 3815//7368 3818//7368
f 3912//7369 3813//7369 3816//7369
f 3911//7370 3814//7370 3913//7370
f 3814//7371 3813//7371 3912//7371
f 3810//7372 3811//7372 3814//7372
f 3908//7373 3810//7373 3910//7373
f 3900//7374 3809//7374 3909//7374
f 3809//7375 3810//7375 3908//7375
f 3905//7376 3901//7376 3907//7376
f 3904//7377 3905//7377 3906//7377
f 3893//7378 3904//7378 3897//7378
f 3881//7379 3894//7379 3902//7379
f 3904//7380 3899//7380 3905//7380
f 3887//7381 3899//7381 3904//7381
f 3831//7382 3903//7382 3833//7382
f 3871//7383 3902//7383 3831//7383
f 3899//7384 3898//7384 3901//7384
f 3898//7385 3809//7385 3900//7385
f 3876//7386 3867//7386 3899//7386
f 3867//7387 3806//7387 3898//7387
f 3896//7388 3891//7388 3892//7388
f 3895//7389 3890//7389 3896//7389
f 3888//7390 3889//7390 3895//7390
f 3886//7391 3887//7391 3893//7391
f 3892//7392 3886//7392 3893//7392
f 3885//7393 3886//7393 3891//7393
f 3890//7394 3885//7394 3891//7394
f 3889//7395 3884//7395 3890//7395
f 3883//7396 3889//7396 3882//7396
f 3882//7397 3888//7397 3881//7397
f 3875//7398 3876//7398 3887//7398
f 3885//7399 3880//7399 3886//7399
f 3879//7400 3880//7400 3885//7400
f 3884//7401 3879//7401 3885//7401
f 3883//7402 3878//7402 3884//7402
f 3877//7403 3872//7403 3883//7403
f 3862//7404 3881//7404 3871//7404
f 3870//7405 3881//7405 3862//7405
f 3879//7406 3874//7406 3880//7406
f 3873//7407 3874//7407 3879//7407
f 3878//7408 3873//7408 3879//7408
f 3872//7409 3861//7409 3878//7409
f 3857//7410 3877//7410 3868//7410
f 3866//7411 3865//7411 3876//7411
f 3864//7412 3866//7412 3875//7412
f 3873//7413 3859//7413 3874//7413
f 3869//7414 3859//7414 3873//7414
f 3861//7415 3869//7415 3873//7415
f 3857//7416 3860//7416 3872//7416
f 3868//7417 3870//7417 3862//7417
f 3858//7418 3859//7418 3869//7418
f 3861//7419 3858//7419 3869//7419
f 3863//7420 3868//7420 3862//7420
f 3865//7421 3805//7421 3867//7421
f 3864//7422 3808//7422 3866//7422
f 3808//7423 3805//7423 3865//7423
f 3801//7424 3854//7424 3863//7424
f 3789//7425 3862//7425 3761//7425
f 3860//7426 3856//7426 3861//7426
f 3857//7427 3855//7427 3860//7427
f 3858//7428 3803//7428 3859//7428
f 3856//7429 3803//7429 3858//7429
f 3855//7430 3802//7430 3856//7430
f 3802//7431 3798//7431 3856//7431
f 3854//7432 3797//7432 3855//7432
f 3801//7433 3788//7433 3854//7433
f 3796//7434 3854//7434 3788//7434
f 3851//7435 3852//7435 3770//7435
f 3851//7436 3770//7436 3768//7436
f 3769//7437 3851//7437 3768//7437
f 3765//7438 3850//7438 3767//7438
f 3837//7439 3848//7439 3766//7439
f 3764//7440 3766//7440 3690//7440
f 3844//7441 3847//7441 3843//7441
f 3838//7442 3846//7442 3845//7442
f 3841//7443 3843//7443 3840//7443
f 3835//7444 3842//7444 3841//7444
f 3832//7445 3841//7445 3839//7445
f 3834//7446 3835//7446 3832//7446
f 3839//7447 3840//7447 3838//7447
f 3830//7448 3839//7448 3838//7448
f 3762//7449 3837//7449 3686//7449
f 3834//7450 3836//7450 3835//7450
f 3830//7451 3834//7451 3832//7451
f 3763//7452 3834//7452 3830//7452
f 3759//7453 3761//7453 3763//7453
f 3759//7454 3763//7454 3760//7454
f 3823//7455 3827//7455 3829//7455
f 3827//7456 3826//7456 3828//7456
f 3827//7457 3757//7457 3826//7457
f 3824//7458 3755//7458 3757//7458
f 3820//7459 3825//7459 3823//7459
f 3820//7460 3754//7460 3825//7460
f 3754//7461 3753//7461 3824//7461
f 3818//7462 3819//7462 3822//7462
f 3822//7463 3821//7463 3823//7463
f 3819//7464 3821//7464 3822//7464
f 3752//7465 3751//7465 3820//7465
f 3818//7466 3817//7466 3819//7466
f 3815//7467 3748//7467 3818//7467
f 3817//7468 3749//7468 3752//7468
f 3748//7469 3749//7469 3817//7469
f 3813//7470 3815//7470 3816//7470
f 3813//7471 3746//7471 3815//7471
f 3746//7472 3745//7472 3815//7472
f 3811//7473 3813//7473 3814//7473
f 3811//7474 3812//7474 3813//7474
f 3812//7475 3746//7475 3813//7475
f 3812//7476 3742//7476 3746//7476
f 3810//7477 3739//7477 3811//7477
f 3806//7478 3736//7478 3809//7478
f 3734//7479 3735//7479 3736//7479
f 3788//7480 3801//7480 3789//7480
f 3758//7481 3761//7481 3759//7481
f 3772//7482 3789//7482 3758//7482
f 3787//7483 3804//7483 3807//7483
f 3804//7484 3734//7484 3805//7484
f 3775//7485 3734//7485 3804//7485
f 3798//7486 3799//7486 3803//7486
f 3797//7487 3794//7487 3802//7487
f 3798//7488 3785//7488 3799//7488
f 3795//7489 3785//7489 3798//7489
f 3794//7490 3795//7490 3798//7490
f 3796//7491 3793//7491 3797//7491
f 3794//7492 3791//7492 3795//7492
f 3790//7493 3791//7493 3794//7493
f 3793//7494 3790//7494 3794//7494
f 3792//7495 3783//7495 3793//7495
f 3788//7496 3782//7496 3792//7496
f 3779//7497 3792//7497 3782//7497
f 3790//7498 3780//7498 3791//7498
f 3783//7499 3784//7499 3790//7499
f 3782//7500 3789//7500 3772//7500
f 3786//7501 3775//7501 3787//7501
f 3778//7502 3733//7502 3786//7502
f 3780//7503 3781//7503 3785//7503
f 3783//7504 3774//7504 3784//7504
f 3779//7505 3776//7505 3783//7505
f 3771//7506 3782//7506 3772//7506
f 3780//7507 3732//7507 3781//7507
f 3774//7508 3777//7508 3780//7508
f 3774//7509 3731//7509 3777//7509
f 3773//7510 3721//7510 3776//7510
f 3771//7511 3726//7511 3773//7511
f 3727//7512 3772//7512 3758//7512
f 3733//7513 3724//7513 3775//7513
f 3721//7514 3722//7514 3774//7514
f 3730//7515 3773//7515 3726//7515
f 3726//7516 3772//7516 3727//7516
f 3768//7517 3770//7517 3693//7517
f 3692//7518 3768//7518 3693//7518
f 3692//7519 3769//7519 3768//7519
f 3617//7520 3692//7520 3693//7520
f 3765//7521 3767//7521 3692//7521
f 3690//7522 3765//7522 3689//7522
f 3687//7523 3764//7523 3688//7523
f 3760//7524 3763//7524 3685//7524
f 3681//7525 3760//7525 3683//7525
f 3682//7526 3758//7526 3681//7526
f 3753//7527 3679//7527 3755//7527
f 3751//7528 3750//7528 3753//7528
f 3750//7529 3678//7529 3753//7529
f 3678//7530 3606//7530 3679//7530
f 3752//7531 3749//7531 3751//7531
f 3749//7532 3750//7532 3751//7532
f 3747//7533 3677//7533 3749//7533
f 3677//7534 3678//7534 3750//7534
f 3748//7535 3747//7535 3749//7535
f 3745//7536 3743//7536 3747//7536
f 3676//7537 3677//7537 3747//7537
f 3746//7538 3744//7538 3745//7538
f 3742//7539 3741//7539 3746//7539
f 3741//7540 3744//7540 3746//7540
f 3744//7541 3743//7541 3745//7541
f 3744//7542 3674//7542 3743//7542
f 3741//7543 3675//7543 3744//7543
f 3739//7544 3738//7544 3742//7544
f 3738//7545 3740//7545 3742//7545
f 3740//7546 3672//7546 3741//7546
f 3668//7547 3667//7547 3738//7547
f 3665//7548 3669//7548 3739//7548
f 3669//7549 3668//7549 3739//7549
f 3735//7550 3664//7550 3737//7550
f 3734//7551 3663//7551 3735//7551
f 3724//7552 3663//7552 3734//7552
f 3729//7553 3728//7553 3733//7553
f 3731//7554 3718//7554 3732//7554
f 3722//7555 3718//7555 3731//7555
f 3730//7556 3720//7556 3721//7556
f 3726//7557 3712//7557 3719//7557
f 3711//7558 3719//7558 3712//7558
f 3725//7559 3724//7559 3728//7559
f 3712//7560 3727//7560 3649//7560
f 3702//7561 3712//7561 3649//7561
f 3723//7562 3662//7562 3725//7562
f 3662//7563 3661//7563 3724//7563
f 3701//7564 3654//7564 3723//7564
f 3721//7565 3716//7565 3722//7565
f 3719//7566 3713//7566 3720//7566
f 3717//7567 3709//7567 3718//7567
f 3715//7568 3708//7568 3717//7568
f 3713//7569 3714//7569 3716//7569
f 3707//7570 3708//7570 3715//7570
f 3714//7571 3707//7571 3715//7571
f 3713//7572 3705//7572 3714//7572
f 3711//7573 3706//7573 3713//7573
f 3703//7574 3712//7574 3702//7574
f 3709//7575 3701//7575 3710//7575
f 3708//7576 3701//7576 3709//7576
f 3707//7577 3700//7577 3708//7577
f 3705//7578 3700//7578 3707//7578
f 3696//7579 3706//7579 3703//7579
f 3697//7580 3703//7580 3702//7580
f 3700//7581 3660//7581 3701//7581
f 3704//7582 3699//7582 3705//7582
f 3698//7583 3699//7583 3704//7583
f 3696//7584 3698//7584 3704//7584
f 3697//7585 3696//7585 3703//7585
f 3694//7586 3697//7586 3655//7586
f 3655//7587 3702//7587 3649//7587
f 3699//7588 3695//7588 3700//7588
f 3698//7589 3659//7589 3699//7589
f 3696//7590 3657//7590 3698//7590
f 3694//7591 3696//7591 3697//7591
f 3694//7592 3656//7592 3696//7592
f 3657//7593 3658//7593 3659//7593
f 3650//7594 3694//7594 3647//7594
f 3617//7595 3693//7595 3618//7595
f 3561//7596 3689//7596 3616//7596
f 3688//7597 3691//7597 3615//7597
f 3615//7598 3690//7598 3689//7598
f 3614//7599 3688//7599 3615//7599
f 3612//7600 3613//7600 3614//7600
f 3684//7601 3686//7601 3613//7601
f 3683//7602 3685//7602 3684//7602
f 3610//7603 3683//7603 3684//7603
f 3681//7604 3683//7604 3611//7604
f 3611//7605 3683//7605 3610//7605
f 3680//7606 3682//7606 3681//7606
f 3680//7606 3681//7606 3609//7606
f 3609//7607 3681//7607 3556//7607
f 3677//7608 3606//7608 3678//7608
f 3676//7609 3550//7609 3606//7609
f 3674//7610 3605//7610 3676//7610
f 3675//7611 3673//7611 3674//7611
f 3671//7612 3673//7612 3675//7612
f 3673//7613 3670//7613 3674//7613
f 3671//7614 3670//7614 3673//7614
f 3670//7615 3604//7615 3605//7615
f 3666//7616 3604//7616 3670//7616
f 3603//7617 3602//7617 3669//7617
f 3602//7618 3604//7618 3666//7618
f 3664//7619 3601//7619 3603//7619
f 3599//7620 3601//7620 3664//7620
f 3663//7621 3599//7621 3664//7621
f 3637//7622 3638//7622 3662//7622
f 3638//7623 3595//7623 3661//7623
f 3597//7624 3595//7624 3638//7624
f 3658//7625 3644//7625 3659//7625
f 3653//7626 3644//7626 3658//7626
f 3657//7627 3653//7627 3658//7627
f 3656//7628 3652//7628 3657//7628
f 3650//7629 3651//7629 3656//7629
f 3648//7630 3647//7630 3655//7630
f 3646//7631 3637//7631 3654//7631
f 3643//7632 3644//7632 3653//7632
f 3652//7633 3643//7633 3653//7633
f 3651//7634 3631//7634 3652//7634
f 3650//7635 3641//7635 3651//7635
f 3633//7636 3649//7636 3607//7636
f 3632//7637 3648//7637 3633//7637
f 3642//7638 3647//7638 3632//7638
f 3636//7639 3637//7639 3646//7639
f 3644//7640 3635//7640 3645//7640
f 3643//7641 3640//7641 3644//7641
f 3631//7642 3640//7642 3643//7642
f 3629//7643 3642//7643 3639//7643
f 3639//7644 3642//7644 3632//7644
f 3629//7645 3630//7645 3641//7645
f 3639//7646 3621//7646 3629//7646
f 3625//7647 3629//7647 3621//7647
f 3624//7648 3635//7648 3640//7648
f 3636//7649 3597//7649 3637//7649
f 3635//7650 3634//7650 3636//7650
f 3624//7651 3589//7651 3635//7651
f 3607//7652 3554//7652 3633//7652
f 3634//7653 3594//7653 3597//7653
f 3589//7654 3596//7654 3634//7654
f 3580//7655 3633//7655 3554//7655
f 3630//7656 3626//7656 3631//7656
f 3629//7657 3628//7657 3630//7657
f 3625//7658 3622//7658 3628//7658
f 3626//7659 3623//7659 3627//7659
f 3622//7660 3623//7660 3626//7660
f 3619//7661 3621//7661 3590//7661
f 3623//7662 3593//7662 3624//7662
f 3620//7663 3592//7663 3623//7663
f 3619//7664 3591//7664 3622//7664
f 3591//7665 3588//7665 3620//7665
f 3619//7666 3584//7666 3591//7666
f 3617//7667 3618//7667 3562//7667
f 3558//7668 3612//7668 3513//7668
f 3558//7669 3613//7669 3612//7669
f 3512//7670 3610//7670 3557//7670
f 3556//7671 3611//7671 3512//7671
f 3608//7672 3609//7672 3556//7672
f 3555//7673 3608//7673 3556//7673
f 3604//7674 3479//7674 3550//7674
f 3602//7675 3477//7675 3604//7675
f 3476//7676 3549//7676 3600//7676
f 3599//7677 3548//7677 3601//7677
f 3547//7678 3548//7678 3599//7678
f 3545//7679 3472//7679 3598//7679
f 3594//7680 3546//7680 3597//7680
f 3589//7681 3570//7681 3596//7681
f 3570//7682 3594//7682 3596//7682
f 3546//7683 3545//7683 3595//7683
f 3570//7684 3537//7684 3594//7684
f 3592//7685 3586//7685 3593//7685
f 3588//7686 3586//7686 3592//7686
f 3587//7687 3582//7687 3588//7687
f 3584//7688 3581//7688 3587//7688
f 3584//7689 3583//7689 3577//7689
f 3582//7690 3576//7690 3586//7690
f 3584//7691 3578//7691 3585//7691
f 3581//7692 3575//7692 3582//7692
f 3578//7693 3574//7693 3581//7693
f 3578//7694 3577//7694 3567//7694
f 3571//7695 3580//7695 3554//7695
f 3576//7696 3569//7696 3579//7696
f 3575//7697 3566//7697 3576//7697
f 3574//7698 3566//7698 3575//7698
f 3573//7699 3565//7699 3574//7699
f 3572//7700 3568//7700 3573//7700
f 3564//7701 3572//7701 3567//7701
f 3563//7702 3571//7702 3553//7702
f 3536//7703 3537//7703 3570//7703
f 3566//7704 3539//7704 3569//7704
f 3564//7705 3542//7705 3568//7705
f 3540//7706 3567//7706 3563//7706
f 3544//7707 3535//7707 3566//7707
f 3542//7708 3543//7708 3565//7708
f 3540//7709 3541//7709 3564//7709
f 3505//7710 3553//7710 3506//7710
f 3454//7711 3562//7711 3517//7711
f 3514//7712 3561//7712 3560//7712
f 3514//3534 3560//3534 3452//3534
f 3451//7713 3515//7713 3514//7713
f 3557//7714 3513//7714 3451//7714
f 3512//7715 3557//7715 3451//7715
f 3509//7716 3556//7716 3512//7716
f 3509//7717 3512//7717 3450//7717
f 3510//7718 3556//7718 3509//7718
f 3508//7719 3555//7719 3510//7719
f 3553//7720 3554//7720 3508//7720
f 3506//7721 3508//7721 3499//7721
f 3401//7722 3478//7722 3479//7722
f 3549//7723 3400//7723 3477//7723
f 3476//7724 3400//7724 3549//7724
f 3548//7725 3475//7725 3476//7725
f 3473//7726 3474//7726 3548//7726
f 3474//7727 3475//7727 3548//7727
f 3474//7728 3398//7728 3475//7728
f 3472//7729 3473//7729 3547//7729
f 3471//7730 3472//7730 3545//7730
f 3546//7731 3471//7731 3545//7731
f 3537//7732 3469//7732 3546//7732
f 3543//7733 3534//7733 3544//7733
f 3542//7734 3533//7734 3543//7734
f 3541//7735 3528//7735 3542//7735
f 3538//7736 3527//7736 3541//7736
f 3538//7737 3540//7737 3503//7737
f 3531//7738 3532//7738 3539//7738
f 3526//7739 3538//7739 3502//7739
f 3536//7740 3468//7740 3537//7740
f 3532//7741 3467//7741 3536//7741
f 3533//7742 3530//7742 3534//7742
f 3525//7743 3530//7743 3533//7743
f 3529//7744 3465//7744 3532//7744
f 3530//7745 3466//7745 3531//7745
f 3521//7746 3459//7746 3530//7746
f 3459//7747 3466//7747 3530//7747
f 3467//7748 3464//7748 3468//7748
f 3529//7749 3463//7749 3465//7749
f 3466//7750 3463//7750 3529//7750
f 3527//7751 3522//7751 3528//7751
f 3526//7752 3524//7752 3527//7752
f 3493//7753 3523//7753 3526//7753
f 3522//7754 3521//7754 3525//7754
f 3523//7755 3520//7755 3524//7755
f 3492//7756 3519//7756 3523//7756
f 3520//7757 3521//7757 3522//7757
f 3492//7758 3490//7758 3519//7758
f 3520//7759 3460//7759 3521//7759
f 3519//7760 3518//7760 3520//7760
f 3490//7761 3485//7761 3519//7761
f 3485//7762 3461//7762 3518//7762
f 3461//7763 3460//7763 3518//7763
f 3436//7764 3461//7764 3485//7764
f 3453//7765 3516//7765 3377//7765
f 3374//6108 3514//6108 3452//6108
f 3451//6108 3514//6108 3374//6108
f 3450//7766 3451//7766 3449//7766
f 3509//7767 3450//7767 3511//7767
f 3447//7768 3509//7768 3511//7768
f 3508//7769 3510//7769 3507//7769
f 3507//7770 3509//7770 3446//7770
f 3508//7771 3507//7771 3445//7771
f 3439//7772 3508//7772 3445//7772
f 3445//7773 3507//7773 3446//7773
f 3504//7774 3506//7774 3501//7774
f 3503//7775 3505//7775 3504//7775
f 3497//7776 3504//7776 3498//7776
f 3500//7777 3503//7777 3497//7777
f 3493//7778 3502//7778 3500//7778
f 3496//7779 3499//7779 3439//7779
f 3498//7780 3501//7780 3495//7780
f 3491//7781 3500//7781 3497//7781
f 3444//7782 3498//7782 3495//7782
f 3494//7783 3498//7783 3444//7783
f 3488//7784 3497//7784 3494//7784
f 3441//7785 3496//7785 3442//7785
f 3443//7786 3495//7786 3441//7786
f 3444//7787 3495//7787 3443//7787
f 3482//7788 3494//7788 3434//7788
f 3492//7789 3493//7789 3491//7789
f 3490//7790 3492//7790 3489//7790
f 3489//7791 3491//7791 3488//7791
f 3487//7792 3436//7792 3490//7792
f 3487//7793 3489//7793 3486//7793
f 3486//7794 3488//7794 3482//7794
f 3486//7795 3484//7795 3487//7795
f 3483//7796 3486//7796 3481//7796
f 3435//7797 3432//7797 3484//7797
f 3435//7798 3483//7798 3433//7798
f 3430//7799 3482//7799 3434//7799
f 3433//7800 3481//7800 3430//7800
f 3479//7801 3332//7801 3480//7801
f 3332//7802 3333//7802 3480//7802
f 3331//7803 3332//7803 3478//7803
f 3400//2667 3401//2667 3477//2667
f 3475//7804 3330//7804 3476//7804
f 3398//7805 3330//7805 3475//7805
f 3473//7806 3398//7806 3474//7806
f 3394//7807 3397//7807 3398//7807
f 3472//7808 3395//7808 3473//7808
f 3395//7809 3394//7809 3473//7809
f 3471//7810 3470//7810 3472//7810
f 3471//7811 3391//7811 3470//7811
f 3469//7812 3391//7812 3471//7812
f 3392//7813 3391//7813 3469//7813
f 3464//7814 3392//7814 3468//7814
f 3465//7815 3462//7815 3467//7815
f 3458//7816 3463//7816 3466//7816
f 3459//7817 3458//7817 3466//7817
f 3390//7818 3462//7818 3465//7818
f 3462//7819 3392//7819 3464//7819
f 3458//7820 3389//7820 3463//7820
f 3390//7821 3388//7821 3462//7821
f 3385//7822 3389//7822 3458//7822
f 3461//7823 3457//7823 3460//7823
f 3428//7824 3421//7824 3461//7824
f 3457//7825 3455//7825 3460//7825
f 3455//7826 3386//7826 3459//7826
f 3456//7827 3383//7827 3457//7827
f 3410//7828 3362//7828 3456//7828
f 3377//7829 3454//7829 3309//7829
f 3308//7830 3377//7830 3309//7830
f 3374//3154 3452//3154 3375//3154
f 3449//7831 3451//7831 3374//7831
f 3449//7832 3374//7832 3305//7832
f 3448//7833 3450//7833 3305//7833
f 3305//7834 3450//7834 3449//7834
f 3373//7835 3447//7835 3448//7835
f 3373//7836 3448//7836 3372//7836
f 3446//7837 3447//7837 3373//7837
f 3371//7838 3446//7838 3373//7838
f 3371//7839 3373//7839 3369//7839
f 3439//7840 3445//7840 3370//7840
f 3368//7841 3446//7841 3371//7841
f 3368//7839 3371//7839 3369//7839
f 3370//7842 3445//7842 3301//7842
f 3440//7843 3444//7843 3443//7843
f 3425//7844 3444//7844 3440//7844
f 3441//7845 3442//7845 3365//7845
f 3437//7846 3443//7846 3438//7846
f 3440//7847 3443//7847 3437//7847
f 3414//7848 3425//7848 3409//7848
f 3418//7849 3425//7849 3414//7849
f 3365//7850 3442//7850 3366//7850
f 3367//7851 3441//7851 3365//7851
f 3438//7852 3441//7852 3367//7852
f 3409//7853 3440//7853 3437//7853
f 3363//7854 3438//7854 3367//7854
f 3361//7855 3409//7855 3364//7855
f 3364//7856 3437//7856 3363//7856
f 3432//7857 3428//7857 3436//7857
f 3431//7858 3427//7858 3435//7858
f 3430//7859 3434//7859 3425//7859
f 3431//7860 3433//7860 3429//7860
f 3427//7861 3420//7861 3432//7861
f 3424//7862 3426//7862 3431//7862
f 3424//7863 3429//7863 3423//7863
f 3420//7864 3421//7864 3428//7864
f 3426//7865 3419//7865 3427//7865
f 3417//7866 3416//7866 3426//7866
f 3417//7867 3424//7867 3422//7867
f 3411//7868 3423//7868 3412//7868
f 3417//7869 3422//7869 3411//7869
f 3420//7870 3410//7870 3421//7870
f 3419//7871 3410//7871 3420//7871
f 3416//7872 3407//7872 3419//7872
f 3412//7873 3418//7873 3414//7873
f 3415//7874 3406//7874 3416//7874
f 3405//7875 3406//7875 3415//7875
f 3361//7876 3414//7876 3409//7876
f 3405//7877 3413//7877 3408//7877
f 3404//7878 3412//7878 3361//7878
f 3403//7879 3412//7879 3404//7879
f 3408//7880 3411//7880 3403//7880
f 3407//7881 3355//7881 3410//7881
f 3404//7882 3361//7882 3357//7882
f 3403//7883 3360//7883 3408//7883
f 3405//7884 3408//7884 3360//7884
f 3406//7885 3355//7885 3407//7885
f 3358//7886 3354//7886 3406//7886
f 3357//7887 3361//7887 3347//7887
f 3352//7888 3404//7888 3357//7888
f 3356//7889 3403//7889 3352//7889
f 3332//7890 3204//7890 3333//7890
f 3400//7891 3267//7891 3401//7891
f 3399//7892 3329//7892 3330//7892
f 3398//7893 3396//7893 3399//7893
f 3397//7894 3396//7894 3398//7894
f 3397//7895 3325//7895 3328//7895
f 3325//7896 3326//7896 3328//7896
f 3393//7897 3324//7897 3394//7897
f 3324//7898 3325//7898 3394//7898
f 3391//7899 3321//7899 3393//7899
f 3319//7900 3322//7900 3391//7900
f 3388//7901 3319//7901 3392//7901
f 3389//7902 3320//7902 3390//7902
f 3382//7903 3387//7903 3389//7903
f 3316//7904 3317//7904 3387//7904
f 3384//7905 3381//7905 3386//7905
f 3383//7906 3381//7906 3384//7906
f 3362//7907 3379//7907 3383//7907
f 3348//7908 3379//7908 3362//7908
f 3381//7909 3378//7909 3382//7909
f 3380//7910 3314//7910 3381//7910
f 3379//7911 3315//7911 3380//7911
f 3292//7912 3315//7912 3379//7912
f 3314//7913 3250//7913 3378//7913
f 3375//7914 3308//7914 3244//7914
f 3307//7915 3375//7915 3244//7915
f 3243//7916 3374//7916 3307//7916
f 3306//7917 3374//7917 3243//7917
f 3303//7918 3372//7918 1539//7918
f 3300//7919 3369//7919 3302//7919
f 3298//7920 3370//7920 3301//7920
f 3301//7921 3368//7921 3240//7921
f 3299//7922 3365//7922 3297//7922
f 3363//7923 3367//7923 3296//7923
f 3297//7924 3366//7924 3298//7924
f 3293//7925 3364//7925 3294//7925
f 3294//7926 3363//7926 3295//7926
f 3355//7927 3348//7927 3362//7927
f 3347//7928 3361//7928 3293//7928
f 3345//7929 3357//7929 3347//7929
f 3356//7930 3350//7930 3360//7930
f 3358//7931 3360//7931 3350//7931
f 3354//7932 3349//7932 3359//7932
f 3352//7933 3357//7933 3345//7933
f 3349//7934 3339//7934 3355//7934
f 3353//7935 3349//7935 3354//7935
f 3350//7936 3346//7936 3353//7936
f 2937//7937 3352//7937 3338//7937
f 3342//7938 3351//7938 2937//7938
f 3346//7939 3285//7939 3349//7939
f 3344//7940 3341//7940 3346//7940
f 3339//7941 3337//7941 3348//7941
f 3338//7942 3345//7942 3343//7942
f 3338//7943 3343//7943 3290//7943
f 2937//7944 2936//7944 3342//7944
f 3336//7945 3341//7945 2936//7945
f 3285//7946 3286//7946 3339//7946
f 3336//7947 3283//7947 3335//7947
f 2935//7948 3338//7948 3289//7948
f 3286//7949 3291//7949 3337//7949
f 3282//7950 2936//7950 2934//7950
f 3204//7951 3205//7951 3333//7951
f 3331//7952 3204//7952 3332//7952
f 3267//7953 3204//7953 3331//7953
f 3265//7954 3266//7954 3267//7954
f 3327//7955 3264//7955 3329//7955
f 3323//7956 3261//7956 3326//7956
f 3261//7957 3262//7957 3326//7957
f 3326//7958 3263//7958 3327//7958
f 3324//7959 3323//7959 3325//7959
f 3258//7960 3260//7960 3324//7960
f 3324//7961 3260//7961 3323//7961
f 3260//7962 3259//7962 3323//7962
f 3321//7963 3257//7963 3258//7963
f 3319//7964 3254//7964 3322//7964
f 3320//7965 3253//7965 3319//7965
f 3318//7966 3252//7966 3320//7966
f 3253//7967 3254//7967 3319//7967
f 3317//7968 3251//7968 3318//7968
f 3312//7969 3251//7969 3317//7969
f 3292//7970 3249//7970 3315//7970
f 3314//7971 3313//7971 3250//7971
f 3249//7972 3245//7972 3313//7972
f 3250//7973 3248//7973 3312//7973
f 3309//7974 3311//7974 3310//7974
f 3120//7975 3310//7975 3181//7975
f 3180//7976 3309//7976 3120//7976
f 3118//7977 3309//7977 3180//7977
f 3306//1125 3243//1125 3242//1125
f 3304//7978 3306//7978 3242//7978
f 1539//7979 3305//7979 3304//7979
f 3115//7980 3304//7980 3242//7980
f 3302//7981 3303//7981 1539//7981
f 3178//7982 3302//7982 1539//7982
f 3238//7983 3300//7983 3241//7983
f 3241//7984 3302//7984 3178//7984
f 3298//7985 3301//7985 3239//7985
f 3173//7986 3297//7986 3174//7986
f 3296//7987 3299//7987 3173//7987
f 3295//7988 3296//7988 3235//7988
f 3174//7989 3298//7989 3236//7989
f 3235//7990 3296//7990 3172//7990
f 3174//7991 3236//7991 3175//7991
f 3291//7992 3249//7992 3292//7992
f 3281//7993 3277//7993 3291//7993
f 3276//7994 2934//7994 2928//7994
f 3270//7995 3230//7995 3249//7995
f 2930//7996 3289//7996 3232//7996
f 3232//7997 3288//7997 3229//7997
f 3230//7998 3231//7998 3249//7998
f 3285//7999 3281//7999 3286//7999
f 3284//8000 3280//8000 3285//8000
f 3283//8001 3279//8001 3284//8001
f 3282//8002 3278//8002 3283//8002
f 3279//8003 3275//8003 3280//8003
f 3278//8004 3274//8004 3279//8004
f 3276//8005 3273//8005 3278//8005
f 2928//8006 3272//8006 3276//8006
f 3275//8007 3270//8007 3277//8007
f 3274//8008 3269//8008 3275//8008
f 3273//8009 3271//8009 3274//8009
f 2928//8010 2927//8010 3272//8010
f 3272//8011 3268//8011 3273//8011
f 3271//8012 3273//8012 3268//8012
f 3268//8013 3218//8013 3271//8013
f 3221//8014 3219//8014 3270//8014
f 3218//8015 3221//8015 3269//8015
f 3222//8016 3220//8016 3268//8016
f 3222//8017 2927//8017 2920//8017
f 3205//8018 3145//8018 3206//8018
f 3204//8019 3143//8019 3205//8019
f 3266//8020 3203//8020 3267//8020
f 3201//8021 3202//8021 3266//8021
f 3259//8022 3197//8022 3262//8022
f 3262//8023 3196//8023 3263//8023
f 3197//8024 3196//8024 3262//8024
f 3195//8025 3197//8025 3259//8025
f 3195//8026 3138//8026 3197//8026
f 3257//8027 3195//8027 3258//8027
f 3255//8028 3256//8028 3257//8028
f 3194//8029 3193//8029 3256//8029
f 3189//8030 3194//8030 3255//8030
f 3190//8031 3189//8031 3254//8031
f 3252//8032 3190//8032 3253//8032
f 3251//8033 3192//8033 3252//8033
f 3246//8034 3191//8034 3251//8034
f 3247//8035 3246//8035 3248//8035
f 3247//8036 3186//8036 3246//8036
f 3227//8037 3226//8037 3231//8037
f 3245//8038 3185//8038 3247//8038
f 3186//8039 3182//8039 3246//8039
f 3226//8040 3183//8040 3245//8040
f 3179//8041 3243//8041 3244//8041
f 3179//8042 3244//8042 3118//8042
f 3117//8043 3243//8043 3179//8043
f 3242//8044 3243//8044 3116//8044
f 1539//8045 3115//8045 1540//8045
f 3237//8046 3238//8046 3177//8046
f 3176//8047 3240//8047 3237//8047
f 3175//8048 3239//8048 3176//8048
f 3176//8049 3237//8049 3112//8049
f 3225//8050 3234//8050 3233//8050
f 3233//8051 3235//8051 3172//8051
f 3162//8052 3233//8052 3171//8052
f 3228//8053 3232//8053 3229//8053
f 2926//8054 3232//8054 3228//8054
f 3223//8055 3229//8055 3225//8055
f 2923//8056 2926//8056 3228//8056
f 3214//8057 2920//8057 2921//8057
f 3230//8058 3227//8058 3231//8058
f 3228//8059 3229//8059 3223//8059
f 3214//8060 2921//8060 3210//8060
f 2922//8061 2923//8061 3168//8061
f 3168//8062 3228//8062 3169//8062
f 3207//8063 2922//8063 3224//8063
f 3213//8064 3170//8064 3227//8064
f 3223//8065 3225//8065 3162//8065
f 3166//8066 3224//8066 3167//8066
f 3160//8067 3223//8067 3161//8067
f 3218//8068 3216//8068 3221//8068
f 3217//8069 3215//8069 3220//8069
f 3217//8070 2920//8070 3214//8070
f 3216//8071 3213//8071 3219//8071
f 3215//8072 3212//8072 3218//8072
f 3214//8073 3215//8073 3217//8073
f 3212//8074 3209//8074 3216//8074
f 3214//8075 3211//8075 3215//8075
f 3209//8076 3159//8076 3213//8076
f 3211//8077 3208//8077 3212//8077
f 3210//8078 3157//8078 3211//8078
f 3208//8079 3158//8079 3209//8079
f 3157//8080 3156//8080 3208//8080
f 3145//6097 3146//6097 3206//6097
f 3144//8081 1563//8081 3145//8081
f 3203//8082 3143//8082 3204//8082
f 3202//8083 3142//8083 3203//8083
f 3201//8084 3200//8084 3202//8084
f 3141//8085 3200//8085 3201//8085
f 3141//8086 1561//8086 3200//8086
f 3138//8087 1560//8087 3198//8087
f 3137//8088 3138//8088 3195//8088
f 3189//8089 3136//8089 3194//8089
f 3136//8090 3137//8090 3193//8090
f 3188//8091 3134//8091 3192//8091
f 3182//8092 3187//8092 3191//8092
f 3190//8093 3135//8093 3189//8093
f 3134//8094 3135//8094 3190//8094
f 3187//8095 3131//8095 3188//8095
f 3182//8096 3131//8096 3187//8096
f 3183//8097 3128//8097 3185//8097
f 3165//8098 3127//8098 3183//8098
f 3184//8099 3126//8099 3182//8099
f 3117//8100 3179//8100 3118//8100
f 3114//8101 3177//8101 3178//8101
f 3112//8102 3177//8102 3114//8102
f 3175//8103 3176//8103 3113//8103
f 3173//8104 3174//8104 3109//8104
f 3110//8105 3175//8105 3111//8105
f 3109//8106 3174//8106 3110//8106
f 3171//8107 3172//8107 3108//8107
f 3172//8108 3173//8108 3109//8108
f 3106//8109 3171//8109 3107//8109
f 3149//8110 3163//8110 3170//8110
f 2918//8111 3169//8111 3164//8111
f 3167//8112 3168//8112 2918//8112
f 3166//8113 3167//8113 2919//8113
f 3163//8114 3127//8114 3165//8114
f 3152//8115 3166//8115 2919//8115
f 3164//8116 3160//8116 3104//8116
f 3150//8117 2919//8117 2917//8117
f 2916//8118 3164//8118 3105//8118
f 3149//8119 3098//8119 3163//8119
f 3104//8120 3161//8120 3106//8120
f 3158//8121 3154//8121 3159//8121
f 3152//8122 3155//8122 3157//8122
f 3155//8123 3148//8123 3156//8123
f 3152//8124 3153//8124 3155//8124
f 3151//8125 3102//8125 3154//8125
f 3152//8126 3150//8126 3153//8126
f 3148//8127 3101//8127 3151//8127
f 3102//8128 3098//8128 3149//8128
f 3147//8129 3095//8129 3148//8129
f 3099//8130 3100//8130 3147//8130
f 3145//8131 1563//8131 3146//8131
f 1562//8132 1505//8132 1563//8132
f 3142//8133 1562//8133 3143//8133
f 1561//8134 1442//8134 3142//8134
f 3141//3460 1440//3460 1561//3460
f 3140//8135 1440//8135 3141//8135
f 1560//8136 1441//8136 3140//8136
f 1558//8137 3139//8137 3138//8137
f 3137//8138 1558//8138 3138//8138
f 1556//8139 1559//8139 3137//8139
f 3137//8140 1555//8140 1556//8140
f 1554//8141 1499//8141 1555//8141
f 3133//8142 1554//8142 3136//8142
f 3132//8143 3130//8143 3135//8143
f 3131//8144 3129//8144 3134//8144
f 3123//8145 3121//8145 3131//8145
f 3129//8146 1550//8146 3130//8146
f 1550//8147 1498//8147 3130//8147
f 1553//8148 1552//8148 3129//8148
f 3121//8149 1548//8149 1553//8149
f 3127//8150 3124//8150 3128//8150
f 3098//8151 3103//8151 3127//8151
f 3125//8152 3123//8152 3126//8152
f 3124//8153 1549//8153 3125//8153
f 3103//8154 3122//8154 3124//8154
f 3103//8155 1518//8155 3122//8155
f 1549//8156 1548//8156 3123//8156
f 1518//8157 1526//8157 3122//8157
f 1543//8158 3119//8158 1483//8158
f 3118//3427 3119//3427 1543//3427
f 1541//8159 3117//8159 1542//8159
f 1419//8160 3116//8160 1541//8160
f 3112//8161 3114//8161 1536//8161
f 1535//8162 3113//8162 1537//8162
f 1531//8163 3111//8163 1535//8163
f 1534//8164 3110//8164 1531//8164
f 1533//8165 3109//8165 1534//8165
f 1532//8166 3108//8166 1533//8166
f 1521//8167 1532//8167 1530//8167
f 1524//8168 3106//8168 1525//8168
f 1525//8169 3106//8169 1532//8169
f 1527//8170 3104//8170 1524//8170
f 3090//8171 1518//8171 3103//8171
f 1525//8172 1532//8172 1521//8172
f 3101//8173 3097//8173 3102//8173
f 3095//8174 3096//8174 3101//8174
f 3099//8175 3094//8175 3100//8175
f 3099//8176 2914//8176 2913//8176
f 3096//8177 3090//8177 3097//8177
f 3095//8178 3093//8178 3096//8178
f 3094//8179 3089//8179 3095//8179
f 3093//8180 3088//8180 3090//8180
f 3089//8181 3087//8181 3093//8181
f 3091//8182 3086//8182 3092//8182
f 3091//8183 2912//8183 1517//8183
f 3086//8184 1516//8184 3089//8184
f 3087//8185 1513//8185 3088//8185
f 1516//8186 1512//8186 3087//8186
f 1515//8187 1511//8187 3086//8187
f 3053//8188 3085//8188 3056//8188
f 3055//8189 3085//8189 3053//8189
f 3044//8190 3084//8190 3055//8190
f 3041//8191 3083//8191 3044//8191
f 3045//8192 3083//8192 3041//8192
f 3079//8193 3082//8193 3080//8193
f 3068//8194 3081//8194 3079//8194
f 3077//8195 3080//8195 3078//8195
f 3066//8196 3079//8196 3077//8196
f 3075//8197 3078//8197 3076//8197
f 3074//8198 3077//8198 3075//8198
f 3065//8199 3066//8199 3074//8199
f 3062//8200 3064//8200 3070//8200
f 3061//8201 3072//8201 3069//8201
f 3067//8202 3069//8202 3068//8202
f 3059//8203 3061//8203 3067//8203
f 3058//8204 3068//8204 3066//8204
f 3057//8205 3058//8205 3065//8205
f 3054//8206 3056//8206 3062//8206
f 3060//8207 3062//8207 3061//8207
f 3052//8208 3062//8208 3060//8208
f 3051//8209 3052//8209 3059//8209
f 3050//8210 3059//8210 3058//8210
f 3049//8211 3050//8211 3057//8211
f 3053//8212 3056//8212 3054//8212
f 3040//8213 3042//8213 3052//8213
f 3037//8214 3040//8214 3051//8214
f 3048//8215 3051//8215 3050//8215
f 3038//8216 3051//8216 3048//8216
f 3046//8217 3049//8217 3047//8217
f 3036//8218 3048//8218 3046//8218
f 2990//8219 3045//8219 3043//8219
f 3041//8220 3044//8220 3042//8220
f 2985//8221 2990//8221 3039//8221
f 3039//8222 3041//8222 3040//8222
f 2982//8223 3039//8223 3037//8223
f 3035//8224 3038//8224 3036//8224
f 2980//8225 3038//8225 3035//8225
f 3032//8226 3034//8226 3033//8226
f 3032//8227 3033//8227 3031//8227
f 3020//8228 3028//8228 3027//8228
f 3019//8229 3030//8229 3020//8229
f 3024//8230 3028//8230 3025//8230
f 3020//8231 3027//8231 3024//8231
f 3021//8232 3026//8232 3023//8232
f 3024//8233 3025//8233 3021//8233
f 3006//8234 3024//8234 3016//8234
f 3021//8235 3023//8235 3022//8235
f 3021//8236 3022//8236 3015//8236
f 3016//8237 3021//8237 3014//8237
f 3008//8238 3020//8238 3017//8238
f 3018//8239 3019//8239 3008//8239
f 3008//8240 3017//8240 3006//8240
f 3006//8241 3016//8241 3013//8241
f 3014//8242 3015//8242 3012//8242
f 3009//8243 3014//8243 3010//8243
f 2996//8244 3013//8244 3009//8244
f 3010//8245 3012//8245 3011//8245
f 3002//8246 3011//8246 3004//8246
f 3001//8247 3010//8247 3002//8247
f 2996//8248 3009//8248 3001//8248
f 3007//8249 3008//8249 3005//8249
f 3005//8250 3006//8250 2996//8250
f 3002//8251 3004//8251 3003//8251
f 3000//8252 3003//8252 2999//8252
f 2997//8253 3002//8253 3000//8253
f 2994//8254 3001//8254 2997//8254
f 2997//8255 3000//8255 2998//8255
f 2997//8256 2998//8256 123//8256
f 121//8257 2997//8257 123//8257
f 2993//8258 2996//8258 2994//8258
f 2992//8259 2994//8259 121//8259
f 2988//8260 2991//8260 2987//8260
f 2987//8261 2990//8261 2985//8261
f 2983//8262 2988//8262 2986//8262
f 2985//8263 2986//8263 2987//8263
f 2969//8264 2983//8264 2981//8264
f 2981//8265 2984//8265 2982//8265
f 2979//8266 2982//8266 2980//8266
f 2976//8267 2981//8267 2979//8267
f 2977//8268 2980//8268 2978//8268
f 2976//8269 2979//8269 2977//8269
f 2970//8270 2973//8270 2971//8270
f 2958//8271 2964//8271 2970//8271
f 2968//8272 2971//8272 2969//8272
f 2956//8273 2970//8273 2968//8273
f 2966//8274 2969//8274 2967//8274
f 2965//8275 2968//8275 2966//8275
f 2954//8276 2968//8276 2965//8276
f 2955//8277 2968//8277 2954//8277
f 2959//8278 2962//8278 2960//8278
f 2957//8279 2960//8279 2958//8279
f 2950//8280 2959//8280 2957//8280
f 2948//8281 2957//8281 2956//8281
f 2945//8282 2956//8282 2955//8282
f 2953//8283 2955//8283 2954//8283
f 2942//8284 2955//8284 2953//8284
f 2949//8285 2952//8285 2950//8285
f 2947//8286 2950//8286 2948//8286
f 2946//8287 2949//8287 2947//8287
f 2944//8288 2948//8288 2945//8288
f 2943//8289 2947//8289 2944//8289
f 2941//8290 2944//8290 2942//8290
f 2939//8291 2943//8291 2941//8291
f 2938//8292 2940//8292 2939//8292
f 2933//8293 2935//8293 2930//8293
f 2928//8294 2934//8294 2931//8294
f 2931//8295 2933//8295 2929//8295
f 2927//8296 2932//8296 2925//8296
f 2925//8297 2931//8297 2924//8297
f 2924//8298 2929//8298 2926//8298
f 2924//8299 2926//8299 2923//8299
f 2920//8300 2925//8300 2921//8300
f 2921//8301 2924//8301 2922//8301
f 2917//8302 2919//8302 2916//8302
f 2913//8303 2914//8303 2915//8303
f 2915//8304 2916//8304 58//8304
f 58//8305 2916//8305 1527//8305
f 2912//8306 2915//8306 57//8306
f 58//8307 1527//8307 56//8307
f 2903//8308 2908//8308 2910//8308
f 2907//8309 2860//8309 2876//8309
f 2859//8310 2858//8310 2908//8310
f 2810//8311 2909//8311 2857//8311
f 2908//8312 2857//8312 2909//8312
f 2860//8313 2907//8313 2810//8313
f 2903//8314 2906//8314 2902//8314
f 2904//8315 2902//8315 2906//8315
f 2905//8316 2856//8316 2904//8316
f 2855//8317 2856//8317 2905//8317
f 2856//8318 2902//8318 2904//8318
f 2856//8319 2805//8319 2902//8319
f 2901//8320 2850//8320 2853//8320
f 2898//8321 2852//8321 2900//8321
f 2852//8322 2851//8322 2899//8322
f 2852//8323 2799//8323 2851//8323
f 2897//8324 2849//8324 2898//8324
f 2896//8325 2847//8325 2897//8325
f 2847//8326 2796//8326 2848//8326
f 2895//8327 2846//8327 2896//8327
f 2845//8328 2846//8328 2895//8328
f 2844//8329 2736//8329 2894//8329
f 2787//8330 2736//8330 2844//8330
f 2786//6808 2787//6808 2893//6808
f 2892//4344 2785//4344 2843//4344
f 2891//8331 2842//8331 2892//8331
f 2891//8332 2732//8332 2842//8332
f 2886//8333 2890//8333 2887//8333
f 2883//8334 2888//8334 2884//8334
f 122//8335 2888//8335 2883//8335
f 2881//8336 2887//8336 2882//8336
f 2885//8337 2886//8337 2881//8337
f 2884//8338 2885//8338 2880//8338
f 2883//8339 2884//8339 2840//8339
f 2840//8340 2884//8340 2841//8340
f 117//8341 2883//8341 2840//8341
f 2839//8342 2882//8342 2835//8342
f 2876//8343 2835//8343 2882//8343
f 2880//8344 2881//8344 2839//8344
f 117//8345 2840//8345 115//8345
f 2835//8346 2834//8346 2839//8346
f 2841//8347 2880//8347 2838//8347
f 2874//8348 2875//8348 2879//8348
f 2830//8349 2877//8349 118//8349
f 2818//8350 2875//8350 2829//8350
f 2874//8351 2830//8351 2824//8351
f 2829//8352 2874//8352 2826//8352
f 2871//8353 2873//8353 2869//8353
f 2869//8354 2870//8354 2819//8354
f 2823//8355 2871//8355 2820//8355
f 2868//8356 2821//8356 2870//8356
f 2819//8357 2870//8357 2821//8357
f 2821//8358 2868//8358 2818//8358
f 2866//8359 2867//8359 2816//8359
f 2815//8360 2866//8360 2816//8360
f 2756//8361 2864//8361 2605//8361
f 2756//8362 2863//8362 2864//8362
f 2814//8363 2863//8363 2756//8363
f 2862//8364 2863//8364 2814//8364
f 2754//8365 2862//8365 2814//8365
f 2534//8366 2754//8366 2755//8366
f 2534//6851 2693//6851 2754//6851
f 2811//8367 2813//8367 2812//8367
f 2859//8368 2808//8368 2858//8368
f 2805//8369 2808//8369 2859//8369
f 2858//8370 2807//8370 2857//8370
f 2857//8371 2809//8371 2810//8371
f 2854//8372 2806//8372 2856//8372
f 2800//8373 2801//8373 2855//8373
f 2798//8374 2800//8374 2850//8374
f 2849//8375 2799//8375 2852//8375
f 2849//8376 2797//8376 2799//8376
f 2848//8377 2794//8377 2849//8377
f 2796//8378 2794//8378 2848//8378
f 2736//8379 2788//8379 2845//8379
f 2786//8380 2733//8380 2734//8380
f 2785//8381 2663//8381 2843//8381
f 115//8382 2840//8382 2836//8382
f 2835//8383 2828//8383 2825//8383
f 2832//8384 2838//8384 2837//8384
f 112//8385 2836//8385 2831//8385
f 2833//8386 2837//8386 2783//8386
f 2832//8387 2837//8387 2833//8387
f 2835//8388 2825//8388 2771//8388
f 2783//8389 2834//8389 2784//8389
f 2782//8390 2833//8390 2780//8390
f 2781//8391 2832//8391 2782//8391
f 107//8392 2831//8392 2781//8392
f 2783//8393 2784//8393 2778//8393
f 2818//8394 2829//8394 2827//8394
f 110//8395 2824//8395 2830//8395
f 2818//8396 2827//8396 2769//8396
f 2769//8397 2826//8397 2767//8397
f 2770//8398 2824//8398 101//8398
f 2767//8399 2824//8399 2770//8399
f 2816//8400 2823//8400 2764//8400
f 2819//8401 2817//8401 2822//8401
f 2820//8402 2822//8402 2817//8402
f 2819//8403 2821//8403 2761//8403
f 2764//8404 2820//8404 2765//8404
f 2765//8405 2820//8405 2817//8405
f 2817//8406 2819//8406 2761//8406
f 2761//8407 2818//8407 2762//8407
f 2765//8408 2817//8408 2763//8408
f 2759//8409 2816//8409 2760//8409
f 2815//8410 2816//8410 2759//8410
f 2755//8411 2814//8411 2695//8411
f 2534//8412 2755//8412 2694//8412
f 2771//8413 2810//8413 2809//8413
f 2809//8414 2768//8414 2771//8414
f 2807//8415 2750//8415 2809//8415
f 2750//8416 2749//8416 2809//8416
f 2809//8417 2749//8417 2768//8417
f 2753//8418 2808//8418 2751//8418
f 2745//8419 2751//8419 2808//8419
f 2808//8420 2753//8420 2807//8420
f 2807//8421 2753//8421 2750//8421
f 2806//8422 2803//8422 2805//8422
f 2802//8423 2744//8423 2803//8423
f 2801//8424 2746//8424 2802//8424
f 2800//8425 2742//8425 2801//8425
f 2798//8426 2742//8426 2800//8426
f 2797//8427 2673//8427 2799//8427
f 2743//8428 2742//8428 2798//8428
f 2739//8429 2673//8429 2797//8429
f 2795//8430 2793//8430 2796//8430
f 2791//8431 2789//8431 2795//8431
f 2792//8432 2741//8432 2794//8432
f 2789//8433 2792//8433 2793//8433
f 2740//8434 2741//8434 2792//8434
f 2789//8435 2740//8435 2792//8435
f 2790//8436 2738//8436 2791//8436
f 2738//8437 2737//8437 2789//8437
f 2736//8438 2735//8438 2788//8438
f 2734//8439 2736//8439 2787//8439
f 2663//8440 2578//8440 2733//8440
f 2732//2667 2663//2667 2785//2667
f 1322//814 2577//814 2732//814
f 2784//8441 2771//8441 2768//8441
f 107//8442 2781//8442 2779//8442
f 2777//8443 2780//8443 2775//8443
f 2776//8444 2779//8444 2774//8444
f 2766//8445 2775//8445 2778//8445
f 2774//8446 2777//8446 2773//8446
f 2773//8447 2775//8447 2728//8447
f 104//8448 2776//8448 2772//8448
f 2718//8449 2729//8449 2766//8449
f 2728//8450 2775//8450 2729//8450
f 102//8451 104//8451 2730//8451
f 2727//8452 2772//8452 2731//8452
f 2730//8453 2772//8453 2727//8453
f 2770//8454 101//8454 99//8454
f 2716//8455 2770//8455 2715//8455
f 2715//8456 99//8456 2717//8456
f 2769//8457 2767//8457 2701//8457
f 2766//8458 2768//8458 2718//8458
f 2752//8459 2714//8459 2718//8459
f 2716//8460 2700//8460 2701//8460
f 2702//8461 2761//8461 2703//8461
f 2704//8462 2763//8462 2702//8462
f 2698//8463 2764//8463 2704//8463
f 2703//8464 2762//8464 2701//8464
f 2697//8465 2760//8465 2698//8465
f 2696//8466 2759//8466 2697//8466
f 2606//8467 2757//8467 2608//8467
f 2605//8468 2757//8468 2606//8468
f 1297//3292 2692//3292 2533//3292
f 2750//8469 2753//8469 2691//8469
f 2714//8470 2752//8470 2747//8470
f 2749//8471 2747//8471 2752//8471
f 2682//8472 2679//8472 2751//8472
f 2690//8473 2747//8473 2749//8473
f 2679//8474 2688//8474 2748//8474
f 2742//8475 2681//8475 2746//8475
f 2678//8476 2682//8476 2745//8476
f 2673//8477 2672//8477 2675//8477
f 2737//8478 2670//8478 2740//8478
f 2738//8479 2668//8479 2737//8479
f 2735//8480 2668//8480 2738//8480
f 2669//8481 2670//8481 2737//8481
f 2580//8482 2666//8482 2736//8482
f 2578//8483 2664//8483 2733//8483
f 1241//3249 2577//3249 1322//3249
f 2727//8484 2731//8484 2726//8484
f 97//8485 2730//8485 2724//8485
f 2723//8486 2718//8486 2713//8486
f 2726//8487 2728//8487 2723//8487
f 2724//8488 2727//8488 2725//8488
f 2721//8489 2723//8489 2722//8489
f 2720//8490 2725//8490 2721//8490
f 2719//8491 2725//8491 2720//8491
f 2712//8492 2724//8492 2719//8492
f 2722//8493 2723//8493 2709//8493
f 2655//8494 2722//8494 2662//8494
f 2720//8495 2721//8495 2655//8495
f 2707//8496 2719//8496 2708//8496
f 2662//8497 2709//8497 2661//8497
f 2706//8498 2717//8498 95//8498
f 2715//8499 2717//8499 2706//8499
f 2700//8500 2716//8500 2711//8500
f 96//8501 97//8501 2712//8501
f 2713//8502 2714//8502 2710//8502
f 2715//8503 2705//8503 2716//8503
f 2711//8504 2716//8504 2705//8504
f 2706//8505 95//8505 94//8505
f 2659//8506 2712//8506 2707//8506
f 94//8507 96//8507 2659//8507
f 2619//8508 2711//8508 2645//8508
f 2706//8509 94//8509 2658//8509
f 2661//8510 2709//8510 2657//8510
f 2654//8511 2708//8511 2660//8511
f 2645//8512 2705//8512 2651//8512
f 2659//8513 2707//8513 2654//8513
f 2702//8514 2703//8514 2699//8514
f 2622//8515 2704//8515 2623//8515
f 2613//8516 2698//8516 2622//8516
f 2623//8517 2702//8517 2621//8517
f 2621//8518 2702//8518 2699//8518
f 2699//8519 2701//8519 2624//8519
f 2624//8520 2700//8520 2619//8520
f 2621//8521 2699//8521 2620//8521
f 2614//8522 2697//8522 2613//8522
f 2612//8523 2614//8523 2611//8523
f 2608//8524 2696//8524 2612//8524
f 2608//8525 2612//8525 2609//8525
f 2536//8526 2695//8526 2605//8526
f 2438//8527 2694//8527 2604//8527
f 2688//8528 2686//8528 2691//8528
f 2689//8529 2690//8529 2684//8529
f 2657//8530 2689//8530 2687//8530
f 2686//8531 2684//8531 2690//8531
f 2630//8532 2687//8532 2683//8532
f 2643//8533 2687//8533 2630//8533
f 2685//8534 2601//8534 2686//8534
f 2596//8535 2603//8535 2685//8535
f 2630//8536 2683//8536 2599//8536
f 2603//8537 2601//8537 2685//8537
f 2601//8538 2600//8538 2684//8538
f 2599//8539 2683//8539 2600//8539
f 2567//8540 2630//8540 2602//8540
f 2679//8541 2682//8541 2677//8541
f 2678//8542 2677//8542 2682//8542
f 2674//8543 2676//8543 2681//8543
f 2595//8544 2594//8544 2678//8544
f 2591//8545 2676//8545 2674//8545
f 2591//8546 2593//8546 2676//8546
f 2594//8547 2596//8547 2677//8547
f 2591//8548 2512//8548 2593//8548
f 2675//8549 2591//8549 2674//8549
f 2672//8550 2590//8550 2591//8550
f 2588//8551 2589//8551 2672//8551
f 2671//8552 2588//8552 2673//8552
f 2586//8553 2499//8553 2671//8553
f 2669//8554 2585//8554 2670//8554
f 2666//8555 2667//8555 2668//8555
f 2668//8556 2585//8556 2669//8556
f 2580//8557 2581//8557 2666//8557
f 2581//8558 2582//8558 2665//8558
f 2664//8559 2495//8559 2579//8559
f 2578//8560 2493//8560 2495//8560
f 2491//8561 2578//8561 2663//8561
f 2577//8562 2491//8562 2663//8562
f 2576//8563 2378//8563 2577//8563
f 1241//8564 2576//8564 2577//8564
f 2656//8565 2661//8565 2647//8565
f 2649//8566 2659//8566 2650//8566
f 2648//8567 2658//8567 2649//8567
f 2647//8568 2657//8568 2643//8568
f 2653//8569 2656//8569 2646//8569
f 2652//8570 2654//8570 2653//8570
f 2648//8571 2638//8571 2651//8571
f 2646//8572 2647//8572 2642//8572
f 2652//8573 2653//8573 2644//8573
f 2640//8574 2652//8574 2641//8574
f 2639//8575 2649//8575 2640//8575
f 2638//8576 2648//8576 2639//8576
f 2642//8577 2647//8577 2637//8577
f 2641//8578 2646//8578 2636//8578
f 2618//8579 2645//8579 2638//8579
f 2637//8580 2643//8580 2630//8580
f 2636//8581 2642//8581 2633//8581
f 2640//8582 2641//8582 2635//8582
f 2634//8583 2639//8583 2635//8583
f 2629//8584 2637//8584 2575//8584
f 2633//8585 2637//8585 2629//8585
f 2632//8586 2636//8586 2627//8586
f 2625//8587 2635//8587 2632//8587
f 2626//8588 2634//8588 2625//8588
f 2625//8589 2632//8589 2627//8589
f 2572//8590 2628//8590 2573//8590
f 2571//8591 2628//8591 2572//8591
f 2574//8592 2627//8592 2571//8592
f 2570//8593 2626//8593 2574//8593
f 2620//8594 2624//8594 2617//8594
f 2610//8595 2622//8595 2553//8595
f 2553//8596 2621//8596 2616//8596
f 2616//8597 2620//8597 2615//8597
f 2617//8598 2619//8598 2618//8598
f 2615//8599 2617//8599 2552//8599
f 2552//8600 2617//8600 2569//8600
f 2551//8601 2615//8601 2550//8601
f 2611//8602 2613//8602 2610//8602
f 2541//8603 2610//8603 2540//8603
f 2539//8604 2608//8604 2609//8604
f 2607//8605 2608//8605 2539//8605
f 2537//8606 2607//8606 2539//8606
f 2442//8607 2607//8607 2537//8607
f 2438//8608 2604//8608 2535//8608
f 2533//8609 2534//8609 2359//8609
f 2358//8610 1297//8610 2533//8610
f 1212//8611 1297//8611 2358//8611
f 2592//8612 2598//8612 2603//8612
f 2600//8613 2601//8613 2597//8613
f 2599//8614 2600//8614 2531//8614
f 2558//8615 2602//8615 2529//8615
f 2597//8616 2601//8616 2528//8616
f 2598//8617 2528//8617 2601//8617
f 2592//8618 2528//8618 2598//8618
f 2531//8619 2597//8619 2532//8619
f 2595//8620 2514//8620 2594//8620
f 2593//8621 2513//8621 2595//8621
f 2594//8622 2592//8622 2596//8622
f 2514//8623 2510//8623 2592//8623
f 2589//8624 2503//8624 2590//8624
f 2590//8625 2502//8625 2512//8625
f 2503//8626 2502//8626 2590//8626
f 2588//8627 2503//8627 2589//8627
f 2499//8628 2500//8628 2587//8628
f 2500//8629 2501//8629 2587//8629
f 2583//8630 2499//8630 2586//8630
f 2497//8631 2498//8631 2584//8631
f 2581//8632 2497//8632 2582//8632
f 2496//8633 2389//8633 2497//8633
f 2579//8634 2496//8634 2580//8634
f 2495//8635 2496//8635 2579//8635
f 2573//8636 2575//8636 2562//8636
f 2568//8637 2574//8637 2571//8637
f 2570//8638 2574//8638 2568//8638
f 2565//8639 2572//8639 2566//8639
f 2568//8640 2571//8640 2565//8640
f 2549//8641 2570//8641 2563//8641
f 2563//8642 2568//8642 2564//8642
f 2562//8643 2567//8643 2558//8643
f 2557//8644 2566//8644 2561//8644
f 2557//8645 2565//8645 2566//8645
f 2559//8646 2564//8646 2560//8646
f 2559//8647 2563//8647 2564//8647
f 2559//8648 2556//8648 2563//8648
f 2546//8649 2563//8649 2556//8649
f 2490//8650 2562//8650 2485//8650
f 2555//8651 2561//8651 2490//8651
f 2557//8652 2561//8652 2555//8652
f 2556//8653 2559//8653 2554//8653
f 2485//8654 2558//8654 2486//8654
f 2554//8655 2557//8655 2489//8655
f 2463//8656 2556//8656 2487//8656
f 2487//8657 2554//8657 2488//8657
f 2488//8658 2554//8658 2482//8658
f 2540//8659 2553//8659 2547//8659
f 2447//8660 2540//8660 2547//8660
f 2543//8661 2550//8661 2544//8661
f 2544//8662 2548//8662 2545//8662
f 2546//8663 2545//8663 2548//8663
f 2447//8664 2547//8664 2456//8664
f 2461//8665 2545//8665 2464//8665
f 2463//8666 2464//8666 2545//8666
f 2457//8667 2542//8667 2462//8667
f 2456//8668 2542//8668 2457//8668
f 2462//8669 2544//8669 2461//8669
f 2463//8670 2460//8670 2464//8670
f 2538//8671 2541//8671 2446//8671
f 2446//8672 2447//8672 2445//8672
f 2440//8673 2442//8673 2363//8673
f 2360//8674 2535//8674 2362//8674
f 2361//8675 2535//8675 2360//8675
f 2359//8676 2534//8676 2438//8676
f 2358//8677 2533//8677 2359//8677
f 1212//8678 2358//8678 1211//8678
f 1122//8679 1121//8679 1211//8679
f 2525//8680 2532//8680 2526//8680
f 2528//8681 2509//8681 2532//8681
f 2486//8682 2529//8682 2527//8682
f 2527//8683 2530//8683 2525//8683
f 2475//8684 2527//8684 2476//8684
f 2510//8685 2509//8685 2528//8685
f 2523//8686 2525//8686 2524//8686
f 2476//8687 2527//8687 2523//8687
f 2509//8688 2521//8688 2526//8688
f 2524//8689 2525//8689 2521//8689
f 2470//8690 2476//8690 2522//8690
f 2517//8691 2524//8691 2518//8691
f 2516//8692 2523//8692 2517//8692
f 2470//8693 2522//8693 2516//8693
f 2468//8694 2470//8694 2516//8694
f 2507//8695 2504//8695 2520//8695
f 2515//8696 2521//8696 2437//8696
f 2520//8697 2437//8697 2521//8697
f 2436//8698 2519//8698 2515//8698
f 2466//8699 2517//8699 2436//8699
f 2433//8700 2515//8700 2434//8700
f 2465//8701 2436//8701 2435//8701
f 2431//8702 2465//8702 2435//8702
f 2513//8703 2510//8703 2514//8703
f 2511//8704 2508//8704 2513//8704
f 2508//8705 2507//8705 2510//8705
f 2394//8706 2506//8706 2511//8706
f 2508//8707 2505//8707 2507//8707
f 2506//8708 2428//8708 2508//8708
f 2393//8709 2425//8709 2394//8709
f 2505//8710 2504//8710 2507//8710
f 2428//8711 2424//8711 2505//8711
f 2425//8712 2428//8712 2506//8712
f 2505//8713 2427//8713 2504//8713
f 2501//8714 2502//8714 2503//8714
f 2501//8715 2394//8715 2502//8715
f 2391//8716 2392//8716 2501//8716
f 2390//8717 2391//8717 2500//8717
f 2498//8718 2390//8718 2499//8718
f 2497//8719 2389//8719 2498//8719
f 2387//8720 2388//8720 2389//8720
f 2494//8721 2387//8721 2496//8721
f 2492//8722 2382//8722 2495//8722
f 2491//8723 2492//8723 2493//8723
f 2491//8724 2380//8724 2492//8724
f 2483//8725 2489//8725 2484//8725
f 2482//8726 2489//8726 2483//8726
f 2463//8727 2480//8727 2460//8727
f 2477//8728 2488//8728 2481//8728
f 2480//8729 2487//8729 2477//8729
f 2474//8730 2486//8730 2475//8730
f 2479//8731 2484//8731 2474//8731
f 2478//8732 2483//8732 2479//8732
f 2477//8733 2481//8733 2478//8733
f 2473//8734 2479//8734 2471//8734
f 2478//8735 2479//8735 2473//8735
f 2472//8736 2478//8736 2473//8736
f 2459//8737 2477//8737 2472//8737
f 2471//8738 2475//8738 2470//8738
f 2469//8739 2473//8739 2471//8739
f 2453//8740 2472//8740 2469//8740
f 2455//8741 2459//8741 2453//8741
f 2468//8742 2471//8742 2470//8742
f 2469//8743 2471//8743 2468//8743
f 2448//8744 2469//8744 2467//8744
f 2451//8745 2453//8745 2448//8745
f 2465//8746 2468//8746 2466//8746
f 2377//8747 2467//8747 2465//8747
f 2448//8748 2377//8748 2451//8748
f 2457//8749 2462//8749 2454//8749
f 2456//8750 2457//8750 2449//8750
f 2454//8751 2458//8751 2455//8751
f 2454//8752 2455//8752 2452//8752
f 2449//8753 2454//8753 2450//8753
f 2445//8754 2456//8754 2369//8754
f 2452//8755 2453//8755 2451//8755
f 2375//8756 2452//8756 2451//8756
f 2450//8757 2452//8757 2375//8757
f 2374//8758 2451//8758 2376//8758
f 2375//8759 2451//8759 2374//8759
f 2372//8760 2450//8760 2371//8760
f 2369//8761 2449//8761 2372//8761
f 2367//8762 2443//8762 2368//8762
f 2368//8763 2445//8763 2369//8763
f 2366//8764 2444//8764 2443//8764
f 2366//8765 2443//8765 2367//8765
f 2441//8766 2366//8766 2365//8766
f 2285//8767 2441//8767 2365//8767
f 2284//8768 2441//8768 2285//8768
f 2363//8769 2442//8769 2441//8769
f 2363//8770 2441//8770 2284//8770
f 2283//8771 2363//8771 2284//8771
f 2439//8772 2440//8772 2363//8772
f 2281//8773 2439//8773 2363//8773
f 2215//8774 2362//8774 2281//8774
f 2279//8775 2359//8775 2280//8775
f 1122//8776 1211//8776 1048//8776
f 1048//8777 1211//8777 2358//8777
f 2434//8778 2437//8778 2426//8778
f 2432//8779 2436//8779 2433//8779
f 2433//8780 2434//8780 2430//8780
f 2429//8781 2433//8781 2422//8781
f 2422//8782 2430//8782 2418//8782
f 2415//8783 2376//8783 2420//8783
f 2428//8784 2404//8784 2424//8784
f 2425//8785 2408//8785 2428//8785
f 2423//8786 2427//8786 2419//8786
f 2424//8787 2419//8787 2427//8787
f 2418//8788 2426//8788 2423//8788
f 2427//8789 2423//8789 2426//8789
f 2373//8790 2374//8790 2415//8790
f 2393//8791 2408//8791 2425//8791
f 2424//8792 2412//8792 2419//8792
f 2404//8793 2412//8793 2424//8793
f 2418//8794 2423//8794 2413//8794
f 2419//8795 2413//8795 2423//8795
f 2416//8796 2422//8796 2417//8796
f 2408//8797 2400//8797 2404//8797
f 2406//8798 2418//8798 2411//8798
f 2410//8799 2417//8799 2406//8799
f 2401//8800 2414//8800 2410//8800
f 2409//8801 2414//8801 2401//8801
f 2295//8802 2370//8802 2409//8802
f 2403//8803 2412//8803 2399//8803
f 2404//8804 2399//8804 2412//8804
f 2402//8805 2413//8805 2407//8805
f 2412//8806 2407//8806 2413//8806
f 2406//8807 2411//8807 2402//8807
f 2336//8808 2409//8808 2401//8808
f 2295//8809 2409//8809 2336//8809
f 2393//8810 2338//8810 2408//8810
f 2397//8811 2406//8811 2402//8811
f 2396//8812 2406//8812 2397//8812
f 2395//8813 2405//8813 2396//8813
f 2400//8814 2357//8814 2404//8814
f 2356//8815 2403//8815 2398//8815
f 2399//8816 2398//8816 2403//8816
f 2397//8817 2402//8817 2356//8817
f 2332//8818 2395//8818 2351//8818
f 2338//8819 2334//8819 2400//8819
f 2356//8820 2398//8820 2354//8820
f 2357//8821 2354//8821 2398//8821
f 2351//8822 2396//8822 2355//8822
f 2337//8823 2335//8823 2393//8823
f 2388//8824 2309//8824 2391//8824
f 2309//8825 2312//8825 2315//8825
f 2389//8826 2388//8826 2390//8826
f 2388//8827 2308//8827 2309//8827
f 2384//8828 2307//8828 2385//8828
f 2382//8829 2383//8829 2386//8829
f 2383//8830 2305//8830 2384//8830
f 2302//8831 2383//8831 2382//8831
f 2302//8832 2300//8832 2383//8832
f 2381//8833 2230//8833 2298//8833
f 2379//8834 2297//8834 2380//8834
f 2227//8835 2296//8835 2378//8835
f 1037//8836 2227//8836 1094//8836
f 2373//8837 2375//8837 2374//8837
f 2369//8838 2372//8838 2370//8838
f 2294//8839 2369//8839 2295//8839
f 2292//8840 2368//8840 2294//8840
f 2290//8841 2294//8841 2295//8841
f 2292//8842 2366//8842 2367//8842
f 2365//8843 2366//8843 2292//8843
f 2220//8844 2285//8844 2289//8844
f 2289//8845 2365//8845 2288//8845
f 2281//8846 2363//8846 2364//8846
f 2364//8847 2363//8847 2283//8847
f 2360//6193 2362//6193 2215//6193
f 2279//8848 2280//8848 2137//8848
f 980//8611 2279//8611 2137//8611
f 1048//8849 2358//8849 980//8849
f 979//8850 1048//8850 980//8850
f 2354//8851 2357//8851 2350//8851
f 2334//8852 2350//8852 2357//8852
f 2352//8853 2356//8853 2353//8853
f 2349//8854 2355//8854 2352//8854
f 2332//8855 2351//8855 2343//8855
f 2334//8856 2348//8856 2350//8856
f 2350//8857 2347//8857 2354//8857
f 2346//8858 2353//8858 2347//8858
f 2349//8859 2352//8859 2346//8859
f 2343//8860 2351//8860 2349//8860
f 2347//8861 2350//8861 2342//8861
f 2344//8862 2346//8862 2345//8862
f 2342//8863 2348//8863 2330//8863
f 2331//8864 2330//8864 2348//8864
f 2345//8865 2346//8865 2347//8865
f 2340//8866 2347//8866 2341//8866
f 2329//8867 2345//8867 2340//8867
f 2328//8868 2344//8868 2329//8868
f 2339//8869 2342//8869 2322//8869
f 2330//8870 2322//8870 2342//8870
f 2340//8871 2341//8871 2339//8871
f 2321//8872 2340//8872 2339//8872
f 2329//8873 2340//8873 2321//8873
f 2321//8874 2339//8874 2322//8874
f 2335//8875 2334//8875 2338//8875
f 2293//8876 2295//8876 2336//8876
f 2316//8877 2325//8877 2337//8877
f 2331//8878 2334//8878 2324//8878
f 2335//8879 2324//8879 2334//8879
f 2333//8880 2324//8880 2335//8880
f 2314//8881 2325//8881 2316//8881
f 2325//8882 2326//8882 2333//8882
f 2327//8883 2332//8883 2328//8883
f 2330//8884 2331//8884 2323//8884
f 2324//8885 2323//8885 2331//8885
f 2271//8886 2328//8886 2317//8886
f 2326//8887 2278//8887 2324//8887
f 2322//8888 2330//8888 2320//8888
f 2317//8889 2329//8889 2321//8889
f 2224//8890 2327//8890 2271//8890
f 2225//8891 2293//8891 2224//8891
f 2325//8892 2270//8892 2326//8892
f 2314//8893 2270//8893 2325//8893
f 2320//8894 2323//8894 2277//8894
f 2324//8895 2277//8895 2323//8895
f 2278//8896 2277//8896 2324//8896
f 2318//8897 2322//8897 2319//8897
f 2276//8898 2321//8898 2318//8898
f 2271//8899 2317//8899 2265//8899
f 2273//8900 2320//8900 2275//8900
f 2277//8901 2275//8901 2320//8901
f 2272//8902 2319//8902 2273//8902
f 2276//8903 2318//8903 2272//8903
f 2265//8904 2317//8904 2276//8904
f 2315//8905 2314//8905 2316//8905
f 2312//8906 2313//8906 2315//8906
f 2312//8907 2311//8907 2313//8907
f 2287//8908 2291//8908 2226//8908
f 2309//8909 2310//8909 2312//8909
f 2308//8910 2239//8910 2310//8910
f 2310//8911 2239//8911 2311//8911
f 2308//8912 2238//8912 2239//8912
f 2306//8913 2236//8913 2308//8913
f 2305//8914 2303//8914 2307//8914
f 2303//8915 2234//8915 2306//8915
f 2234//8916 2236//8916 2306//8916
f 2301//8917 2304//8917 2305//8917
f 2300//8918 2304//8918 2301//8918
f 2304//8919 2235//8919 2305//8919
f 2299//8920 2304//8920 2300//8920
f 2235//8921 2303//8921 2305//8921
f 2299//8922 2232//8922 2304//8922
f 2235//8923 2234//8923 2303//8923
f 2302//8924 2299//8924 2300//8924
f 2298//8925 2233//8925 2299//8925
f 2233//8926 2232//8926 2299//8926
f 2230//8927 2233//8927 2298//8927
f 2154//8928 2229//8928 2230//8928
f 2296//8929 2154//8929 2297//8929
f 1037//959 2152//959 2227//959
f 2225//8930 2290//8930 2293//8930
f 2291//8931 2292//8931 2290//8931
f 2226//8932 2290//8932 2225//8932
f 2222//8933 2287//8933 2221//8933
f 2220//8934 2289//8934 2286//8934
f 2286//8935 2288//8935 2287//8935
f 2220//8936 2286//8936 2222//8936
f 2283//8937 2284//8937 2220//8937
f 2216//8938 2217//8938 2143//8938
f 2280//8939 2215//8939 2140//8939
f 2138//8940 2280//8940 2140//8940
f 2137//8365 2280//8365 2138//8365
f 907//3427 980//3427 2137//3427
f 2270//8941 2269//8941 2278//8941
f 2268//8942 2277//8942 2274//8942
f 2265//8943 2276//8943 2266//8943
f 2261//8944 2271//8944 2265//8944
f 2264//8945 2274//8945 2260//8945
f 2269//8946 2260//8946 2274//8946
f 2273//8947 2275//8947 2268//8947
f 2267//8948 2273//8948 2263//8948
f 2266//8949 2272//8949 2267//8949
f 2261//8950 2265//8950 2257//8950
f 2223//8951 2271//8951 2261//8951
f 2270//8952 2256//8952 2269//8952
f 2242//8953 2256//8953 2270//8953
f 2262//8954 2267//8954 2263//8954
f 2257//8955 2266//8955 2262//8955
f 2254//8956 2264//8956 2259//8956
f 2260//8957 2259//8957 2264//8957
f 2258//8958 2263//8958 2254//8958
f 2253//8959 2262//8959 2258//8959
f 2240//8960 2257//8960 2252//8960
f 2254//8961 2259//8961 2251//8961
f 2255//8962 2251//8962 2259//8962
f 2253//8963 2258//8963 2249//8963
f 2252//8964 2257//8964 2253//8964
f 2242//8965 2206//8965 2256//8965
f 2251//8966 2255//8966 2214//8966
f 2256//8967 2214//8967 2255//8967
f 2249//8968 2254//8968 2250//8968
f 2245//8969 2253//8969 2246//8969
f 2213//8970 2251//8970 2248//8970
f 2214//8971 2248//8971 2251//8971
f 2247//8972 2250//8972 2213//8972
f 2246//8973 2249//8973 2247//8973
f 2213//8974 2248//8974 2211//8974
f 2210//8975 2247//8975 2213//8975
f 2212//8976 2247//8976 2210//8976
f 2198//8977 2245//8977 2212//8977
f 2243//8978 2241//8978 2244//8978
f 2239//8979 2172//8979 2243//8979
f 2241//8980 2206//8980 2242//8980
f 2202//8981 2207//8981 2241//8981
f 2151//8982 2223//8982 2192//8982
f 2192//8983 2240//8983 2198//8983
f 2171//8984 2170//8984 2238//8984
f 2234//8985 2161//8985 2236//8985
f 2235//8986 2232//8986 2234//8986
f 2232//8987 2161//8987 2234//8987
f 2230//8988 2228//8988 2231//8988
f 2229//8989 2228//8989 2230//8989
f 2228//8990 2158//8990 2231//8990
f 2157//8991 2076//8991 2228//8991
f 2154//8992 2155//8992 2229//8992
f 2221//8993 2225//8993 2224//8993
f 2150//8994 2221//8994 2151//8994
f 2218//8995 2222//8995 2149//8995
f 2150//8996 2222//8996 2221//8996
f 2149//8997 2222//8997 2150//8997
f 2146//8998 2219//8998 2149//8998
f 2149//8999 2150//8999 2148//8999
f 2144//9000 2219//9000 2146//9000
f 2144//9001 2146//9001 2145//9001
f 2143//9002 2218//9002 2144//9002
f 2215//9003 2216//9003 2142//9003
f 2140//9004 2215//9004 2141//9004
f 825//9005 907//9005 2137//9005
f 2210//9006 2213//9006 2211//9006
f 2212//9007 2210//9007 2204//9007
f 2199//9008 2212//9008 2204//9008
f 2200//9009 2211//9009 2201//9009
f 2201//9010 2209//9010 2196//9010
f 2208//9011 2197//9011 2206//9011
f 2203//9012 2197//9012 2208//9012
f 2202//9013 2203//9013 2207//9013
f 2196//9014 2205//9014 2195//9014
f 2197//9015 2195//9015 2205//9015
f 2194//9016 2204//9016 2200//9016
f 2193//9017 2199//9017 2194//9017
f 2203//9018 2190//9018 2197//9018
f 2191//9019 2190//9019 2203//9019
f 2170//9020 2191//9020 2202//9020
f 2187//9021 2201//9021 2188//9021
f 2194//9022 2200//9022 2187//9022
f 2184//9023 2193//9023 2194//9023
f 2166//9024 2198//9024 2184//9024
f 2189//9025 2195//9025 2186//9025
f 2197//9026 2186//9026 2195//9026
f 2190//9027 2186//9027 2197//9027
f 2188//9028 2196//9028 2189//9028
f 2125//9029 2151//9029 2166//9029
f 2191//9030 2177//9030 2190//9030
f 2169//9031 2168//9031 2191//9031
f 2190//9032 2178//9032 2186//9032
f 2182//9033 2189//9033 2183//9033
f 2186//9034 2183//9034 2189//9034
f 2181//9035 2188//9035 2182//9035
f 2185//9036 2187//9036 2181//9036
f 2183//9037 2186//9037 2176//9037
f 2185//9038 2181//9038 2180//9038
f 2179//9039 2184//9039 2180//9039
f 2177//9040 2168//9040 2123//9040
f 2181//9041 2182//9041 2183//9041
f 2173//9042 2181//9042 2174//9042
f 2180//9043 2181//9043 2173//9043
f 2132//9044 2180//9044 2173//9044
f 2179//9045 2180//9045 2132//9045
f 2110//9046 2166//9046 2132//9046
f 2131//9047 2175//9047 2135//9047
f 2177//9048 2135//9048 2175//9048
f 2123//9049 2135//9049 2177//9049
f 2134//9050 2176//9050 2136//9050
f 2173//9051 2174//9051 2134//9051
f 2129//9052 2173//9052 2134//9052
f 2132//9053 2173//9053 2133//9053
f 2119//9054 2132//9054 2133//9054
f 2145//9055 2146//9055 2147//9055
f 2164//9056 2163//9056 2171//9056
f 2163//9057 2165//9057 2170//9057
f 2165//9058 2167//9058 2169//9058
f 2167//9059 2123//9059 2168//9059
f 2165//9060 2126//9060 2167//9060
f 2122//9061 2166//9061 2110//9061
f 2063//9062 2147//9062 2125//9062
f 2085//9063 2124//9063 2165//9063
f 2162//9064 2163//9064 2164//9064
f 2087//9065 2085//9065 2163//9065
f 2079//9066 2078//9066 2087//9066
f 2161//9067 2087//9067 2162//9067
f 2076//9068 2075//9068 2159//9068
f 2157//9069 2074//9069 2076//9069
f 2155//9070 2072//9070 2156//9070
f 2155//9071 2071//9071 2072//9071
f 2069//9072 2068//9072 2070//9072
f 2152//9073 2153//9073 2154//9073
f 2153//9074 2069//9074 2070//9074
f 805//9075 2065//9075 2153//9075
f 805//9076 2152//9076 965//9076
f 2148//9077 2150//9077 2151//9077
f 2064//9078 2147//9078 2063//9078
f 2143//9079 2144//9079 2064//9079
f 2059//9080 2143//9080 2064//9080
f 2058//9081 2142//9081 2055//9081
f 2054//9082 2141//9082 2056//9082
f 2139//9083 2140//9083 2054//9083
f 2053//9084 2139//9084 2054//9084
f 722//9085 2138//9085 2051//9085
f 2046//9086 2045//9086 2051//9086
f 825//9087 2137//9087 722//9087
f 2127//9088 2135//9088 2121//9088
f 2123//9089 2121//9089 2135//9089
f 2130//9090 2136//9090 2131//9090
f 2129//9091 2134//9091 2130//9091
f 2133//9092 2129//9092 2128//9092
f 2114//9093 2131//9093 2127//9093
f 2120//9094 2130//9094 2114//9094
f 2128//9095 2129//9095 2120//9095
f 2114//9096 2127//9096 2116//9096
f 2124//9097 2117//9097 2126//9097
f 2062//9098 2125//9098 2122//9098
f 2086//9099 2118//9099 2124//9099
f 2117//9100 2115//9100 2123//9100
f 2111//9101 2119//9101 2120//9101
f 2111//9102 2110//9102 2119//9102
f 2083//9103 2122//9103 2110//9103
f 2106//9104 2111//9104 2112//9104
f 2118//9105 2103//9105 2117//9105
f 2086//9106 2082//9106 2118//9106
f 2102//9107 2115//9107 2105//9107
f 2117//9108 2105//9108 2115//9108
f 2108//9109 2116//9109 2109//9109
f 2113//9110 2114//9110 2108//9110
f 2111//9111 2106//9111 2098//9111
f 2101//9112 2109//9112 2102//9112
f 2107//9113 2108//9113 2101//9113
f 2106//9114 2107//9114 2099//9114
f 2088//9115 2098//9115 2099//9115
f 2082//9116 2080//9116 2103//9116
f 2097//9117 2105//9117 2104//9117
f 2093//9118 2104//9118 2096//9118
f 2103//9119 2096//9119 2104//9119
f 2095//9120 2102//9120 2097//9120
f 2100//9121 2101//9121 2094//9121
f 2090//9122 2100//9122 2094//9122
f 2099//9123 2100//9123 2089//9123
f 2034//9124 2083//9124 2088//9124
f 2044//9125 2096//9125 2092//9125
f 2080//9126 2092//9126 2096//9126
f 2091//9127 2097//9127 2093//9127
f 2090//9128 2094//9128 2095//9128
f 2091//9129 2090//9129 2095//9129
f 2035//9130 2088//9130 2089//9130
f 2043//9131 2092//9131 2037//9131
f 2080//9132 2037//9132 2092//9132
f 2042//9133 2093//9133 2044//9133
f 2041//9134 2091//9134 2042//9134
f 2089//9135 2090//9135 2041//9135
f 2078//9136 2085//9136 2087//9136
f 2085//9137 2084//9137 2086//9137
f 2081//9138 2039//9138 2084//9138
f 2019//9139 2083//9139 2034//9139
f 1961//9140 2062//9140 2019//9140
f 2082//9141 2038//9141 2080//9141
f 2039//9142 2040//9142 2082//9142
f 2001//9143 2002//9143 2081//9143
f 2038//9144 2037//9144 2080//9144
f 2077//9145 2078//9145 2079//9145
f 2077//9146 1987//9146 2078//9146
f 2075//9147 1987//9147 2077//9147
f 2074//9148 2073//9148 2076//9148
f 2074//9149 1977//9149 2073//9149
f 2070//9150 1974//9150 2071//9150
f 2071//9151 1974//9151 1977//9151
f 1970//9152 1971//9152 1972//9152
f 2069//9153 2067//9153 2068//9153
f 2067//9154 1970//9154 2068//9154
f 1936//9155 2049//9155 1940//9155
f 2066//9156 1967//9156 2067//9156
f 2066//9157 1964//9157 1967//9157
f 1965//9158 1964//9158 2066//9158
f 805//9159 1965//9159 2065//9159
f 692//3647 691//3647 1965//3647
f 2060//9160 2064//9160 2063//9160
f 2061//9161 2063//9161 2062//9161
f 1962//9162 2060//9162 2061//9162
f 1960//9163 2059//9163 2060//9163
f 1960//9164 2060//9164 1962//9164
f 1955//9165 2057//9165 1959//9165
f 2056//9166 2058//9166 2055//9166
f 2055//9167 2057//9167 1956//9167
f 1956//9168 2057//9168 1955//9168
f 1952//9169 2055//9169 1956//9169
f 1948//9170 2054//9170 1952//9170
f 1944//9171 2053//9171 1946//9171
f 2050//9172 2051//9172 2052//9172
f 2049//9173 2050//9173 1943//9173
f 1943//9174 2050//9174 2052//9174
f 1943//9175 2052//9175 1944//9175
f 2048//9176 2051//9176 2050//9176
f 1935//9177 2046//9177 1936//9177
f 1932//9178 2046//9178 1935//9178
f 596//9179 1932//9179 1931//9179
f 2042//9180 2044//9180 2043//9180
f 2029//9181 2043//9181 2030//9181
f 2028//9182 2042//9182 2029//9182
f 2036//9183 2041//9183 2028//9183
f 2039//9184 2031//9184 2040//9184
f 2002//9185 2033//9185 2039//9185
f 2027//9186 2035//9186 2036//9186
f 2026//9187 2034//9187 2035//9187
f 2033//9188 2025//9188 2031//9188
f 2031//9189 2032//9189 2038//9189
f 2020//9190 2034//9190 2026//9190
f 2002//9191 2000//9191 2033//9191
f 2017//9192 2032//9192 2023//9192
f 2025//9193 2018//9193 2031//9193
f 2022//9194 2030//9194 2024//9194
f 2028//9195 2029//9195 2022//9195
f 2026//9196 2028//9196 2014//9196
f 1996//9197 2019//9197 1997//9197
f 2000//9198 2018//9198 2025//9198
f 2016//9199 2024//9199 2017//9199
f 2015//9200 2022//9200 2016//9200
f 2014//9201 2021//9201 2015//9201
f 2020//9202 2014//9202 2008//9202
f 1997//9203 2019//9203 2008//9203
f 1994//9204 1991//9204 2000//9204
f 2011//9205 2017//9205 2013//9205
f 2015//9206 2016//9206 2011//9206
f 2008//9207 2015//9207 2009//9207
f 2004//9208 2013//9208 2007//9208
f 2006//9209 2011//9209 2004//9209
f 2009//9210 2010//9210 2006//9210
f 1993//9211 2009//9211 2006//9211
f 1997//9212 2009//9212 1993//9212
f 2004//9213 2007//9213 2005//9213
f 1993//9214 2003//9214 1989//9214
f 1925//9215 2005//9215 1927//9215
f 1989//9216 2004//9216 1925//9216
f 2001//9217 1999//9217 2002//9217
f 1987//9218 1986//9218 2001//9218
f 1999//9219 1994//9219 2000//9219
f 1998//9220 1994//9220 1999//9220
f 1986//9221 1995//9221 1998//9221
f 1992//9222 1961//9222 1996//9222
f 1998//9223 1990//9223 1994//9223
f 1988//9224 1997//9224 1993//9224
f 1992//9225 1996//9225 1988//9225
f 1985//9226 1928//9226 1995//9226
f 1990//9227 1929//9227 1994//9227
f 1923//9228 1993//9228 1989//9228
f 1981//9229 1992//9229 1922//9229
f 1926//9230 1991//9230 1929//9230
f 1928//9231 1919//9231 1990//9231
f 1913//9232 1988//9232 1923//9232
f 1906//9233 1981//9233 1921//9233
f 1905//9234 1957//9234 1984//9234
f 1904//9235 1957//9235 1905//9235
f 1954//9236 1957//9236 1904//9236
f 1978//9237 1982//9237 1985//9237
f 1906//9238 1984//9238 1981//9238
f 1905//9239 1984//9239 1906//9239
f 1982//9240 1903//9240 1983//9240
f 1908//9241 1901//9241 1982//9241
f 1980//9242 1976//9242 1979//9242
f 1977//9243 1976//9243 1980//9243
f 1976//9244 1878//9244 1979//9244
f 1976//9245 1877//9245 1878//9245
f 1974//9246 1852//9246 1975//9246
f 1852//9247 1859//9247 1975//9247
f 1859//9248 1858//9248 1976//9248
f 1971//9249 1973//9249 1974//9249
f 1971//9250 1851//9250 1973//9250
f 1969//9251 1845//9251 1971//9251
f 1970//9252 1968//9252 1969//9252
f 1967//9253 1968//9253 1970//9253
f 1828//9254 1833//9254 1834//9254
f 691//9255 1964//9255 1965//9255
f 691//9256 1828//9256 1964//9256
f 515//9257 514//9257 691//9257
f 1959//9258 1960//9258 1962//9258
f 1958//9259 1962//9259 1961//9259
f 1955//9260 1959//9260 1958//9260
f 1953//9261 1955//9261 1954//9261
f 1951//9262 1956//9262 1955//9262
f 1951//9263 1955//9263 1953//9263
f 1949//9264 1951//9264 1953//9264
f 1822//9265 1954//9265 1823//9265
f 1821//9266 1953//9266 1822//9266
f 1805//9267 1949//9267 1821//9267
f 1950//9268 1947//9268 1949//9268
f 1945//9269 1947//9269 1950//9269
f 1805//9270 1950//9270 1949//9270
f 1942//9271 1946//9271 1945//9271
f 1798//9272 1945//9272 1805//9272
f 1939//9273 1944//9273 1942//9273
f 1940//9274 1943//9274 1939//9274
f 1938//9275 1942//9275 1941//9275
f 1784//9276 1941//9276 1790//9276
f 1930//9277 1935//9277 1934//9277
f 1933//9278 1934//9278 1777//9278
f 1930//9279 1934//9279 1933//9279
f 1768//9280 1930//9280 1933//9280
f 1768//9281 1933//9281 1775//9281
f 595//9282 1931//9282 1930//9282
f 594//9283 1930//9283 1768//9283
f 1918//9284 1927//9284 1926//9284
f 1918//9285 1926//9285 1920//9285
f 1919//9286 1920//9286 1926//9286
f 1914//9287 1925//9287 1918//9287
f 1923//9288 1924//9288 1914//9288
f 1922//9289 1913//9289 1912//9289
f 1896//9290 1921//9290 1911//9290
f 1916//9291 1919//9291 1903//9291
f 1917//9292 1920//9292 1919//9292
f 1915//9293 1916//9293 1899//9293
f 1914//9294 1918//9294 1917//9294
f 1916//9295 1910//9295 1917//9295
f 1915//9296 1909//9296 1916//9296
f 1897//9297 1915//9297 1898//9297
f 1912//9298 1914//9298 1910//9298
f 1909//9299 1911//9299 1910//9299
f 1896//9300 1911//9300 1909//9300
f 1896//9301 1909//9301 1897//9301
f 1879//9302 1876//9302 1900//9302
f 1900//9303 1892//9303 1908//9303
f 1895//9304 1907//9304 1896//9304
f 1886//9305 1905//9305 1894//9305
f 1823//9306 1904//9306 1893//9306
f 1899//9307 1903//9307 1902//9307
f 1891//9308 1902//9308 1901//9308
f 1876//9309 1875//9309 1900//9309
f 1890//9310 1899//9310 1891//9310
f 1890//9311 1889//9311 1898//9311
f 1895//9312 1897//9312 1888//9312
f 1887//9313 1895//9313 1888//9313
f 1894//9314 1895//9314 1886//9314
f 1817//9315 1893//9315 1881//9315
f 1872//9316 1892//9316 1875//9316
f 1884//9317 1891//9317 1885//9317
f 1888//9318 1890//9318 1884//9318
f 1887//9319 1888//9319 1883//9319
f 1880//9320 1885//9320 1872//9320
f 1883//9321 1884//9321 1880//9321
f 1867//9322 1883//9322 1880//9322
f 1871//9323 1883//9323 1867//9323
f 1867//9324 1880//9324 1868//9324
f 1878//9325 1876//9325 1879//9325
f 1858//9326 1857//9326 1877//9326
f 1819//9327 1823//9327 1817//9327
f 1857//9328 1873//9328 1877//9328
f 1876//9329 1869//9329 1875//9329
f 1869//9330 1874//9330 1865//9330
f 1873//9331 1865//9331 1874//9331
f 1855//9332 1870//9332 1873//9332
f 1812//9333 1871//9333 1867//9333
f 1811//9334 1817//9334 1812//9334
f 1855//9335 1862//9335 1870//9335
f 1865//9336 1863//9336 1869//9336
f 1860//9337 1868//9337 1864//9337
f 1809//9338 1867//9338 1860//9338
f 1862//9339 1760//9339 1865//9339
f 1860//9340 1864//9340 1861//9340
f 1759//9341 1862//9341 1853//9341
f 1757//9342 1861//9342 1758//9342
f 1711//9343 1860//9343 1761//9343
f 1852//9344 1856//9344 1859//9344
f 1856//9345 1857//9345 1858//9345
f 1856//9346 1855//9346 1857//9346
f 1850//9347 1849//9347 1856//9347
f 1854//9348 1853//9348 1855//9348
f 1849//9349 1847//9349 1854//9349
f 1751//9350 1853//9350 1847//9350
f 1751//9351 1752//9351 1759//9351
f 1851//9352 1850//9352 1852//9352
f 1845//9353 1844//9353 1851//9353
f 1844//9354 1843//9354 1850//9354
f 1842//9355 1848//9355 1849//9355
f 1842//9356 1747//9356 1848//9356
f 1747//9357 1746//9357 1847//9357
f 1840//9358 1839//9358 1845//9358
f 1832//9359 1839//9359 1840//9359
f 1839//9360 1843//9360 1844//9360
f 1839//9361 1841//9361 1843//9361
f 1837//9362 1836//9362 1841//9362
f 1841//9363 1742//9363 1842//9363
f 1836//9364 1742//9364 1841//9364
f 1835//9365 1741//9365 1836//9365
f 1834//9366 1832//9366 1840//9366
f 1838//9367 1837//9367 1839//9367
f 1830//9368 1835//9368 1837//9368
f 1830//9369 1732//9369 1835//9369
f 1732//9370 1738//9370 1835//9370
f 1833//9371 1832//9371 1834//9371
f 1828//9372 1831//9372 1833//9372
f 1825//9373 1723//9373 1829//9373
f 1829//9374 1732//9374 1830//9374
f 1723//9375 1731//9375 1829//9375
f 1731//9376 1730//9376 1732//9376
f 1723//9377 1722//9377 1731//9377
f 514//9378 1827//9378 1828//9378
f 1826//9379 1825//9379 1827//9379
f 513//9380 512//9380 1826//9380
f 511//9381 1724//9381 1824//9381
f 1818//9382 1823//9382 1819//9382
f 1820//9383 1822//9383 1818//9383
f 1804//9384 1821//9384 1820//9384
f 1814//9385 1820//9385 1815//9385
f 1803//9386 1804//9386 1814//9386
f 1816//9387 1819//9387 1817//9387
f 1813//9388 1815//9388 1816//9388
f 1808//9389 1816//9389 1811//9389
f 1813//9390 1816//9390 1808//9390
f 1810//9391 1815//9391 1813//9391
f 1810//9392 1814//9392 1815//9392
f 1802//9393 1814//9393 1810//9393
f 1807//9394 1813//9394 1808//9394
f 1810//9395 1813//9395 1807//9395
f 1715//9396 1811//9396 1809//9396
f 1800//9397 1810//9397 1806//9397
f 1715//9398 1809//9398 1711//9398
f 1698//9399 1806//9399 1713//9399
f 1797//9400 1805//9400 1804//9400
f 1794//9401 1795//9401 1803//9401
f 1801//9402 1794//9402 1803//9402
f 1801//9403 1803//9403 1802//9403
f 1793//9404 1794//9404 1801//9404
f 1699//9405 1793//9405 1801//9405
f 1799//9406 1802//9406 1800//9406
f 1699//9407 1801//9407 1799//9407
f 1671//9408 1791//9408 1793//9408
f 1695//9409 1800//9409 1698//9409
f 1699//9410 1799//9410 1695//9410
f 1671//9411 1793//9411 1699//9411
f 1796//9412 1798//9412 1797//9412
f 1796//9413 1797//9413 1795//9413
f 1789//9414 1790//9414 1796//9414
f 1788//9415 1796//9415 1795//9415
f 1787//9416 1789//9416 1788//9416
f 1788//9417 1795//9417 1794//9417
f 1792//9418 1794//9418 1793//9418
f 1786//9419 1788//9419 1792//9419
f 1646//9420 1785//9420 1672//9420
f 1670//9421 1672//9421 1791//9421
f 1782//9422 1790//9422 1789//9422
f 1783//9423 1784//9423 1782//9423
f 1782//9424 1789//9424 1787//9424
f 1780//9425 1787//9425 1786//9425
f 1645//9426 1780//9426 1785//9426
f 1645//9427 1785//9427 1646//9427
f 1773//9428 1776//9428 1783//9428
f 1773//9429 1783//9429 1774//9429
f 1771//9430 1782//9430 1781//9430
f 1779//9431 1781//9431 1780//9431
f 1770//9432 1771//9432 1779//9432
f 1645//9433 1779//9433 1780//9433
f 1634//9434 1779//9434 1778//9434
f 1624//9435 1779//9435 1634//9435
f 1631//9436 1778//9436 1632//9436
f 1634//9437 1778//9437 1631//9437
f 1624//9438 1634//9438 1633//9438
f 1775//9439 1777//9439 1776//9439
f 1767//9440 1775//9440 1773//9440
f 1772//9441 1774//9441 1771//9441
f 1765//9442 1773//9442 1772//9442
f 1770//9443 1765//9443 1772//9443
f 1764//9444 1765//9444 1769//9444
f 1624//9445 1769//9445 1770//9445
f 1763//9446 1769//9446 1623//9446
f 1604//9447 1763//9447 1621//9447
f 449//9448 1766//9448 1765//9448
f 1764//9449 449//9449 1765//9449
f 447//9450 449//9450 1764//9450
f 1606//9451 1764//9451 1763//9451
f 1608//9452 1764//9452 1606//9452
f 1607//9453 1764//9453 1608//9453
f 1606//9454 1763//9454 1604//9454
f 1756//9455 1762//9455 1760//9455
f 1758//9456 1762//9456 1756//9456
f 1712//9457 1761//9457 1757//9457
f 1755//9458 1760//9458 1759//9458
f 1750//9459 1759//9459 1752//9459
f 1754//9460 1757//9460 1758//9460
f 1754//9461 1758//9461 1756//9461
f 1712//9462 1757//9462 1754//9462
f 1748//9463 1755//9463 1750//9463
f 1704//9464 1756//9464 1755//9464
f 1689//9465 1704//9465 1753//9465
f 1689//9466 1753//9466 1748//9466
f 1749//9467 1752//9467 1751//9467
f 1688//9468 1750//9468 1749//9468
f 1664//9469 1749//9469 1744//9469
f 1687//9470 1748//9470 1688//9470
f 1661//9471 1688//9471 1664//9471
f 1742//9472 1740//9472 1747//9472
f 1745//9473 1744//9473 1746//9473
f 1740//9474 1744//9474 1745//9474
f 1739//9475 1744//9475 1740//9475
f 1662//9476 1743//9476 1739//9476
f 1662//9477 1664//9477 1743//9477
f 1655//9478 1664//9478 1662//9478
f 1736//9479 1741//9479 1738//9479
f 1741//9480 1737//9480 1742//9480
f 1736//9481 1737//9481 1741//9481
f 1737//9482 1735//9482 1740//9482
f 1736//9483 1735//9483 1737//9483
f 1627//9484 1641//9484 1734//9484
f 1732//9485 1730//9485 1738//9485
f 1730//9486 1728//9486 1736//9486
f 1733//9487 1734//9487 1735//9487
f 1726//9488 1733//9488 1728//9488
f 1627//9489 1733//9489 1726//9489
f 1627//9490 1734//9490 1733//9490
f 1617//9491 1627//9491 1726//9491
f 1722//9492 1729//9492 1731//9492
f 1729//9493 1728//9493 1730//9493
f 1722//9494 1720//9494 1729//9494
f 1720//9495 1727//9495 1728//9495
f 1725//9496 1726//9496 1718//9496
f 1594//9497 1725//9497 1716//9497
f 1721//9498 1723//9498 1724//9498
f 1721//9499 1722//9499 1723//9499
f 1721//9500 1719//9500 1722//9500
f 315//9501 1719//9501 1721//9501
f 1719//9502 1717//9502 1720//9502
f 314//9503 319//9503 1719//9503
f 1717//9504 1716//9504 1718//9504
f 319//9505 318//9505 1717//9505
f 270//9506 317//9506 318//9506
f 1710//9507 1715//9507 1711//9507
f 1709//9508 1713//9508 1710//9508
f 1705//9509 1713//9509 1709//9509
f 1696//9510 1698//9510 1705//9510
f 1707//9511 1711//9511 1708//9511
f 1706//9512 1710//9512 1707//9512
f 1705//9513 1709//9513 1706//9513
f 1702//9514 1708//9514 1703//9514
f 1685//9515 1705//9515 1700//9515
f 1701//9516 1703//9516 1689//9516
f 1678//9517 1689//9517 1681//9517
f 1700//9518 1702//9518 1701//9518
f 1686//9519 1701//9519 1678//9519
f 1685//9520 1700//9520 1686//9520
f 1697//9521 1671//9521 1699//9521
f 1693//9522 1697//9522 1694//9522
f 1671//9523 1697//9523 1693//9523
f 1691//9524 1696//9524 1692//9524
f 1690//9525 1694//9525 1691//9525
f 1668//9526 1693//9526 1690//9526
f 1692//9527 1685//9527 1683//9527
f 1682//9528 1691//9528 1683//9528
f 1673//9529 1690//9529 1682//9529
f 1663//9530 1668//9530 1673//9530
f 1661//9531 1680//9531 1688//9531
f 1680//9532 1679//9532 1687//9532
f 1684//9533 1686//9533 1677//9533
f 1683//9534 1684//9534 1682//9534
f 1674//9535 1682//9535 1675//9535
f 1678//9536 1681//9536 1679//9536
f 1660//9537 1680//9537 1661//9537
f 1677//9538 1678//9538 1679//9538
f 1676//9539 1679//9539 1660//9539
f 1675//9540 1677//9540 1676//9540
f 1659//9541 1676//9541 1660//9541
f 1674//9542 1675//9542 1659//9542
f 1666//9543 1670//9543 1671//9543
f 1667//9544 1671//9544 1668//9544
f 1666//9545 1669//9545 1670//9545
f 1643//9546 1644//9546 1646//9546
f 91//9547 1669//9547 1666//9547
f 1663//9548 1667//9548 1668//9548
f 1665//9549 1667//9549 1663//9549
f 93//9550 1666//9550 1665//9550
f 91//9551 1666//9551 93//9551
f 92//9552 1665//9552 1656//9552
f 84//9553 92//9553 1649//9553
f 1655//9554 1662//9554 1640//9554
f 1653//9555 1661//9555 1655//9555
f 1654//9556 1661//9556 1653//9556
f 1652//9557 1660//9557 1654//9557
f 1651//9558 1659//9558 1652//9558
f 1658//9559 1659//9559 1651//9559
f 1650//9560 1657//9560 1651//9560
f 1635//9561 84//9561 1649//9561
f 1652//9562 1654//9562 1653//9562
f 1648//9563 1653//9563 1639//9563
f 1637//9564 1652//9564 1648//9564
f 1650//9565 1651//9565 1637//9565
f 1635//9566 1650//9566 1647//9566
f 84//9567 1635//9567 83//9567
f 1637//9568 1648//9568 1589//9568
f 1635//9569 1647//9569 1636//9569
f 1644//9570 1645//9570 1646//9570
f 1632//9571 1645//9571 1644//9571
f 1629//9572 1632//9572 1643//9572
f 90//9573 1643//9573 91//9573
f 1640//9574 1642//9574 1641//9574
f 1627//9575 1626//9575 1641//9575
f 1626//9576 1638//9576 1640//9576
f 1588//9577 1638//9577 1626//9577
f 1589//9578 1639//9578 1638//9578
f 1636//9579 1637//9579 1586//9579
f 1585//9580 1636//9580 1586//9580
f 83//9581 1636//9581 1585//9581
f 1575//9582 82//9582 1585//9582
f 1633//9583 1634//9583 1630//9583
f 1629//9584 1631//9584 1632//9584
f 1628//9585 1630//9585 1631//9585
f 1628//9586 1620//9586 1630//9586
f 71//9587 1620//9587 81//9587
f 79//9588 1629//9588 80//9588
f 78//9589 1628//9589 79//9589
f 1615//9590 1627//9590 1617//9590
f 1615//9591 1625//9591 1627//9591
f 1574//9592 74//9592 72//9592
f 1611//9593 74//9593 1574//9593
f 1584//9594 1626//9594 1625//9594
f 1583//9595 1625//9595 1613//9595
f 1611//9596 1574//9596 1577//9596
f 1611//9597 1577//9597 1576//9597
f 1611//9598 1576//9598 1610//9598
f 1574//9599 72//9599 1575//9599
f 1622//9600 1623//9600 1624//9600
f 1618//9601 1623//9601 1619//9601
f 1621//9602 1623//9602 1618//9602
f 1620//9603 1619//9603 1622//9603
f 1603//9604 1604//9604 1621//9604
f 70//9605 1620//9605 71//9605
f 69//9606 1619//9606 70//9606
f 1603//9607 1618//9607 69//9607
f 1599//9608 1603//9608 67//9608
f 1597//9609 67//9609 65//9609
f 1616//9610 63//9610 1609//9610
f 1595//9611 1597//9611 1616//9611
f 1616//9612 1609//9612 1612//9612
f 1616//9613 1612//9613 1591//9613
f 1610//9614 64//9614 1611//9614
f 1609//9615 63//9615 1610//9615
f 1613//9616 1615//9616 1614//9616
f 1569//9617 1614//9617 1568//9617
f 1569//9618 1572//9618 1573//9618
f 1592//9619 1571//9619 1572//9619
f 1592//9620 1572//9620 1565//9620
f 1610//9621 1576//9621 1571//9621
f 1609//9622 1571//9622 1592//9622
f 1605//9623 279//9623 1607//9623
f 1604//9624 1605//9624 1606//9624
f 1601//9625 1605//9625 1602//9625
f 1601//9626 274//9626 1605//9626
f 30//9627 1601//9627 61//9627
f 62//9628 1602//9628 1600//9628
f 61//9629 1602//9629 62//9629
f 1598//9630 1600//9630 1599//9630
f 60//9631 1600//9631 1598//9631
f 1596//9632 1599//9632 1597//9632
f 1590//9633 1596//9633 1595//9633
f 25//9634 59//9634 1590//9634
f 1595//9635 1591//9635 1590//9635
f 1568//9636 1594//9636 1593//9636
f 1570//9637 1593//9637 317//9637
f 1592//9638 1565//9638 1564//9638
f 269//9639 1592//9639 1564//9639
f 269//9640 1564//9640 141//9640
f 1582//9641 1588//9641 1584//9641
f 1587//9642 1589//9642 1588//9642
f 1580//9643 1588//9643 1582//9643
f 1585//9644 1586//9644 1587//9644
f 1578//9645 1587//9645 1580//9645
f 1575//9646 1585//9646 1578//9646
f 1582//9647 1584//9647 1583//9647
f 1581//9648 1583//9648 1573//9648
f 1580//9649 1582//9649 1581//9649
f 1577//9650 1580//9650 1579//9650
f 1572//9651 1569//9651 1567//9651
f 146//9652 1568//9652 1570//9652
f 146//9653 1570//9653 147//9653
f 1567//9654 1569//9654 1568//9654
f 1567//9655 1568//9655 146//9655
f 143//9656 1567//9656 1566//9656
f 143//9657 1566//9657 144//9657
f 1564//9658 1565//9658 143//9658
f 1503//9659 1558//9659 1557//9659
f 1558//9660 1503//9660 1560//9660
f 1556//9661 1557//9661 1558//9661
f 1556//9662 1501//9662 1557//9662
f 1555//9663 1500//9663 1556//9663
f 1499//9663 1500//9663 1555//9663
f 1498//9664 1497//9664 1499//9664
f 1548//9665 1551//9665 1553//9665
f 1548//9666 1495//9666 1551//9666
f 1545//9667 1495//9667 1548//9667
f 1551//9668 1496//9668 1552//9668
f 1495//9669 1496//9669 1551//9669
f 1496//9670 1492//9670 1550//9670
f 1492//9671 1494//9671 1498//9671
f 1547//9672 1545//9672 1548//9672
f 1523//9673 1488//9673 1526//9673
f 1546//9674 1489//9674 1547//9674
f 1523//9675 1487//9675 1488//9675
f 1489//9676 1486//9676 1545//9676
f 1488//9677 1427//9677 1489//9677
f 1483//1332 1544//1332 1484//1332
f 1364//9678 1543//9678 1421//9678
f 1419//9679 1541//9679 1420//9679
f 1539//9680 1540//9680 1482//9680
f 1538//9681 1539//9681 1479//9681
f 1537//9682 1536//9682 1481//9682
f 1535//9683 1537//9683 1481//9683
f 1481//9684 1536//9684 1417//9684
f 1531//9685 1535//9685 1480//9685
f 1528//9686 1534//9686 1529//9686
f 1530//9687 1533//9687 1528//9687
f 1477//9688 1530//9688 1475//9688
f 1521//9689 1530//9689 1477//9689
f 1478//9690 1480//9690 1476//9690
f 1529//9691 1478//9691 1474//9691
f 1473//9692 1529//9692 1474//9692
f 1475//9693 1528//9693 1473//9693
f 56//9694 1527//9694 1520//9694
f 1510//9695 1517//9695 57//9695
f 1522//9696 1523//9696 1526//9696
f 1465//9697 1525//9697 1466//9697
f 1520//9698 1524//9698 1465//9698
f 1510//9699 57//9699 1519//9699
f 1471//9700 56//9700 1472//9700
f 1519//9701 55//9701 1471//9701
f 1522//9702 1487//9702 1523//9702
f 1463//9703 1469//9703 1522//9703
f 1472//9704 1520//9704 1467//9704
f 1459//9705 1519//9705 1470//9705
f 1513//9706 1514//9706 1518//9706
f 1515//9707 1517//9707 1510//9707
f 1511//9708 1508//9708 1516//9708
f 1511//9709 1515//9709 1510//9709
f 1512//9710 1509//9710 1513//9710
f 1513//9711 1463//9711 1514//9711
f 1508//9712 1509//9712 1512//9712
f 1508//9713 1462//9713 1509//9713
f 1507//9714 1461//9714 1508//9714
f 1506//9715 1460//9715 1507//9715
f 1459//9716 1458//9716 1460//9716
f 1440//9717 1386//9717 1442//9717
f 1441//9718 1386//9718 1440//9718
f 1439//9719 1386//9719 1441//9719
f 1502//9720 1438//9720 1503//9720
f 1438//9721 1439//9721 1503//9721
f 1438//9722 1385//9722 1439//9722
f 1500//9723 1436//9723 1501//9723
f 1501//9724 1438//9724 1502//9724
f 1499//9725 1435//9725 1436//9725
f 1497//9726 1378//9726 1499//9726
f 1494//9727 1497//9727 1498//9727
f 1494//9728 1432//9728 1497//9728
f 1490//9729 1493//9729 1496//9729
f 1491//9730 1490//9730 1495//9730
f 1490//9731 1429//9731 1493//9731
f 1429//9732 1431//9732 1492//9732
f 1491//9733 1428//9733 1490//9733
f 1486//9734 1430//9734 1491//9734
f 1447//9735 1409//9735 1485//9735
f 1427//9736 1425//9736 1486//9736
f 1485//9737 1424//9737 1426//9737
f 1409//9738 1424//9738 1485//9738
f 1365//9739 1483//9739 1484//9739
f 1419//9740 1420//9740 1291//9740
f 1482//9741 1419//9741 1362//9741
f 1479//9742 1482//9742 1361//9742
f 1418//9743 1479//9743 1361//9743
f 1417//9744 1479//9744 1418//9744
f 1476//9745 1480//9745 1416//9745
f 1474//9746 1478//9746 1476//9746
f 1468//9747 1477//9747 1475//9747
f 1414//9748 1475//9748 1410//9748
f 1412//9749 1476//9749 1355//9749
f 1410//9750 1473//9750 1411//9750
f 1411//9751 1474//9751 1413//9751
f 54//9752 1472//9752 1467//9752
f 53//9753 1471//9753 54//9753
f 1458//9754 1470//9754 53//9754
f 1455//9755 1447//9755 1469//9755
f 1466//9756 1468//9756 1414//9756
f 51//9757 54//9757 1467//9757
f 51//9758 1467//9758 1464//9758
f 1465//9759 1466//9759 1407//9759
f 1407//9760 1414//9760 1408//9760
f 1456//9761 1455//9761 1463//9761
f 1461//9762 1454//9762 1462//9762
f 1460//9763 1453//9763 1461//9763
f 1450//9764 1458//9764 50//9764
f 1454//9765 1452//9765 1456//9765
f 1452//9766 1447//9766 1455//9766
f 1451//9767 1446//9767 1454//9767
f 1450//9768 1449//9768 1451//9768
f 1446//9769 1405//9769 1452//9769
f 1448//9770 1404//9770 1449//9770
f 49//9771 1402//9771 1448//9771
f 1405//9772 1401//9772 1447//9772
f 1446//9773 1398//9773 1405//9773
f 1445//9774 1400//9774 1446//9774
f 1404//9775 1403//9775 1445//9775
f 1443//9776 1239//9776 1388//9776
f 1386//9777 1321//9777 1387//9777
f 1439//9778 1385//9778 1386//9778
f 1434//9779 1382//9779 1437//9779
f 1382//9780 1384//9780 1437//9780
f 1437//9781 1384//9781 1385//9781
f 1435//9782 1434//9782 1436//9782
f 1378//9783 1381//9783 1435//9783
f 1433//9784 1376//9784 1378//9784
f 1432//9785 1375//9785 1433//9785
f 1431//9786 1374//9786 1432//9786
f 1429//9787 1371//9787 1431//9787
f 1428//9788 1373//9788 1429//9788
f 1430//9789 1372//9789 1428//9789
f 1425//9790 1423//9790 1430//9790
f 1373//9791 1371//9791 1429//9791
f 1372//9792 1373//9792 1428//9792
f 1371//9793 1311//9793 1374//9793
f 1426//9794 1368//9794 1427//9794
f 1368//9795 1367//9795 1425//9795
f 1401//9796 1349//9796 1409//9796
f 1409//9797 1369//9797 1424//9797
f 1367//9798 1312//9798 1423//9798
f 1296//6784 1365//6784 1297//6784
f 1364//9799 1421//9799 1296//9799
f 1362//9800 1291//9800 1209//9800
f 1360//2079 1361//2079 1207//2079
f 1358//9801 1418//9801 1360//9801
f 1416//9802 1417//9802 1357//9802
f 1357//9803 1417//9803 1415//9803
f 1355//9804 1416//9804 1357//9804
f 1357//9805 1415//9805 1359//9805
f 1411//9806 1413//9806 1353//9806
f 1408//9807 1410//9807 1356//9807
f 1351//9808 1353//9808 1352//9808
f 1347//9809 1407//9809 1344//9809
f 1389//9810 40//9810 1343//9810
f 1348//9811 1346//9811 1349//9811
f 1402//9812 1399//9812 1404//9812
f 41//9813 1395//9813 1402//9813
f 1399//9814 1397//9814 1403//9814
f 1400//9815 1393//9815 1398//9815
f 1397//9816 1393//9816 1400//9816
f 1395//9817 1396//9817 1399//9817
f 1395//9818 41//9818 1389//9818
f 1396//9819 1391//9819 1397//9819
f 1395//9820 1394//9820 1396//9820
f 1392//9821 1390//9821 1394//9821
f 1390//9822 1326//9822 1391//9822
f 1389//9823 1390//9823 1392//9823
f 1391//9824 1327//9824 1348//9824
f 1326//9825 1327//9825 1391//9825
f 1389//9826 1325//9826 1390//9826
f 1239//9827 1240//9827 1388//9827
f 1240//1159 1322//1159 1388//1159
f 1387//9828 1238//9828 1239//9828
f 1321//9829 1238//9829 1387//9829
f 1321//9830 1320//9830 1238//9830
f 1386//9831 1160//9831 1321//9831
f 1321//9832 1160//9832 1320//9832
f 1384//9833 1318//9833 1385//9833
f 1385//9834 1319//9834 1386//9834
f 1318//9835 1319//9835 1385//9835
f 1380//9836 1383//9836 1384//9836
f 1380//9837 1315//9837 1383//9837
f 1383//9838 1317//9838 1318//9838
f 1383//9839 1316//9839 1317//9839
f 1379//9840 1380//9840 1382//9840
f 1378//9841 1377//9841 1379//9841
f 1379//9842 1315//9842 1380//9842
f 1377//9843 1231//9843 1315//9843
f 1314//9844 1231//9844 1377//9844
f 1376//9845 1377//9845 1378//9845
f 1374//9846 1311//9846 1375//9846
f 1375//9847 1314//9847 1376//9847
f 1311//9848 1313//9848 1375//9848
f 1313//9849 1310//9849 1314//9849
f 1372//9850 1308//9850 1373//9850
f 1308//9851 1309//9851 1373//9851
f 1312//1219 1307//1219 1372//1219
f 1309//9852 1311//9852 1371//9852
f 1370//9853 1366//9853 1368//9853
f 1346//9854 1342//9854 1369//9854
f 1369//9855 1305//9855 1370//9855
f 1342//9856 1304//9856 1369//9856
f 1366//9857 1303//9857 1368//9857
f 1305//9858 1302//9858 1366//9858
f 1367//9859 1301//9859 1312//9859
f 1303//9860 1301//9860 1367//9860
f 1295//1328 1364//1328 1296//1328
f 1292//9861 1364//9861 1293//9861
f 1361//9862 1362//9862 1209//9862
f 1290//9863 1209//9863 1208//9863
f 1289//9864 1360//9864 1207//9864
f 1286//9865 1359//9865 1287//9865
f 1287//9866 1358//9866 1288//9866
f 1280//9867 1357//9867 1286//9867
f 1345//9868 1356//9868 1336//9868
f 1279//9869 1355//9869 1280//9869
f 1284//9870 1354//9870 1279//9870
f 1352//9871 1353//9871 1284//9871
f 1283//9872 1352//9872 1284//9872
f 1350//9873 1351//9873 1283//9873
f 1330//9874 1336//9874 1274//9874
f 1281//9875 1350//9875 1282//9875
f 1343//9876 1323//9876 1325//9876
f 1344//9877 1345//9877 1336//9877
f 1339//9878 1344//9878 1330//9878
f 1343//9879 1338//9879 1323//9879
f 35//9880 1337//9880 37//9880
f 1343//9881 37//9881 1337//9881
f 1324//9882 1331//9882 1341//9882
f 1332//9883 1339//9883 1334//9883
f 34//9884 36//9884 1332//9884
f 1337//9885 35//9885 33//9885
f 1341//9886 1270//9886 1342//9886
f 1340//9887 1275//9887 1324//9887
f 1338//9888 1335//9888 1340//9888
f 1337//9889 1333//9889 1338//9889
f 1335//9890 1338//9890 1333//9890
f 1271//9891 34//9891 1328//9891
f 1329//9892 33//9892 1271//9892
f 1332//9893 1334//9893 1273//9893
f 1333//9894 1264//9894 1335//9894
f 1328//9895 1332//9895 1272//9895
f 1331//9896 1267//9896 1270//9896
f 1275//9897 1266//9897 1331//9897
f 1273//9898 1330//9898 1265//9898
f 1271//9899 1269//9899 1329//9899
f 1272//9900 1273//9900 1268//9900
f 1271//9901 1328//9901 1263//9901
f 1326//9902 1324//9902 1327//9902
f 1325//9903 1323//9903 1326//9903
f 1161//5092 1237//5092 1238//5092
f 1320//9904 1161//9904 1238//9904
f 1318//9905 1236//9905 1319//9905
f 1236//9906 1160//9906 1319//9906
f 1232//9907 1316//9907 1315//9907
f 1316//9908 1234//9908 1317//9908
f 1231//9909 1232//9909 1315//9909
f 1310//9910 1230//9910 1314//9910
f 1311//9911 1310//9911 1313//9911
f 1228//9912 1229//9912 1310//9912
f 1301//9913 1306//9913 1312//9913
f 1228//9914 1310//9914 1311//9914
f 1309//9915 1228//9915 1311//9915
f 1308//9916 1226//9916 1309//9916
f 1307//9917 1226//9917 1308//9917
f 1306//9918 1227//9918 1307//9918
f 1226//9919 1225//9919 1228//9919
f 1304//9920 1299//9920 1305//9920
f 1270//9921 1262//9921 1304//9921
f 1303//9922 1300//9922 1301//9922
f 1302//9923 1300//9923 1303//9923
f 1299//9924 1298//9924 1302//9924
f 1300//9925 1223//9925 1301//9925
f 1298//9926 1221//9926 1218//9926
f 1120//9927 1297//9927 1212//9927
f 1119//9928 1296//9928 1120//9928
f 1295//9929 1296//9929 1119//9929
f 1294//9930 1295//9930 1119//9930
f 1293//9931 1295//9931 1294//9931
f 1210//8366 1294//8366 1119//8366
f 1210//9932 1292//9932 1293//9932
f 1203//9933 1289//9933 1206//9933
f 1287//9934 1288//9934 1285//9934
f 1204//9935 1287//9935 1285//9935
f 1198//9936 1286//9936 1204//9936
f 1202//9937 1285//9937 1203//9937
f 1283//9938 1284//9938 1277//9938
f 1282//9939 1283//9939 1276//9939
f 1278//9940 1282//9940 1276//9940
f 1248//9941 1281//9941 1278//9941
f 1279//9942 1280//9942 1198//9942
f 1197//9943 1279//9943 1198//9943
f 1248//9944 1278//9944 1200//9944
f 1201//9945 1277//9945 1197//9945
f 1199//9946 1276//9946 1201//9946
f 1200//9947 1276//9947 1199//9947
f 1264//9948 1260//9948 1275//9948
f 1268//9949 1273//9949 1265//9949
f 1263//9950 1272//9950 1258//9950
f 1267//9951 1262//9951 1270//9951
f 1260//9952 1261//9952 1266//9952
f 1258//9953 1268//9953 1259//9953
f 1266//9954 1250//9954 1267//9954
f 1261//9955 1249//9955 1266//9955
f 1252//9956 1265//9956 1248//9956
f 1259//9957 1265//9957 1252//9957
f 1257//9958 1251//9958 1264//9958
f 1258//9959 1259//9959 1256//9959
f 1257//9960 1263//9960 1254//9960
f 1260//9961 1253//9961 1261//9961
f 1256//9962 1259//9962 1252//9962
f 1257//9963 1254//9963 1251//9963
f 1254//9964 1258//9964 1255//9964
f 1253//9965 1243//9965 1249//9965
f 1254//9966 1242//9966 1251//9966
f 1245//9967 1252//9967 1246//9967
f 1244//9968 1256//9968 1245//9968
f 1247//9969 1255//9969 1244//9969
f 1246//9970 1248//9970 1180//9970
f 1249//9971 1224//9971 1250//9971
f 1242//9972 1185//9972 1243//9972
f 1247//9973 1183//9973 1242//9973
f 1184//9974 1246//9974 1182//9974
f 1183//9975 1245//9975 1184//9975
f 1244//9976 1245//9976 1247//9976
f 1243//9977 1176//9977 1224//9977
f 1185//9978 1181//9978 1243//9978
f 1183//9979 1185//9979 1242//9979
f 1162//9980 1163//9980 1241//9980
f 1240//3251 1035//3251 1162//3251
f 1036//9981 1035//9981 1240//9981
f 1237//9982 1036//9982 1239//9982
f 1161//9983 1092//9983 1237//9983
f 1160//9984 1091//9984 1161//9984
f 1235//9985 1159//9985 1236//9985
f 1232//9986 1157//9986 1233//9986
f 1156//9987 1085//9987 1157//9987
f 1155//9988 1156//9988 1232//9988
f 1230//9989 1155//9989 1231//9989
f 1152//9990 1153//9990 1230//9990
f 1228//9991 1147//9991 1229//9991
f 1149//9992 1145//9992 1226//9992
f 1150//9993 1151//9993 1223//9993
f 1224//9994 1219//9994 1220//9994
f 1176//9995 1219//9995 1224//9995
f 1218//9996 1222//9996 1223//9996
f 1218//9997 1216//9997 1222//9997
f 1220//9998 1215//9998 1221//9998
f 1219//9999 1215//9999 1220//9999
f 1176//10000 1217//10000 1219//10000
f 1215//10001 1216//10001 1218//10001
f 1176//10002 1170//10002 1217//10002
f 1215//10003 1129//10003 1216//10003
f 1165//10004 1213//10004 1170//10004
f 1214//10005 1128//10005 1129//10005
f 1213//10006 1127//10006 1128//10006
f 1165//10007 1126//10007 1213//10007
f 1121//10008 1212//10008 1211//10008
f 1120//2454 1121//2454 1046//2454
f 1210//10009 1119//10009 1118//10009
f 1044//10010 1210//10010 1118//10010
f 1044//10011 1118//10011 1045//10011
f 1205//10012 1206//10012 1116//10012
f 1112//10013 1203//10013 1205//10013
f 1112//10014 1205//10014 1114//10014
f 1113//10015 1203//10015 1112//10015
f 1106//10016 1202//10016 1113//10016
f 1180//10017 1200//10017 1178//10017
f 1193//10018 1196//10018 1194//10018
f 1194//10019 1198//10019 1191//10019
f 1192//10020 1196//10020 1193//10020
f 1173//10021 1178//10021 1192//10021
f 1193//10022 1194//10022 1190//10022
f 1191//10023 1195//10023 1106//10023
f 1190//10024 1194//10024 1191//10024
f 1188//10025 1193//10025 1189//10025
f 1169//10026 1192//10026 1188//10026
f 1189//10027 1190//10027 1187//10027
f 1166//10028 1188//10028 1186//10028
f 1187//10029 1191//10029 1110//10029
f 1107//10030 1189//10030 1108//10030
f 1186//10031 1188//10031 1107//10031
f 1108//10032 1187//10032 1109//10032
f 1183//10033 1174//10033 1185//10033
f 1179//10034 1182//10034 1177//10034
f 1175//10035 1184//10035 1179//10035
f 1174//10036 1172//10036 1181//10036
f 1177//10037 1180//10037 1178//10037
f 1171//10038 1178//10038 1173//10038
f 1172//10039 1170//10039 1176//10039
f 1175//10040 1172//10040 1174//10040
f 1171//10041 1173//10041 1169//10041
f 1170//10042 1172//10042 1165//10042
f 1168//10043 1167//10043 1172//10043
f 1168//10044 1171//10044 1166//10044
f 1168//10045 1164//10045 1167//10045
f 1164//10046 1097//10046 1167//10046
f 1165//10047 1167//10047 1097//10047
f 1164//10048 1166//10048 1096//10048
f 1164//10049 1098//10049 1097//10049
f 1091//10050 1092//10050 1161//10050
f 1089//10051 1090//10051 1091//10051
f 1087//10052 1089//10052 1091//10052
f 1087//10053 1088//10053 1089//10053
f 1158//10054 1087//10054 1159//10054
f 1157//10055 1087//10055 1158//10055
f 1085//10056 1087//10056 1157//10056
f 1156//10057 1028//10057 1085//10057
f 1154//10058 1028//10058 1156//10058
f 1084//10059 1027//10059 1154//10059
f 1147//10060 1083//10060 1152//10060
f 1150//10061 1148//10061 1151//10061
f 1129//10062 1148//10062 1150//10062
f 1125//10063 1146//10063 1148//10063
f 1125//10064 1143//10064 1146//10064
f 1124//10065 1143//10065 1125//10065
f 1095//10066 1141//10066 1123//10066
f 1145//10067 1077//10067 1137//10067
f 1146//10068 1140//10068 1144//10068
f 1143//10069 1140//10069 1146//10069
f 1141//10070 1138//10070 1124//10070
f 1134//10071 1102//10071 1078//10071
f 1131//10072 1101//10072 1134//10072
f 1144//10073 1133//10073 1145//10073
f 1140//10074 1133//10074 1144//10074
f 1143//10075 1136//10075 1140//10075
f 1142//10076 1139//10076 1141//10076
f 1138//10077 1141//10077 1139//10077
f 1078//10078 1102//10078 1130//10078
f 1139//10079 1079//10079 1138//10079
f 1135//10080 1132//10080 1139//10080
f 1130//10081 1100//10081 1073//10081
f 1077//10082 1068//10082 1137//10082
f 1079//10083 1080//10083 1136//10083
f 1131//10084 1132//10084 1135//10084
f 1078//10085 1069//10085 1134//10085
f 1131//10086 1134//10086 1069//10086
f 1133//10087 1076//10087 1077//10087
f 1080//10088 1076//10088 1133//10088
f 1079//10089 1071//10089 1080//10089
f 1131//10090 1074//10090 1132//10090
f 1073//10091 1038//10091 1065//10091
f 1128//10092 1125//10092 1129//10092
f 1127//10093 1125//10093 1128//10093
f 1098//10094 1123//10094 1097//10094
f 1126//10095 1124//10095 1127//10095
f 1121//10096 1122//10096 1047//10096
f 1047//10097 1122//10097 1048//10097
f 978//10098 1120//10098 1046//10098
f 977//10099 1118//10099 978//10099
f 1115//10100 1117//10100 1043//10100
f 1042//6413 1115//6413 973//6413
f 1114//10101 1116//10101 1115//10101
f 1111//10102 1112//10102 1114//10102
f 1111//10103 1114//10103 1039//10103
f 971//10104 1042//10104 972//10104
f 1039//10105 1114//10105 971//10105
f 1106//10106 1113//10106 1112//10106
f 1099//10107 1106//10107 1111//10107
f 1041//10108 1111//10108 1039//10108
f 1038//10109 1041//10109 1040//10109
f 1104//10110 1110//10110 1105//10110
f 1101//10111 1109//10111 1104//10111
f 1103//10112 1108//10112 1101//10112
f 1098//10113 1107//10113 1103//10113
f 1096//10114 1107//10114 1098//10114
f 1100//10115 1105//10115 1099//10115
f 1102//10116 1105//10116 1100//10116
f 1101//10117 1104//10117 1102//10117
f 1035//10118 889//10118 1093//10118
f 1034//10119 964//10119 1092//10119
f 1031//10120 1032//10120 1090//10120
f 1088//10121 1031//10121 1089//10121
f 1086//10122 1029//10122 1031//10122
f 1087//10123 1086//10123 1088//10123
f 1085//10124 1029//10124 1087//10124
f 1028//10125 1029//10125 1085//10125
f 1026//10126 953//10126 1028//10126
f 1084//10127 1025//10127 1027//10127
f 1083//10128 1025//10128 1084//10128
f 1068//10129 1022//10129 1083//10129
f 1022//10130 1024//10130 1083//10130
f 1068//10131 1019//10131 1022//10131
f 1082//10132 969//10132 968//10132
f 1022//10133 1011//10133 1024//10133
f 1017//10134 1082//10134 1020//10134
f 989//10135 1082//10135 1017//10135
f 1074//10136 1075//10136 1079//10136
f 1069//10137 1070//10137 1074//10137
f 1069//10138 1078//10138 1061//10138
f 1072//10139 1059//10139 1076//10139
f 1070//10140 1063//10140 1075//10140
f 1065//10141 1038//10141 1056//10141
f 1071//10142 1067//10142 1072//10142
f 1063//10143 1067//10143 1071//10143
f 1069//10144 1066//10144 1070//10144
f 1061//10145 1060//10145 1055//10145
f 1063//10146 1058//10146 1067//10146
f 1061//10147 1062//10147 1066//10147
f 1060//10148 1065//10148 1055//10148
f 1064//10149 1023//10149 1059//10149
f 1058//10150 1054//10150 1064//10150
f 1063//10151 1053//10151 1058//10151
f 1062//10152 1052//10152 1063//10152
f 1061//10153 1051//10153 1062//10153
f 1053//10154 1050//10154 1058//10154
f 1049//10155 1055//10155 989//10155
f 1050//10156 988//10156 1054//10156
f 1052//10157 992//10157 1050//10157
f 1052//10158 1050//10158 1053//10158
f 1051//10159 991//10159 1052//10159
f 1049//10160 990//10160 1051//10160
f 990//10161 1049//10161 986//10161
f 1046//10162 979//10162 906//10162
f 1044//10163 1045//10163 975//10163
f 975//10164 1045//10164 976//10164
f 974//9087 1044//9087 975//9087
f 1043//10165 1044//10165 974//10165
f 972//10166 1042//10166 896//10166
f 896//10167 1042//10167 973//10167
f 966//10168 1039//10168 971//10168
f 969//10169 1039//10169 966//10169
f 890//10170 965//10170 1037//10170
f 959//10171 960//10171 962//10171
f 958//10172 957//10172 959//10172
f 1032//10173 1030//10173 1033//10173
f 1033//10174 958//10174 959//10174
f 1031//10175 1030//10175 1032//10175
f 1029//10176 1030//10176 1031//10176
f 955//10177 958//10177 1030//10177
f 1028//10178 954//10178 1029//10178
f 1028//10179 952//10179 954//10179
f 953//10180 952//10180 1028//10180
f 1024//10181 1011//10181 1025//10181
f 1025//10182 1026//10182 1027//10182
f 1025//10183 950//10183 1026//10183
f 1011//10184 950//10184 1025//10184
f 951//10185 947//10185 1011//10185
f 936//10186 967//10186 894//10186
f 936//10187 894//10187 948//10187
f 1021//10188 1016//10188 1019//10188
f 1023//10189 1016//10189 1021//10189
f 988//10190 1018//10190 1023//10190
f 984//10191 989//10191 1015//10191
f 1020//10192 968//10192 1013//10192
f 1019//10193 951//10193 1022//10193
f 987//10194 1018//10194 988//10194
f 984//10195 1015//10195 1014//10195
f 1017//10196 1020//10196 1012//10196
f 1016//10197 951//10197 1019//10197
f 1014//10198 1007//10198 984//10198
f 981//10199 984//10199 1007//10199
f 1013//10200 968//10200 967//10200
f 1016//10201 997//10201 951//10201
f 983//10202 1005//10202 1010//10202
f 982//10203 1009//10203 983//10203
f 1007//10204 1009//10204 982//10204
f 1014//10205 1008//10205 1007//10205
f 1004//10206 1006//10206 1002//10206
f 1002//10207 1012//10207 1003//10207
f 1006//10208 1012//10208 1002//10208
f 1010//10209 1001//10209 997//10209
f 1005//10210 1001//10210 1010//10210
f 1009//10211 1000//10211 1005//10211
f 1008//10212 999//10212 1009//10212
f 1004//10213 998//10213 1008//10213
f 1003//10214 967//10214 936//10214
f 995//10215 1002//10215 993//10215
f 993//10216 1003//10216 994//10216
f 1001//10217 939//10217 997//10217
f 1000//10218 996//10218 1001//10218
f 999//10219 996//10219 1000//10219
f 998//10220 938//10220 999//10220
f 995//10221 937//10221 998//10221
f 939//10222 932//10222 997//10222
f 938//10223 935//10223 996//10223
f 937//10224 995//10224 934//10224
f 933//10225 993//10225 923//10225
f 923//10226 936//10226 928//10226
f 992//10227 987//10227 988//10227
f 985//10228 987//10228 992//10228
f 990//10229 985//10229 991//10229
f 985//10230 983//10230 987//10230
f 984//10231 981//10231 986//10231
f 981//10232 982//10232 985//10232
f 907//10233 979//10233 980//10233
f 824//10234 907//10234 825//10234
f 906//10235 979//10235 907//10235
f 904//10236 978//10236 906//10236
f 902//10237 978//10237 904//10237
f 976//10238 977//10238 902//10238
f 817//10239 976//10239 902//10239
f 898//10240 974//10240 899//10240
f 897//10241 973//10241 898//10241
f 896//10242 973//10242 897//10242
f 971//10243 972//10243 970//10243
f 966//10244 971//10244 895//10244
f 895//10245 970//10245 893//10245
f 890//10246 805//10246 965//10246
f 962//10247 963//10247 964//10247
f 961//10248 886//10248 888//10248
f 960//10249 961//10249 962//10249
f 960//10250 887//10250 961//10250
f 885//10251 799//10251 887//10251
f 959//10252 884//10252 960//10252
f 956//10253 789//10253 958//10253
f 879//10254 880//10254 881//10254
f 952//10255 881//10255 954//10255
f 952//10256 879//10256 881//10256
f 949//10257 878//10257 953//10257
f 877//10258 875//10258 949//10258
f 950//10259 877//10259 949//10259
f 932//10260 927//10260 940//10260
f 946//10261 894//10261 892//10261
f 927//10262 942//10262 940//10262
f 917//10263 946//10263 944//10263
f 942//10264 868//10264 940//10264
f 945//10265 892//10265 811//10265
f 944//10266 892//10266 945//10266
f 911//10267 917//10267 943//10267
f 914//10268 860//10268 942//10268
f 943//10269 865//10269 911//10269
f 908//10270 911//10270 865//10270
f 863//10271 811//10271 864//10271
f 862//10272 945//10272 863//10272
f 868//10273 850//10273 861//10273
f 942//10274 850//10274 868//10274
f 910//10275 860//10275 914//10275
f 910//10276 867//10276 860//10276
f 909//10277 867//10277 910//10277
f 865//10278 866//10278 909//10278
f 939//10279 931//10279 932//10279
f 934//10280 930//10280 938//10280
f 933//10281 923//10281 929//10281
f 931//10282 927//10282 932//10282
f 930//10283 926//10283 931//10283
f 930//10284 931//10284 935//10284
f 933//10285 924//10285 934//10285
f 924//10286 925//10286 930//10286
f 924//10287 929//10287 918//10287
f 922//10288 921//10288 927//10288
f 926//10289 920//10289 922//10289
f 925//10290 920//10290 926//10290
f 918//10291 919//10291 925//10291
f 920//10292 921//10292 922//10292
f 920//10293 916//10293 921//10293
f 919//10294 916//10294 920//10294
f 918//10295 913//10295 919//10295
f 915//10296 912//10296 918//10296
f 915//10297 917//10297 911//10297
f 913//10298 910//10298 916//10298
f 911//10299 908//10299 915//10299
f 912//10300 915//10300 908//10300
f 908//10301 909//10301 913//10301
f 905//10302 904//10302 823//10302
f 821//10303 905//10303 823//10303
f 903//10304 904//10304 905//10304
f 819//10305 820//10305 818//10305
f 817//10306 902//10306 819//10306
f 816//10307 901//10307 709//10307
f 899//10308 900//10308 816//10308
f 815//10309 899//10309 813//10309
f 896//10310 897//10310 898//10310
f 814//10311 898//10311 815//10311
f 893//10312 896//10312 812//10312
f 811//10313 891//10313 809//10313
f 894//10314 895//10314 893//10314
f 892//10315 893//10315 891//10315
f 889//10316 804//10316 890//10316
f 886//10317 803//10317 888//10317
f 799//10318 803//10318 886//10318
f 799//10319 798//10319 803//10319
f 798//10320 801//10320 803//10320
f 884//10321 796//10321 885//10321
f 882//10322 883//10322 884//10322
f 791//10323 794//10323 883//10323
f 789//10324 792//10324 882//10324
f 787//10325 791//10325 792//10325
f 781//10326 786//10326 880//10326
f 879//10327 781//10327 880//10327
f 876//10328 781//10328 879//10328
f 876//10329 778//10329 781//10329
f 784//10330 778//10330 876//10330
f 875//10331 876//10331 878//10331
f 861//10332 873//10332 877//10332
f 852//10333 811//10333 839//10333
f 875//10334 784//10334 876//10334
f 874//10335 808//10335 869//10335
f 844//10336 759//10336 858//10336
f 836//10337 871//10337 844//10337
f 806//10338 807//10338 870//10338
f 830//10339 874//10339 872//10339
f 858//10340 760//10340 873//10340
f 871//10341 754//10341 759//10341
f 829//10342 871//10342 836//10342
f 829//10343 758//10343 871//10343
f 826//10344 756//10344 750//10344
f 830//10345 756//10345 826//10345
f 869//10346 806//10346 755//10346
f 759//10347 747//10347 760//10347
f 758//10348 754//10348 871//10348
f 827//10349 758//10349 829//10349
f 827//10350 723//10350 757//10350
f 826//10351 751//10351 828//10351
f 755//10352 870//10352 749//10352
f 860//10353 857//10353 850//10353
f 867//10354 859//10354 860//10354
f 866//10355 859//10355 867//10355
f 865//10356 855//10356 866//10356
f 853//10357 854//10357 865//10357
f 863//10358 846//10358 862//10358
f 853//10359 862//10359 846//10359
f 851//10360 864//10360 852//10360
f 846//10361 864//10361 851//10361
f 857//10362 849//10362 850//10362
f 859//10363 857//10363 860//10363
f 859//10364 856//10364 857//10364
f 855//10365 856//10365 859//10365
f 853//10366 846//10366 845//10366
f 850//10367 844//10367 858//10367
f 856//10368 849//10368 857//10368
f 856//10369 848//10369 849//10369
f 855//10370 847//10370 856//10370
f 854//10371 847//10371 855//10371
f 845//10372 841//10372 854//10372
f 845//10373 846//10373 837//10373
f 840//10374 852//10374 839//10374
f 849//10375 836//10375 844//10375
f 848//10376 836//10376 849//10376
f 847//10377 842//10377 843//10377
f 837//10378 838//10378 845//10378
f 841//10379 845//10379 838//10379
f 842//10380 835//10380 843//10380
f 838//10381 837//10381 832//10381
f 830//10382 831//10382 840//10382
f 837//10383 840//10383 831//10383
f 837//10384 833//10384 832//10384
f 831//10385 830//10385 826//10385
f 834//10386 829//10386 835//10386
f 834//10387 827//10387 829//10387
f 833//10388 827//10388 834//10388
f 831//10389 828//10389 833//10389
f 828//10390 723//10390 827//10390
f 822//10391 824//10391 722//10391
f 721//10392 822//10392 722//10392
f 719//10393 822//10393 721//10393
f 716//10394 822//10394 719//10394
f 716//10395 821//10395 822//10395
f 820//10396 821//10396 716//10396
f 818//10397 820//10397 715//10397
f 713//10398 820//10398 716//10398
f 710//10399 819//10399 818//10399
f 818//10400 715//10400 711//10400
f 712//10401 818//10401 711//10401
f 709//10402 817//10402 708//10402
f 696//10403 813//10403 700//10403
f 814//10404 815//10404 813//10404
f 807//10405 810//10405 783//10405
f 783//10406 814//10406 696//10406
f 808//10407 809//10407 806//10407
f 804//10408 692//10408 805//10408
f 688//10409 690//10409 692//10409
f 802//10410 688//10410 804//10410
f 689//10411 688//10411 802//10411
f 800//10412 802//10412 801//10412
f 717//10413 718//10413 720//10413
f 800//10414 689//10414 802//10414
f 798//10415 800//10415 801//10415
f 680//10416 714//10416 717//10416
f 681//10417 686//10417 800//10417
f 682//10418 717//10418 687//10418
f 680//10419 717//10419 682//10419
f 797//10420 681//10420 798//10420
f 793//10421 673//10421 797//10421
f 673//10422 674//10422 681//10422
f 583//10423 713//10423 680//10423
f 796//10424 794//10424 795//10424
f 794//10425 793//10425 795//10425
f 791//10426 669//10426 794//10426
f 790//10427 712//10427 582//10427
f 669//10428 671//10428 793//10428
f 577//10429 708//10429 790//10429
f 577//10430 790//10430 576//10430
f 785//10431 788//10431 786//10431
f 785//10432 654//10432 788//10432
f 781//10433 785//10433 786//10433
f 769//10434 695//10434 697//10434
f 773//10435 651//10435 779//10435
f 620//10436 619//10436 773//10436
f 613//10437 697//10437 536//10437
f 784//10438 760//10438 778//10438
f 760//10439 777//10439 778//10439
f 747//10440 776//10440 760//10440
f 741//10441 782//10441 780//10441
f 778//10442 779//10442 781//10442
f 776//10443 772//10443 777//10443
f 768//10444 694//10444 693//10444
f 774//10445 780//10445 768//10445
f 775//10446 780//10446 774//10446
f 730//10447 741//10447 775//10447
f 778//10448 773//10448 779//10448
f 735//10449 729//10449 776//10449
f 725//10450 775//10450 770//10450
f 730//10451 775//10451 725//10451
f 772//10452 620//10452 773//10452
f 729//10453 618//10453 772//10453
f 771//10454 766//10454 729//10454
f 727//10455 771//10455 728//10455
f 727//10456 724//10456 771//10456
f 725//10457 763//10457 726//10457
f 770//10458 767//10458 762//10458
f 768//10459 693//10459 769//10459
f 767//10460 774//10460 761//10460
f 772//10461 618//10461 620//10461
f 766//10462 618//10462 729//10462
f 724//10463 766//10463 771//10463
f 763//10464 765//10464 724//10464
f 770//10465 764//10465 763//10465
f 762//10466 761//10466 614//10466
f 767//10467 761//10467 762//10467
f 761//10468 768//10468 613//10468
f 618//10469 612//10469 620//10469
f 616//10470 617//10470 766//10470
f 764//10471 615//10471 616//10471
f 763//10472 616//10472 765//10472
f 762//10473 615//10473 764//10473
f 609//10474 761//10474 607//10474
f 614//10475 761//10475 609//10475
f 759//10476 746//10476 747//10476
f 754//10477 746//10477 759//10477
f 758//10478 753//10478 754//10478
f 752//10479 753//10479 758//10479
f 723//10480 758//10480 757//10480
f 751//10481 752//10481 723//10481
f 750//10482 748//10482 742//10482
f 748//10483 755//10483 743//10483
f 746//10484 740//10484 747//10484
f 753//10485 746//10485 754//10485
f 753//10486 745//10486 746//10486
f 751//10487 745//10487 752//10487
f 750//10488 737//10488 744//10488
f 750//10489 744//10489 751//10489
f 736//10490 749//10490 741//10490
f 739//10491 740//10491 746//10491
f 738//10492 739//10492 745//10492
f 744//10493 738//10493 745//10493
f 739//10494 734//10494 735//10494
f 733//10495 734//10495 739//10495
f 737//10496 733//10496 738//10496
f 731//10497 730//10497 725//10497
f 734//10498 728//10498 729//10498
f 727//10499 728//10499 734//10499
f 732//10500 727//10500 733//10500
f 725//10501 726//10501 731//10501
f 726//10502 724//10502 727//10502
f 721//9084 722//9084 596//9084
f 592//10503 721//10503 593//10503
f 718//10504 719//10504 592//10504
f 587//10505 720//10505 590//10505
f 713//10506 716//10506 714//10506
f 711//10507 715//10507 713//10507
f 566//10508 702//10508 575//10508
f 700//10509 701//10509 707//10509
f 698//10510 707//10510 705//10510
f 705//10511 706//10511 704//10511
f 703//10512 705//10512 704//10512
f 565//10513 704//10513 702//10513
f 539//10514 703//10514 565//10514
f 564//10515 702//10515 566//10515
f 565//10516 702//10516 564//10516
f 695//10517 700//10517 699//10517
f 699//10518 700//10518 698//10518
f 695//10519 699//10519 697//10519
f 538//10520 698//10520 539//10520
f 537//10521 698//10521 538//10521
f 536//10522 697//10522 537//10522
f 694//10523 696//10523 695//10523
f 694//10524 695//10524 693//10524
f 684//10525 503//10525 688//10525
f 503//10526 510//10526 690//10526
f 683//10527 498//10527 684//10527
f 686//10528 683//10528 685//10528
f 585//10529 687//10529 586//10529
f 678//10530 682//10530 585//10530
f 686//10531 677//10531 683//10531
f 681//10532 677//10532 686//10532
f 677//10533 491//10533 683//10533
f 674//10534 679//10534 681//10534
f 679//10535 677//10535 681//10535
f 676//10536 680//10536 678//10536
f 672//10537 583//10537 676//10537
f 483//10538 492//10538 674//10538
f 676//10539 678//10539 675//10539
f 492//10540 493//10540 679//10540
f 675//10541 678//10541 585//10541
f 670//10542 675//10542 422//10542
f 579//10543 670//10543 421//10543
f 421//10544 670//10544 422//10544
f 673//10545 483//10545 674//10545
f 671//10546 483//10546 673//10546
f 579//10547 672//10547 670//10547
f 665//10548 481//10548 667//10548
f 664//10549 663//10549 666//10549
f 668//10550 666//10550 669//10550
f 666//10551 665//10551 667//10551
f 663//10552 473//10552 666//10552
f 663//10553 471//10553 473//10553
f 658//10554 471//10554 663//10554
f 658//10555 472//10555 471//10555
f 656//10556 461//10556 472//10556
f 652//10557 662//10557 664//10557
f 649//10558 662//10558 652//10558
f 661//10559 662//10559 649//10559
f 661//10560 660//10560 662//10560
f 662//10561 658//10561 663//10561
f 661//10562 659//10562 660//10562
f 636//10563 659//10563 661//10563
f 659//10564 656//10564 660//10564
f 636//10565 657//10565 659//10565
f 657//10566 655//10566 656//10566
f 623//10567 657//10567 629//10567
f 655//10568 460//10568 461//10568
f 655//10569 458//10569 460//10569
f 459//10570 655//10570 623//10570
f 622//10571 459//10571 623//10571
f 653//10572 652//10572 654//10572
f 606//10573 613//10573 650//10573
f 651//10574 649//10574 652//10574
f 612//10575 647//10575 619//10575
f 608//10576 536//10576 535//10576
f 648//10577 645//10577 649//10577
f 619//10578 643//10578 648//10578
f 647//10579 643//10579 619//10579
f 600//10580 647//10580 605//10580
f 600//10581 642//10581 647//10581
f 638//10582 608//10582 646//10582
f 597//10583 608//10583 638//10583
f 646//10584 535//10584 531//10584
f 645//10585 636//10585 649//10585
f 643//10586 644//10586 648//10586
f 642//10587 643//10587 647//10587
f 599//10588 642//10588 600//10588
f 598//10589 641//10589 599//10589
f 597//10590 640//10590 598//10590
f 638//10591 646//10591 639//10591
f 635//10592 629//10592 644//10592
f 632//10593 643//10593 642//10593
f 632//10594 634//10594 635//10594
f 640//10595 632//10595 641//10595
f 638//10596 633//10596 640//10596
f 531//10597 630//10597 637//10597
f 634//10598 629//10598 635//10598
f 626//10599 628//10599 634//10599
f 631//10600 626//10600 633//10600
f 630//10601 625//10601 631//10601
f 526//10602 624//10602 630//10602
f 627//10603 623//10603 629//10603
f 627//10604 629//10604 628//10604
f 625//10605 627//10605 626//10605
f 624//10606 621//10606 625//10606
f 523//10607 621//10607 624//10607
f 331//10608 332//10608 621//10608
f 617//10609 612//10609 618//10609
f 617//10610 611//10610 605//10610
f 610//10611 611//10611 617//10611
f 615//10612 610//10612 616//10612
f 607//10613 602//10613 609//10613
f 614//10614 609//10614 615//10614
f 607//10615 606//10615 601//10615
f 611//10616 604//10616 605//10616
f 609//10617 604//10617 610//10617
f 601//10618 603//10618 607//10618
f 602//10619 607//10619 603//10619
f 601//10620 608//10620 597//10620
f 606//10621 608//10621 601//10621
f 599//10622 600//10622 604//10622
f 603//10623 598//10623 599//10623
f 602//10624 599//10624 604//10624
f 601//10625 598//10625 603//10625
f 593//10626 596//10626 595//10626
f 591//10627 593//10627 595//10627
f 591//10628 595//10628 594//10628
f 453//10629 594//10629 452//10629
f 590//10630 592//10630 591//10630
f 445//10631 591//10631 446//10631
f 430//10632 588//10632 445//10632
f 586//10633 589//10633 588//10633
f 584//10634 586//10634 430//10634
f 420//10635 584//10635 429//10635
f 422//10636 585//10636 584//10636
f 576//10637 582//10637 581//10637
f 570//10638 574//10638 580//10638
f 580//10639 574//10639 579//10639
f 412//10640 580//10640 578//10640
f 409//10641 578//10641 411//10641
f 412//10642 578//10642 409//10642
f 575//10643 577//10643 573//10643
f 564//10644 566//10644 561//10644
f 573//10645 576//10645 574//10645
f 571//10646 575//10646 572//10646
f 569//10647 573//10647 570//10647
f 571//10648 572//10648 569//10648
f 558//10649 571//10649 568//10649
f 412//10650 569//10650 570//10650
f 398//10651 568//10651 567//10651
f 553//10652 568//10652 398//10652
f 567//10653 412//10653 400//10653
f 397//10654 546//10654 553//10654
f 398//10655 400//10655 395//10655
f 563//10656 562//10656 565//10656
f 557//10657 564//10657 561//10657
f 559//10658 563//10658 560//10658
f 556//10659 562//10659 559//10659
f 530//10660 562//10660 556//10660
f 555//10661 557//10661 549//10661
f 554//10662 560//10662 555//10662
f 556//10663 559//10663 554//10663
f 549//10664 558//10664 553//10664
f 527//10665 556//10665 524//10665
f 550//10666 555//10666 551//10666
f 552//10667 554//10667 550//10667
f 546//10668 549//10668 553//10668
f 552//10669 524//10669 554//10669
f 551//10670 549//10670 544//10670
f 547//10671 548//10671 552//10671
f 542//10672 551//10672 543//10672
f 547//10673 550//10673 542//10673
f 544//10674 546//10674 372//10674
f 516//10675 548//10675 545//10675
f 543//10676 544//10676 371//10676
f 540//10677 547//10677 541//10677
f 540//10678 516//10678 545//10678
f 371//10679 544//10679 368//10679
f 327//10680 540//10680 369//10680
f 370//10681 543//10681 367//10681
f 369//10682 541//10682 370//10682
f 533//10683 538//10683 532//10683
f 535//10684 537//10684 533//10684
f 531//10685 532//10685 529//10685
f 529//10686 532//10686 528//10686
f 527//10687 528//10687 530//10687
f 525//10688 523//10688 526//10688
f 521//10689 522//10689 525//10689
f 522//10690 331//10690 523//10690
f 520//10691 519//10691 522//10691
f 516//10692 517//10692 520//10692
f 518//10693 520//10693 517//10693
f 518//10694 331//10694 519//10694
f 329//10695 330//10695 518//10695
f 516//10696 329//10696 517//10696
f 327//10697 328//10697 516//10697
f 510//10698 514//10698 515//10698
f 509//10699 513//10699 514//10699
f 507//10700 512//10700 513//10700
f 507//10701 511//10701 512//10701
f 505//10702 504//10702 511//10702
f 503//10703 509//10703 510//10703
f 508//10704 507//10704 509//10704
f 502//10705 506//10705 508//10705
f 506//10706 505//10706 507//10706
f 506//10707 500//10707 505//10707
f 501//10708 500//10708 506//10708
f 500//10709 310//10709 504//10709
f 498//10710 497//10710 503//10710
f 495//10711 501//10711 502//10711
f 494//10712 499//10712 501//10712
f 499//10713 310//10713 500//10713
f 494//10714 309//10714 499//10714
f 491//10715 497//10715 498//10715
f 490//10716 496//10716 497//10716
f 490//10717 488//10717 496//10717
f 487//10718 494//10718 495//10718
f 486//10719 485//10719 494//10719
f 485//10720 302//10720 494//10720
f 493//10721 490//10721 491//10721
f 492//10722 489//10722 493//10722
f 483//10723 482//10723 492//10723
f 489//10724 488//10724 490//10724
f 482//10725 479//10725 489//10725
f 479//10726 486//10726 488//10726
f 479//10727 478//10727 486//10727
f 473//10728 480//10728 481//10728
f 470//10729 480//10729 471//10729
f 479//10730 482//10730 481//10730
f 480//10731 478//10731 479//10731
f 477//10732 475//10732 478//10732
f 468//10733 465//10733 477//10733
f 477//10734 474//10734 476//10734
f 474//10735 286//10735 475//10735
f 285//10736 474//10736 465//10736
f 462//10737 282//10737 285//10737
f 461//10738 469//10738 472//10738
f 472//10739 470//10739 471//10739
f 457//10740 469//10740 461//10740
f 469//10741 468//10741 470//10741
f 457//10742 466//10742 469//10742
f 455//10743 467//10743 457//10743
f 467//10744 466//10744 457//10744
f 467//10745 464//10745 466//10745
f 455//10746 454//10746 467//10746
f 454//10747 464//10747 467//10747
f 463//10748 462//10748 464//10748
f 344//10749 463//10749 454//10749
f 462//10750 465//10750 464//10750
f 463//10751 382//10751 462//10751
f 163//10752 382//10752 344//10752
f 460//10753 457//10753 461//10753
f 364//10754 456//10754 459//10754
f 458//10755 455//10755 457//10755
f 360//10756 455//10756 456//10756
f 360//10757 351//10757 454//10757
f 443//10758 453//10758 452//10758
f 443//10759 452//10759 451//10759
f 450//10760 442//10760 451//10760
f 439//10761 442//10761 448//10761
f 447//10762 448//10762 449//10762
f 277//10763 437//10763 447//10763
f 276//10764 437//10764 277//10764
f 267//10765 437//10765 276//10765
f 278//10766 277//10766 279//10766
f 444//10767 445//10767 443//10767
f 428//10768 445//10768 444//10768
f 427//10769 444//10769 441//10769
f 441//10770 443//10770 442//10770
f 438//10771 441//10771 439//10771
f 440//10772 441//10772 438//10772
f 433//10773 434//10773 440//10773
f 432//10774 440//10774 436//10774
f 436//10775 439//10775 437//10775
f 435//10776 436//10776 266//10776
f 431//10777 436//10777 435//10777
f 266//10778 436//10778 437//10778
f 252//10779 435//10779 265//10779
f 263//10780 265//10780 266//10780
f 426//10781 427//10781 434//10781
f 426//10782 434//10782 433//10782
f 425//10783 433//10783 432//10783
f 424//10784 432//10784 431//10784
f 423//10785 431//10785 252//10785
f 420//10786 429//10786 428//10786
f 418//10787 428//10787 427//10787
f 418//10788 427//10788 426//10788
f 425//10789 416//10789 426//10789
f 414//10790 416//10790 415//10790
f 243//10791 415//10791 424//10791
f 243//10792 219//10792 415//10792
f 242//10793 243//10793 423//10793
f 411//10794 421//10794 419//10794
f 417//10795 420//10795 418//10795
f 410//10796 419//10796 417//10796
f 413//10797 410//10797 417//10797
f 414//10798 418//10798 416//10798
f 413//10799 417//10799 414//10799
f 218//10800 415//10800 219//10800
f 218//10801 413//10801 414//10801
f 404//10802 413//10802 218//10802
f 188//10803 404//10803 217//10803
f 400//10804 412//10804 408//10804
f 409//10805 411//10805 410//10805
f 408//10806 409//10806 407//10806
f 399//10807 408//10807 406//10807
f 391//10808 395//10808 399//10808
f 405//10809 399//10809 406//10809
f 386//10810 391//10810 387//10810
f 404//10811 406//10811 407//10811
f 387//10812 405//10812 402//10812
f 402//10813 403//10813 187//10813
f 375//10814 387//10814 401//10814
f 187//10815 403//10815 188//10815
f 159//10816 401//10816 186//10816
f 395//10817 400//10817 399//10817
f 397//10818 398//10818 394//10818
f 368//10819 397//10819 396//10819
f 396//10820 397//10820 393//10820
f 363//10821 368//10821 396//10821
f 355//10822 396//10822 392//10822
f 390//10823 391//10823 386//10823
f 390//10824 393//10824 394//10824
f 388//10825 392//10825 389//10825
f 346//10826 355//10826 388//10826
f 385//10827 390//10827 386//10827
f 384//10828 390//10828 385//10828
f 383//10829 389//10829 384//10829
f 339//10830 388//10830 383//10830
f 380//10831 386//10831 381//10831
f 379//10832 385//10832 380//10832
f 373//10833 384//10833 379//10833
f 378//10834 383//10834 373//10834
f 333//10835 339//10835 378//10835
f 337//10836 163//10836 344//10836
f 336//10837 162//10837 337//10837
f 335//10838 162//10838 336//10838
f 334//10839 377//10839 335//10839
f 378//10840 160//10840 376//10840
f 333//10841 376//10841 334//10841
f 158//10842 381//10842 375//10842
f 374//10843 380//10843 158//10843
f 373//10844 379//10844 374//10844
f 162//10845 163//10845 337//10845
f 377//10846 155//10846 162//10846
f 376//10847 161//10847 377//10847
f 158//10848 153//10848 374//10848
f 160//10849 374//10849 153//10849
f 373//10850 374//10850 160//10850
f 152//10851 375//10851 159//10851
f 158//10852 375//10852 152//10852
f 365//10853 370//10853 366//10853
f 323//10854 359//10854 326//10854
f 365//10855 356//10855 324//10855
f 321//10856 324//10856 356//10856
f 362//10857 368//10857 363//10857
f 31//10858 366//10858 367//10858
f 361//10859 366//10859 31//10859
f 322//10860 358//10860 323//10860
f 357//10861 358//10861 322//10861
f 354//10862 363//10862 355//10862
f 353//10863 362//10863 354//10863
f 32//10864 362//10864 353//10864
f 352//10865 31//10865 345//10865
f 350//10866 351//10866 360//10866
f 349//10867 350//10867 358//10867
f 357//10868 349//10868 358//10868
f 356//10869 348//10869 357//10869
f 352//10870 347//10870 356//10870
f 338//10871 355//10871 346//10871
f 345//10872 354//10872 338//10872
f 335//10873 336//10873 350//10873
f 348//10874 335//10874 349//10874
f 347//10875 342//10875 348//10875
f 345//10876 341//10876 340//10876
f 345//10877 340//10877 347//10877
f 338//10878 346//10878 339//10878
f 336//10879 337//10879 343//10879
f 340//10880 334//10880 342//10880
f 338//10881 333//10881 341//10881
f 330//10882 326//10882 331//10882
f 329//10883 323//10883 330//10883
f 328//10884 322//10884 329//10884
f 327//10885 325//10885 328//10885
f 324//10886 321//10886 325//10886
f 316//10887 315//10887 320//10887
f 313//10888 318//10888 319//10888
f 310//10889 315//10889 316//10889
f 308//10890 314//10890 315//10890
f 308//10891 307//10891 314//10891
f 307//10892 312//10892 314//10892
f 312//10893 311//10893 313//10893
f 305//10894 304//10894 312//10894
f 304//10895 258//10895 311//10895
f 309//10896 308//10896 310//10896
f 301//10897 307//10897 308//10897
f 306//10898 305//10898 307//10898
f 300//10899 303//10899 305//10899
f 303//10900 247//10900 304//10900
f 233//10901 303//10901 298//10901
f 295//10902 296//10902 302//10902
f 296//10903 301//10903 302//10903
f 292//10904 301//10904 296//10904
f 292//10905 300//10905 301//10905
f 299//10906 300//10906 292//10906
f 287//10907 299//10907 289//10907
f 298//10908 300//10908 299//10908
f 294//10909 295//10909 297//10909
f 284//10910 294//10910 286//10910
f 293//10911 295//10911 294//10911
f 295//10912 291//10912 296//10912
f 284//10913 290//10913 293//10913
f 288//10914 293//10914 290//10914
f 177//10915 290//10915 281//10915
f 289//10916 292//10916 291//10916
f 169//10917 290//10917 177//10917
f 283//10918 286//10918 285//10918
f 283//10919 182//10919 281//10919
f 176//10920 281//10920 182//10920
f 274//10921 278//10921 279//10921
f 275//10922 278//10922 273//10922
f 264//10923 267//10923 275//10923
f 261//10924 275//10924 272//10924
f 271//10925 274//10925 30//10925
f 272//10926 273//10926 271//10926
f 260//10927 261//10927 272//10927
f 21//10928 272//10928 29//10928
f 260//10929 272//10929 21//10929
f 254//10930 25//10930 268//10930
f 138//10931 270//10931 258//10931
f 254//10932 268//10932 139//10932
f 254//10933 139//10933 131//10933
f 254//10934 131//10934 253//10934
f 264//10935 263//10935 266//10935
f 251//10936 265//10936 262//10936
f 251//10937 252//10937 265//10937
f 261//10938 263//10938 264//10938
f 22//10939 262//10939 20//10939
f 16//10940 251//10940 22//10940
f 21//10941 20//10941 260//10941
f 253//10942 17//10942 23//10942
f 259//10943 17//10943 253//10943
f 12//10944 259//10944 249//10944
f 259//10945 253//10945 256//10945
f 259//10946 256//10946 255//10946
f 248//10947 255//10947 244//10947
f 253//10948 23//10948 254//10948
f 138//10949 258//10949 247//10949
f 257//10950 130//10950 132//10950
f 257//10951 132//10951 245//10951
f 256//10952 131//10952 130//10952
f 256//10953 130//10953 257//10953
f 244//10954 257//10954 245//10954
f 250//10955 242//10955 252//10955
f 11//10956 250//10956 15//10956
f 10//10957 241//10957 11//10957
f 15//10958 250//10958 16//10958
f 2//10959 4//10959 248//10959
f 248//10960 244//10960 223//10960
f 129//10961 247//10961 233//10961
f 230//10962 129//10962 232//10962
f 125//10963 246//10963 126//10963
f 226//10964 246//10964 225//10964
f 223//10965 245//10965 226//10965
f 239//10966 216//10966 243//10966
f 239//10967 241//10967 10//10967
f 238//10968 240//10968 239//10968
f 237//10969 240//10969 238//10969
f 238//10970 239//10970 10//10970
f 210//10971 237//10971 236//10971
f 206//10972 236//10972 5//10972
f 197//10973 5//10973 3//10973
f 191//10974 197//10974 234//10974
f 234//10975 1//10975 220//10975
f 195//10976 190//10976 229//10976
f 234//10977 220//10977 222//10977
f 220//10978 1//10978 221//10978
f 230//10979 232//10979 231//10979
f 124//10980 230//10980 228//10980
f 227//10981 124//10981 228//10981
f 227//10982 228//10982 190//10982
f 124//10983 225//10983 125//10983
f 224//10984 124//10984 227//10984
f 221//10985 226//10985 225//10985
f 220//10986 225//10986 224//10986
f 215//10987 218//10987 219//10987
f 215//10988 217//10988 218//10988
f 185//10989 188//10989 214//10989
f 213//10990 215//10990 216//10990
f 212//10991 215//10991 213//10991
f 181//10992 214//10992 212//10992
f 211//10993 212//10993 207//10993
f 164//10994 181//10994 211//10994
f 207//10995 213//10995 210//10995
f 164//10996 211//10996 209//10996
f 208//10997 210//10997 206//10997
f 203//10998 204//10998 169//10998
f 202//10999 203//10999 168//10999
f 166//11000 202//11000 167//11000
f 209//11001 199//11001 201//11001
f 164//11002 201//11002 166//11002
f 199//11003 209//11003 200//11003
f 198//11004 206//11004 197//11004
f 195//11005 196//11005 205//11005
f 194//11006 195//11006 204//11006
f 193//11007 194//11007 203//11007
f 199//11008 193//11008 202//11008
f 198//11009 191//11009 200//11009
f 193//11010 195//11010 194//11010
f 189//11011 190//11011 193//11011
f 180//11012 187//11012 185//11012
f 184//11013 187//11013 180//11013
f 183//11014 186//11014 184//11014
f 178//11015 186//11015 183//11015
f 152//11016 159//11016 178//11016
f 151//11017 182//11017 157//11017
f 180//11018 185//11018 181//11018
f 178//11019 183//11019 179//11019
f 175//11020 176//11020 182//11020
f 174//11021 175//11021 151//11021
f 149//11022 174//11022 150//11022
f 148//11023 173//11023 149//11023
f 172//11024 181//11024 164//11024
f 171//11025 179//11025 172//11025
f 178//11026 171//11026 170//11026
f 178//11027 170//11027 148//11027
f 168//11028 169//11028 176//11028
f 167//11029 168//11029 175//11029
f 173//11030 167//11030 174//11030
f 172//11031 166//11031 165//11031
f 171//11032 165//11032 173//11032
f 155//11033 156//11033 162//11033
f 160//11034 154//11034 161//11034
f 150//11035 151//11035 156//11035
f 154//11036 150//11036 155//11036
f 153//11037 149//11037 154//11037
f 152//11038 148//11038 153//11038
f 145//11039 147//11039 138//11039
f 144//11040 146//11040 145//11040
f 135//11041 145//11041 136//11041
f 142//11042 144//11042 135//11042
f 141//11043 143//11043 142//11043
f 140//11044 142//11044 133//11044
f 139//11045 141//11045 140//11045
f 136//11046 138//11046 137//11046
f 128//11047 137//11047 129//11047
f 127//11048 136//11048 128//11048
f 133//11049 135//11049 134//11049
f 132//11050 134//11050 127//11050
f 126//11051 127//11051 125//11051
f 119//11052 123//11052 122//11052
f 119//11053 122//11053 117//11053
f 111//11054 117//11054 116//11054
f 120//11055 121//11055 119//11055
f 110//11056 119//11056 111//11056
f 113//11057 117//11057 114//11057
f 109//11058 116//11058 113//11058
f 114//11059 115//11059 112//11059
f 108//11060 114//11060 106//11060
f 109//11061 113//11061 108//11061
f 106//11062 112//11062 107//11062
f 110//11063 111//11063 109//11063
f 101//11064 109//11064 100//11064
f 100//11065 108//11065 103//11065
f 103//11066 106//11066 105//11066
f 103//11067 105//11067 104//11067
f 103//11068 104//11068 102//11068
f 98//11069 103//11069 102//11069
f 98//11070 102//11070 97//11070
f 95//11071 98//11071 97//11071
f 95//11072 97//11072 96//11072
f 89//11073 91//11073 92//11073
f 88//11074 91//11074 89//11074
f 80//11075 90//11075 88//11075
f 86//11076 89//11076 87//11076
f 85//11077 88//11077 86//11077
f 77//11078 80//11078 85//11078
f 82//11079 86//11079 84//11079
f 75//11080 85//11080 82//11080
f 68//11081 81//11081 78//11081
f 76//11082 79//11082 77//11082
f 66//11083 78//11083 76//11083
f 72//11084 77//11084 75//11084
f 74//11085 77//11085 72//11085
f 64//11086 76//11086 74//11086
f 72//11087 75//11087 73//11087
f 67//11088 69//11088 68//11088
f 63//11089 68//11089 66//11089
f 65//11090 68//11090 63//11090
f 63//11091 66//11091 64//11091
f 28//11092 62//11092 60//11092
f 25//11093 28//11093 59//11093
f 52//11094 54//11094 51//11094
f 50//11095 53//11095 52//11095
f 52//11096 51//11096 47//11096
f 42//11097 52//11097 48//11097
f 47//11098 51//11098 46//11098
f 41//11099 48//11099 45//11099
f 47//11100 46//11100 44//11100
f 45//11101 47//11101 43//11101
f 44//11102 46//11102 39//11102
f 43//11103 44//11103 38//11103
f 38//11104 39//11104 36//11104
f 35//11105 36//11105 34//11105
f 27//11106 30//11106 28//11106
f 18//11107 21//11107 27//11107
f 26//11108 27//11108 25//11108
f 23//11109 27//11109 26//11109
f 17//11110 18//11110 23//11110
f 24//11111 26//11111 25//11111
f 23//11112 26//11112 24//11112
f 14//11113 22//11113 19//11113
f 13//11114 19//11114 18//11114
f 12//11115 18//11115 17//11115
f 9//11116 16//11116 14//11116
f 7//11117 9//11117 13//11117
f 4//11118 13//11118 12//11118
f 8//11119 10//11119 9//11119
f 6//11120 9//11120 7//11120
f 5//11121 8//11121 6//11121
f 2//11122 7//11122 4//11122
f 1//11123 6//11123 2//11123
f 3//11124 6//11124 1//11124
